{"seed": 1, "floorplan": [{"rooms": [{"category": "Bedroom", "corners": [[216.0, 202.0], [216.0, 298.0], [283.0, 298.0], [284.0, 297.0], [284.0, 202.0], [216.0, 202.0]], "objects": [{"category": "DoubleBed", "position": [249.90483552189346, 246.86440250377095], "size": [55.32050181556526, 66.04770061293789], "angle": -1.5707872226777821}, {"category": "Nightstand", "position": [275.5466952286456, 290.1772227580182], "size": [15.871229553222634, 14.724119567871071], "angle": 0.0}, {"category": "PendantLamp", "position": [249.61149999999998, 249.0145], "size": [26.16789093017576, 26.16789093017576], "angle": 0.0}]}]}]}