{"seed": 1, "floorplan": [{"rooms": [{"category": "Bedroom", "corners": [[208.0, 192.0], [208.0, 308.0], [292.0, 308.0], [292.0, 192.0], [208.0, 192.0]], "objects": [{"category": "DoubleBed", "position": [241.21075011039534, 261.45521264518726], "size": [76.62069573590801, 64.36168672804389], "angle": -1.5708054309120105}, {"category": "Nightstand", "position": [212.1552418703579, 223.08661058367267], "size": [10.80042791865203, 16.10735680323204], "angle": -9.104117113888174e-06}, {"category": "Nightstand", "position": [214.60449999999997, 297.6784], "size": [10.800427918651973, 16.107356803232012], "angle": -9.104117113888223e-06}, {"category": "PendantLamp", "position": [247.53459999999995, 250.0498], "size": [37.48499908447269, 37.48499908447263], "angle": 0.0}]}]}]}