{"seed": 1, "floorplan": [{"rooms": [{"category": "Bedroom", "corners": [[195.0, 212.0], [195.0, 288.0], [305.0, 288.0], [305.0, 212.0], [195.0, 212.0]], "objects": [{"category": "DoubleBed", "position": [269.6391656494141, 250.0], "size": [68.39312449290429, 67.29961325566624], "angle": -3.14158354947268}, {"category": "CeilingLamp", "position": [258.814, 252.75699999999998], "size": [22.334490966796892, 20.57757110595702], "angle": 0.0}, {"category": "Chair", "position": [237.41800000000003, 228.415], "size": [23.26434227436332, 11.798776747711987], "angle": -0.3982503380309526}]}]}]}