{"seed": 1, "floorplan": [{"rooms": [{"category": "Bedroom", "corners": [[203.0, 179.0], [203.0, 321.0], [236.0, 321.0], [236.0, 301.0], [237.0, 300.0], [297.0, 300.0], [297.0, 179.0], [203.0, 179.0]], "objects": [{"category": "DoubleBed", "position": [263.8846, 229.46140000000003], "size": [52.76358003840883, 64.4408851419499], "angle": -1.5707872226777826}, {"category": "Cabinet", "position": [289.5613, 187.32549999999998], "size": [14.576233244499777, 9.974010482707268], "angle": -1.5707872226777817}, {"category": "Cabinet", "position": [289.8904, 270.60999999999996], "size": [14.576233244499747, 9.974010482707211], "angle": -1.5707872226777857}]}]}]}