{"seed": 1, "floorplan": [{"rooms": [{"category": "Bedroom", "corners": [[194.0, 202.0], [193.0, 203.0], [193.0, 298.0], [306.0, 298.0], [307.0, 297.0], [307.0, 202.0], [194.0, 202.0]], "objects": [{"category": "DoubleBed", "position": [244.03023709853125, 235.01450934414189], "size": [51.195899963378906, 58.88220062255863], "angle": 0.0}, {"category": "CeilingLamp", "position": [249.67975, 252.73779999999996], "size": [17.48873977661131, 2.074805974960327], "angle": 0.0}, {"category": "Nightstand", "position": [209.8671043109171, 208.6091511244869], "size": [6.204509925842274, 5.372669792175316], "angle": 0.0}, {"category": "Nightstand", "position": [279.170906785925, 208.79854905056976], "size": [6.204509925842274, 5.372669792175287], "angle": 0.0}]}]}]}