{"seed": 1, "floorplan": [{"rooms": [{"category": "Bedroom", "corners": [[269.0, 176.0], [269.0, 201.0], [268.0, 202.0], [203.0, 202.0], [203.0, 324.0], [297.0, 324.0], [297.0, 176.0], [269.0, 176.0]], "objects": [{"category": "DoubleBed", "position": [238.10253306472308, 275.8384], "size": [60.66025379865464, 58.29263275615256], "angle": -1.5708054309120105}, {"category": "Nightstand", "position": [212.2079908488941, 236.46631039806263], "size": [10.843719023230292, 16.043156008166505], "angle": -9.104117113669948e-06}, {"category": "Nightstand", "position": [212.2079908488941, 315.7690896019373], "size": [16.043156008166505, 10.843719023230292], "angle": -1.5708054309120092}, {"category": "PendantLamp", "position": [252.40090000000004, 274.8826], "size": [23.250629425048828, 7.498860168457043], "angle": 0.0}]}]}]}