{"seed": 1, "floorplan": [{"rooms": [{"category": "Bedroom", "corners": [[208.0, 190.0], [208.0, 310.0], [292.0, 310.0], [292.0, 190.0], [208.0, 190.0]], "objects": [{"category": "DoubleBed", "position": [249.96909999999997, 224.234100733043], "size": [40.90469970703123, 67.27260131835936], "angle": 0.0}, {"category": "Chair", "position": [233.03740198118044, 287.64837952329924], "size": [12.924838052465363, 15.359599903981895], "angle": -1.570787222677783}]}]}]}