{"seed": 1, "floorplan": [{"rooms": [{"category": "Bedroom", "corners": [[177.0, 201.0], [177.0, 219.0], [176.0, 220.0], [165.0, 220.0], [165.0, 267.0], [176.0, 267.0], [177.0, 268.0], [177.0, 299.0], [335.0, 299.0], [335.0, 267.0], [307.0, 267.0], [306.0, 266.0], [306.0, 201.0], [177.0, 201.0]], "objects": [{"category": "Nightstand", "position": [193.8406878971265, 207.7195432194224], "size": [15.97868957519529, 15.804960250854492], "angle": 0.0}, {"category": "Nightstand", "position": [276.20311210287343, 207.80012674669172], "size": [15.97868957519529, 15.80496025085452], "angle": 0.0}, {"category": "DoubleBed", "position": [234.86199999999997, 232.665448401086], "size": [63.92369842529297, 44.90910186767579], "angle": 0.0}]}]}]}