{"seed": 1, "floorplan": [{"rooms": [{"category": "Bedroom", "corners": [[150.0, 185.0], [150.0, 315.0], [276.0, 315.0], [276.0, 240.0], [277.0, 239.0], [281.0, 239.0], [282.0, 240.0], [282.0, 243.0], [306.0, 243.0], [306.0, 241.0], [308.0, 239.0], [347.0, 239.0], [347.0, 214.0], [348.0, 213.0], [350.0, 213.0], [350.0, 188.0], [348.0, 188.0], [347.0, 187.0], [347.0, 185.0], [150.0, 185.0]], "objects": [{"category": "DoubleBed", "position": [211.63690000000003, 280.35249999999996], "size": [59.25629882812501, 39.7767013549805], "angle": 3.141592653589793}]}]}]}