{"seed": 1, "floorplan": [{"rooms": [{"category": "Bedroom", "corners": [[203.0, 198.0], [203.0, 302.0], [297.0, 302.0], [297.0, 198.0], [203.0, 198.0]], "objects": [{"category": "Cabinet", "position": [262.78415674303636, 207.47708249980798], "size": [39.440400695800776, 15.751200485229504], "angle": 0.0}, {"category": "DoubleBed", "position": [260.6161887459374, 265.5076249415474], "size": [53.290983521614436, 68.61752686548891], "angle": -1.5707872226777826}, {"category": "Nightstand", "position": [288.3340707314635, 226.66593491601503], "size": [17.59270014475892, 13.590903991923575], "angle": -1.5707872226777806}, {"category": "PendantLamp", "position": [249.98649999999998, 256.507], "size": [13.452569961547852, 13.457130432128906], "angle": 0.0}]}]}]}