{"seed": 1, "floorplan": [{"rooms": [{"category": "Bedroom", "corners": [[209.0, 196.0], [209.0, 304.0], [291.0, 304.0], [291.0, 196.0], [209.0, 196.0]], "objects": [{"category": "DoubleBed", "position": [259.0682651320489, 246.3674020152946], "size": [60.53425320084161, 63.580478443924804], "angle": -1.5707872226777828}, {"category": "Nightstand", "position": [277.5869556605481, 211.15055014837907], "size": [19.53101735205296, 16.184757333948525], "angle": -1.570787222677785}, {"category": "CeilingLamp", "position": [245.9425, 234.73900000000003], "size": [17.022004412555454, 17.0220353118846], "angle": -1.5707872226777824}]}]}]}