{"seed": 1, "floorplan": [{"rooms": [{"category": "Bedroom", "corners": [[209.0, 183.0], [209.0, 317.0], [291.0, 317.0], [291.0, 183.0], [209.0, 183.0]], "objects": [{"category": "Nightstand", "position": [282.92998855688955, 296.8254663838543], "size": [9.280374330697668, 6.962403360273813], "angle": -1.5707872226777815}, {"category": "Nightstand", "position": [282.92998855688955, 221.51353361614576], "size": [6.962403360273813, 9.28037433069761], "angle": -3.141583549472677}, {"category": "DoubleBed", "position": [254.05694676933012, 259.09900000000005], "size": [71.78015331479153, 58.57733230855164], "angle": -3.141583549472679}, {"category": "PendantLamp", "position": [248.0725, 254.44600000000005], "size": [28.95374908447269, 25.294260406494175], "angle": 0.0}]}]}]}