{"seed": 1, "floorplan": [{"rooms": [{"category": "Bedroom", "corners": [[212.0, 212.0], [212.0, 288.0], [288.0, 288.0], [288.0, 212.0], [212.0, 212.0]], "objects": [{"category": "Shelf", "position": [280.34548953769684, 219.09630614386958], "size": [10.228623243857403, 11.737186859041296], "angle": -1.570787222677779}, {"category": "SingleBed", "position": [237.3492458006038, 236.85085302695822], "size": [49.452151575209356, 49.44885106908682], "angle": -9.104117114137054e-06}, {"category": "CeilingLamp", "position": [253.07500000000005, 249.46300000000002], "size": [13.188360120191199, 13.188330365281594], "angle": -1.570787222677782}, {"category": "Cabinet", "position": [264.97, 278.69770000000005], "size": [37.71480102539067, 16.679999542236317], "angle": 3.141592653589793}]}]}]}