{"seed": 1, "floorplan": [{"rooms": [{"category": "Bedroom", "corners": [[266.0, 174.0], [266.0, 193.0], [264.0, 195.0], [200.0, 195.0], [200.0, 326.0], [300.0, 326.0], [300.0, 174.0], [266.0, 174.0]], "objects": [{"category": "DoubleBed", "position": [233.55969999999996, 266.84935], "size": [64.44088514194988, 52.76358003840883], "angle": -9.10411711391471e-06}, {"category": "PendantLamp", "position": [250.0, 266.05615], "size": [11.766076587389916, 11.705927037703724], "angle": -9.104117111922671e-06}, {"category": "TVStand", "position": [293.08990000000006, 266.35375], "size": [13.090229572864393, 49.430251961769315], "angle": -3.1415835494726756}, {"category": "PendantLamp", "position": [216.69873293649528, 227.11765], "size": [31.926299285888632, 14.11368026733399], "angle": 3.141592653589793}]}]}]}