{"seed": 1, "floorplan": [{"rooms": [{"category": "Bedroom", "corners": [[204.0, 162.0], [204.0, 338.0], [296.0, 338.0], [296.0, 216.0], [235.0, 216.0], [234.0, 215.0], [234.0, 163.0], [235.0, 162.0], [204.0, 162.0]], "objects": [{"category": "CeilingLamp", "position": [256.5097, 282.37059999999997], "size": [14.399999999999977, 14.400000000000034], "angle": 0.0}, {"category": "DoubleBed", "position": [263.0797, 282.7198], "size": [61.784064689186806, 61.72766311368624], "angle": -3.1415835494726787}]}]}]}