{"seed": 1, "floorplan": [{"rooms": [{"category": "Bedroom", "corners": [[211.0, 182.0], [211.0, 318.0], [289.0, 318.0], [289.0, 182.0], [211.0, 182.0]], "objects": [{"category": "Nightstand", "position": [218.0267998454798, 218.39950000000005], "size": [14.126468331287219, 14.126468331287247], "angle": -9.104117115372917e-06}, {"category": "Nightstand", "position": [218.0267998454798, 294.6925], "size": [14.12646833128719, 14.12646833128719], "angle": -9.104117115372936e-06}, {"category": "PendantLamp", "position": [245.14449999999997, 255.0055], "size": [24.71080465248012, 24.710834407389644], "angle": -1.5707872226777821}, {"category": "DoubleBed", "position": [249.02733431059733, 255.78550000000004], "size": [83.90806676878931, 75.23498670906048], "angle": -1.5708054309120107}]}]}]}