{"seed": 1, "floorplan": [{"rooms": [{"category": "Bedroom", "corners": [[213.0, 203.0], [213.0, 297.0], [287.0, 297.0], [287.0, 203.0], [213.0, 203.0]], "objects": [{"category": "DoubleBed", "position": [254.31213554616085, 232.72451498495258], "size": [64.70302298834018, 59.05160414635386], "angle": -0.005837209692802171}, {"category": "Table", "position": [280.20056200844533, 264.2689086808037], "size": [44.17900023508402, 15.429200070713925], "angle": -1.5707872226777813}, {"category": "Chair", "position": [264.2071741583897, 269.43011132112065], "size": [19.259455736646622, 18.88793250255557], "angle": -1.570805430912012}, {"category": "CeilingLamp", "position": [250.9345, 247.3195], "size": [11.961269760131813, 11.937030029296864], "angle": 0.0}]}]}]}