{"seed": 1, "floorplan": [{"rooms": [{"category": "Bedroom", "corners": [[205.0, 182.0], [205.0, 258.0], [204.0, 259.0], [171.0, 259.0], [171.0, 290.0], [170.0, 291.0], [168.0, 291.0], [168.0, 316.0], [170.0, 316.0], [171.0, 317.0], [171.0, 318.0], [332.0, 318.0], [332.0, 182.0], [205.0, 182.0]], "objects": [{"category": "DoubleBed", "position": [272.6743405860052, 214.4660789297332], "size": [68.11409912109372, 65.55720062255861], "angle": 0.0}, {"category": "Nightstand", "position": [315.8317, 191.8930336425781], "size": [17.359859848022438, 20.047320556640614], "angle": 0.0}, {"category": "Nightstand", "position": [227.71601789830862, 190.21409871467057], "size": [17.359859848022467, 20.047320556640614], "angle": 0.0}, {"category": "CeilingLamp", "position": [265.83820000000003, 229.25320000000002], "size": [15.53804969787592, 15.501539611816412], "angle": 0.0}]}]}]}