{"seed": 1, "floorplan": [{"rooms": [{"category": "Bedroom", "corners": [[199.0, 196.0], [199.0, 232.0], [198.0, 233.0], [183.0, 233.0], [183.0, 298.0], [225.0, 298.0], [226.0, 299.0], [226.0, 304.0], [312.0, 304.0], [312.0, 302.0], [313.0, 301.0], [317.0, 301.0], [317.0, 196.0], [199.0, 196.0]], "objects": [{"category": "DoubleBed", "position": [282.0801921054521, 247.66529024738202], "size": [74.33617786698262, 26.280749212838277], "angle": -1.5707872226777821}, {"category": "CornerSideTable", "position": [313.54415074908263, 208.79546227370042], "size": [12.037080001831043, 12.025769805908226], "angle": 0.0}, {"category": "CornerSideTable", "position": [313.5487724868542, 286.3975129046902], "size": [12.0370800018311, 12.025769805908226], "angle": 0.0}, {"category": "Chair", "position": [224.6146, 213.70915], "size": [19.912740798026885, 19.55882903713971], "angle": -1.5707872226777828}]}]}]}