{"seed": 1, "floorplan": [{"rooms": [{"category": "Bedroom", "corners": [[205.0, 212.0], [205.0, 287.0], [204.0, 288.0], [295.0, 288.0], [295.0, 213.0], [296.0, 212.0], [205.0, 212.0]], "objects": [{"category": "SingleBed", "position": [234.382, 253.40766709406438], "size": [45.118798828124994, 65.72639923095704], "angle": 3.141592653589793}, {"category": "Table", "position": [276.898, 275.2274993896847], "size": [33.05400009155272, 24.235501098632824], "angle": 3.141592653589793}]}]}]}