{"seed": 1, "floorplan": [{"rooms": [{"category": "Bedroom", "corners": [[208.0, 191.0], [208.0, 309.0], [292.0, 309.0], [292.0, 191.0], [208.0, 191.0]], "objects": [{"category": "DoubleBed", "position": [240.66697953704266, 257.3941142188953], "size": [66.04770061293794, 55.32050181556526], "angle": -9.104117114257909e-06}, {"category": "Nightstand", "position": [215.13698100728675, 292.39619282222134], "size": [14.724253619810693, 15.871374048728526], "angle": -9.10411711491397e-06}, {"category": "Nightstand", "position": [215.1379255532156, 222.7403127334559], "size": [14.724253619810693, 15.871374048728498], "angle": -9.10411711491397e-06}]}]}]}