{"seed": 1, "floorplan": [{"rooms": [{"category": "Bedroom", "corners": [[205.0, 199.0], [205.0, 301.0], [295.0, 301.0], [295.0, 199.0], [205.0, 199.0]], "objects": [{"category": "DoubleBed", "position": [251.36333773145708, 232.20735965399825], "size": [73.2863983154297, 66.76500091552737], "angle": 0.0}, {"category": "Nightstand", "position": [212.68353750584993, 206.74575776342448], "size": [13.5, 17.902649688720686], "angle": 0.0}, {"category": "PendantLamp", "position": [251.0188, 243.7018], "size": [21.408119201660156, 21.408119201660156], "angle": 0.0}]}]}]}