{"seed": 1, "floorplan": [{"rooms": [{"category": "Bedroom", "corners": [[216.0, 180.0], [216.0, 320.0], [284.0, 320.0], [284.0, 180.0], [216.0, 180.0]], "objects": [{"category": "Chair", "position": [247.4755750651803, 238.95478817588548], "size": [20.9789071906696, 20.9834962576671], "angle": -2.3561999434162555}, {"category": "CeilingLamp", "position": [251.37237068240887, 245.03101653055955], "size": [15.17672996521, 13.143420410156239], "angle": 0.0}, {"category": "SingleBed", "position": [249.79471824474115, 288.1597269248696], "size": [45.11920960056317, 65.72699761996479], "angle": -1.5707872226777826}, {"category": "Table", "position": [271.63912419646886, 238.08779787068633], "size": [33.054301023150245, 24.235721744486305], "angle": -1.5707872226777824}]}]}]}