{"seed": 1, "floorplan": [{"rooms": [{"category": "Bedroom", "corners": [[208.0, 195.0], [208.0, 305.0], [292.0, 305.0], [292.0, 195.0], [208.0, 195.0]], "objects": [{"category": "DoubleBed", "position": [241.39122546243084, 254.81657684050145], "size": [66.67710850381165, 48.48703963926324], "angle": -9.104117114338063e-06}, {"category": "Nightstand", "position": [214.91617624506134, 222.33821025044392], "size": [10.500095594535154, 16.417619256206507], "angle": -9.104117114324194e-06}, {"category": "Nightstand", "position": [215.16694402150947, 287.5865118696026], "size": [10.500095594535154, 16.417619256206507], "angle": -9.104117114324194e-06}, {"category": "CeilingLamp", "position": [249.63100000000003, 252.92649999999998], "size": [18.433229827880893, 18.869219970703114], "angle": 0.0}]}]}]}