{"seed": 1, "floorplan": [{"rooms": [{"category": "Bedroom", "corners": [[209.0, 191.0], [209.0, 309.0], [210.0, 308.0], [290.0, 308.0], [291.0, 309.0], [291.0, 191.0], [262.0, 191.0], [262.0, 208.0], [261.0, 209.0], [260.0, 209.0], [259.0, 208.0], [259.0, 191.0], [209.0, 191.0]], "objects": [{"category": "Nightstand", "position": [216.09895616871134, 297.1352022799434], "size": [14.154998711881909, 19.590179267625587], "angle": -9.104117113465557e-06}, {"category": "Nightstand", "position": [214.0990046569981, 213.16699834813485], "size": [14.154998711881937, 19.590179267625558], "angle": -9.10411711346554e-06}, {"category": "PendantLamp", "position": [258.343, 257.293], "size": [42.469500732421835, 40.084501647949224], "angle": 0.0}, {"category": "DoubleBed", "position": [241.38521589009974, 256.5131104447091], "size": [63.6806792463055, 61.90556542913789], "angle": -9.104117113705752e-06}]}]}]}