{"seed": 1, "floorplan": [{"rooms": [{"category": "Bedroom", "corners": [[214.0, 196.0], [214.0, 304.0], [286.0, 304.0], [286.0, 196.0], [214.0, 196.0]], "objects": [{"category": "DoubleBed", "position": [256.0405, 229.37499999999997], "size": [64.0286835132244, 70.6335410081755], "angle": -1.5707872226777824}, {"category": "Table", "position": [273.5300001012947, 286.6449999999999], "size": [24.379721773747143, 24.379721773747086], "angle": -1.5708054309120125}, {"category": "CeilingLamp", "position": [254.1535, 249.4989999999999], "size": [16.651829910278337, 16.48935012817384], "angle": 0.0}]}]}]}