{"seed": 1, "floorplan": [{"rooms": [{"category": "Bedroom", "corners": [[275.0, 167.0], [275.0, 218.0], [274.0, 219.0], [195.0, 219.0], [195.0, 332.0], [194.0, 333.0], [306.0, 333.0], [306.0, 332.0], [305.0, 331.0], [305.0, 168.0], [306.0, 167.0], [275.0, 167.0]], "objects": [{"category": "Nightstand", "position": [203.77805698484025, 322.1311620046956], "size": [12.432023507209877, 15.775613594390586], "angle": -9.104117116217101e-06}, {"category": "DoubleBed", "position": [233.5041378315675, 275.18892029441224], "size": [62.70057083593845, 77.55100816069795], "angle": -9.104117114376004e-06}, {"category": "Nightstand", "position": [203.6651701892364, 228.38011989783524], "size": [12.432023507209877, 15.775613594390643], "angle": -9.104117113930932e-06}, {"category": "PendantLamp", "position": [204.75962113450424, 233.30334294119388], "size": [12.599999999999994, 4.589879894256569], "angle": 0.0}]}]}]}