{"seed": 1, "floorplan": [{"rooms": [{"category": "Bedroom", "corners": [[258.0, 188.0], [257.0, 189.0], [251.0, 189.0], [251.0, 211.0], [257.0, 211.0], [258.0, 212.0], [258.0, 218.0], [257.0, 219.0], [208.0, 219.0], [208.0, 312.0], [209.0, 311.0], [291.0, 311.0], [292.0, 312.0], [292.0, 188.0], [258.0, 188.0]], "objects": [{"category": "DoubleBed", "position": [247.69928942632933, 267.86367928228105], "size": [75.57788686456925, 66.83190727640546], "angle": -9.104117114357621e-06}, {"category": "Table", "position": [224.1909184026763, 225.5030297757856], "size": [35.14470062255859, 18.17685012817384], "angle": 0.0}, {"category": "Nightstand", "position": [213.10079312909463, 302.62851420151753], "size": [14.547792128633704, 14.591353316237305], "angle": -9.104117117721169e-06}, {"category": "Shelf", "position": [283.5083948418487, 293.83919668288814], "size": [8.95163121783408, 4.689012683106261], "angle": -1.5707872226777777}]}]}]}