{"seed": 1, "floorplan": [{"rooms": [{"category": "Bedroom", "corners": [[212.0, 198.0], [211.0, 199.0], [211.0, 302.0], [288.0, 302.0], [289.0, 301.0], [289.0, 198.0], [212.0, 198.0]], "objects": [{"category": "DoubleBed", "position": [255.78336752121487, 255.01510000000002], "size": [59.05193684915316, 64.70338753181332], "angle": -1.5707872226777828}]}]}]}