{"seed": 1, "floorplan": [{"rooms": [{"category": "Bedroom", "corners": [[207.0, 205.0], [207.0, 295.0], [293.0, 295.0], [293.0, 205.0], [207.0, 205.0]], "objects": [{"category": "DoubleBed", "position": [258.78399759350515, 244.2661388643428], "size": [60.14964581747903, 66.41430398717422], "angle": -1.5707872226777824}, {"category": "Nightstand", "position": [289.6105510953717, 213.92808357462758], "size": [18.42169824689862, 10.778948307204617], "angle": -1.5707872226777808}, {"category": "PendantLamp", "position": [248.7625, 246.28300000000002], "size": [31.12740097045898, 31.127400970459007], "angle": 0.0}]}]}]}