{"seed": 1, "floorplan": [{"rooms": [{"category": "Bedroom", "corners": [[226.0, 182.0], [226.0, 277.0], [225.0, 278.0], [190.0, 278.0], [190.0, 318.0], [310.0, 318.0], [310.0, 182.0], [226.0, 182.0]], "objects": [{"category": "DoubleBed", "position": [269.91808441970227, 219.0861037485142], "size": [58.57679901123049, 71.77949981689451], "angle": 0.0}, {"category": "Nightstand", "position": [243.0642113064875, 185.75074101625648], "size": [36.01920089721682, 12.653400421142578], "angle": 0.0}, {"category": "CeilingLamp", "position": [272.07849999999996, 251.7595], "size": [11.960579681396439, 11.939429855346702], "angle": 0.0}]}]}]}