{"seed": 1, "floorplan": [{"rooms": [{"category": "Bedroom", "corners": [[197.0, 184.0], [197.0, 316.0], [303.0, 316.0], [303.0, 218.0], [226.0, 218.0], [225.0, 217.0], [225.0, 184.0], [197.0, 184.0]], "objects": [{"category": "DoubleBed", "position": [266.65584769652776, 267.9835035429747], "size": [68.92862588918999, 72.47045806134946], "angle": -1.5707872226777828}, {"category": "Chair", "position": [214.36825000000005, 299.94055000000003], "size": [21.747769112365358, 23.761481319695047], "angle": -1.07524529518847}, {"category": "Nightstand", "position": [296.8198069584737, 228.97674273475943], "size": [16.736942079143535, 10.500095594535097], "angle": -1.5707872226777801}, {"category": "Nightstand", "position": [299.1169551062721, 309.14927375933615], "size": [10.500095594535154, 16.73694207914356], "angle": -9.104117114324194e-06}]}]}]}