{"seed": 1, "floorplan": [{"rooms": [{"category": "Bedroom", "corners": [[219.0, 216.0], [219.0, 281.0], [240.0, 281.0], [241.0, 282.0], [241.0, 283.0], [240.0, 284.0], [267.0, 284.0], [267.0, 282.0], [268.0, 281.0], [281.0, 281.0], [281.0, 216.0], [219.0, 216.0]], "objects": [{"category": "SingleBed", "position": [249.71556077394547, 235.7052217278454], "size": [25.40786147467014, 39.60036052796114], "angle": -9.104117114163356e-06}, {"category": "Table", "position": [272.8848764426325, 262.5024041311274], "size": [35.14502058839852, 18.177015614606102], "angle": -1.5707872226777817}, {"category": "Chair", "position": [256.3354234175031, 265.3689765493921], "size": [16.447979563739445, 18.80462104461192], "angle": -1.5708054309120114}, {"category": "CeilingLamp", "position": [249.99985, 248.19984999999997], "size": [30.843901062011753, 30.843901062011696], "angle": 0.0}]}]}]}