{"seed": 1, "floorplan": [{"rooms": [{"category": "Bedroom", "corners": [[188.0, 178.0], [188.0, 304.0], [189.0, 305.0], [232.0, 305.0], [233.0, 306.0], [233.0, 322.0], [312.0, 322.0], [312.0, 178.0], [188.0, 178.0]], "objects": [{"category": "DoubleBed", "position": [276.3870008746243, 248.26], "size": [62.957374016200475, 69.92433502752604], "angle": -1.570787222677783}, {"category": "Table", "position": [208.43778467093068, 296.5311653227785], "size": [31.220400238037115, 13.473660278320267], "angle": 3.141592653589793}, {"category": "Armchair", "position": [208.14137002912622, 278.50258376490876], "size": [15.053862772571403, 18.44086588182226], "angle": -0.429167807133107}, {"category": "PendantLamp", "position": [246.78250000000003, 247.777], "size": [29.162729644775396, 29.162729644775368], "angle": 0.0}]}]}]}