{"seed": 1, "floorplan": [{"rooms": [{"category": "Bedroom", "corners": [[299.0, 190.0], [298.0, 191.0], [201.0, 191.0], [201.0, 310.0], [299.0, 310.0], [299.0, 190.0]], "objects": [{"category": "DoubleBed", "position": [265.4411972224433, 244.29733405195506], "size": [67.67101403686021, 67.5702135586098], "angle": -1.5707872226777828}, {"category": "Nightstand", "position": [292.5687625919305, 280.29885712384953], "size": [18.900172070163276, 13.506393182240515], "angle": -1.5707872226777841}, {"category": "Nightstand", "position": [294.59994877768906, 204.57278096700847], "size": [18.900172070163276, 13.506393182240572], "angle": -1.5707872226777841}]}]}]}