{"seed": 1, "floorplan": [{"rooms": [{"category": "Bedroom", "corners": [[200.0, 208.0], [200.0, 292.0], [300.0, 292.0], [300.0, 208.0], [200.0, 208.0]], "objects": [{"category": "Table", "position": [279.0802911590512, 284.6653422960816], "size": [26.79759063720701, 21.237119293212857], "angle": 3.141592653589793}, {"category": "DoubleBed", "position": [232.68539875518218, 260.41749562995653], "size": [65.19450073242186, 38.454299926757784], "angle": 3.141592653589793}, {"category": "Table", "position": [278.97242341772665, 276.7381635013924], "size": [11.524110031127975, 13.45793952941898], "angle": 0.0}]}]}]}