{"seed": 1, "floorplan": [{"rooms": [{"category": "Bedroom", "corners": [[214.0, 202.0], [214.0, 298.0], [286.0, 298.0], [286.0, 202.0], [214.0, 202.0]], "objects": [{"category": "PendantLamp", "position": [249.57736577256264, 248.08355441958864], "size": [25.89467926025395, 25.894679260253866], "angle": 0.0}, {"category": "DoubleBed", "position": [260.0166003063536, 244.06120272073065], "size": [25.825135171056996, 51.93467234541741], "angle": -1.5707872226777821}]}]}]}