{"seed": 1, "floorplan": [{"rooms": [{"category": "Bedroom", "corners": [[177.0, 183.0], [177.0, 218.0], [217.0, 218.0], [218.0, 219.0], [218.0, 317.0], [323.0, 317.0], [323.0, 184.0], [324.0, 183.0], [177.0, 183.0]], "objects": [{"category": "DoubleBed", "position": [288.4249046475088, 258.831805156016], "size": [69.92433502752604, 62.957374016200504], "angle": -3.1415835494726787}, {"category": "Nightstand", "position": [316.1405149876669, 214.22790843108285], "size": [14.591353316237305, 14.547792128633732], "angle": -1.5707872226777844}, {"category": "Nightstand", "position": [316.1792526872904, 301.49196015144673], "size": [14.591353316237305, 14.547792128633732], "angle": -1.5707872226777844}, {"category": "PendantLamp", "position": [264.39295, 274.41715], "size": [29.162995149307203, 29.162995149307203], "angle": -1.570787222677782}]}]}]}