{"seed": 1, "floorplan": [{"rooms": [{"category": "Bedroom", "corners": [[207.0, 205.0], [207.0, 295.0], [293.0, 295.0], [293.0, 205.0], [207.0, 205.0]], "objects": [{"category": "DoubleBed", "position": [240.88899947098238, 243.97899999999998], "size": [61.28395790224862, 66.66900601305306], "angle": -1.5708054309120103}]}]}]}