{"seed": 1, "floorplan": [{"rooms": [{"category": "Bedroom", "corners": [[188.0, 197.0], [188.0, 303.0], [312.0, 303.0], [312.0, 197.0], [188.0, 197.0]], "objects": [{"category": "DoubleBed", "position": [256.68574109749653, 268.3513301484558], "size": [62.95680084228516, 69.92369842529294], "angle": 3.141592653589793}, {"category": "Nightstand", "position": [297.1002759659632, 298.1219948678967], "size": [14.59122047424313, 14.547659683227494], "angle": 3.141592653589793}, {"category": "CeilingLamp", "position": [257.257, 257.03049999999996], "size": [21.000191189070307, 21.00019118907028], "angle": -9.104117114324194e-06}, {"category": "Nightstand", "position": [218.27382852366514, 295.8252043190123], "size": [14.591220474243158, 14.54765968322755], "angle": 3.141592653589793}]}]}]}