{"seed": 1, "floorplan": [{"rooms": [{"category": "Bedroom", "corners": [[208.0, 193.0], [208.0, 307.0], [292.0, 307.0], [292.0, 193.0], [208.0, 193.0]], "objects": [{"category": "DoubleBed", "position": [255.59300010138736, 236.13400000000007], "size": [71.78015331479153, 58.57733230855161], "angle": -3.141583549472679}]}]}]}