{"seed": 1, "floorplan": [{"rooms": [{"category": "Bedroom", "corners": [[266.0, 201.0], [265.0, 202.0], [196.0, 202.0], [196.0, 299.0], [304.0, 299.0], [304.0, 201.0], [266.0, 201.0]], "objects": [{"category": "DoubleBed", "position": [270.0593988458695, 250.2115577853903], "size": [60.88727713424636, 65.97049197731494], "angle": -1.5764361161055485}, {"category": "Cabinet", "position": [295.85237372477485, 210.76268692405003], "size": [16.392119298709012, 9.241524146371981], "angle": -1.5707872226777821}, {"category": "Cabinet", "position": [296.0060106736717, 289.2433422759201], "size": [16.392119298709012, 9.241524146371924], "angle": -1.5707872226777821}, {"category": "PendantLamp", "position": [260.14723560268453, 250.15847827352147], "size": [31.665600585937483, 31.66560058593754], "angle": 0.0}]}]}]}