{"seed": 1, "floorplan": [{"rooms": [{"category": "Bedroom", "corners": [[216.0, 189.0], [216.0, 310.0], [215.0, 311.0], [284.0, 311.0], [284.0, 260.0], [285.0, 259.0], [285.0, 189.0], [216.0, 189.0]], "objects": [{"category": "Table", "position": [238.82536144878492, 297.27438311165463], "size": [23.798285663610216, 20.681589350480362], "angle": -9.10411711374165e-06}, {"category": "Chair", "position": [232.9366565517356, 300.3942900965742], "size": [19.168409729003912, 14.007750320434525], "angle": 0.0}, {"category": "SingleBed", "position": [263.02669888102207, 219.3301], "size": [60.17004853008403, 42.813391794067385], "angle": -1.5707872226777824}, {"category": "CeilingLamp", "position": [252.7405, 258.4444], "size": [16.48986053466797, 16.493489456176775], "angle": 0.0}]}]}]}