{"seed": 1, "floorplan": [{"rooms": [{"category": "Bedroom", "corners": [[204.0, 207.0], [204.0, 293.0], [296.0, 293.0], [296.0, 207.0], [204.0, 207.0]], "objects": [{"category": "DoubleBed", "position": [252.42722970425854, 239.82990979116263], "size": [57.012602233886696, 65.09640197753907], "angle": 0.0}, {"category": "Nightstand", "position": [286.28381570396687, 219.23216676940254], "size": [19.28019104003903, 18.7708797454834], "angle": 0.0}, {"category": "TVStand", "position": [254.84621164387104, 285.92643374544355], "size": [69.2835021972657, 14.237549972534168], "angle": 3.141592653589793}]}]}]}