{"seed": 1, "floorplan": [{"rooms": [{"category": "Bedroom", "corners": [[211.0, 194.0], [211.0, 306.0], [289.0, 306.0], [289.0, 194.0], [211.0, 194.0]], "objects": [{"category": "DoubleBed", "position": [247.5642207131416, 255.38789005296752], "size": [71.78015331479153, 58.57733230855161], "angle": -9.104117114438544e-06}, {"category": "Nightstand", "position": [215.39632559077086, 290.5737675192362], "size": [12.653515620755071, 36.01952882471832], "angle": -9.104117117408004e-06}]}]}]}