{"seed": 1, "floorplan": [{"rooms": [{"category": "Bedroom", "corners": [[298.0, 183.0], [297.0, 184.0], [202.0, 184.0], [202.0, 317.0], [203.0, 316.0], [298.0, 316.0], [298.0, 183.0]], "objects": [{"category": "DoubleBed", "position": [238.40275000000003, 280.20985], "size": [66.10980139803986, 53.222885977815416], "angle": -9.104117113964046e-06}, {"category": "Cabinet", "position": [211.4322083664277, 225.6370330770675], "size": [16.764152943941024, 36.57633244741362], "angle": -9.104117114545166e-06}, {"category": "Armchair", "position": [236.25823597408765, 224.22939046553986], "size": [15.518203982486929, 14.602603693604912], "angle": -1.9728859125046165}, {"category": "CeilingLamp", "position": [255.58915000000002, 249.02994999999999], "size": [22.474649047851585, 21.465808868408203], "angle": 0.0}]}]}]}