{"seed": 1, "floorplan": [{"rooms": [{"category": "Bedroom", "corners": [[207.0, 192.0], [207.0, 197.0], [206.0, 198.0], [206.0, 307.0], [207.0, 308.0], [294.0, 308.0], [294.0, 192.0], [207.0, 192.0]], "objects": [{"category": "CeilingLamp", "position": [249.99850000000004, 243.00250000000005], "size": [18.592169952392624, 18.503250503540045], "angle": 0.0}, {"category": "DoubleBed", "position": [248.3324115125564, 244.3962252524156], "size": [81.78914183811239, 70.74814318678578], "angle": -9.104117114278885e-06}, {"category": "Nightstand", "position": [211.37242379728391, 202.43797698173688], "size": [14.095358428917132, 19.66346789872406], "angle": -9.104117111714382e-06}, {"category": "Nightstand", "position": [211.0840165954743, 279.6717985471412], "size": [19.663467898724033, 14.095358428917104], "angle": -1.5708054309120105}]}]}]}