{"seed": 1, "floorplan": [{"rooms": [{"category": "Bedroom", "corners": [[209.0, 187.0], [209.0, 299.0], [231.0, 299.0], [232.0, 300.0], [232.0, 312.0], [231.0, 313.0], [291.0, 313.0], [291.0, 187.0], [209.0, 187.0]], "objects": [{"category": "DoubleBed", "position": [240.58675, 241.13094999999996], "size": [58.882736700329744, 51.1963660632131], "angle": -9.104117114379829e-06}, {"category": "PendantLamp", "position": [249.99985000000004, 236.62284999999997], "size": [4.838369750976568, 4.83836975097654], "angle": 0.0}]}]}]}