{"seed": 1, "floorplan": [{"rooms": [{"category": "Bedroom", "corners": [[210.0, 201.0], [210.0, 299.0], [290.0, 299.0], [290.0, 201.0], [210.0, 201.0]], "objects": [{"category": "DoubleBed", "position": [253.89342236213326, 246.57042530706218], "size": [70.90954754930308, 66.34800547098436], "angle": -3.1415835494726787}, {"category": "Nightstand", "position": [284.7411711076933, 207.81098489175633], "size": [18.010303433990124, 13.73274450140167], "angle": -1.5707872226777835}, {"category": "PendantLamp", "position": [251.5885, 249.09669999999994], "size": [30.059099578857428, 41.75879974365233], "angle": 3.141592653589793}]}]}]}