{"seed": 1, "floorplan": [{"rooms": [{"category": "Bedroom", "corners": [[207.0, 183.0], [207.0, 317.0], [293.0, 317.0], [293.0, 183.0], [207.0, 183.0]], "objects": [{"category": "DoubleBed", "position": [257.8333490109436, 238.84676338703196], "size": [62.40087023144007, 66.22380390078048], "angle": -1.5707872226777826}, {"category": "CeilingLamp", "position": [246.54087572551316, 245.20034877770811], "size": [17.82218971252442, 16.13231964111327], "angle": 0.0}, {"category": "Nightstand", "position": [284.8464435179329, 199.09092113116762], "size": [15.002266328494734, 15.001607142805888], "angle": -1.5707872226777855}, {"category": "Nightstand", "position": [285.6518236046254, 278.0468504415702], "size": [15.002266328494706, 15.001607142805945], "angle": -1.5707872226777817}]}]}]}