{"seed": 1, "floorplan": [{"rooms": [{"category": "Bedroom", "corners": [[207.0, 183.0], [206.0, 184.0], [206.0, 316.0], [207.0, 317.0], [293.0, 317.0], [294.0, 316.0], [294.0, 184.0], [293.0, 183.0], [207.0, 183.0]], "objects": [{"category": "DoubleBed", "position": [241.80889223219424, 265.97378073662117], "size": [69.92433502752604, 62.95737401620044], "angle": -9.104117114327979e-06}, {"category": "Nightstand", "position": [211.76328547054365, 307.07214296803534], "size": [14.547792128633704, 14.591353316237305], "angle": -9.104117113813811e-06}, {"category": "Nightstand", "position": [213.96838704897502, 227.16993998834], "size": [14.547792128633704, 14.591353316237305], "angle": -9.104117113813811e-06}, {"category": "PendantLamp", "position": [250.4155, 258.415], "size": [24.963629150390602, 24.979140472412098], "angle": 3.141592653589793}]}]}]}