{"seed": 1, "floorplan": [{"rooms": [{"category": "Bedroom", "corners": [[192.0, 206.0], [192.0, 293.0], [191.0, 294.0], [308.0, 294.0], [308.0, 207.0], [309.0, 206.0], [192.0, 206.0]], "objects": [{"category": "Nightstand", "position": [209.9970541940827, 212.33165629812328], "size": [13.130939483642578, 10.769160461425798], "angle": 0.0}, {"category": "Nightstand", "position": [294.12044580591737, 212.33165629812328], "size": [13.130939483642578, 10.769160461425798], "angle": 0.0}, {"category": "DoubleBed", "position": [249.15040000000005, 241.30392701442776], "size": [62.95680084228516, 69.92369842529297], "angle": 0.0}, {"category": "PendantLamp", "position": [249.53800000000007, 249.73629999999997], "size": [36.36180038452147, 9.378239822387684], "angle": 0.0}]}]}]}