{"seed": 1, "floorplan": [{"rooms": [{"category": "Bedroom", "corners": [[194.0, 203.0], [194.0, 209.0], [193.0, 210.0], [186.0, 210.0], [186.0, 290.0], [193.0, 290.0], [194.0, 291.0], [194.0, 297.0], [306.0, 297.0], [306.0, 229.0], [307.0, 228.0], [314.0, 228.0], [314.0, 204.0], [307.0, 204.0], [306.0, 203.0], [194.0, 203.0]], "objects": [{"category": "DoubleBed", "position": [240.4708, 263.9628678259937], "size": [58.972499084472645, 66.36629791259767], "angle": 3.141592653589793}, {"category": "Cabinet", "position": [202.68490000000003, 290.5969], "size": [10.661460113525408, 6.310260200500522], "angle": 3.141592653589793}, {"category": "Cabinet", "position": [274.9768, 291.0619], "size": [10.661460113525436, 6.3102602005004655], "angle": 3.141592653589793}]}]}]}