{"seed": 1, "floorplan": [{"rooms": [{"category": "Bedroom", "corners": [[208.0, 194.0], [208.0, 306.0], [292.0, 306.0], [292.0, 194.0], [208.0, 194.0]], "objects": [{"category": "DoubleBed", "position": [247.54117770355745, 254.0097252411245], "size": [78.01180642326123, 45.69821725231167], "angle": -9.10411711416222e-06}, {"category": "Nightstand", "position": [215.94817941356592, 292.35701526737813], "size": [13.500122907259506, 12.95162777085051], "angle": -1.5708054309120127}, {"category": "PendantLamp", "position": [251.09950000000003, 257.8], "size": [28.904788970947294, 28.904788970947266], "angle": 0.0}]}]}]}