{"seed": 1, "floorplan": [{"rooms": [{"category": "Bedroom", "corners": [[214.0, 198.0], [214.0, 203.0], [213.0, 204.0], [213.0, 302.0], [287.0, 302.0], [287.0, 198.0], [214.0, 198.0]], "objects": [{"category": "DoubleBed", "position": [253.51068552466387, 222.3204772093919], "size": [47.33292909543674, 65.27309334106396], "angle": -1.5707872226777817}, {"category": "Nightstand", "position": [281.72114440752, 255.3588759242042], "size": [15.23247601631851, 7.758168544240889], "angle": -1.0532049092651845}, {"category": "Table", "position": [226.40627108709333, 263.28361930585464], "size": [26.41401000858525, 60.2327489910557], "angle": -9.104117114463013e-06}, {"category": "PendantLamp", "position": [248.93049999999997, 251.16250000000002], "size": [16.799999999999983, 16.799999999999983], "angle": 0.0}]}]}]}