{"seed": 1, "floorplan": [{"rooms": [{"category": "Bedroom", "corners": [[205.0, 193.0], [205.0, 307.0], [295.0, 307.0], [295.0, 193.0], [205.0, 193.0]], "objects": [{"category": "PendantLamp", "position": [260.5564, 277.20009999999996], "size": [19.233000183105446, 23.189279937744118], "angle": 0.0}, {"category": "DoubleBed", "position": [264.481, 252.38529999999997], "size": [57.36712231599858, 99.98431481407084], "angle": -3.1415835494726787}]}]}]}