{"seed": 1, "floorplan": [{"rooms": [{"category": "Bedroom", "corners": [[188.0, 209.0], [188.0, 291.0], [312.0, 291.0], [312.0, 209.0], [188.0, 209.0]], "objects": [{"category": "DoubleBed", "position": [253.81261976144208, 241.43606854015508], "size": [60.53370208740239, 63.57989959716798], "angle": 0.0}, {"category": "Nightstand", "position": [293.8028392961984, 218.3267054993127], "size": [19.530839538574185, 16.18460998535153], "angle": 0.0}, {"category": "PendantLamp", "position": [251.716, 248.98899999999995], "size": [15.303210067749035, 15.08414955139159], "angle": 0.0}]}]}]}