{"seed": 1, "floorplan": [{"rooms": [{"category": "Bedroom", "corners": [[197.0, 186.0], [197.0, 314.0], [303.0, 314.0], [303.0, 186.0], [197.0, 186.0]], "objects": [{"category": "Cabinet", "position": [289.5439242696838, 256.1088972767081], "size": [47.382729658692256, 25.521561850636708], "angle": -1.5707872226777824}, {"category": "Sofa", "position": [279.3635661165159, 295.16264449689106], "size": [23.524099877572258, 23.782847725453568], "angle": -0.7853927101735372}, {"category": "DoubleBed", "position": [233.5258241052784, 257.2637333732025], "size": [71.99165578966003, 65.20559547313468], "angle": -9.104117114051048e-06}]}]}]}