{"seed": 1, "floorplan": [{"rooms": [{"category": "Bedroom", "corners": [[204.0, 194.0], [204.0, 306.0], [296.0, 306.0], [296.0, 194.0], [204.0, 194.0]], "objects": [{"category": "DoubleBed", "position": [238.8717087483864, 271.950157928312], "size": [69.31383294842219, 64.56118653016155], "angle": -9.104117114409489e-06}, {"category": "Nightstand", "position": [212.53195808260313, 232.49219433893356], "size": [13.182539602112366, 12.600114713442155], "angle": -9.10411711406444e-06}, {"category": "Cabinet", "position": [237.7353666666667, 203.92029999999994], "size": [66.00000000000003, 18.41904029846191], "angle": 0.0}, {"category": "PendantLamp", "position": [255.26500000000004, 263.1106], "size": [33.23250045776368, 33.23250045776365], "angle": 0.0}]}]}]}