{"seed": 1, "floorplan": [{"rooms": [{"category": "Bedroom", "corners": [[183.0, 200.0], [183.0, 300.0], [317.0, 300.0], [317.0, 200.0], [183.0, 200.0]], "objects": [{"category": "DoubleBed", "position": [242.14270228537248, 232.44916538465603], "size": [52.93229827880856, 58.611300659179676], "angle": 0.0}, {"category": "Nightstand", "position": [280.3319492419419, 207.13609115876204], "size": [20.247720336914085, 13.433610534667991], "angle": 0.0}, {"category": "Nightstand", "position": [208.00342910845012, 207.184403294416], "size": [20.247720336914057, 13.433610534667963], "angle": 0.0}, {"category": "PendantLamp", "position": [242.53105, 249.99984999999998], "size": [13.452569961547852, 13.457130432128878], "angle": 0.0}]}]}]}