{"seed": 1, "floorplan": [{"rooms": [{"category": "Bedroom", "corners": [[209.0, 181.0], [209.0, 319.0], [291.0, 319.0], [291.0, 181.0], [209.0, 181.0]], "objects": [{"category": "DoubleBed", "position": [256.82635563232094, 237.41502077122948], "size": [66.89688816149348, 57.15727448923976], "angle": -3.117595650074092}, {"category": "Nightstand", "position": [284.0725020913527, 201.1178875301224], "size": [12.000109250897301, 11.613765783003553], "angle": -1.5707872226777837}, {"category": "PendantLamp", "position": [254.91249999999997, 238.1905], "size": [37.12229919433594, 10.005360031127935], "angle": 0.0}]}]}]}