{"seed": 1, "floorplan": [{"rooms": [{"category": "Bedroom", "corners": [[208.0, 198.0], [208.0, 302.0], [292.0, 302.0], [292.0, 198.0], [208.0, 198.0]], "objects": [{"category": "CeilingLamp", "position": [250.02129999999997, 251.03289999999998], "size": [17.577989959716803, 17.577989959716746], "angle": 0.0}, {"category": "DoubleBed", "position": [242.52819999999997, 246.78430000000003], "size": [68.19002205789, 52.212775463249756], "angle": -9.104117113955831e-06}, {"category": "Cabinet", "position": [234.9724, 293.10445002143547], "size": [52.78980102539063, 18.5175899505615], "angle": 3.141592653589793}, {"category": "Cabinet", "position": [218.29869999999997, 211.5235], "size": [11.775136957352535, 17.14221653603839], "angle": -9.104117112738359e-06}]}]}]}