{"seed": 1, "floorplan": [{"rooms": [{"category": "Bedroom", "corners": [[181.0, 211.0], [181.0, 289.0], [319.0, 289.0], [319.0, 211.0], [181.0, 211.0]], "objects": [{"category": "DoubleBed", "position": [236.7070021596312, 243.90343413613635], "size": [65.0271833358774, 60.5296178080006], "angle": -3.1290138785831645}, {"category": "Cabinet", "position": [191.9814381328844, 216.88835594979054], "size": [19.69286956787107, 14.077949523925781], "angle": 0.0}, {"category": "Cabinet", "position": [281.4294878747893, 216.8882655616922], "size": [19.69286956787107, 14.077949523925781], "angle": 0.0}, {"category": "CeilingLamp", "position": [245.69799999999998, 248.0695], "size": [16.651829910278337, 16.489350128173783], "angle": 0.0}]}]}]}