{"seed": 1, "floorplan": [{"rooms": [{"category": "Bedroom", "corners": [[208.0, 200.0], [208.0, 300.0], [244.0, 300.0], [244.0, 290.0], [245.0, 289.0], [292.0, 289.0], [292.0, 200.0], [208.0, 200.0]], "objects": [{"category": "DoubleBed", "position": [256.96382560752295, 242.40012098340455], "size": [68.1128310440878, 67.72282881843299], "angle": -1.5829127903579852}, {"category": "Nightstand", "position": [287.87159636090706, 206.9633340603961], "size": [17.328758075040398, 12.576924194694833], "angle": -1.5707872226777813}, {"category": "CeilingLamp", "position": [251.52700000000002, 243.0805000000001], "size": [13.143540071029035, 15.176868137823869], "angle": -9.104117118204113e-06}]}]}]}