{"seed": 1, "floorplan": [{"rooms": [{"category": "Bedroom", "corners": [[192.0, 207.0], [192.0, 208.0], [191.0, 209.0], [185.0, 209.0], [185.0, 232.0], [191.0, 232.0], [192.0, 233.0], [192.0, 293.0], [315.0, 293.0], [315.0, 207.0], [192.0, 207.0]], "objects": [{"category": "Nightstand", "position": [224.28202934810503, 289.30832999720946], "size": [11.995380020141596, 10.48878021240239], "angle": 3.141592653589793}, {"category": "PendantLamp", "position": [228.493, 276.38631657511473], "size": [47.269798278808594, 30.862200164794956], "angle": 0.0}, {"category": "CeilingLamp", "position": [268.83039999999994, 244.98355], "size": [22.264498901367176, 18.882509994506847], "angle": 0.0}, {"category": "DoubleBed", "position": [268.7819252244035, 259.16839186938824], "size": [81.85979919433592, 62.88900146484377], "angle": 3.141592653589793}]}]}]}