{"seed": 1, "floorplan": [{"rooms": [{"category": "Bedroom", "corners": [[203.0, 162.0], [203.0, 338.0], [297.0, 338.0], [297.0, 195.0], [263.0, 195.0], [262.0, 194.0], [262.0, 162.0], [203.0, 162.0]], "objects": [{"category": "DoubleBed", "position": [263.6799105665458, 248.96549763987198], "size": [63.60057902975577, 66.60060634248015], "angle": -1.5707872226777824}, {"category": "Cabinet", "position": [270.0386666666667, 327.079], "size": [53.213099670410145, 68.93610076904292], "angle": 3.141592653589793}]}]}]}