{"seed": 1, "floorplan": [{"rooms": [{"category": "Bedroom", "corners": [[216.0, 199.0], [216.0, 269.0], [215.0, 270.0], [207.0, 270.0], [206.0, 269.0], [206.0, 263.0], [185.0, 263.0], [185.0, 269.0], [184.0, 270.0], [160.0, 270.0], [160.0, 294.0], [161.0, 294.0], [162.0, 295.0], [162.0, 301.0], [187.0, 301.0], [187.0, 295.0], [188.0, 294.0], [340.0, 294.0], [340.0, 199.0], [216.0, 199.0]], "objects": [{"category": "DoubleBed", "position": [280.06226562165125, 236.05888811498224], "size": [65.31239776611329, 73.28909912109378], "angle": 0.0}, {"category": "Nightstand", "position": [320.2540898415305, 206.56408512814585], "size": [24.07107009887693, 14.62647056579587], "angle": 0.0}, {"category": "Chair", "position": [316.9407118047612, 281.68220759832457], "size": [18.741150283813454, 20.14365005493164], "angle": 0.0}, {"category": "PendantLamp", "position": [281.82295, 246.40015], "size": [14.36874046325687, 14.368740463256842], "angle": 0.0}]}]}]}