{"seed": 1, "floorplan": [{"rooms": [{"category": "Bedroom", "corners": [[211.0, 198.0], [211.0, 302.0], [289.0, 302.0], [289.0, 198.0], [211.0, 198.0]], "objects": [{"category": "DoubleBed", "position": [247.94414595224603, 258.5684538130297], "size": [58.57733230855158, 71.78015331479149], "angle": -1.5708054309120107}, {"category": "Nightstand", "position": [215.4285503102385, 222.40235232607347], "size": [12.6535156207551, 36.01952882471835], "angle": -9.104117115161832e-06}, {"category": "Nightstand", "position": [215.0570048453325, 285.2128363069791], "size": [12.6535156207551, 36.01952882471832], "angle": -9.104117117407984e-06}, {"category": "PendantLamp", "position": [251.57500000000005, 258.5065], "size": [12.0, 12.0], "angle": 0.0}]}]}]}