{"seed": 1, "floorplan": [{"rooms": [{"category": "Bedroom", "corners": [[177.0, 213.0], [177.0, 287.0], [323.0, 287.0], [323.0, 213.0], [177.0, 213.0]], "objects": [{"category": "DoubleBed", "position": [215.96763096304426, 248.75573642487257], "size": [64.83690032958987, 70.81440124511718], "angle": 0.0}, {"category": "Nightstand", "position": [181.7832187458576, 216.03232018665398], "size": [11.291910535609018, 14.399400307440327], "angle": -1.5351544834035515}, {"category": "DoubleBed", "position": [269.08999945886416, 253.73405983801234], "size": [58.30589904785151, 64.93260040283204], "angle": 3.141592653589793}]}]}]}