{"seed": 1, "floorplan": [{"rooms": [{"category": "Bedroom", "corners": [[203.0, 202.0], [203.0, 298.0], [297.0, 298.0], [297.0, 202.0], [203.0, 202.0]], "objects": [{"category": "DoubleBed", "position": [250.56639724313624, 234.76859649354475], "size": [64.2720016479492, 65.65019989013672], "angle": 0.0}, {"category": "Cabinet", "position": [209.81023942926547, 207.17843869871223], "size": [18.24506950378418, 14.637779617309548], "angle": 0.0}, {"category": "Cabinet", "position": [290.1160910310838, 207.16243733105608], "size": [18.245069503784237, 14.637779617309548], "angle": 0.0}, {"category": "CeilingLamp", "position": [247.01049999999992, 249.99399999999997], "size": [28.780709838867153, 28.533089447021467], "angle": 0.0}]}]}]}