{"seed": 1, "floorplan": [{"rooms": [{"category": "Bedroom", "corners": [[209.0, 191.0], [209.0, 309.0], [291.0, 309.0], [291.0, 191.0], [209.0, 191.0]], "objects": [{"category": "DoubleBed", "position": [244.09650840574753, 241.96449999999996], "size": [60.66025379865461, 58.29263275615256], "angle": -1.570805430912011}, {"category": "Cabinet", "position": [217.1334108635586, 275.69257287584367], "size": [10.319493593250233, 12.516053660661441], "angle": -9.104117115918466e-06}, {"category": "Cabinet", "position": [217.13341086355857, 206.59842712415622], "size": [10.319493593250233, 12.516053660661441], "angle": -9.10411711316429e-06}, {"category": "CeilingLamp", "position": [252.3055, 241.24449999999996], "size": [18.384659957885702, 18.986970520019526], "angle": 0.0}]}]}]}