{"seed": 1, "floorplan": [{"rooms": [{"category": "Bedroom", "corners": [[208.0, 196.0], [208.0, 281.0], [207.0, 282.0], [263.0, 282.0], [264.0, 283.0], [264.0, 304.0], [292.0, 304.0], [292.0, 197.0], [293.0, 196.0], [208.0, 196.0]], "objects": [{"category": "Cabinet", "position": [209.77788035099968, 260.89431790061667], "size": [9.241524146371953, 16.39211929870904], "angle": -9.104117111393645e-06}, {"category": "DoubleBed", "position": [242.79593747860793, 230.61534789088483], "size": [60.887694624578856, 65.97094432210565], "angle": -1.5481643829358105}, {"category": "PendantLamp", "position": [236.85039875895188, 228.73869999999997], "size": [58.44989776611328, 3.5999999999999943], "angle": 0.0}]}]}]}