{"seed": 1, "floorplan": [{"rooms": [{"category": "Bedroom", "corners": [[319.0, 209.0], [318.0, 210.0], [181.0, 210.0], [181.0, 291.0], [182.0, 290.0], [319.0, 290.0], [319.0, 209.0]], "objects": [{"category": "Nightstand", "position": [206.20096362248512, 215.0938798502617], "size": [14.12633972167967, 14.126339721679699], "angle": 0.0}, {"category": "DoubleBed", "position": [247.9929838181082, 247.76619453855318], "size": [83.90730285644531, 75.23430175781249], "angle": 0.0}, {"category": "Nightstand", "position": [284.7884223215834, 214.0773930765239], "size": [14.126339721679699, 14.126339721679699], "angle": 0.0}, {"category": "CeilingLamp", "position": [241.12300000000002, 249.901], "size": [22.264498901367205, 18.88250999450682], "angle": 0.0}]}]}]}