{"seed": 1, "floorplan": [{"rooms": [{"category": "Bedroom", "corners": [[209.0, 194.0], [209.0, 287.0], [235.0, 287.0], [236.0, 288.0], [236.0, 306.0], [291.0, 306.0], [291.0, 194.0], [209.0, 194.0]], "objects": [{"category": "DoubleBed", "position": [254.26245254968416, 251.21846958111706], "size": [64.02868351322437, 70.6335410081755], "angle": -1.5707872226777824}, {"category": "Nightstand", "position": [281.95353342515654, 290.04364333873565], "size": [15.203028425429748, 15.717292827223043], "angle": -1.570787222677781}, {"category": "PendantLamp", "position": [246.1375, 248.3947], "size": [10.608390426635737, 10.608390426635765], "angle": 3.141592653589793}, {"category": "Cabinet", "position": [254.99138179300456, 203.69628952953113], "size": [69.12059783935547, 18.50064010620116], "angle": 0.0}]}]}]}