{"seed": 1, "floorplan": [{"rooms": [{"category": "Bedroom", "corners": [[209.0, 185.0], [209.0, 315.0], [291.0, 315.0], [291.0, 185.0], [209.0, 185.0]], "objects": [{"category": "DoubleBed", "position": [242.0200601266096, 239.40550000000002], "size": [65.97090090251066, 60.88765455058771], "angle": -9.104117113960187e-06}, {"category": "Nightstand", "position": [217.04842370235517, 274.5974556726419], "size": [11.007160452633254, 11.007160452633226], "angle": -9.10411711414549e-06}, {"category": "Nightstand", "position": [217.26631548388616, 203.74254432735813], "size": [11.007160452633254, 11.007160452633254], "angle": -9.10411711156338e-06}, {"category": "PendantLamp", "position": [250.01049999999998, 241.92849999999999], "size": [18.60326957702634, 9.572550201415993], "angle": 0.0}]}]}]}