{"seed": 1, "floorplan": [{"rooms": [{"category": "Bedroom", "corners": [[226.0, 199.0], [226.0, 216.0], [225.0, 217.0], [203.0, 217.0], [203.0, 301.0], [297.0, 301.0], [297.0, 199.0], [226.0, 199.0]], "objects": [{"category": "SingleBed", "position": [261.535995551343, 222.39153137220057], "size": [60.0056457882182, 44.7070079718376], "angle": -3.1415835494726787}, {"category": "Table", "position": [212.29617951370255, 282.62476102374785], "size": [34.273513020266364, 33.503405606254326], "angle": -9.104117113680178e-06}, {"category": "Chair", "position": [233.66481397335033, 283.5011343904971], "size": [12.088418670931967, 14.205650705041606], "angle": -1.2150989076531777}, {"category": "Nightstand", "position": [290.5827528095221, 252.38513426059114], "size": [12.000949254882725, 11.54518529413401], "angle": -1.5707872226777844}]}]}]}