{"seed": 1, "floorplan": [{"rooms": [{"category": "Bedroom", "corners": [[201.0, 191.0], [201.0, 309.0], [299.0, 309.0], [299.0, 191.0], [201.0, 191.0]], "objects": [{"category": "DoubleBed", "position": [237.88944512322144, 242.3964389403826], "size": [71.4177522493215, 68.56832597810306], "angle": -1.570805430912011}, {"category": "Nightstand", "position": [205.5478474534077, 287.29128932051617], "size": [14.844375334145383, 12.767966735978385], "angle": -1.5708054309120112}, {"category": "Nightstand", "position": [205.39775551302165, 198.22668146123448], "size": [12.767966735978385, 14.844375334145354], "angle": -9.104117113269011e-06}, {"category": "CeilingLamp", "position": [249.99985, 238.91470000000004], "size": [19.345049285888678, 19.34504928588865], "angle": 0.0}]}]}]}