{"seed": 1, "floorplan": [{"rooms": [{"category": "Bedroom", "corners": [[198.0, 177.0], [198.0, 322.0], [197.0, 323.0], [302.0, 323.0], [302.0, 178.0], [303.0, 177.0], [198.0, 177.0]], "objects": [{"category": "SingleBed", "position": [269.5105, 257.3782], "size": [50.945262092552404, 46.037217225828215], "angle": -3.1415835494726796}, {"category": "Nightstand", "position": [292.32640000000004, 213.35560000000004], "size": [12.037879675331645, 14.97997646797159], "angle": -3.1415835494726783}, {"category": "Nightstand", "position": [292.32640000000004, 301.8886], "size": [14.97997646797156, 12.037879675331645], "angle": -1.5707872226777835}, {"category": "PendantLamp", "position": [250.0, 250.0], "size": [20.21954956054688, 20.22011947631836], "angle": 0.0}]}]}]}