{"seed": 1, "floorplan": [{"rooms": [{"category": "Bedroom", "corners": [[216.0, 188.0], [216.0, 195.0], [215.0, 196.0], [212.0, 196.0], [212.0, 312.0], [288.0, 312.0], [288.0, 196.0], [240.0, 196.0], [239.0, 195.0], [239.0, 188.0], [216.0, 188.0]], "objects": [{"category": "DoubleBed", "position": [255.2328601989443, 254.47616979085726], "size": [51.19636606321304, 58.882736700329744], "angle": -1.5707872226777824}, {"category": "Nightstand", "position": [280.733029798224, 211.23216700696918], "size": [6.204566413198707, 5.372718706258243], "angle": -1.5707872226777955}, {"category": "PendantLamp", "position": [248.5756, 266.86269999999996], "size": [42.12360076904298, 42.646499633789006], "angle": 0.0}]}]}]}