{"seed": 1, "floorplan": [{"rooms": [{"category": "Bedroom", "corners": [[202.0, 191.0], [202.0, 309.0], [298.0, 309.0], [298.0, 191.0], [202.0, 191.0]], "objects": [{"category": "PendantLamp", "position": [248.24200000000002, 246.62050000000005], "size": [26.258969879150385, 25.08237075805667], "angle": 0.0}, {"category": "DoubleBed", "position": [235.8150530568366, 263.27596824504315], "size": [67.79401625532473, 75.18698517341409], "angle": -9.104117114268615e-06}, {"category": "Nightstand", "position": [205.15930567673382, 221.00240537920854], "size": [10.920099876084404, 22.800207576704896], "angle": -9.104117111738658e-06}, {"category": "Nightstand", "position": [205.03437139824558, 300.05513569661275], "size": [10.920099876084377, 22.800207576704896], "angle": -9.104117114341379e-06}]}]}]}