{"seed": 1, "floorplan": [{"rooms": [{"category": "Bedroom", "corners": [[219.0, 207.0], [219.0, 293.0], [281.0, 293.0], [281.0, 207.0], [219.0, 207.0]], "objects": [{"category": "DoubleBed", "position": [249.50486589763483, 235.51627430390448], "size": [63.3628856039176, 56.466830803078665], "angle": -0.007105970025665046}, {"category": "Table", "position": [273.83866527065163, 274.6549281403579], "size": [40.502767425257254, 18.000193631255527], "angle": -1.5707872226777826}, {"category": "Armchair", "position": [258.99080871912463, 272.36291733593157], "size": [16.501889737773777, 17.70088098500111], "angle": -9.10411711566136e-06}, {"category": "CeilingLamp", "position": [250.05745000000002, 249.8314], "size": [25.670310974121094, 15.705149459838879], "angle": 0.0}]}]}]}