{"seed": 1, "floorplan": [{"rooms": [{"category": "Bedroom", "corners": [[205.0, 192.0], [205.0, 238.0], [204.0, 239.0], [204.0, 308.0], [296.0, 308.0], [295.0, 307.0], [295.0, 192.0], [205.0, 192.0]], "objects": [{"category": "Nightstand", "position": [287.7811624294108, 278.09968493750125], "size": [13.425122224441381, 16.620151770260584], "angle": -1.5707872226777826}, {"category": "Nightstand", "position": [288.9720334891956, 202.4863030335758], "size": [13.425122224441381, 16.620151770260527], "angle": -1.5707872226777826}, {"category": "Cabinet", "position": [272.0143209400581, 298.68876073604343], "size": [41.24279937744143, 74.09609985351562], "angle": 3.141592653589793}, {"category": "DoubleBed", "position": [260.88256176703237, 239.11354946096264], "size": [31.87919037968828, 61.823061931430885], "angle": -3.1415835494726805}]}]}]}