{"seed": 1, "floorplan": [{"rooms": [{"category": "Bedroom", "corners": [[133.0, 178.0], [133.0, 217.0], [148.0, 217.0], [149.0, 218.0], [149.0, 222.0], [148.0, 223.0], [133.0, 223.0], [133.0, 271.0], [148.0, 271.0], [149.0, 272.0], [149.0, 276.0], [148.0, 277.0], [133.0, 277.0], [133.0, 316.0], [193.0, 316.0], [194.0, 317.0], [194.0, 322.0], [322.0, 322.0], [322.0, 317.0], [323.0, 316.0], [364.0, 316.0], [364.0, 293.0], [365.0, 292.0], [367.0, 292.0], [367.0, 202.0], [365.0, 202.0], [364.0, 201.0], [364.0, 178.0], [133.0, 178.0]], "objects": [{"category": "DoubleBed", "position": [251.5908962847647, 212.56017353246952], "size": [72.98639831542971, 40.99109802246093], "angle": 0.0}, {"category": "Nightstand", "position": [209.78158969322794, 189.09833597257847], "size": [23.1599990844727, 14.792430496215843], "angle": 0.0}, {"category": "LoungeChair", "position": [252.00563180516048, 260.98502725034734], "size": [41.36369934082029, 22.463069915771484], "angle": 0.0}, {"category": "Nightstand", "position": [293.34850959069905, 189.22079573879313], "size": [23.1599990844727, 14.792430496215843], "angle": 0.0}]}]}]}