{"seed": 1, "floorplan": [{"rooms": [{"category": "Bedroom", "corners": [[216.0, 189.0], [216.0, 311.0], [284.0, 311.0], [284.0, 189.0], [216.0, 189.0]], "objects": [{"category": "DoubleBed", "position": [247.72549504715008, 257.59278734792895], "size": [71.56385343296547, 72.42995934059189], "angle": -3.141583549472679}, {"category": "Nightstand", "position": [275.15230157745145, 218.85064657017983], "size": [20.453046467787775, 13.753984929152951], "angle": -1.5707872226777826}, {"category": "Nightstand", "position": [276.6658414056634, 296.7691254579207], "size": [20.453046467787747, 13.753984929152951], "angle": -1.5707872226777826}, {"category": "PendantLamp", "position": [247.34199999999998, 257.54650000000004], "size": [25.91558990478518, 5.196120071411144], "angle": 0.0}]}]}]}