{"seed": 1, "floorplan": [{"rooms": [{"category": "Bedroom", "corners": [[256.0, 201.0], [256.0, 218.0], [255.0, 219.0], [215.0, 219.0], [215.0, 270.0], [214.0, 271.0], [211.0, 271.0], [211.0, 299.0], [289.0, 299.0], [289.0, 201.0], [256.0, 201.0]], "objects": [{"category": "DoubleBed", "position": [251.8, 250.06523225491503], "size": [65.60459507736999, 59.958243928441526], "angle": -9.104117114587747e-06}]}]}]}