{"seed": 1, "floorplan": [{"rooms": [{"category": "Bedroom", "corners": [[199.0, 208.0], [199.0, 292.0], [301.0, 292.0], [301.0, 208.0], [199.0, 208.0]], "objects": [{"category": "DoubleBed", "position": [258.14085436784853, 243.63376081194286], "size": [62.95680084228519, 69.92369842529297], "angle": 0.0}, {"category": "Nightstand", "position": [293.88822189861105, 213.21191037478815], "size": [14.591220474243244, 14.54765968322755], "angle": 0.0}, {"category": "Cabinet", "position": [259.45300000000003, 285.5257834370931], "size": [45.05460205078123, 12.511589813232376], "angle": 3.141592653589793}, {"category": "PendantLamp", "position": [259.65400000000005, 247.3], "size": [27.30404891967771, 27.304080963134794], "angle": 0.0}]}]}]}