{"seed": 1, "floorplan": [{"rooms": [{"category": "Bedroom", "corners": [[203.0, 193.0], [203.0, 198.0], [202.0, 199.0], [202.0, 307.0], [298.0, 307.0], [298.0, 193.0], [203.0, 193.0]], "objects": [{"category": "DoubleBed", "position": [247.57588738299992, 235.98741389450953], "size": [87.21919310521476, 84.46066579387913], "angle": -9.104117114150647e-06}, {"category": "Nightstand", "position": [207.48130789121458, 270.6977623101083], "size": [15.111377581870679, 15.174498044835058], "angle": -9.104117112799486e-06}, {"category": "PendantLamp", "position": [250.2415, 242.60200000000003], "size": [3.311279869079584, 3.2906699180603027], "angle": 0.0}]}]}]}