{"seed": 1, "floorplan": [{"rooms": [{"category": "Bedroom", "corners": [[201.0, 186.0], [201.0, 315.0], [299.0, 315.0], [300.0, 314.0], [300.0, 186.0], [201.0, 186.0]], "objects": [{"category": "CeilingLamp", "position": [249.52000000000004, 238.441], "size": [36.42813239822569, 53.83759036568554], "angle": -1.5708054309120103}, {"category": "DoubleBed", "position": [238.54117121442656, 246.55641371395234], "size": [60.534253200841555, 63.58047844392486], "angle": -1.5708054309120105}, {"category": "Table", "position": [208.7025634472955, 294.33579021118805], "size": [15.611811672814099, 43.58769693916737], "angle": -9.10411711430132e-06}]}]}]}