{"seed": 1, "floorplan": [{"rooms": [{"category": "Bedroom", "corners": [[205.0, 194.0], [205.0, 306.0], [295.0, 306.0], [295.0, 194.0], [205.0, 194.0]], "objects": [{"category": "DoubleBed", "position": [237.91673038348924, 268.8922880575526], "size": [65.97090090251069, 60.88765455058774], "angle": -9.104117113960183e-06}, {"category": "Nightstand", "position": [211.6388378914478, 230.79312129370797], "size": [11.0069862801641, 11.0069862801641], "angle": -0.019736218853080398}, {"category": "CeilingLamp", "position": [256.3135, 255.2416], "size": [18.392610168456997, 18.392610168457054], "angle": 0.0}]}]}]}