{"seed": 1, "floorplan": [{"rooms": [{"category": "Bedroom", "corners": [[253.0, 187.0], [254.0, 188.0], [254.0, 216.0], [253.0, 217.0], [198.0, 217.0], [197.0, 218.0], [197.0, 313.0], [303.0, 313.0], [303.0, 187.0], [253.0, 187.0]], "objects": [{"category": "SingleBed", "position": [233.1313417473844, 273.00090818854335], "size": [70.35964019910942, 60.50004878787674], "angle": -9.104117114107394e-06}, {"category": "PendantLamp", "position": [243.90399999999994, 272.97850000000005], "size": [29.21147918701172, 28.896599578857433], "angle": 3.141592653589793}, {"category": "CornerSideTable", "position": [202.369049455033, 306.09730189304463], "size": [14.251739501953153, 14.284080505371094], "angle": 0.0}]}]}]}