{"seed": 1, "floorplan": [{"rooms": [{"category": "Bedroom", "corners": [[203.0, 187.0], [203.0, 313.0], [297.0, 313.0], [297.0, 187.0], [203.0, 187.0]], "objects": [{"category": "DoubleBed", "position": [240.094, 259.0555], "size": [58.57733230855164, 71.78015331479153], "angle": -1.5708054309120107}, {"category": "Nightstand", "position": [209.002, 297.1255], "size": [6.962403360273842, 9.280374330697553], "angle": -9.104117124292915e-06}, {"category": "Nightstand", "position": [209.002, 221.2555], "size": [6.962403360273842, 9.280374330697581], "angle": -9.104117112046406e-06}, {"category": "CeilingLamp", "position": [249.094, 257.2615], "size": [18.766679763793945, 17.502059555053734], "angle": 0.0}]}]}]}