{"seed": 1, "floorplan": [{"rooms": [{"category": "Bedroom", "corners": [[210.0, 203.0], [210.0, 297.0], [290.0, 297.0], [290.0, 203.0], [210.0, 203.0]], "objects": [{"category": "DoubleBed", "position": [247.87771261651972, 240.34394987582309], "size": [74.11117581852828, 74.07637630737204], "angle": -9.104117114119888e-06}, {"category": "Nightstand", "position": [215.46797675279436, 272.8302694653985], "size": [14.93359543047686, 17.76571121084591], "angle": -9.10411711050855e-06}, {"category": "CeilingLamp", "position": [249.50650000000002, 243.61300000000006], "size": [15.538049697875977, 15.50153961181644], "angle": 0.0}]}]}]}