{"seed": 1, "floorplan": [{"rooms": [{"category": "Bedroom", "corners": [[202.0, 215.0], [202.0, 285.0], [298.0, 285.0], [298.0, 215.0], [202.0, 215.0]], "objects": [{"category": "SingleBed", "position": [233.21267777404867, 235.6033363738151], "size": [36.37113114685541, 53.324583681031214], "angle": -9.104117114035934e-06}, {"category": "Table", "position": [280.2949805761201, 220.8976932382118], "size": [33.503100585937545, 34.27320098876956], "angle": 0.0}, {"category": "Chair", "position": [289.2943963824514, 233.01615922559057], "size": [26.019472443504217, 13.483113695883588], "angle": -1.8916875009592418}]}]}]}