{"seed": 1, "floorplan": [{"rooms": [{"category": "Bedroom", "corners": [[211.0, 193.0], [211.0, 306.0], [210.0, 307.0], [289.0, 307.0], [289.0, 194.0], [290.0, 193.0], [211.0, 193.0]], "objects": [{"category": "DoubleBed", "position": [257.7334990234497, 258.2935], "size": [41.03767372335168, 63.49737984802656], "angle": -1.5707872226777824}, {"category": "PendantLamp", "position": [252.33850000000007, 255.32950000000002], "size": [16.53699023128445, 16.68054164806257], "angle": -1.5707872226777826}]}]}]}