{"seed": 1, "floorplan": [{"rooms": [{"category": "Bedroom", "corners": [[197.0, 202.0], [197.0, 298.0], [303.0, 298.0], [303.0, 202.0], [197.0, 202.0]], "objects": [{"category": "DoubleBed", "position": [228.79750000000007, 239.44299999999996], "size": [56.5337147651452, 51.27406757628402], "angle": -9.104117114027678e-06}, {"category": "CeilingLamp", "position": [249.44050000000004, 243.39699999999996], "size": [21.08789978027346, 21.219001007080067], "angle": 0.0}]}]}]}