{"seed": 1, "floorplan": [{"rooms": [{"category": "Bedroom", "corners": [[209.0, 195.0], [208.0, 196.0], [208.0, 304.0], [209.0, 305.0], [291.0, 305.0], [292.0, 304.0], [292.0, 196.0], [291.0, 195.0], [209.0, 195.0]], "objects": [{"category": "DoubleBed", "position": [254.137, 246.4849], "size": [43.34559268423053, 60.20574984388399], "angle": -1.5707872226777824}, {"category": "CeilingLamp", "position": [248.86509999999998, 250.44520000000003], "size": [16.891679763793917, 16.993230056762684], "angle": 0.0}]}]}]}