{"seed": 1, "floorplan": [{"rooms": [{"category": "Bedroom", "corners": [[200.0, 199.0], [200.0, 204.0], [201.0, 205.0], [201.0, 217.0], [202.0, 218.0], [202.0, 257.0], [201.0, 258.0], [201.0, 285.0], [200.0, 286.0], [200.0, 301.0], [227.0, 301.0], [228.0, 300.0], [259.0, 300.0], [260.0, 299.0], [291.0, 299.0], [292.0, 298.0], [300.0, 298.0], [300.0, 199.0], [200.0, 199.0]], "objects": [{"category": "DoubleBed", "position": [269.5585674648412, 238.7961107095913], "size": [56.45481390033485, 37.46014023739223], "angle": -3.1415835494726787}, {"category": "Table", "position": [290.12433192752235, 279.8440974279117], "size": [17.98234411877515, 35.92832773806157], "angle": -3.1415835494726774}, {"category": "Sofa", "position": [263.80744368755234, 277.11861811639426], "size": [25.118808550117745, 23.92653847919337], "angle": -9.104117113113166e-06}, {"category": "CeilingLamp", "position": [256.7866433828126, 248.41435744234474], "size": [18.067919540405285, 18.067919540405313], "angle": 0.0}]}]}]}