{"seed": 1, "floorplan": [{"rooms": [{"category": "Bedroom", "corners": [[199.0, 200.0], [199.0, 279.0], [271.0, 279.0], [272.0, 280.0], [272.0, 300.0], [301.0, 300.0], [301.0, 200.0], [199.0, 200.0]], "objects": [{"category": "DoubleBed", "position": [237.62526709383565, 239.67550000000006], "size": [75.57428880935106, 66.1149009317715], "angle": -9.104117114192548e-06}, {"category": "CeilingLamp", "position": [253.11640000000006, 239.6755], "size": [24.627614503013948, 24.627614503013948], "angle": -3.141583549472678}]}]}]}