{"seed": 1, "floorplan": [{"rooms": [{"category": "Bedroom", "corners": [[203.0, 188.0], [203.0, 312.0], [297.0, 312.0], [297.0, 188.0], [203.0, 188.0]], "objects": [{"category": "Cabinet", "position": [289.6838268856373, 220.34355501388143], "size": [16.762772773905034, 12.54179394627464], "angle": -1.5707872226777808}, {"category": "DoubleBed", "position": [262.94596770411783, 259.79356655417547], "size": [37.98034532132218, 67.75741771655944], "angle": -1.5707872226777828}, {"category": "PendantLamp", "position": [252.709, 253.7032], "size": [17.625090408325207, 17.564459609985363], "angle": 0.0}]}]}]}