{"seed": 1, "floorplan": [{"rooms": [{"category": "Bedroom", "corners": [[208.0, 208.0], [208.0, 292.0], [292.0, 292.0], [292.0, 208.0], [208.0, 208.0]], "objects": [{"category": "DoubleBed", "position": [247.21820180052717, 241.5769407309336], "size": [60.14909820556642, 66.41369934082033], "angle": 0.0}, {"category": "Nightstand", "position": [216.54316964552294, 211.18405465888497], "size": [18.421530532836897, 10.77885017395019], "angle": 0.0}, {"category": "PendantLamp", "position": [248.89449999999994, 251.64549999999997], "size": [31.12768436183291, 31.12768436183291], "angle": -9.104117113351892e-06}]}]}]}