{"seed": 1, "floorplan": [{"rooms": [{"category": "Bedroom", "corners": [[201.0, 204.0], [201.0, 296.0], [280.0, 296.0], [280.0, 259.0], [281.0, 258.0], [299.0, 258.0], [299.0, 204.0], [201.0, 204.0]], "objects": [{"category": "DoubleBed", "position": [231.35205797224017, 251.70328528393466], "size": [60.53009948730471, 65.0277008056641], "angle": 0.0}, {"category": "Cabinet", "position": [206.19850146637927, 288.4850248975053], "size": [14.078077692977264, 19.69304885651033], "angle": -9.104117113786601e-06}, {"category": "Cabinet", "position": [206.19561042142251, 214.48926882628825], "size": [14.078077692977264, 19.69304885651033], "angle": -9.104117115805463e-06}, {"category": "Cabinet", "position": [240.04749999999999, 247.372], "size": [14.932559967041016, 14.932559967041016], "angle": 0.0}]}]}]}