{"seed": 1, "floorplan": [{"rooms": [{"category": "Bedroom", "corners": [[210.0, 199.0], [210.0, 301.0], [290.0, 301.0], [290.0, 214.0], [254.0, 214.0], [253.0, 213.0], [253.0, 199.0], [210.0, 199.0]], "objects": [{"category": "DoubleBed", "position": [248.5455074689358, 257.90187378899594], "size": [75.23498670906045, 83.90806676878931], "angle": -9.104117114157618e-06}, {"category": "Nightstand", "position": [214.30733044629838, 230.47257235291394], "size": [14.12646833128719, 14.12646833128719], "angle": -1.570805430912012}, {"category": "CeilingLamp", "position": [246.45699999999994, 262.036], "size": [22.264701602740807, 18.88268190543688], "angle": -1.5707872226777826}]}]}]}