{"seed": 1, "floorplan": [{"rooms": [{"category": "Bedroom", "corners": [[208.0, 191.0], [208.0, 309.0], [292.0, 309.0], [292.0, 191.0], [208.0, 191.0]], "objects": [{"category": "DoubleBed", "position": [249.71570746683057, 278.4009455371255], "size": [65.02829283355264, 60.53065056794499], "angle": -9.104117113948652e-06}, {"category": "Table", "position": [225.74895254062886, 208.93326337241714], "size": [36.051599121093744, 17.224500274658197], "angle": 0.0}, {"category": "Chair", "position": [235.73753121650012, 228.57407778590368], "size": [13.83533216411595, 16.622498192391028], "angle": -0.6359757103906666}, {"category": "CeilingLamp", "position": [250.71550000000002, 250.58440000000002], "size": [18.239999771118164, 18.239999771118164], "angle": 0.0}]}]}]}