{"seed": 1, "floorplan": [{"rooms": [{"category": "Bedroom", "corners": [[197.0, 199.0], [197.0, 301.0], [303.0, 301.0], [303.0, 199.0], [197.0, 199.0]], "objects": [{"category": "DoubleBed", "position": [259.7925708491007, 232.52617028651508], "size": [51.195899963378906, 58.88220062255857], "angle": 0.0}, {"category": "Cabinet", "position": [222.41187644871667, 208.16118248807092], "size": [16.35506973266604, 12.799110031127924], "angle": 0.0}, {"category": "Cabinet", "position": [294.9180006801023, 207.60873647074135], "size": [16.35506973266598, 12.799110031127924], "angle": 0.0}, {"category": "PendantLamp", "position": [257.9395, 247.9285], "size": [25.894679260253923, 25.894679260253923], "angle": 0.0}]}]}]}