{"seed": 1, "floorplan": [{"rooms": [{"category": "Bedroom", "corners": [[208.0, 211.0], [208.0, 289.0], [292.0, 289.0], [292.0, 262.0], [282.0, 262.0], [281.0, 261.0], [281.0, 238.0], [282.0, 237.0], [292.0, 237.0], [292.0, 211.0], [208.0, 211.0]], "objects": [{"category": "CeilingLamp", "position": [256.30899999999997, 244.74549999999996], "size": [11.688436872977299, 11.688436872977269], "angle": -9.104117115813712e-06}, {"category": "DoubleBed", "position": [243.43742988379236, 245.13421517930294], "size": [71.87405523170118, 69.88143760328967], "angle": -9.104117113920659e-06}, {"category": "Cabinet", "position": [287.80264656782833, 223.57182647335495], "size": [114.06643459707063, 9.59753763385204], "angle": -1.5707872226777826}, {"category": "Cabinet", "position": [288.55876994852053, 275.3268141023394], "size": [9.59753763385204, 114.06643459707063], "angle": -3.141583549472678}]}]}]}