{"seed": 1, "floorplan": [{"rooms": [{"category": "Bedroom", "corners": [[201.0, 194.0], [201.0, 300.0], [202.0, 301.0], [202.0, 305.0], [201.0, 306.0], [299.0, 306.0], [299.0, 194.0], [201.0, 194.0]], "objects": [{"category": "DoubleBed", "position": [260.7028727369825, 255.37113839247783], "size": [74.23387591021874, 55.22780382807341], "angle": -3.141583549472679}, {"category": "Sofa", "position": [272.0800321198046, 277.2673129913833], "size": [13.435082108208578, 13.37859126797928], "angle": -1.57080543091201}, {"category": "Nightstand", "position": [290.49185911075176, 291.164736360481], "size": [12.243900915714475, 24.081722920660514], "angle": -0.028330095171539574}]}]}]}