{"seed": 1, "floorplan": [{"rooms": [{"category": "Bedroom", "corners": [[190.0, 206.0], [190.0, 294.0], [310.0, 294.0], [310.0, 206.0], [190.0, 206.0]], "objects": [{"category": "DoubleBed", "position": [242.54868633687693, 244.57040775670586], "size": [60.88710021972656, 65.97030029296872], "angle": 0.0}, {"category": "Cabinet", "position": [278.7059453749501, 217.81849940455402], "size": [16.391970062255837, 9.24144001007079], "angle": 0.0}, {"category": "Cabinet", "position": [204.37517284143172, 218.2014518455013], "size": [16.391970062255893, 9.241440010070818], "angle": 0.0}, {"category": "PendantLamp", "position": [249.18999999999994, 248.4475], "size": [58.44989776611328, 3.6000000000000227], "angle": 0.0}]}]}]}