{"seed": 1, "floorplan": [{"rooms": [{"category": "Bedroom", "corners": [[191.0, 207.0], [191.0, 293.0], [309.0, 293.0], [309.0, 207.0], [191.0, 207.0]], "objects": [{"category": "DoubleBed", "position": [236.87091013841302, 256.7993373901892], "size": [58.57679901123046, 71.77949981689451], "angle": 3.141592653589793}, {"category": "Nightstand", "position": [275.96072722276756, 289.07524732578736], "size": [36.01920089721676, 12.653400421142635], "angle": 3.141592653589793}, {"category": "Nightstand", "position": [208.29899555268656, 289.55508732216464], "size": [12.6534012410829, 36.01920323126097], "angle": -1.570436326810447}, {"category": "PendantLamp", "position": [237.043, 245.98600000000005], "size": [9.226619911193865, 9.239970016479475], "angle": 0.0}]}]}]}