{"seed": 1, "floorplan": [{"rooms": [{"category": "Bedroom", "corners": [[205.0, 188.0], [205.0, 312.0], [295.0, 312.0], [295.0, 188.0], [205.0, 188.0]], "objects": [{"category": "DoubleBed", "position": [246.22986748115346, 266.1724], "size": [79.73532980492102, 80.55223482516173], "angle": -1.570805430912011}, {"category": "Nightstand", "position": [211.98828384753213, 216.91642447820118], "size": [13.000618085030185, 15.000736239491346], "angle": -9.104117114865206e-06}, {"category": "PendantLamp", "position": [241.85740000000004, 262.9714], "size": [26.74337997436524, 26.743531036376964], "angle": 0.0}]}]}]}