{"seed": 1, "floorplan": [{"rooms": [{"category": "Bedroom", "corners": [[200.0, 193.0], [200.0, 243.0], [199.0, 244.0], [176.0, 244.0], [176.0, 307.0], [324.0, 307.0], [324.0, 272.0], [319.0, 272.0], [318.0, 271.0], [318.0, 246.0], [317.0, 245.0], [300.0, 245.0], [299.0, 244.0], [299.0, 219.0], [300.0, 218.0], [318.0, 218.0], [318.0, 193.0], [200.0, 193.0]], "objects": [{"category": "CeilingLamp", "position": [247.49649999999997, 249.3145], "size": [17.12232055664066, 17.122320556640602], "angle": 0.0}, {"category": "Cabinet", "position": [208.15212473835066, 199.53555814727417], "size": [12.515939712524442, 10.319399642944347], "angle": 0.0}, {"category": "Cabinet", "position": [285.2268752616493, 199.53555814727417], "size": [12.515939712524414, 10.319399642944347], "angle": 0.0}, {"category": "DoubleBed", "position": [246.4705, 229.01129902070832], "size": [60.659701538085926, 58.29210205078124], "angle": 0.0}]}]}]}