{"seed": 1, "floorplan": [{"rooms": [{"category": "Bedroom", "corners": [[207.0, 203.0], [207.0, 297.0], [293.0, 297.0], [293.0, 203.0], [207.0, 203.0]], "objects": [{"category": "Nightstand", "position": [288.48502606931595, 273.05601638910616], "size": [17.462139034845165, 13.464122899944254], "angle": -1.570787222677784}, {"category": "DoubleBed", "position": [258.06040729230386, 238.8019965684453], "size": [68.56832597810306, 71.41775224932144], "angle": -3.1415835494726796}]}]}]}