{"seed": 1, "floorplan": [{"rooms": [{"category": "Bedroom", "corners": [[208.0, 189.0], [208.0, 312.0], [292.0, 312.0], [292.0, 189.0], [208.0, 189.0]], "objects": [{"category": "SingleBed", "position": [242.02433274332844, 260.656], "size": [67.66921500925112, 58.590534333041816], "angle": -9.10411711432209e-06}, {"category": "Nightstand", "position": [214.21299999999997, 226.05399999999997], "size": [5.893643630115795, 9.691288487374667], "angle": -9.104117114802383e-06}, {"category": "Nightstand", "position": [214.21299999999997, 294.565], "size": [5.893643630115795, 9.691288487374639], "angle": -9.104117119624818e-06}, {"category": "CeilingLamp", "position": [254.692, 256.144], "size": [17.12232055664063, 17.122320556640602], "angle": 0.0}]}]}]}