{"seed": 1, "floorplan": [{"rooms": [{"category": "Bedroom", "corners": [[224.0, 195.0], [224.0, 279.0], [223.0, 280.0], [204.0, 280.0], [204.0, 305.0], [296.0, 305.0], [296.0, 195.0], [224.0, 195.0]], "objects": [{"category": "DoubleBed", "position": [260.2290365979204, 241.50689069559922], "size": [67.2996132556663, 68.3931244929042], "angle": -1.5707872226777828}, {"category": "CeilingLamp", "position": [260.962, 236.01549999999997], "size": [22.334490966796864, 20.57757110595702], "angle": 0.0}]}]}]}