{"seed": 1, "floorplan": [{"rooms": [{"category": "Bedroom", "corners": [[211.0, 185.0], [211.0, 315.0], [289.0, 315.0], [289.0, 185.0], [211.0, 185.0]], "objects": [{"category": "DoubleBed", "position": [245.56056057876776, 269.32544011586674], "size": [54.808396933554654, 68.51702393633407], "angle": -1.570805430912011}, {"category": "Nightstand", "position": [219.14100023396784, 306.5755], "size": [14.192769136316283, 15.803544299115616], "angle": -1.5708054309120116}, {"category": "Nightstand", "position": [219.20966690062713, 233.07549999999998], "size": [14.192769136316283, 15.803544299115647], "angle": -1.5708054309120096}, {"category": "CeilingLamp", "position": [250.207, 265.8955], "size": [16.5, 16.5], "angle": 0.0}]}]}]}