{"seed": 1, "floorplan": [{"rooms": [{"category": "Bedroom", "corners": [[194.0, 187.0], [194.0, 193.0], [195.0, 194.0], [195.0, 210.0], [196.0, 211.0], [196.0, 227.0], [197.0, 228.0], [197.0, 244.0], [198.0, 245.0], [198.0, 261.0], [199.0, 262.0], [199.0, 278.0], [200.0, 279.0], [200.0, 295.0], [201.0, 296.0], [201.0, 309.0], [199.0, 311.0], [198.0, 311.0], [197.0, 312.0], [196.0, 312.0], [195.0, 313.0], [194.0, 313.0], [198.0, 313.0], [201.0, 310.0], [265.0, 310.0], [265.0, 291.0], [266.0, 290.0], [306.0, 290.0], [306.0, 194.0], [201.0, 194.0], [194.0, 187.0]], "objects": [{"category": "DoubleBed", "position": [235.8244483492121, 241.58577536410502], "size": [58.2926327561525, 60.66025379865461], "angle": -9.104117113739037e-06}, {"category": "Nightstand", "position": [206.968489902791, 201.87818073356334], "size": [10.84371902323032, 16.043156008166534], "angle": -9.104117113669924e-06}, {"category": "Nightstand", "position": [206.968489902791, 282.111787935329], "size": [10.84371902323032, 16.043156008166505], "angle": -9.104117116290954e-06}, {"category": "PendantLamp", "position": [260.101, 241.1764], "size": [23.250629425048828, 7.498860168457014], "angle": 0.0}]}]}]}