{"seed": 1, "floorplan": [{"rooms": [{"category": "Bedroom", "corners": [[205.0, 198.0], [205.0, 288.0], [234.0, 288.0], [235.0, 289.0], [235.0, 302.0], [266.0, 302.0], [266.0, 289.0], [267.0, 288.0], [295.0, 288.0], [295.0, 198.0], [205.0, 198.0]], "objects": [{"category": "DoubleBed", "position": [263.25590562667765, 256.4502426469604], "size": [62.62796885659914, 62.906973777075294], "angle": -1.5707872226777828}, {"category": "CornerSideTable", "position": [250.10262566857523, 295.9116713671941], "size": [9.4715097427368, 12.744569778442383], "angle": 0.0}, {"category": "Nightstand", "position": [291.840405876008, 227.92098186565286], "size": [14.309649854347535, 11.765987322661212], "angle": -1.5707872226777808}, {"category": "CeilingLamp", "position": [249.6745, 252.60399999999998], "size": [18.592589950561518, 18.595109939575195], "angle": 0.0}]}]}]}