{"seed": 1, "floorplan": [{"rooms": [{"category": "Bedroom", "corners": [[213.0, 191.0], [213.0, 309.0], [287.0, 309.0], [287.0, 191.0], [213.0, 191.0]], "objects": [{"category": "DoubleBed", "position": [253.4265592690664, 235.12820180052717], "size": [60.149645817479005, 66.41430398717422], "angle": -1.5707872226777828}, {"category": "Nightstand", "position": [283.819445341115, 204.45316964552296], "size": [18.42169824689865, 10.778948307204617], "angle": -1.5707872226777808}, {"category": "PendantLamp", "position": [243.358, 232.69299999999998], "size": [31.12768436183291, 31.12768436183291], "angle": -9.104117115178029e-06}]}]}]}