{"seed": 1, "floorplan": [{"rooms": [{"category": "Bedroom", "corners": [[185.0, 200.0], [185.0, 300.0], [315.0, 300.0], [315.0, 200.0], [185.0, 200.0]], "objects": [{"category": "DoubleBed", "position": [282.11279591409624, 232.62937443221273], "size": [59.05139923095703, 64.70279846191409], "angle": 0.0}, {"category": "Table", "position": [194.09472764581807, 223.26242249624718], "size": [18.963472207004603, 31.915191531423044], "angle": -9.10411711371864e-06}, {"category": "Chair", "position": [214.27618150091067, 224.98971013772984], "size": [16.5001502199838, 17.437148344069147], "angle": -1.570787222677781}, {"category": "PendantLamp", "position": [249.28623885283037, 250.04618433267092], "size": [28.62179946899414, 28.62179946899417], "angle": 0.0}]}]}]}