{"seed": 1, "floorplan": [{"rooms": [{"category": "Bedroom", "corners": [[206.0, 182.0], [206.0, 318.0], [294.0, 318.0], [294.0, 182.0], [206.0, 182.0]], "objects": [{"category": "DoubleBed", "position": [260.1180822573884, 261.90700000000004], "size": [48.48703963926324, 66.67710850381165], "angle": -1.5707872226777824}, {"category": "Nightstand", "position": [286.5913571888507, 297.59296894114334], "size": [16.41761925620645, 10.500095594535154], "angle": -1.570787222677782}, {"category": "Nightstand", "position": [286.5913571888507, 226.2180310588567], "size": [16.417619256206507, 10.500095594535154], "angle": -1.570787222677782}, {"category": "PendantLamp", "position": [254.8285, 256.504], "size": [24.567029571533197, 11.0620204925537], "angle": 0.0}]}]}]}