{"seed": 1, "floorplan": [{"rooms": [{"category": "Bedroom", "corners": [[197.0, 204.0], [197.0, 295.0], [248.0, 295.0], [249.0, 296.0], [252.0, 296.0], [253.0, 295.0], [303.0, 295.0], [303.0, 204.0], [197.0, 204.0]], "objects": [{"category": "DoubleBed", "position": [256.6223144948782, 236.95830111626623], "size": [55.31999816894535, 66.04709930419921], "angle": 0.0}, {"category": "Nightstand", "position": [292.1881171930516, 211.0345530497963], "size": [15.871229553222634, 14.724119567871128], "angle": 0.0}]}]}]}