{"seed": 1, "floorplan": [{"rooms": [{"category": "Bedroom", "corners": [[181.0, 209.0], [181.0, 291.0], [319.0, 291.0], [319.0, 209.0], [181.0, 209.0]], "objects": [{"category": "DoubleBed", "position": [237.64180000000002, 257.653], "size": [49.60230102539066, 59.9822982788086], "angle": 3.141592653589793}, {"category": "Cabinet", "position": [266.1205, 282.94461684647797], "size": [15.0, 15.355589675903332], "angle": 3.141592653589793}, {"category": "Cabinet", "position": [207.3418, 282.94461684647797], "size": [15.0, 15.355589675903332], "angle": 3.141592653589793}, {"category": "PendantLamp", "position": [248.72500000000002, 246.274], "size": [12.7008259269639, 11.791396871010374], "angle": -1.5707872226777824}]}]}]}