{"seed": 1, "floorplan": [{"rooms": [{"category": "Bedroom", "corners": [[208.0, 185.0], [208.0, 284.0], [207.0, 285.0], [207.0, 315.0], [293.0, 315.0], [293.0, 201.0], [244.0, 201.0], [243.0, 200.0], [243.0, 185.0], [208.0, 185.0]], "objects": [{"category": "DoubleBed", "position": [258.3526843987464, 263.88377520379953], "size": [60.88765455058774, 65.97090090251072], "angle": -1.5707872226777821}, {"category": "PendantLamp", "position": [251.55972047931775, 255.60009734674503], "size": [31.6658888772107, 31.665888877210673], "angle": -1.5708054309120105}]}]}]}