{"seed": 1, "floorplan": [{"rooms": [{"category": "Bedroom", "corners": [[189.0, 178.0], [189.0, 296.0], [188.0, 297.0], [182.0, 297.0], [182.0, 321.0], [188.0, 321.0], [189.0, 322.0], [318.0, 322.0], [318.0, 178.0], [189.0, 178.0]], "objects": [{"category": "DoubleBed", "position": [277.80735030357687, 242.87542470258728], "size": [80.78773806785335, 79.63842950866288], "angle": -1.5707872226777826}, {"category": "Nightstand", "position": [311.29658329162595, 292.59310000000005], "size": [24.000218501794603, 13.839156068944398], "angle": -1.5707872226777813}, {"category": "Nightstand", "position": [313.3173840712113, 190.78415969181125], "size": [24.00021850179466, 13.839156068944398], "angle": -1.5707872226777813}]}]}]}