{"seed": 1, "floorplan": [{"rooms": [{"category": "Bedroom", "corners": [[168.0, 202.0], [168.0, 298.0], [332.0, 298.0], [332.0, 264.0], [318.0, 264.0], [317.0, 263.0], [317.0, 202.0], [168.0, 202.0]], "objects": [{"category": "Nightstand", "position": [195.47482114418347, 208.534451907574], "size": [16.043009948730457, 10.843620300292969], "angle": 0.0}, {"category": "Nightstand", "position": [281.4186277989595, 208.7492180694403], "size": [16.043009948730457, 10.843620300292969], "angle": 0.0}, {"category": "DoubleBed", "position": [240.47422731962126, 236.92984158271145], "size": [60.659701538085926, 58.29210205078127], "angle": 0.0}, {"category": "CeilingLamp", "position": [239.77450000000005, 251.04249999999996], "size": [13.173329544067371, 9.196139717102056], "angle": 0.0}]}]}]}