{"seed": 1, "floorplan": [{"rooms": [{"category": "Bedroom", "corners": [[177.0, 213.0], [177.0, 287.0], [323.0, 287.0], [323.0, 213.0], [177.0, 213.0]], "objects": [{"category": "SingleBed", "position": [210.3429473910996, 235.7902051225946], "size": [30.03297377285548, 47.38813131919795], "angle": -9.104117113667052e-06}, {"category": "Nightstand", "position": [182.04799589244303, 262.5677719929809], "size": [18.213555787971863, 13.439762784367101], "angle": -9.104117113987495e-06}]}]}]}