{"seed": 1, "floorplan": [{"rooms": [{"category": "Bedroom", "corners": [[196.0, 199.0], [196.0, 301.0], [304.0, 301.0], [304.0, 199.0], [196.0, 199.0]], "objects": [{"category": "DoubleBed", "position": [247.75150000000002, 231.9850334245694], "size": [65.52120208740234, 62.71260223388674], "angle": 0.0}, {"category": "Nightstand", "position": [206.6297899365928, 206.42408332879876], "size": [9.31610984802245, 9.37143001556396], "angle": 0.0}, {"category": "Nightstand", "position": [288.8492100634072, 206.58446791504042], "size": [9.31610984802245, 9.37143001556396], "angle": 0.0}, {"category": "PendantLamp", "position": [246.8515, 241.0135], "size": [19.03026008605957, 17.820659637451172], "angle": 0.0}]}]}]}