{"seed": 1, "floorplan": [{"rooms": [{"category": "Bedroom", "corners": [[195.0, 172.0], [195.0, 328.0], [305.0, 328.0], [305.0, 172.0], [195.0, 172.0]], "objects": [{"category": "DoubleBed", "position": [250.37769999999995, 293.2915], "size": [53.290498352050776, 68.6169021606446], "angle": 3.141592653589793}]}]}]}