{"seed": 1, "floorplan": [{"rooms": [{"category": "Bedroom", "corners": [[189.0, 194.0], [189.0, 306.0], [311.0, 306.0], [311.0, 194.0], [189.0, 194.0]], "objects": [{"category": "Nightstand", "position": [297.0209835402302, 298.8624694598785], "size": [16.417469787597668, 10.5], "angle": 3.141592653589793}, {"category": "TVStand", "position": [256.64200000000005, 201.33700000000002], "size": [61.080899047851574, 12.00002975463866], "angle": 0.0}, {"category": "DoubleBed", "position": [259.0692266070989, 264.0897565610139], "size": [48.48659820556642, 66.6765014648438], "angle": 3.141592653589793}, {"category": "PendantLamp", "position": [254.14900000000003, 255.95500000000004], "size": [24.567029571533197, 11.0620204925537], "angle": 0.0}]}]}]}