{"seed": 1, "floorplan": [{"rooms": [{"category": "Bedroom", "corners": [[193.0, 174.0], [193.0, 326.0], [307.0, 326.0], [307.0, 174.0], [193.0, 174.0]], "objects": [{"category": "DoubleBed", "position": [227.54466605631512, 268.1509], "size": [69.06512768124033, 62.37626978774718], "angle": -9.104117114320032e-06}, {"category": "PendantLamp", "position": [243.3265, 261.0049], "size": [8.049029731750494, 8.049029731750522], "angle": 3.141592653589793}, {"category": "TVStand", "position": [300.6567914409138, 273.06513092857824], "size": [54.040990349795514, 12.006949446838567], "angle": -1.5707872226777813}]}]}]}