{"seed": 1, "floorplan": [{"rooms": [{"category": "Bedroom", "corners": [[209.0, 204.0], [209.0, 296.0], [291.0, 296.0], [291.0, 204.0], [209.0, 204.0]], "objects": [{"category": "DoubleBed", "position": [243.10311214435973, 251.52388164440038], "size": [67.72321788127292, 68.11322234746275], "angle": -9.10411711400554e-06}, {"category": "Nightstand", "position": [213.3037793629096, 287.5714803116729], "size": [12.576924194694833, 17.328758075040398], "angle": -9.104117113155599e-06}, {"category": "Nightstand", "position": [213.39199950624746, 212.8151574217184], "size": [12.576924194694833, 17.32875807504037], "angle": -9.104117115415428e-06}, {"category": "PendantLamp", "position": [251.8075, 250.58500000000004], "size": [28.62179946899414, 28.62179946899414], "angle": 0.0}]}]}]}