{"seed": 1, "floorplan": [{"rooms": [{"category": "Bedroom", "corners": [[208.0, 209.0], [208.0, 291.0], [292.0, 291.0], [292.0, 209.0], [208.0, 209.0]], "objects": [{"category": "DoubleBed", "position": [244.80843963628394, 247.9137307184942], "size": [72.47045806134943, 68.92862588918999], "angle": -9.104117114185387e-06}, {"category": "Nightstand", "position": [211.59456681314433, 211.6837517324458], "size": [11.520105338629257, 11.520105338629286], "angle": -3.141583549472677}]}]}]}