{"seed": 1, "floorplan": [{"rooms": [{"category": "Bedroom", "corners": [[203.0, 179.0], [203.0, 321.0], [293.0, 321.0], [293.0, 313.0], [294.0, 312.0], [297.0, 312.0], [297.0, 288.0], [294.0, 288.0], [293.0, 287.0], [293.0, 179.0], [203.0, 179.0]], "objects": [{"category": "DoubleBed", "position": [239.9025250809865, 238.74317588399435], "size": [68.92862588918995, 72.47045806134943], "angle": -1.570805430912011}, {"category": "Table", "position": [232.18118303821848, 305.9623559092994], "size": [45.0, 29.98802947998047], "angle": 0.0}, {"category": "Chair", "position": [243.3714338383937, 286.8663094944545], "size": [21.747528289395095, 23.761218197970745], "angle": -2.3562024369452983}, {"category": "CeilingLamp", "position": [248.20000000000002, 250.00014999999996], "size": [15.84530417027095, 15.157668210217048], "angle": -9.104117114015235e-06}]}]}]}