{"seed": 1, "floorplan": [{"rooms": [{"category": "Bedroom", "corners": [[204.0, 209.0], [204.0, 266.0], [203.0, 267.0], [196.0, 267.0], [196.0, 291.0], [304.0, 291.0], [304.0, 209.0], [204.0, 209.0]], "objects": [{"category": "DoubleBed", "position": [269.4048393645855, 241.13722084600178], "size": [67.846499633789, 31.91610031127931], "angle": 0.0}]}]}]}