{"seed": 1, "floorplan": [{"rooms": [{"category": "Bedroom", "corners": [[200.0, 200.0], [200.0, 300.0], [300.0, 300.0], [300.0, 200.0], [200.0, 200.0]], "objects": [{"category": "CeilingLamp", "position": [248.6725, 245.8258], "size": [17.592930221557594, 17.592930221557623], "angle": 0.0}, {"category": "DoubleBed", "position": [266.86150734205046, 258.62170000000003], "size": [46.193219927839884, 66.40410491971092], "angle": -1.5707872226777824}, {"category": "Nightstand", "position": [287.8093279561076, 289.30002434019246], "size": [23.709750366210926, 14.702129745483376], "angle": 0.0}, {"category": "Nightstand", "position": [287.8093279561076, 227.9430756598075], "size": [23.709750366210926, 14.702129745483404], "angle": 0.0}]}]}]}