{"seed": 1, "floorplan": [{"rooms": [{"category": "Bedroom", "corners": [[190.0, 190.0], [190.0, 310.0], [310.0, 310.0], [310.0, 190.0], [190.0, 190.0]], "objects": [{"category": "SingleBed", "position": [256.6559222705159, 277.57568924031403], "size": [58.04100036621094, 60.103797912597656], "angle": 3.141592653589793}, {"category": "Nightstand", "position": [298.19626024307706, 302.86059967517906], "size": [21.29184036254884, 14.253509902954079], "angle": 3.141592653589793}, {"category": "PendantLamp", "position": [250.774, 242.191], "size": [31.0896011352539, 9.399600219726551], "angle": 3.141592653589793}]}]}]}