{"seed": 1, "floorplan": [{"rooms": [{"category": "Bedroom", "corners": [[191.0, 208.0], [191.0, 209.0], [190.0, 210.0], [184.0, 210.0], [184.0, 288.0], [190.0, 288.0], [191.0, 289.0], [191.0, 292.0], [316.0, 292.0], [316.0, 208.0], [191.0, 208.0]], "objects": [{"category": "DoubleBed", "position": [256.56514126105503, 257.83696808674034], "size": [61.9064987182617, 65.28510131835941], "angle": 3.141592653589793}, {"category": "CornerSideTable", "position": [296.5596493815983, 282.9501635722082], "size": [13.6989213654187, 11.73443284824391], "angle": -1.1058242065027717}]}]}]}