{"seed": 1, "floorplan": [{"rooms": [{"category": "Bedroom", "corners": [[211.0, 198.0], [211.0, 303.0], [212.0, 302.0], [289.0, 302.0], [289.0, 198.0], [211.0, 198.0]], "objects": [{"category": "SingleBed", "position": [250.00000000000003, 276.80036693068087], "size": [68.90999908447264, 50.69669952392579], "angle": 3.141592653589793}, {"category": "CeilingLamp", "position": [256.55680000000007, 240.21249999999998], "size": [21.821280670166004, 21.821280670166033], "angle": 0.0}]}]}]}