{"seed": 1, "floorplan": [{"rooms": [{"category": "Bedroom", "corners": [[194.0, 183.0], [194.0, 317.0], [306.0, 317.0], [306.0, 209.0], [267.0, 209.0], [266.0, 208.0], [266.0, 183.0], [194.0, 183.0]], "objects": [{"category": "DoubleBed", "position": [226.83604071291384, 272.3471364138417], "size": [58.882736700329744, 51.19636606321304], "angle": -9.104117113897145e-06}, {"category": "TVStand", "position": [299.39845, 269.19925], "size": [42.000382378140614, 10.500095594535154], "angle": -1.5707872226777824}, {"category": "Nightstand", "position": [200.1501741859989, 237.36893887700322], "size": [6.204566413198678, 5.372718706258271], "angle": -1.5708054309120114}, {"category": "Nightstand", "position": [200.1501741859989, 309.2555128657272], "size": [6.204566413198707, 5.372718706258271], "angle": -1.5708054309120114}]}]}]}