{"seed": 1, "floorplan": [{"rooms": [{"category": "Bedroom", "corners": [[213.0, 193.0], [213.0, 294.0], [256.0, 294.0], [257.0, 295.0], [257.0, 307.0], [287.0, 307.0], [287.0, 193.0], [213.0, 193.0]], "objects": [{"category": "Nightstand", "position": [220.3612331573499, 266.04009999999994], "size": [14.547792128633704, 14.591353316237305], "angle": -9.104117113813811e-06}, {"category": "DoubleBed", "position": [248.70010000000002, 225.70479999999995], "size": [69.924335027526, 62.957374016200475], "angle": -9.104117114327984e-06}]}]}]}