{"seed": 1, "floorplan": [{"rooms": [{"category": "Bedroom", "corners": [[198.0, 199.0], [198.0, 262.0], [197.0, 263.0], [184.0, 263.0], [184.0, 301.0], [316.0, 301.0], [316.0, 199.0], [198.0, 199.0]], "objects": [{"category": "DoubleBed", "position": [263.4728263455306, 235.28127130706827], "size": [68.92799835205079, 72.46979827880861], "angle": 0.0}, {"category": "TVStand", "position": [266.02670082507626, 293.4549950428503], "size": [61.80270080566402, 14.332319641113259], "angle": 3.141592653589793}, {"category": "CeilingLamp", "position": [266.38599999999997, 249.71499999999997], "size": [16.797209930419967, 17.99856033325193], "angle": 0.0}]}]}]}