{"seed": 1, "floorplan": [{"rooms": [{"category": "Bedroom", "corners": [[185.0, 206.0], [185.0, 293.0], [184.0, 294.0], [315.0, 294.0], [315.0, 207.0], [316.0, 206.0], [185.0, 206.0]], "objects": [{"category": "DoubleBed", "position": [262.97605, 259.74505], "size": [51.273600769043014, 56.53320007324223], "angle": 3.141592653589793}, {"category": "PendantLamp", "position": [233.56945, 285.8266831187159], "size": [16.78505973815919, 16.411380386352505], "angle": 0.0}, {"category": "PendantLamp", "position": [292.45375, 285.8266831187159], "size": [16.78505973815919, 16.411380386352505], "angle": 0.0}, {"category": "PendantLamp", "position": [298.64911666671867, 213.38935], "size": [33.0, 2.955315113067627], "angle": 0.0}]}]}]}