{"seed": 1, "floorplan": [{"rooms": [{"category": "Bedroom", "corners": [[206.0, 211.0], [206.0, 230.0], [205.0, 231.0], [199.0, 231.0], [199.0, 254.0], [205.0, 254.0], [206.0, 255.0], [206.0, 289.0], [301.0, 289.0], [301.0, 211.0], [206.0, 211.0]], "objects": [{"category": "Cabinet", "position": [214.44726655224594, 257.75325923981904], "size": [14.910165728033373, 63.00057356721092], "angle": -9.104117112860235e-06}, {"category": "Cabinet", "position": [214.28998313308404, 242.72908618229124], "size": [14.910165728033373, 63.00057356721092], "angle": -9.104117114766432e-06}, {"category": "SingleBed", "position": [267.1819386216183, 247.6760933385927], "size": [66.67560702529819, 68.7138274858773], "angle": -3.141583549472679}]}]}]}