{"seed": 1, "floorplan": [{"rooms": [{"category": "Bedroom", "corners": [[203.0, 171.0], [203.0, 306.0], [204.0, 305.0], [228.0, 305.0], [229.0, 306.0], [229.0, 329.0], [297.0, 329.0], [297.0, 204.0], [232.0, 204.0], [231.0, 203.0], [231.0, 171.0], [203.0, 171.0]], "objects": [{"category": "DoubleBed", "position": [262.2144649919421, 276.97382691620635], "size": [61.28395790224857, 66.66900601305309], "angle": -1.5707872226777824}, {"category": "CornerSideTable", "position": [286.4573394482382, 316.42800888286007], "size": [22.036460846822195, 22.036460846822195], "angle": -1.5707872226777833}, {"category": "CornerSideTable", "position": [286.4581112378426, 237.56883973279866], "size": [22.036460846822223, 22.03646084682225], "angle": -1.5707872226777833}, {"category": "PendantLamp", "position": [251.0215, 270.79089999999997], "size": [29.162729644775368, 29.162729644775425], "angle": 0.0}]}]}]}