{"seed": 1, "floorplan": [{"rooms": [{"category": "Bedroom", "corners": [[232.0, 194.0], [231.0, 195.0], [204.0, 195.0], [204.0, 304.0], [203.0, 305.0], [296.0, 305.0], [296.0, 211.0], [233.0, 211.0], [232.0, 210.0], [232.0, 194.0]], "objects": [{"category": "Cabinet", "position": [289.39282688563736, 296.2623449861186], "size": [16.762772773905063, 12.54179394627464], "angle": -1.5707872226777808}, {"category": "DoubleBed", "position": [262.6549677041178, 257.07303344582454], "size": [37.98034532132218, 67.75741771655939], "angle": -1.5707872226777828}, {"category": "PendantLamp", "position": [247.4743, 255.8251], "size": [17.625090408325207, 17.564459609985363], "angle": 0.0}]}]}]}