{"seed": 1, "floorplan": [{"rooms": [{"category": "Bedroom", "corners": [[206.0, 199.0], [206.0, 301.0], [294.0, 301.0], [294.0, 199.0], [206.0, 199.0]], "objects": [{"category": "SingleBed", "position": [239.10376860654173, 258.4253564008754], "size": [49.84635377248715, 72.34715829378932], "angle": -9.104117114060626e-06}]}]}]}