{"seed": 1, "floorplan": [{"rooms": [{"category": "Bedroom", "corners": [[197.0, 153.0], [197.0, 347.0], [303.0, 347.0], [303.0, 213.0], [227.0, 213.0], [226.0, 212.0], [226.0, 153.0], [197.0, 153.0]], "objects": [{"category": "DoubleBed", "position": [270.02959082340203, 286.05519816980586], "size": [55.32050181556526, 66.04770061293792], "angle": -1.5707872226777826}, {"category": "Sofa", "position": [228.28636677403773, 286.9256129450152], "size": [29.363188469701733, 13.503092676118037], "angle": -1.5707872226777817}, {"category": "Nightstand", "position": [295.45657401824246, 250.13434595070703], "size": [15.87121258970276, 14.724103830407577], "angle": -1.5622837906892915}, {"category": "Nightstand", "position": [295.09862725828015, 322.06517199851226], "size": [14.724065021887633, 15.871170757732665], "angle": -1.5622762773526884}]}]}]}