{"seed": 1, "floorplan": [{"rooms": [{"category": "Bedroom", "corners": [[216.0, 197.0], [216.0, 303.0], [284.0, 303.0], [284.0, 197.0], [216.0, 197.0]], "objects": [{"category": "DoubleBed", "position": [247.47911324826515, 243.2275023377747], "size": [64.02868351322434, 70.6335410081755], "angle": -1.5707872226777824}, {"category": "Nightstand", "position": [277.9323754390057, 214.86878592593897], "size": [15.203028425429748, 15.717292827223043], "angle": -1.570787222677781}, {"category": "Nightstand", "position": [277.93312210436034, 271.4440604012096], "size": [15.203028425429748, 15.717292827223043], "angle": -1.5707872226777848}, {"category": "CeilingLamp", "position": [249.448, 241.6465], "size": [23.220719146728527, 23.22071914672847], "angle": 0.0}]}]}]}