{"seed": 1, "floorplan": [{"rooms": [{"category": "Bedroom", "corners": [[169.0, 204.0], [169.0, 289.0], [297.0, 289.0], [298.0, 290.0], [298.0, 296.0], [331.0, 296.0], [331.0, 267.0], [274.0, 267.0], [273.0, 266.0], [273.0, 204.0], [169.0, 204.0]], "objects": [{"category": "DoubleBed", "position": [213.38221846043223, 235.50688121168406], "size": [61.905001831054676, 63.68009948730469], "angle": 0.0}, {"category": "Nightstand", "position": [250.5956770877109, 208.83073506544733], "size": [19.590000915527355, 14.154869842529308], "angle": 0.0}, {"category": "Nightstand", "position": [175.75965929306506, 208.94385428953666], "size": [19.590000915527355, 14.154869842529308], "angle": 0.0}, {"category": "PendantLamp", "position": [213.91209999999998, 240.48370000000006], "size": [42.469500732421864, 40.084501647949224], "angle": 0.0}]}]}]}