{"seed": 1, "floorplan": [{"rooms": [{"category": "Bedroom", "corners": [[287.0, 211.0], [286.0, 212.0], [213.0, 212.0], [213.0, 289.0], [214.0, 288.0], [287.0, 288.0], [287.0, 211.0]], "objects": [{"category": "DoubleBed", "position": [264.775431970666, 251.94162831125197], "size": [73.01226292078461, 42.815790497546146], "angle": -1.5707872226777828}, {"category": "Table", "position": [234.83951739634796, 230.41941775768265], "size": [56.360614434329534, 30.060272757962075], "angle": -9.10411711435913e-06}, {"category": "CeilingLamp", "position": [251.1895, 254.935], "size": [16.5, 16.49999999999997], "angle": 0.0}]}]}]}