{"seed": 1, "floorplan": [{"rooms": [{"category": "Bedroom", "corners": [[203.0, 187.0], [203.0, 313.0], [297.0, 313.0], [297.0, 187.0], [203.0, 187.0]], "objects": [{"category": "DoubleBed", "position": [246.6781836591659, 253.1158755748606], "size": [70.40343942598953, 61.34845739082937], "angle": -9.104117114041658e-06}, {"category": "Sofa", "position": [271.1668003058047, 205.80058587727152], "size": [39.70740051269533, 33.310800933837896], "angle": 0.0}]}]}]}