{"seed": 1, "floorplan": [{"rooms": [{"category": "Bedroom", "corners": [[212.0, 195.0], [212.0, 305.0], [288.0, 305.0], [288.0, 195.0], [212.0, 195.0]], "objects": [{"category": "DoubleBed", "position": [245.56719999999999, 267.0298], "size": [66.74700965289811, 56.8424196630459], "angle": -9.104117114380612e-06}]}]}]}