{"seed": 1, "floorplan": [{"rooms": [{"category": "Bedroom", "corners": [[196.0, 194.0], [196.0, 306.0], [304.0, 306.0], [304.0, 194.0], [196.0, 194.0]], "objects": [{"category": "DoubleBed", "position": [231.9453034426659, 253.5070838068546], "size": [69.48393032221101, 65.15729181071421], "angle": -1.5708054309120103}, {"category": "Nightstand", "position": [201.23511106515616, 212.24306285512355], "size": [14.591353316237305, 14.547792128633732], "angle": -1.5707872226777804}, {"category": "Nightstand", "position": [203.7792896659933, 295.29626110187945], "size": [14.547792128633732, 14.591353316237248], "angle": -3.1415835494726796}, {"category": "TVStand", "position": [295.87375000000003, 247.31335], "size": [66.75540969275228, 15.306259650907705], "angle": -1.5707872226777821}]}]}]}