{"seed": 1, "floorplan": [{"rooms": [{"category": "Bedroom", "corners": [[207.0, 183.0], [207.0, 317.0], [293.0, 317.0], [293.0, 201.0], [290.0, 201.0], [289.0, 200.0], [289.0, 194.0], [266.0, 194.0], [266.0, 200.0], [265.0, 201.0], [257.0, 201.0], [256.0, 200.0], [256.0, 183.0], [207.0, 183.0]], "objects": [{"category": "Nightstand", "position": [214.654, 218.182], "size": [13.197629918940374, 12.900117444714596], "angle": -9.104117115816761e-06}, {"category": "DoubleBed", "position": [243.22900000000004, 265.5886], "size": [63.762280941368736, 61.33255911376471], "angle": -9.104117114275058e-06}, {"category": "CeilingLamp", "position": [251.8687, 265.5202], "size": [17.59293022155765, 17.592930221557594], "angle": 0.0}]}]}]}