{"seed": 1, "floorplan": [{"rooms": [{"category": "Bedroom", "corners": [[202.0, 198.0], [202.0, 301.0], [201.0, 302.0], [298.0, 302.0], [298.0, 239.0], [297.0, 238.0], [297.0, 198.0], [202.0, 198.0]], "objects": [{"category": "DoubleBed", "position": [240.0408705444817, 252.3104241832325], "size": [59.98284437213441, 49.602752616715264], "angle": -9.104117113804502e-06}, {"category": "Cabinet", "position": [213.1697065885374, 286.07025251564824], "size": [15.355729476899215, 15.000136563621654], "angle": -9.104117114483938e-06}, {"category": "Cabinet", "position": [213.5314537825038, 217.948936787754], "size": [15.355729476899215, 15.000136563621625], "angle": -9.104117114483938e-06}, {"category": "PendantLamp", "position": [247.6998512247916, 251.96039450246252], "size": [8.793649814336398, 8.692519171031757], "angle": -9.104117115303859e-06}]}]}]}