{"seed": 1, "floorplan": [{"rooms": [{"category": "Bedroom", "corners": [[205.0, 212.0], [205.0, 288.0], [295.0, 288.0], [295.0, 212.0], [205.0, 212.0]], "objects": [{"category": "Nightstand", "position": [269.87200903129485, 284.40653513538416], "size": [14.126339721679699, 14.126339721679699], "angle": 3.141592653589793}, {"category": "DoubleBed", "position": [247.99393917076844, 249.88202982040863], "size": [83.90730285644531, 75.23430175781249], "angle": 3.141592653589793}, {"category": "CeilingLamp", "position": [238.3363, 252.29455000000002], "size": [22.264498901367176, 18.88250999450682], "angle": 0.0}]}]}]}