{"seed": 1, "floorplan": [{"rooms": [{"category": "Bedroom", "corners": [[240.0, 163.0], [240.0, 211.0], [239.0, 212.0], [196.0, 212.0], [196.0, 337.0], [304.0, 337.0], [304.0, 163.0], [240.0, 163.0]], "objects": [{"category": "Cabinet", "position": [201.94661574140406, 231.3044268116901], "size": [13.836216054995417, 12.720416101653854], "angle": -1.5708054309120112}, {"category": "Cabinet", "position": [201.946615741404, 315.69267318830987], "size": [12.720416101653854, 13.836216054995445], "angle": -9.104117110840392e-06}, {"category": "CeilingLamp", "position": [250.0, 270.89469999999994], "size": [17.489999771118164, 17.50125045776366], "angle": 0.0}, {"category": "DoubleBed", "position": [229.53577031132954, 273.5746], "size": [64.54168562020035, 65.01119062707026], "angle": -1.5708054309120107}]}]}]}