{"seed": 1, "floorplan": [{"rooms": [{"category": "Bedroom", "corners": [[191.0, 211.0], [191.0, 289.0], [309.0, 289.0], [309.0, 211.0], [191.0, 211.0]], "objects": [{"category": "CeilingLamp", "position": [255.29350000000005, 248.092], "size": [12.179999542236317, 12.179999542236317], "angle": 0.0}, {"category": "DoubleBed", "position": [257.3485, 255.382], "size": [49.6023010253906, 59.98229827880857], "angle": 3.141592653589793}, {"category": "Cabinet", "position": [218.66886845706264, 281.2473260636766], "size": [15.0, 15.355589675903275], "angle": 3.141592653589793}, {"category": "Cabinet", "position": [297.9355, 281.2551168467204], "size": [15.0, 15.355589675903275], "angle": 3.141592653589793}]}]}]}