{"seed": 1, "floorplan": [{"rooms": [{"category": "Bedroom", "corners": [[213.0, 196.0], [213.0, 244.0], [214.0, 245.0], [214.0, 304.0], [287.0, 304.0], [287.0, 196.0], [213.0, 196.0]], "objects": [{"category": "Cabinet", "position": [279.04526791185873, 282.7245792861929], "size": [37.7151443900451, 16.68015140097946], "angle": -1.570787222677783}, {"category": "DoubleBed", "position": [257.7508847205506, 228.95935852684377], "size": [56.84190216064454, 66.74640197753908], "angle": 0.0}, {"category": "Cabinet", "position": [222.16480338221587, 292.32210537704856], "size": [14.932625118755421, 14.932625118755478], "angle": -0.006127877414970741}, {"category": "CeilingLamp", "position": [251.27809216743913, 249.61356579670507], "size": [13.188240051269531, 13.18821029663087], "angle": 0.0}]}]}]}