{"seed": 1, "floorplan": [{"rooms": [{"category": "Bedroom", "corners": [[190.0, 202.0], [190.0, 298.0], [310.0, 298.0], [310.0, 202.0], [190.0, 202.0]], "objects": [{"category": "DoubleBed", "position": [240.16977626826065, 236.7788447275089], "size": [62.37570190429685, 69.06449890136719], "angle": 0.0}, {"category": "CornerSideTable", "position": [203.90290953349933, 209.07962689572372], "size": [17.831982260965372, 17.982823630586985], "angle": -9.104117114114237e-06}, {"category": "CornerSideTable", "position": [275.77596806903387, 209.0557613388729], "size": [17.831982260965372, 17.982823630587013], "angle": -9.104117114114237e-06}, {"category": "Chair", "position": [204.09699999999998, 279.34450000000004], "size": [18.692724451699966, 15.98687133678777], "angle": -1.3585163877641633}]}]}]}