{"seed": 1, "floorplan": [{"rooms": [{"category": "Bedroom", "corners": [[207.0, 201.0], [207.0, 299.0], [293.0, 299.0], [294.0, 298.0], [294.0, 201.0], [207.0, 201.0]], "objects": [{"category": "Cabinet", "position": [263.3351715449385, 288.92509014141194], "size": [60.00000000000003, 19.711830139160156], "angle": 3.141592653589793}, {"category": "CeilingLamp", "position": [247.714, 242.6695], "size": [21.11157073974607, 21.118590545654314], "angle": 0.0}, {"category": "DoubleBed", "position": [260.7929096065522, 232.88229510572336], "size": [62.43560933721523, 53.123922566733626], "angle": -0.003777428728335316}, {"category": "Nightstand", "position": [286.6351114807038, 270.49901621622513], "size": [14.419601111708904, 13.500122907259449], "angle": -1.570787222677784}]}]}]}