{"seed": 1, "floorplan": [{"rooms": [{"category": "Bedroom", "corners": [[185.0, 208.0], [185.0, 292.0], [315.0, 292.0], [315.0, 208.0], [185.0, 208.0]], "objects": [{"category": "DoubleBed", "position": [280.6495000074203, 246.60780993992165], "size": [53.222885977815444, 66.10980139803986], "angle": -1.5707872226777824}, {"category": "Cabinet", "position": [194.9731499430339, 245.5855], "size": [69.61023304679803, 19.804950204867826], "angle": -1.5708054309120105}]}]}]}