{"seed": 1, "floorplan": [{"rooms": [{"category": "Bedroom", "corners": [[192.0, 201.0], [192.0, 299.0], [308.0, 299.0], [308.0, 201.0], [192.0, 201.0]], "objects": [{"category": "DoubleBed", "position": [275.65312182868433, 257.1633408732321], "size": [64.22638428773291, 59.124836377588124], "angle": -3.1415835494726796}, {"category": "Nightstand", "position": [297.8676844663724, 291.1873215452679], "size": [11.721587275491846, 10.9849003470196], "angle": -1.5707872226777797}, {"category": "TVStand", "position": [199.48450000000003, 259.7275], "size": [63.421779489338775, 13.524693596042816], "angle": -1.5708054309120107}]}]}]}