{"seed": 1, "floorplan": [{"rooms": [{"category": "Bedroom", "corners": [[207.0, 172.0], [207.0, 328.0], [250.0, 328.0], [250.0, 299.0], [251.0, 298.0], [293.0, 298.0], [293.0, 172.0], [207.0, 172.0]], "objects": [{"category": "DoubleBed", "position": [259.16119473568324, 210.6682868255575], "size": [67.79270088356317, 75.18552635975176], "angle": -0.0059500963852997}, {"category": "Nightstand", "position": [289.99078110226253, 243.3435856961348], "size": [22.800207576704896, 10.920099876084434], "angle": -1.5707872226777833}, {"category": "CeilingLamp", "position": [251.64400000000006, 230.302], "size": [18.255659866333048, 18.25565986633302], "angle": 0.0}, {"category": "TVStand", "position": [212.2828166453044, 203.473], "size": [11.165171611040513, 56.369014474183736], "angle": -9.104117116550664e-06}]}]}]}