{"seed": 1, "floorplan": [{"rooms": [{"category": "Bedroom", "corners": [[207.0, 199.0], [207.0, 301.0], [293.0, 301.0], [293.0, 199.0], [207.0, 199.0]], "objects": [{"category": "DoubleBed", "position": [259.0966710496374, 240.92122216063265], "size": [66.4143039871742, 60.14964581747903], "angle": -3.141583549472679}, {"category": "Nightstand", "position": [289.88355109537173, 209.54118357462758], "size": [18.42169824689862, 10.778948307204674], "angle": -1.570787222677784}, {"category": "PendantLamp", "position": [249.0355, 240.54100000000003], "size": [31.127400970459007, 31.12740097045895], "angle": 0.0}]}]}]}