{"seed": 1, "floorplan": [{"rooms": [{"category": "Bedroom", "corners": [[207.0, 192.0], [207.0, 308.0], [293.0, 308.0], [293.0, 192.0], [207.0, 192.0]], "objects": [{"category": "DoubleBed", "position": [255.3387509937022, 263.0638985391142], "size": [71.77950159847734, 58.57680046511934], "angle": -0.018964862544949605}, {"category": "Nightstand", "position": [285.24688687690093, 227.71194354176237], "size": [9.28037433069761, 6.96240336027387], "angle": -1.5707872226777815}]}]}]}