{"seed": 1, "floorplan": [{"rooms": [{"category": "Bedroom", "corners": [[309.0, 204.0], [308.0, 205.0], [191.0, 205.0], [191.0, 296.0], [192.0, 295.0], [309.0, 295.0], [309.0, 204.0]], "objects": [{"category": "DoubleBed", "position": [251.66577058651438, 238.7183598547463], "size": [67.67039794921874, 67.56959838867186], "angle": 0.0}, {"category": "Cabinet", "position": [222.30337946813427, 209.05930102444384], "size": [18.05420951843263, 13.893180084228504], "angle": 0.0}, {"category": "Cabinet", "position": [281.7735054933853, 209.08886907634133], "size": [18.05420951843263, 13.893180084228504], "angle": 0.0}, {"category": "CeilingLamp", "position": [252.8365, 247.8775], "size": [28.458270263671892, 28.458270263671864], "angle": 0.0}]}]}]}