{"seed": 1, "floorplan": [{"rooms": [{"category": "Bedroom", "corners": [[289.0, 187.0], [288.0, 188.0], [211.0, 188.0], [211.0, 313.0], [212.0, 312.0], [289.0, 312.0], [289.0, 187.0]], "objects": [{"category": "Nightstand", "position": [281.41101310872125, 296.44345460739834], "size": [10.765778326463245, 12.606625316539011], "angle": -3.141583549472677}, {"category": "Nightstand", "position": [281.83054726867863, 217.00854539260166], "size": [12.606625316538983, 10.765778326463188], "angle": -1.5707872226777833}, {"category": "DoubleBed", "position": [253.5647641148983, 257.098], "size": [60.67075041521357, 70.71484515414302], "angle": -1.5707872226777826}]}]}]}