{"seed": 1, "floorplan": [{"rooms": [{"category": "Bedroom", "corners": [[210.0, 191.0], [210.0, 308.0], [209.0, 309.0], [290.0, 309.0], [290.0, 192.0], [291.0, 191.0], [210.0, 191.0]], "objects": [{"category": "DoubleBed", "position": [254.2885, 256.7995], "size": [67.39621142515038, 61.41715918817641], "angle": -1.5707872226777828}, {"category": "Nightstand", "position": [283.5385, 293.74750000000006], "size": [14.399531425207055, 11.292013357258531], "angle": -1.5707872226777817}, {"category": "PendantLamp", "position": [246.95049999999998, 252.0145], "size": [35.59800109863278, 13.090230560302729], "angle": 0.0}]}]}]}