{"seed": 1, "floorplan": [{"rooms": [{"category": "Bedroom", "corners": [[206.0, 190.0], [206.0, 310.0], [294.0, 310.0], [294.0, 190.0], [206.0, 190.0]], "objects": [{"category": "DoubleBed", "position": [253.39967679571618, 257.2929910657744], "size": [79.73532980492111, 80.55223482516165], "angle": -1.5707872226777828}, {"category": "Nightstand", "position": [288.7061204641169, 299.90275802778365], "size": [15.000736239491374, 13.000618085030185], "angle": -1.570787222677785}, {"category": "Nightstand", "position": [289.0277594930003, 216.10160331577737], "size": [15.000736239491374, 13.000618085030185], "angle": -1.5707872226777813}]}]}]}