{"seed": 1, "floorplan": [{"rooms": [{"category": "Bedroom", "corners": [[197.0, 197.0], [197.0, 303.0], [303.0, 303.0], [303.0, 197.0], [197.0, 197.0]], "objects": [{"category": "Nightstand", "position": [294.0369469089437, 295.1588690337259], "size": [15.174389648437511, 15.11124000549313], "angle": 0.0}, {"category": "PendantLamp", "position": [249.92455, 247.651], "size": [8.692440032958956, 8.793569755554188], "angle": 0.0}, {"category": "DoubleBed", "position": [252.88038169789155, 267.3804075644672], "size": [61.07309875488281, 71.14740142822265], "angle": 3.141592653589793}]}]}]}