{"seed": 1, "floorplan": [{"rooms": [{"category": "Bedroom", "corners": [[276.0, 145.0], [276.0, 206.0], [275.0, 207.0], [198.0, 207.0], [198.0, 355.0], [302.0, 355.0], [302.0, 145.0], [276.0, 145.0]], "objects": [{"category": "DoubleBed", "position": [232.88717761863745, 280.9820289996301], "size": [62.37626978774718, 69.06512768124036], "angle": -1.5708054309120107}, {"category": "LoungeChair", "position": [249.4160811414747, 343.1786458407893], "size": [44.977500915527344, 11.928750228881825], "angle": 0.0}, {"category": "TVStand", "position": [292.4845, 281.6725], "size": [54.04099034979546, 12.006949446838567], "angle": -1.5707872226777821}]}]}]}