{"seed": 1, "floorplan": [{"rooms": [{"category": "Bedroom", "corners": [[217.0, 190.0], [217.0, 196.0], [216.0, 197.0], [214.0, 197.0], [214.0, 310.0], [286.0, 310.0], [286.0, 197.0], [241.0, 197.0], [240.0, 196.0], [240.0, 191.0], [241.0, 190.0], [217.0, 190.0]], "objects": [{"category": "Cabinet", "position": [257.0316000000321, 207.01164999999997], "size": [54.0564010620117, 63.00420227050782], "angle": 0.0}, {"category": "SingleBed", "position": [249.562667256731, 254.65974999999997], "size": [58.59053433304179, 67.66921500925112], "angle": -1.5707872226777828}, {"category": "CeilingLamp", "position": [261.33700000000005, 253.60014999999999], "size": [18.50444984436035, 18.50444984436035], "angle": 0.0}]}]}]}