{"seed": 1, "floorplan": [{"rooms": [{"category": "Bedroom", "corners": [[195.0, 204.0], [195.0, 260.0], [194.0, 261.0], [186.0, 261.0], [186.0, 296.0], [314.0, 296.0], [314.0, 204.0], [195.0, 204.0]], "objects": [{"category": "DoubleBed", "position": [263.6445342096583, 239.9762170084718], "size": [68.92799835205076, 72.46979827880858], "angle": 0.0}, {"category": "TVStand", "position": [265.62396430711544, 286.661961883033], "size": [61.802700805664074, 14.332319641113315], "angle": 3.141592653589793}, {"category": "CeilingLamp", "position": [260.64699999999993, 250.72000000000003], "size": [16.79720993041991, 17.99856033325196], "angle": 0.0}]}]}]}