{"seed": 1, "floorplan": [{"rooms": [{"category": "Bedroom", "corners": [[182.0, 180.0], [182.0, 264.0], [181.0, 265.0], [183.0, 265.0], [184.0, 266.0], [186.0, 266.0], [187.0, 267.0], [187.0, 270.0], [186.0, 271.0], [186.0, 273.0], [185.0, 274.0], [186.0, 274.0], [187.0, 275.0], [189.0, 275.0], [190.0, 276.0], [191.0, 276.0], [192.0, 277.0], [194.0, 277.0], [195.0, 278.0], [197.0, 278.0], [198.0, 279.0], [199.0, 279.0], [200.0, 280.0], [202.0, 280.0], [203.0, 281.0], [204.0, 281.0], [205.0, 282.0], [207.0, 282.0], [208.0, 283.0], [209.0, 283.0], [210.0, 284.0], [212.0, 284.0], [213.0, 285.0], [215.0, 285.0], [216.0, 286.0], [217.0, 286.0], [218.0, 287.0], [220.0, 287.0], [221.0, 288.0], [222.0, 288.0], [223.0, 289.0], [225.0, 289.0], [226.0, 290.0], [227.0, 290.0], [228.0, 291.0], [230.0, 291.0], [231.0, 292.0], [233.0, 292.0], [234.0, 293.0], [235.0, 293.0], [236.0, 294.0], [238.0, 294.0], [239.0, 295.0], [240.0, 295.0], [241.0, 296.0], [243.0, 296.0], [244.0, 297.0], [245.0, 297.0], [246.0, 298.0], [248.0, 298.0], [249.0, 299.0], [251.0, 299.0], [252.0, 300.0], [253.0, 300.0], [254.0, 301.0], [256.0, 301.0], [257.0, 302.0], [258.0, 302.0], [259.0, 303.0], [261.0, 303.0], [262.0, 304.0], [263.0, 304.0], [264.0, 305.0], [266.0, 305.0], [267.0, 306.0], [269.0, 306.0], [270.0, 307.0], [271.0, 307.0], [272.0, 308.0], [274.0, 308.0], [275.0, 309.0], [276.0, 309.0], [277.0, 310.0], [279.0, 310.0], [280.0, 311.0], [281.0, 311.0], [282.0, 312.0], [284.0, 312.0], [285.0, 313.0], [287.0, 313.0], [288.0, 314.0], [289.0, 314.0], [290.0, 315.0], [292.0, 315.0], [293.0, 316.0], [294.0, 316.0], [295.0, 317.0], [297.0, 317.0], [298.0, 318.0], [299.0, 318.0], [300.0, 319.0], [302.0, 319.0], [303.0, 320.0], [303.0, 319.0], [304.0, 318.0], [304.0, 316.0], [305.0, 315.0], [305.0, 314.0], [306.0, 313.0], [307.0, 314.0], [309.0, 314.0], [310.0, 315.0], [312.0, 315.0], [313.0, 316.0], [314.0, 316.0], [315.0, 317.0], [317.0, 317.0], [318.0, 318.0], [318.0, 185.0], [319.0, 184.0], [319.0, 180.0], [182.0, 180.0]], "objects": [{"category": "DoubleBed", "position": [257.0125887724795, 216.92283356036128], "size": [68.92799835205079, 72.46979827880861], "angle": 0.0}, {"category": "Nightstand", "position": [300.78423938064617, 184.2466307354911], "size": [16.682369613647438, 12.1628402709961], "angle": 0.0}, {"category": "Nightstand", "position": [215.91288503746784, 187.31025241340996], "size": [16.682369613647467, 12.1628402709961], "angle": 0.0}, {"category": "CeilingLamp", "position": [255.25467525794465, 227.98870238210685], "size": [19.779270172119112, 19.77927017211914], "angle": 0.0}, {"category": "Shelf", "position": [192.89607416463224, 192.2607600120939], "size": [15.740903347963076, 23.074559287092843], "angle": -9.104117114819271e-06}]}]}]}