{"seed": 1, "floorplan": [{"rooms": [{"category": "Bedroom", "corners": [[212.0, 208.0], [212.0, 292.0], [288.0, 292.0], [288.0, 208.0], [212.0, 208.0]], "objects": [{"category": "SingleBed", "position": [254.51501664632235, 256.1602676229723], "size": [67.64221586207941, 70.40793928385146], "angle": -3.141583549472679}, {"category": "CeilingLamp", "position": [253.75615000000005, 248.72169999999997], "size": [17.48873977661131, 2.0748059749602987], "angle": 0.0}]}]}]}