{"seed": 1, "floorplan": [{"rooms": [{"category": "Bedroom", "corners": [[200.0, 210.0], [200.0, 290.0], [300.0, 290.0], [300.0, 210.0], [200.0, 210.0]], "objects": [{"category": "DoubleBed", "position": [245.02149999999995, 246.2780002033681], "size": [65.20500183105466, 71.99100036621095], "angle": 0.0}]}]}]}