{"seed": 1, "floorplan": [{"rooms": [{"category": "Bedroom", "corners": [[177.0, 204.0], [177.0, 296.0], [323.0, 296.0], [323.0, 204.0], [177.0, 204.0]], "objects": [{"category": "DoubleBed", "position": [254.4394880688476, 238.0477526322278], "size": [65.34029846191402, 66.45660095214845], "angle": 0.0}, {"category": "Nightstand", "position": [214.96356448863867, 208.35635663031772], "size": [19.5, 12.029910278320301], "angle": 0.0}, {"category": "Nightstand", "position": [289.2521090083576, 211.9566602150282], "size": [19.5, 12.029910278320301], "angle": 0.0}, {"category": "CeilingLamp", "position": [256.093, 248.3755], "size": [15.157530212402321, 15.845159912109352], "angle": 0.0}]}]}]}