{"seed": 1, "floorplan": [{"rooms": [{"category": "Bedroom", "corners": [[203.0, 188.0], [203.0, 312.0], [297.0, 312.0], [297.0, 188.0], [203.0, 188.0]], "objects": [{"category": "DoubleBed", "position": [261.27549999999997, 257.746], "size": [58.973035984342836, 66.3669021273975], "angle": -1.5707872226777824}, {"category": "Cabinet", "position": [290.1650695377177, 218.8227525423663], "size": [6.310317650632932, 10.661557178032407], "angle": -3.141583549472674}, {"category": "Cabinet", "position": [289.9915, 296.37399999999997], "size": [10.66155717803235, 6.310317650632932], "angle": -1.570787222677786}, {"category": "PendantLamp", "position": [253.63449999999997, 253.23699999999997], "size": [5.242920112609852, 5.4006002426147575], "angle": 0.0}]}]}]}