{"seed": 1, "floorplan": [{"rooms": [{"category": "Bedroom", "corners": [[208.0, 182.0], [208.0, 318.0], [292.0, 318.0], [292.0, 182.0], [208.0, 182.0]], "objects": [{"category": "Table", "position": [216.21843974663005, 264.0647037127774], "size": [17.98234411877515, 35.92832773806157], "angle": -9.104117115912506e-06}, {"category": "DoubleBed", "position": [247.46089645493518, 216.49746533622394], "size": [63.47730102539066, 68.52599945068357], "angle": 0.0}, {"category": "CeilingLamp", "position": [252.01825000000002, 255.38050000000004], "size": [41.944500732421915, 11.69352035522462], "angle": 0.0}]}]}]}