{"seed": 1, "floorplan": [{"rooms": [{"category": "Bedroom", "corners": [[199.0, 204.0], [199.0, 296.0], [301.0, 296.0], [301.0, 204.0], [199.0, 204.0]], "objects": [{"category": "DoubleBed", "position": [235.9108610824885, 251.24961595583073], "size": [74.39587537092736, 58.21402944043784], "angle": -9.104117114351934e-06}, {"category": "Nightstand", "position": [205.77699999491372, 214.17790000000002], "size": [13.277220868768719, 16.596541249520552], "angle": -9.104117114749584e-06}, {"category": "PendantLamp", "position": [206.66223344930012, 214.1785], "size": [14.727120208740246, 4.373069858551048], "angle": 0.0}]}]}]}