{"seed": 1, "floorplan": [{"rooms": [{"category": "Bedroom", "corners": [[225.0, 157.0], [225.0, 201.0], [224.0, 202.0], [200.0, 202.0], [200.0, 325.0], [224.0, 325.0], [225.0, 326.0], [225.0, 343.0], [270.0, 343.0], [270.0, 326.0], [271.0, 325.0], [300.0, 325.0], [300.0, 202.0], [271.0, 202.0], [270.0, 201.0], [270.0, 157.0], [225.0, 157.0]], "objects": [{"category": "DoubleBed", "position": [238.5061387431156, 268.4806300873017], "size": [66.41430398717422, 60.14964581747903], "angle": -9.104117114187103e-06}, {"category": "TVStand", "position": [292.17426680502405, 270.4585], "size": [52.80048070394818, 14.757254103357807], "angle": -1.5707872226777824}, {"category": "PendantLamp", "position": [250.654, 266.3905], "size": [27.82031296261855, 27.82031296261855], "angle": -1.1748510846963351}, {"category": "Shelf", "position": [292.75300000000004, 317.7805], "size": [12.000000000000057, 0.7608299732208934], "angle": 3.141592653589793}]}]}]}