{"seed": 1, "floorplan": [{"rooms": [{"category": "Bedroom", "corners": [[204.0, 207.0], [204.0, 293.0], [296.0, 293.0], [296.0, 207.0], [204.0, 207.0]], "objects": [{"category": "DoubleBed", "position": [240.72672109055787, 255.55831288401646], "size": [58.57733230855161, 71.78015331479153], "angle": -1.5708054309120107}, {"category": "Nightstand", "position": [206.71388308324333, 222.11264748783233], "size": [6.962403360273842, 9.280374330697581], "angle": -9.104117112046406e-06}, {"category": "Nightstand", "position": [210.103258461314, 286.440092180716], "size": [6.962403360273842, 9.28037433069761], "angle": -9.104117116128576e-06}, {"category": "CeilingLamp", "position": [238.6105, 246.67900000000003], "size": [17.092649459838867, 15.837570190429688], "angle": 0.0}]}]}]}