{"seed": 1, "floorplan": [{"rooms": [{"category": "Bedroom", "corners": [[310.0, 148.0], [309.0, 149.0], [191.0, 149.0], [191.0, 350.0], [190.0, 351.0], [309.0, 351.0], [310.0, 352.0], [310.0, 148.0]], "objects": [{"category": "DoubleBed", "position": [247.15390000000002, 179.48387294168901], "size": [48.607200622558594, 61.94459838867189], "angle": 0.0}, {"category": "Nightstand", "position": [211.0140009841396, 155.72216722457887], "size": [14.944950485229498, 9.800490188598644], "angle": 0.0}, {"category": "Nightstand", "position": [282.25249901586045, 155.72216722457887], "size": [14.94495048522947, 9.800490188598644], "angle": 0.0}]}]}]}