{"seed": 1, "floorplan": [{"rooms": [{"category": "Bedroom", "corners": [[204.0, 193.0], [204.0, 307.0], [296.0, 307.0], [296.0, 193.0], [204.0, 193.0]], "objects": [{"category": "DoubleBed", "position": [262.79029836618435, 261.82126410535324], "size": [60.88765457844431, 65.97090093269289], "angle": -1.570758938335299}, {"category": "Nightstand", "position": [292.2885917366932, 227.61923242942302], "size": [11.007160452633283, 11.007160452633254], "angle": -3.1415835494726765}, {"category": "Nightstand", "position": [289.3496572222329, 293.0767203423685], "size": [11.007160452633283, 11.007160452633226], "angle": -1.5707872226777824}, {"category": "PendantLamp", "position": [248.80127266464007, 256.1281016439535], "size": [18.603269577026367, 9.572550201415993], "angle": 0.0}]}]}]}