{"seed": 1, "floorplan": [{"rooms": [{"category": "Bedroom", "corners": [[295.0, 213.0], [294.0, 214.0], [205.0, 214.0], [205.0, 287.0], [206.0, 286.0], [295.0, 286.0], [295.0, 213.0]], "objects": [{"category": "Nightstand", "position": [231.24790008161273, 280.6365777853524], "size": [16.391970062255893, 9.24144001007079], "angle": 3.141592653589793}, {"category": "SingleBed", "position": [262.69143768182107, 255.25734762342063], "size": [39.89550018310544, 63.00000000000003], "angle": 3.141592653589793}]}]}]}