{"seed": 1, "floorplan": [{"rooms": [{"category": "Bedroom", "corners": [[197.0, 175.0], [197.0, 325.0], [303.0, 325.0], [303.0, 203.0], [250.0, 203.0], [249.0, 202.0], [249.0, 175.0], [197.0, 175.0]], "objects": [{"category": "Table", "position": [203.89555000000001, 301.08985], "size": [12.47129312131846, 28.04275484792282], "angle": -9.104117114790182e-06}, {"category": "Nightstand", "position": [300.00700034751475, 226.9827247252083], "size": [12.000168760716457, 9.665757630548056], "angle": -1.5707872226777797}, {"category": "DoubleBed", "position": [266.42880438249904, 268.89756094797815], "size": [62.88957402149725, 81.86054446571227], "angle": -3.1415835494726787}, {"category": "Nightstand", "position": [299.9804940582985, 313.0349594110331], "size": [12.000168760716457, 9.665757630548056], "angle": -1.5707872226777893}]}]}]}