{"seed": 1, "floorplan": [{"rooms": [{"category": "Bedroom", "corners": [[192.0, 214.0], [192.0, 286.0], [308.0, 286.0], [308.0, 214.0], [192.0, 214.0]], "objects": [{"category": "PendantLamp", "position": [257.305, 252.69250000000002], "size": [15.303210067749006, 15.08414955139159], "angle": 0.0}, {"category": "Nightstand", "position": [223.65254954066341, 218.4107637638949], "size": [11.905920410156256, 12.042689895629849], "angle": 0.0}, {"category": "Nightstand", "position": [296.2672707610005, 218.61926199515165], "size": [11.905920410156227, 12.042689895629906], "angle": 0.0}, {"category": "DoubleBed", "position": [260.1288514037764, 243.25433708597038], "size": [56.68590087890627, 57.62519989013671], "angle": 0.0}]}]}]}