{"seed": 1, "floorplan": [{"rooms": [{"category": "Bedroom", "corners": [[217.0, 209.0], [217.0, 291.0], [283.0, 291.0], [283.0, 209.0], [217.0, 209.0]], "objects": [{"category": "DoubleBed", "position": [251.15522524926638, 241.75400454214582], "size": [64.2720016479492, 65.65019989013669], "angle": 0.0}]}]}]}