{"seed": 1, "floorplan": [{"rooms": [{"category": "Bedroom", "corners": [[201.0, 188.0], [201.0, 312.0], [299.0, 312.0], [299.0, 199.0], [298.0, 198.0], [298.0, 189.0], [299.0, 188.0], [201.0, 188.0]], "objects": [{"category": "Cabinet", "position": [268.8355, 303.289], "size": [39.84210205078128, 16.47107963562007], "angle": 3.141592653589793}, {"category": "DoubleBed", "position": [260.4895, 250.37500000000003], "size": [56.00600915516557, 64.08658198956006], "angle": -1.570787222677782}, {"category": "Cabinet", "position": [291.12550000000005, 207.37900000000002], "size": [15.011446862515259, 12.000109250897301], "angle": -1.5707872226777833}, {"category": "TVStand", "position": [208.1785, 250.18], "size": [12.901347695783182, 63.000875693984945], "angle": -9.104117116109819e-06}]}]}]}