{"seed": 1, "floorplan": [{"rooms": [{"category": "Bedroom", "corners": [[203.0, 173.0], [203.0, 327.0], [297.0, 327.0], [297.0, 173.0], [203.0, 173.0]], "objects": [{"category": "CeilingLamp", "position": [248.72814999999997, 246.8209], "size": [12.821666336806533, 12.813326951191087], "angle": -9.104117112999338e-06}, {"category": "DoubleBed", "position": [239.00001768410203, 249.2404], "size": [33.070201589054065, 66.5598054949485], "angle": -9.104117114778434e-06}, {"category": "Cabinet", "position": [217.12155505300973, 316.7074], "size": [24.015660095214855, 17.25197982788086], "angle": 3.141592653589793}, {"category": "Cabinet", "position": [243.40114494699023, 316.7074], "size": [24.015660095214855, 17.25197982788086], "angle": 3.141592653589793}]}]}]}