{"seed": 1, "floorplan": [{"rooms": [{"category": "Bedroom", "corners": [[215.0, 195.0], [215.0, 305.0], [285.0, 305.0], [285.0, 195.0], [215.0, 195.0]], "objects": [{"category": "SingleBed", "position": [236.1005308002791, 228.61781444122425], "size": [41.0357986450195, 63.133200073242165], "angle": 0.0}, {"category": "PendantLamp", "position": [250.3159, 249.46389999999997], "size": [13.225740297542382, 13.225800951781052], "angle": -3.141583549472679}]}]}]}