{"seed": 1, "floorplan": [{"rooms": [{"category": "Bedroom", "corners": [[191.0, 189.0], [191.0, 311.0], [309.0, 311.0], [309.0, 189.0], [191.0, 189.0]], "objects": [{"category": "CeilingLamp", "position": [247.4398, 247.69615000000005], "size": [21.65414886474605, 21.654148864746077], "angle": 0.0}, {"category": "PendantLamp", "position": [283.7998, 303.20275000000004], "size": [5.0257799148560025, 5.0257799148560025], "angle": 0.0}, {"category": "DoubleBed", "position": [246.8911, 274.5267512410482], "size": [49.232698059082026, 72.5498977661133], "angle": 3.141592653589793}, {"category": "Cabinet", "position": [226.9125588342672, 197.48128405146346], "size": [71.47710113525386, 13.847339630126982], "angle": 0.0}]}]}]}