{"seed": 1, "floorplan": [{"rooms": [{"category": "Bedroom", "corners": [[311.0, 203.0], [310.0, 204.0], [188.0, 204.0], [188.0, 259.0], [212.0, 259.0], [213.0, 260.0], [213.0, 297.0], [214.0, 296.0], [312.0, 296.0], [312.0, 203.0], [311.0, 203.0]], "objects": [{"category": "DoubleBed", "position": [275.2908324788355, 233.7888321736683], "size": [60.141845453494554, 71.76035485573462], "angle": -1.5707872226777828}, {"category": "Table", "position": [222.769, 212.005], "size": [29.999848937988304, 15.010440444946312], "angle": 0.0}, {"category": "PendantLamp", "position": [261.964, 249.69099999999997], "size": [13.452569961547852, 13.457130432128878], "angle": 0.0}]}]}]}