{"seed": 1, "floorplan": [{"rooms": [{"category": "Bedroom", "corners": [[198.0, 181.0], [198.0, 319.0], [302.0, 319.0], [302.0, 181.0], [198.0, 181.0]], "objects": [{"category": "DoubleBed", "position": [266.37483106948963, 255.96222164041427], "size": [72.42995934059189, 71.56385343296542], "angle": -1.5707872226777824}, {"category": "Nightstand", "position": [295.4640553062969, 219.06229519505962], "size": [20.453046467787775, 13.753984929152951], "angle": -1.5707872226777826}, {"category": "Nightstand", "position": [297.532533819412, 298.6269127654361], "size": [20.453046467787804, 13.753984929152951], "angle": -1.5707872226777826}, {"category": "PendantLamp", "position": [251.377, 251.13400000000001], "size": [25.91558990478515, 5.196120071411144], "angle": 0.0}]}]}]}