{"seed": 1, "floorplan": [{"rooms": [{"category": "Bedroom", "corners": [[200.0, 215.0], [200.0, 285.0], [265.0, 285.0], [265.0, 269.0], [266.0, 268.0], [300.0, 268.0], [300.0, 215.0], [200.0, 215.0]], "objects": [{"category": "Chair", "position": [228.42142342494512, 274.40506852675355], "size": [14.217379244585862, 13.227641941876675], "angle": -2.704114882776108}, {"category": "Shelf", "position": [293.5285, 222.17200000000003], "size": [10.228623243857431, 11.73718685904124], "angle": -1.570787222677779}, {"category": "SingleBed", "position": [234.04401748841926, 239.37476249290378], "size": [34.33381248891999, 49.741653112244464], "angle": -9.104117114313649e-06}, {"category": "CeilingLamp", "position": [253.96749999999997, 245.4598], "size": [13.188330365281594, 13.188360120191172], "angle": -9.104117114991998e-06}]}]}]}