{"seed": 1, "floorplan": [{"rooms": [{"category": "Bedroom", "corners": [[206.0, 186.0], [206.0, 314.0], [294.0, 314.0], [294.0, 186.0], [206.0, 186.0]], "objects": [{"category": "CeilingLamp", "position": [251.86900000000003, 256.1725], "size": [16.891679763793974, 16.993230056762684], "angle": 0.0}, {"category": "DoubleBed", "position": [254.80118085818162, 258.7771091231977], "size": [68.54432521027985, 66.12810295626171], "angle": -1.5707872226777826}]}]}]}