{"seed": 1, "floorplan": [{"rooms": [{"category": "Bedroom", "corners": [[195.0, 177.0], [195.0, 323.0], [305.0, 323.0], [305.0, 177.0], [195.0, 177.0]], "objects": [{"category": "DoubleBed", "position": [229.7935462700259, 255.86829999999998], "size": [63.68067924630556, 61.90556542913789], "angle": -9.104117113705743e-06}, {"category": "Nightstand", "position": [202.9142929555996, 217.77093530871366], "size": [9.665757630548026, 12.000168760716457], "angle": -9.10411711340061e-06}, {"category": "Nightstand", "position": [202.9142929555996, 296.52256469128633], "size": [9.665757630548084, 12.000168760716457], "angle": -9.104117116341008e-06}, {"category": "Shelf", "position": [291.92590000000007, 297.067], "size": [11.737186859041183, 10.22862324385746], "angle": -9.104117112332291e-06}]}]}]}