{"seed": 1, "floorplan": [{"rooms": [{"category": "Bedroom", "corners": [[192.0, 205.0], [192.0, 295.0], [192.0, 288.0], [193.0, 287.0], [194.0, 287.0], [196.0, 289.0], [197.0, 289.0], [199.0, 291.0], [308.0, 291.0], [307.0, 290.0], [306.0, 290.0], [303.0, 287.0], [302.0, 287.0], [299.0, 284.0], [298.0, 284.0], [294.0, 280.0], [293.0, 280.0], [290.0, 277.0], [289.0, 277.0], [286.0, 274.0], [285.0, 274.0], [282.0, 271.0], [281.0, 271.0], [278.0, 268.0], [277.0, 268.0], [273.0, 264.0], [272.0, 264.0], [269.0, 261.0], [268.0, 261.0], [265.0, 258.0], [264.0, 258.0], [261.0, 255.0], [260.0, 255.0], [257.0, 252.0], [256.0, 252.0], [254.0, 250.0], [256.0, 248.0], [257.0, 248.0], [260.0, 245.0], [261.0, 245.0], [264.0, 242.0], [265.0, 242.0], [268.0, 239.0], [269.0, 239.0], [272.0, 236.0], [273.0, 236.0], [277.0, 232.0], [278.0, 232.0], [281.0, 229.0], [282.0, 229.0], [285.0, 226.0], [286.0, 226.0], [289.0, 223.0], [290.0, 223.0], [293.0, 220.0], [294.0, 220.0], [298.0, 216.0], [299.0, 216.0], [302.0, 213.0], [303.0, 213.0], [306.0, 210.0], [307.0, 210.0], [308.0, 209.0], [200.0, 209.0], [200.0, 281.0], [199.0, 282.0], [198.0, 282.0], [196.0, 284.0], [195.0, 284.0], [193.0, 286.0], [192.0, 285.0], [192.0, 205.0]], "objects": [{"category": "DoubleBed", "position": [271.701672058793, 241.10207642900815], "size": [52.763099670410156, 64.44029846191407], "angle": 0.0}, {"category": "Cabinet", "position": [239.2930749056554, 215.86733053256978], "size": [14.576100540161121, 9.973919677734358], "angle": 0.0}, {"category": "PendantLamp", "position": [260.14480000000003, 249.871], "size": [20.29644408990645, 18.39091793737297], "angle": -1.5707872226777815}]}]}]}