{"seed": 1, "floorplan": [{"rooms": [{"category": "Bedroom", "corners": [[199.0, 199.0], [199.0, 301.0], [301.0, 301.0], [301.0, 199.0], [199.0, 199.0]], "objects": [{"category": "DoubleBed", "position": [266.83817104963737, 240.63712216063266], "size": [60.14964581747903, 66.41430398717428], "angle": -1.5707872226777824}, {"category": "Nightstand", "position": [297.6250510953717, 209.25708357462756], "size": [18.42169824689865, 10.778948307204617], "angle": -1.5707872226777808}, {"category": "PendantLamp", "position": [255.877, 240.15550000000002], "size": [31.127400970459007, 31.12740097045898], "angle": 0.0}]}]}]}