{"seed": 1, "floorplan": [{"rooms": [{"category": "Bedroom", "corners": [[205.0, 199.0], [205.0, 301.0], [260.0, 301.0], [260.0, 282.0], [261.0, 281.0], [295.0, 281.0], [295.0, 199.0], [205.0, 199.0]], "objects": [{"category": "DoubleBed", "position": [225.4349131314043, 269.33699875895184], "size": [65.52120208740234, 62.71260223388674], "angle": 3.141592653589793}, {"category": "PendantLamp", "position": [254.0575, 237.51100000000002], "size": [26.626503550826154, 26.38755102746411], "angle": -1.5707872226777824}]}]}]}