{"seed": 1, "floorplan": [{"rooms": [{"category": "Bedroom", "corners": [[192.0, 187.0], [192.0, 237.0], [218.0, 237.0], [219.0, 238.0], [219.0, 313.0], [308.0, 313.0], [308.0, 209.0], [244.0, 209.0], [243.0, 208.0], [243.0, 187.0], [192.0, 187.0]], "objects": [{"category": "DoubleBed", "position": [275.7091708742707, 248.398462954484], "size": [63.01139831542966, 68.70720062255862], "angle": 0.0}, {"category": "PendantLamp", "position": [265.297, 260.74150000000003], "size": [10.674330139160134, 13.154279708862305], "angle": 0.0}]}]}]}