{"seed": 1, "floorplan": [{"rooms": [{"category": "Bedroom", "corners": [[207.0, 194.0], [207.0, 306.0], [293.0, 306.0], [293.0, 194.0], [207.0, 194.0]], "objects": [{"category": "DoubleBed", "position": [243.64219002256846, 243.39392814800448], "size": [73.22316571978332, 65.25119372762383], "angle": -9.104117114429982e-06}, {"category": "TVStand", "position": [287.9178108418768, 227.0008912755086], "size": [67.13161245858224, 14.031368207057753], "angle": -1.5707872226777826}, {"category": "PendantLamp", "position": [238.72000000000003, 219.53020000000004], "size": [31.66560058593754, 31.66560058593751], "angle": 3.141592653589793}]}]}]}