{"seed": 1, "floorplan": [{"rooms": [{"category": "Bedroom", "corners": [[177.0, 195.0], [177.0, 226.0], [207.0, 226.0], [208.0, 227.0], [208.0, 305.0], [323.0, 305.0], [323.0, 195.0], [177.0, 195.0]], "objects": [{"category": "DoubleBed", "position": [268.4199456710025, 265.2091624315591], "size": [45.69780120849612, 78.01109619140624], "angle": 3.141592653589793}, {"category": "Nightstand", "position": [305.59002225607196, 297.2815981816021], "size": [13.5, 12.951509857177712], "angle": 3.141592653589793}]}]}]}