{"seed": 1, "floorplan": [{"rooms": [{"category": "Bedroom", "corners": [[201.0, 189.0], [201.0, 311.0], [299.0, 311.0], [299.0, 189.0], [201.0, 189.0]], "objects": [{"category": "DoubleBed", "position": [262.8562126992779, 249.40631518393485], "size": [62.956933486107644, 69.92384574768737], "angle": -1.5848798584870156}, {"category": "Nightstand", "position": [289.0585, 204.46150000000003], "size": [14.547690333723788, 14.591251216517767], "angle": -0.014083531692119788}, {"category": "Nightstand", "position": [290.9417992132327, 292.0564996075323], "size": [14.547690333723788, 14.591251216517765], "angle": -0.014083531692117835}, {"category": "PendantLamp", "position": [249.8695, 249.0145], "size": [29.162729644775425, 29.162729644775368], "angle": 0.0}]}]}]}