{"seed": 1, "floorplan": [{"rooms": [{"category": "Bedroom", "corners": [[204.0, 196.0], [204.0, 304.0], [296.0, 304.0], [296.0, 196.0], [204.0, 196.0]], "objects": [{"category": "DoubleBed", "position": [264.68518370633456, 256.54541619271913], "size": [42.7953877849412, 24.636524954009165], "angle": -3.1415835494726787}, {"category": "Nightstand", "position": [287.4453540311388, 225.33502429021863], "size": [9.316194664135827, 9.37151533532548], "angle": -1.5707872226777873}, {"category": "Nightstand", "position": [287.66097787878556, 284.71403268793506], "size": [9.31619466413577, 9.37151533532548], "angle": -1.5707872226777813}, {"category": "CeilingLamp", "position": [250.54000000000002, 249.892], "size": [21.841170501708973, 19.753710937500017], "angle": 0.0}]}]}]}