{"seed": 1, "floorplan": [{"rooms": [{"category": "Bedroom", "corners": [[198.0, 204.0], [198.0, 296.0], [302.0, 296.0], [302.0, 204.0], [198.0, 204.0]], "objects": [{"category": "DoubleBed", "position": [260.6440962113104, 262.73363636069587], "size": [48.48659820556642, 66.67650146484377], "angle": 3.141592653589793}, {"category": "Nightstand", "position": [227.78936366419973, 288.8240555785592], "size": [16.417469787597668, 10.5], "angle": 3.141592653589793}]}]}]}