{"seed": 1, "floorplan": [{"rooms": [{"category": "Bedroom", "corners": [[215.0, 210.0], [215.0, 290.0], [285.0, 290.0], [285.0, 210.0], [215.0, 210.0]], "objects": [{"category": "DoubleBed", "position": [250.45779935293137, 240.27783976278351], "size": [70.89304501869034, 60.53754912928572], "angle": -9.104117114038258e-06}, {"category": "Table", "position": [220.05789892775755, 275.2032223210404], "size": [31.22068454383609, 13.473782975009714], "angle": -1.5706922975420412}, {"category": "Chair", "position": [226.90348055526886, 280.9965182330951], "size": [15.497360557590842, 15.5156014615739], "angle": -1.5707872226777826}, {"category": "PendantLamp", "position": [249.85449999999997, 249.74425000000008], "size": [24.731250000000017, 24.70952911376952], "angle": 0.0}]}]}]}