{"seed": 1, "floorplan": [{"rooms": [{"category": "Bedroom", "corners": [[198.0, 205.0], [198.0, 295.0], [302.0, 295.0], [302.0, 205.0], [198.0, 205.0]], "objects": [{"category": "Table", "position": [283.8091144331462, 212.1691491685211], "size": [40.50299835205078, 18.002310562133772], "angle": 0.0}, {"category": "DoubleBed", "position": [251.18769631133588, 239.36431261497813], "size": [56.841902160644565, 66.74640197753902], "angle": 0.0}, {"category": "Cabinet", "position": [206.575, 233.5645], "size": [16.680151400979433, 37.715144390045154], "angle": -9.104117113436651e-06}, {"category": "CeilingLamp", "position": [251.03859999999997, 250.25650000000002], "size": [13.188240051269531, 13.18821029663087], "angle": 0.0}]}]}]}