{"seed": 1, "floorplan": [{"rooms": [{"category": "Bedroom", "corners": [[184.0, 201.0], [184.0, 233.0], [209.0, 233.0], [210.0, 234.0], [210.0, 237.0], [209.0, 238.0], [194.0, 238.0], [194.0, 299.0], [316.0, 299.0], [316.0, 201.0], [184.0, 201.0]], "objects": [{"category": "DoubleBed", "position": [263.2376840495773, 265.60578209505996], "size": [68.29109802246094, 67.68900146484378], "angle": 3.141592653589793}, {"category": "Nightstand", "position": [299.62935410680836, 291.9334826491235], "size": [17.999999999999943, 15.047100448608376], "angle": 3.141592653589793}, {"category": "Nightstand", "position": [221.79229863038591, 293.83996575218913], "size": [17.99999999999997, 15.047100448608376], "angle": 3.141592653589793}, {"category": "Sofa", "position": [263.33553588145054, 224.57745339830382], "size": [43.320899963378935, 14.299859619140648], "angle": 0.0}]}]}]}