{"seed": 1, "floorplan": [{"rooms": [{"category": "Bedroom", "corners": [[184.0, 208.0], [184.0, 271.0], [207.0, 271.0], [208.0, 272.0], [208.0, 292.0], [316.0, 292.0], [316.0, 208.0], [208.0, 208.0], [208.0, 219.0], [207.0, 220.0], [203.0, 220.0], [202.0, 219.0], [202.0, 208.0], [184.0, 208.0]], "objects": [{"category": "DoubleBed", "position": [256.16820927692856, 241.12432982021133], "size": [62.666702270507784, 28.19999999999999], "angle": 0.0}, {"category": "Nightstand", "position": [290.94805969224115, 211.87930567080676], "size": [17.999999999999943, 12.691019439697271], "angle": 0.0}, {"category": "Nightstand", "position": [219.012355783053, 212.338154223789], "size": [17.99999999999997, 12.6910194396973], "angle": 0.0}]}]}]}