{"seed": 1, "floorplan": [{"rooms": [{"category": "Bedroom", "corners": [[204.0, 186.0], [204.0, 314.0], [296.0, 314.0], [296.0, 186.0], [204.0, 186.0]], "objects": [{"category": "DoubleBed", "position": [240.69618017451862, 223.68699072092207], "size": [64.07610168457032, 73.92719879150394], "angle": 0.0}, {"category": "Nightstand", "position": [211.85046179942015, 190.8243766544589], "size": [19.590000915527355, 14.154869842529308], "angle": 0.0}, {"category": "Cabinet", "position": [286.3283503621419, 216.27550000000002], "size": [19.36844568154503, 18.68003037174449], "angle": -3.1415835494726796}, {"category": "Cabinet", "position": [238.88350000000003, 306.5665], "size": [60.383999633789045, 12.033120346069325], "angle": 3.141592653589793}]}]}]}