{"seed": 1, "floorplan": [{"rooms": [{"category": "Bedroom", "corners": [[310.0, 204.0], [309.0, 205.0], [190.0, 205.0], [190.0, 296.0], [191.0, 295.0], [310.0, 295.0], [310.0, 204.0]], "objects": [{"category": "SingleBed", "position": [257.78695, 261.0505661576418], "size": [60.59729919433596, 68.49000091552736], "angle": 3.141592653589793}]}]}]}