{"seed": 1, "floorplan": [{"rooms": [{"category": "Bedroom", "corners": [[199.0, 193.0], [199.0, 194.0], [142.0, 251.0], [163.0, 272.0], [164.0, 272.0], [199.0, 307.0], [358.0, 307.0], [358.0, 193.0], [199.0, 193.0]], "objects": [{"category": "DoubleBed", "position": [289.51462078435213, 234.8970851914552], "size": [48.486598205566395, 66.67650146484374], "angle": 0.0}, {"category": "Nightstand", "position": [318.6121947596722, 197.7348748366187], "size": [16.417469787597668, 10.5], "angle": 0.0}, {"category": "Nightstand", "position": [237.92108863674244, 200.27879760428783], "size": [16.417469787597668, 10.5], "angle": 0.0}, {"category": "Chair", "position": [182.53017792619323, 260.4683570511313], "size": [19.772792478209883, 19.03011316365151], "angle": -0.8858892109362323}]}]}]}