{"seed": 1, "floorplan": [{"rooms": [{"category": "Bedroom", "corners": [[284.0, 180.0], [284.0, 207.0], [282.0, 209.0], [188.0, 209.0], [188.0, 320.0], [312.0, 320.0], [312.0, 180.0], [284.0, 180.0]], "objects": [{"category": "DoubleBed", "position": [222.39664995347619, 259.54240000000004], "size": [58.29263275615256, 60.66025379865458], "angle": -9.104117114226597e-06}, {"category": "Nightstand", "position": [196.8009219038452, 299.9928454884081], "size": [16.043156008166562, 10.843719023230292], "angle": -1.5708054309120092}, {"category": "Nightstand", "position": [196.80121630385366, 220.9993545115919], "size": [10.843719023230292, 16.043156008166534], "angle": -9.10411711104892e-06}]}]}]}