{"seed": 1, "floorplan": [{"rooms": [{"category": "Bedroom", "corners": [[208.0, 202.0], [208.0, 298.0], [292.0, 298.0], [292.0, 202.0], [208.0, 202.0]], "objects": [{"category": "DoubleBed", "position": [260.3200422427024, 244.63445589031357], "size": [62.62796885659914, 62.906973777075294], "angle": -1.5707872226777828}, {"category": "Nightstand", "position": [285.8364424235051, 211.4146915449428], "size": [14.309649854347505, 11.765987322661212], "angle": -1.5707872226777848}]}]}]}