{"seed": 1, "floorplan": [{"rooms": [{"category": "Bedroom", "corners": [[206.0, 188.0], [206.0, 277.0], [257.0, 277.0], [258.0, 278.0], [258.0, 312.0], [294.0, 312.0], [294.0, 188.0], [206.0, 188.0]], "objects": [{"category": "Nightstand", "position": [285.729829578445, 263.0097382562465], "size": [17.423168114251872, 10.385554070163591], "angle": -1.5707872226777801}, {"category": "DoubleBed", "position": [261.82075238487886, 223.17481811707518], "size": [60.53065056794499, 65.0282928335527], "angle": -1.5707872226777824}, {"category": "PendantLamp", "position": [249.94518171441285, 235.1225185047449], "size": [13.847280120849632, 14.081729507446255], "angle": 0.0}]}]}]}