{"seed": 1, "floorplan": [{"rooms": [{"category": "Bedroom", "corners": [[212.0, 183.0], [212.0, 317.0], [288.0, 317.0], [288.0, 183.0], [212.0, 183.0]], "objects": [{"category": "DoubleBed", "position": [250.94793152183917, 283.60282326548077], "size": [46.78032549266856, 62.73776905057348], "angle": -1.5707872226777828}, {"category": "Nightstand", "position": [281.1997226460465, 244.1988305210895], "size": [17.99842435855598, 14.270409995148501], "angle": -1.5707872226777821}, {"category": "PendantLamp", "position": [249.9085, 246.07299999999998], "size": [19.366078948974632, 20.69343109130861], "angle": 0.0}]}]}]}