{"seed": 1, "floorplan": [{"rooms": [{"category": "Bedroom", "corners": [[210.0, 202.0], [210.0, 298.0], [290.0, 298.0], [290.0, 202.0], [210.0, 202.0]], "objects": [{"category": "DoubleBed", "position": [239.478704784562, 260.0749100806719], "size": [56.45481390033485, 37.46014023739223], "angle": -9.104117114347828e-06}, {"category": "CeilingLamp", "position": [252.7591, 246.7495], "size": [11.693626815857236, 41.944882605283766], "angle": -9.104117112833321e-06}, {"category": "Table", "position": [283.17979561257596, 255.6047850378231], "size": [36.18630714794014, 14.819492708632126], "angle": -1.5662282349266239}, {"category": "Chair", "position": [271.3567559800711, 255.3205362888787], "size": [15.091817162090246, 18.006584070294505], "angle": -9.104117113519748e-06}]}]}]}