{"seed": 1, "floorplan": [{"rooms": [{"category": "Bedroom", "corners": [[206.0, 208.0], [206.0, 292.0], [294.0, 292.0], [294.0, 208.0], [206.0, 208.0]], "objects": [{"category": "DoubleBed", "position": [265.1365, 246.59833355708602], "size": [56.90039978027343, 76.18260040283204], "angle": 0.0}, {"category": "Nightstand", "position": [230.9648907592399, 212.51760566342483], "size": [15.712529754638695, 14.517959976196295], "angle": 0.0}, {"category": "PendantLamp", "position": [249.6055, 249.01239999999999], "size": [13.45256996154788, 13.457130432128878], "angle": 0.0}]}]}]}