{"seed": 1, "floorplan": [{"rooms": [{"category": "Bedroom", "corners": [[205.0, 179.0], [205.0, 321.0], [295.0, 321.0], [295.0, 179.0], [205.0, 179.0]], "objects": [{"category": "Table", "position": [222.78350595316323, 296.6953356331875], "size": [36.36363062080573, 45.76391609263191], "angle": -9.104117113517107e-06}, {"category": "PendantLamp", "position": [249.99999999999994, 246.64225], "size": [31.66560058593751, 31.665600585937483], "angle": 0.0}, {"category": "DoubleBed", "position": [241.1874669244748, 242.05780493504608], "size": [72.09605432312863, 70.99594665132392], "angle": -1.5708054309120105}]}]}]}