{"seed": 1, "floorplan": [{"rooms": [{"category": "Bedroom", "corners": [[304.0, 200.0], [303.0, 201.0], [196.0, 201.0], [196.0, 299.0], [305.0, 299.0], [305.0, 288.0], [304.0, 287.0], [304.0, 200.0]], "objects": [{"category": "DoubleBed", "position": [230.8101346968896, 232.6081818003874], "size": [52.93229827880856, 58.611300659179705], "angle": 0.0}, {"category": "Nightstand", "position": [270.93985931339455, 208.486406232191], "size": [20.24772033691403, 13.433610534667963], "angle": 0.0}, {"category": "CeilingLamp", "position": [243.0433210838856, 247.70476212099538], "size": [25.70498886108399, 16.50918045043943], "angle": 0.0}]}]}]}