{"seed": 1, "floorplan": [{"rooms": [{"category": "Bedroom", "corners": [[189.0, 215.0], [189.0, 285.0], [311.0, 285.0], [311.0, 215.0], [189.0, 215.0]], "objects": [{"category": "DoubleBed", "position": [220.2274004471815, 248.20824257111116], "size": [60.88710021972656, 65.97030029296874], "angle": 0.0}, {"category": "Cabinet", "position": [260.8291681905937, 221.05718001370076], "size": [16.391970062255837, 9.241440010070818], "angle": 0.0}, {"category": "CeilingLamp", "position": [246.6895, 250.7575], "size": [22.474649047851585, 21.465808868408203], "angle": 0.0}]}]}]}