{"seed": 1, "floorplan": [{"rooms": [{"category": "Bedroom", "corners": [[206.0, 181.0], [206.0, 319.0], [294.0, 319.0], [294.0, 182.0], [293.0, 181.0], [206.0, 181.0]], "objects": [{"category": "DoubleBed", "position": [259.5544058809929, 256.52290000000005], "size": [48.48703963926318, 66.67710850381165], "angle": -1.5707872226777824}, {"category": "Nightstand", "position": [287.16595027022447, 219.13661866985217], "size": [16.41761925620648, 10.500095594535154], "angle": -1.5707872226777853}, {"category": "Nightstand", "position": [287.16595027022447, 293.90948133014786], "size": [16.41761925620645, 10.500095594535154], "angle": -1.570787222677782}]}]}]}