{"seed": 1, "floorplan": [{"rooms": [{"category": "Bedroom", "corners": [[279.0, 152.0], [279.0, 215.0], [278.0, 216.0], [195.0, 216.0], [195.0, 348.0], [305.0, 348.0], [305.0, 152.0], [279.0, 152.0]], "objects": [{"category": "DoubleBed", "position": [231.33591986289179, 294.709], "size": [71.78015331479146, 58.57733230855158], "angle": -9.104117114834506e-06}, {"category": "Nightstand", "position": [203.21636047111548, 255.69757297173038], "size": [6.962403360273813, 9.28037433069761], "angle": -9.104117116128613e-06}, {"category": "Nightstand", "position": [203.74906927075244, 333.5914270282696], "size": [6.962403360273813, 9.28037433069761], "angle": -9.104117116128613e-06}]}]}]}