{"seed": 1, "floorplan": [{"rooms": [{"category": "Bedroom", "corners": [[169.0, 195.0], [169.0, 305.0], [331.0, 305.0], [331.0, 195.0], [169.0, 195.0]], "objects": [{"category": "DoubleBed", "position": [245.8105, 232.40231824687615], "size": [55.59689941406248, 60.111300659179676], "angle": 0.0}, {"category": "Nightstand", "position": [201.8524856991499, 201.2994764483715], "size": [18.458429718017555, 10.577129745483404], "angle": 0.0}, {"category": "Nightstand", "position": [289.7685143008501, 201.2994764483715], "size": [18.458429718017555, 10.577129745483404], "angle": 0.0}]}]}]}