{"seed": 1, "floorplan": [{"rooms": [{"category": "Bedroom", "corners": [[190.0, 194.0], [190.0, 306.0], [310.0, 306.0], [310.0, 194.0], [190.0, 194.0]], "objects": [{"category": "DoubleBed", "position": [276.44769586382046, 248.9115964353707], "size": [75.18698517341409, 67.79401625532468], "angle": -1.5707872226777828}, {"category": "Nightstand", "position": [305.29904319179684, 295.0674431201487], "size": [22.800207576704896, 10.920099876084377], "angle": -1.5707872226777806}, {"category": "Nightstand", "position": [305.2919412436878, 203.29916039779755], "size": [22.800207576704896, 10.920099876084377], "angle": -1.5707872226777806}, {"category": "PendantLamp", "position": [259.93119104995185, 249.8526703891048], "size": [20.29197006225587, 20.291819000244175], "angle": 0.0}]}]}]}