{"seed": 1, "floorplan": [{"rooms": [{"category": "Bedroom", "corners": [[263.0, 170.0], [263.0, 200.0], [262.0, 201.0], [202.0, 201.0], [202.0, 330.0], [298.0, 330.0], [298.0, 170.0], [263.0, 170.0]], "objects": [{"category": "DoubleBed", "position": [239.32374711947375, 268.9964622587673], "size": [67.79401625532473, 75.18698517341409], "angle": -9.104117114268615e-06}, {"category": "PendantLamp", "position": [251.97100000000003, 268.26700000000005], "size": [16.78505973815919, 16.411380386352505], "angle": 0.0}]}]}]}