{"seed": 1, "floorplan": [{"rooms": [{"category": "Bedroom", "corners": [[135.0, 152.0], [135.0, 340.0], [134.0, 341.0], [292.0, 341.0], [293.0, 342.0], [293.0, 348.0], [341.0, 348.0], [341.0, 342.0], [342.0, 341.0], [365.0, 341.0], [365.0, 154.0], [366.0, 153.0], [366.0, 152.0], [135.0, 152.0]], "objects": [{"category": "PendantLamp", "position": [209.15769999999998, 184.67515000000003], "size": [42.15150146484373, 37.19460067749023], "angle": 0.0}, {"category": "DoubleBed", "position": [211.21631901431624, 204.69827982817839], "size": [88.14659729003904, 101.81790161132812], "angle": 0.0}, {"category": "Nightstand", "position": [253.1744143834833, 157.21004726436365], "size": [16.653509902954113, 15.95588951110841], "angle": 0.0}, {"category": "Nightstand", "position": [175.00518416098083, 158.51671084159022], "size": [16.653509902954085, 15.955889511108381], "angle": 0.0}]}]}]}