{"seed": 1, "floorplan": [{"rooms": [{"category": "Bedroom", "corners": [[276.0, 167.0], [276.0, 218.0], [275.0, 219.0], [202.0, 219.0], [202.0, 333.0], [298.0, 333.0], [298.0, 167.0], [276.0, 167.0]], "objects": [{"category": "CeilingLamp", "position": [250.267, 274.9066], "size": [22.71608963012696, 22.761000823974655], "angle": 0.0}, {"category": "DoubleBed", "position": [237.11305860997658, 294.5925651930084], "size": [58.29263275615256, 60.66025379865461], "angle": -9.104117113739028e-06}, {"category": "Nightstand", "position": [209.6634720897722, 253.93543569761488], "size": [10.843719023230266, 16.043156008166534], "angle": -9.104117113669971e-06}]}]}]}