{"seed": 1, "floorplan": [{"rooms": [{"category": "Bedroom", "corners": [[199.0, 202.0], [199.0, 298.0], [301.0, 298.0], [301.0, 202.0], [199.0, 202.0]], "objects": [{"category": "PendantLamp", "position": [255.1153, 251.6365], "size": [25.082599114016023, 26.259208947152196], "angle": -3.1415835494726796}, {"category": "DoubleBed", "position": [263.38200605577373, 240.97564775705655], "size": [37.459799194335915, 56.454299926757784], "angle": 0.0}, {"category": "Nightstand", "position": [291.7015152691149, 213.96906120329828], "size": [22.80000000000001, 10.920000457763678], "angle": 0.0}, {"category": "Nightstand", "position": [234.91775473854912, 216.82296427746076], "size": [22.799999999999983, 10.92000045776365], "angle": 0.0}]}]}]}