{"seed": 1, "floorplan": [{"rooms": [{"category": "Bedroom", "corners": [[194.0, 193.0], [194.0, 223.0], [193.0, 224.0], [175.0, 224.0], [175.0, 307.0], [322.0, 307.0], [322.0, 220.0], [323.0, 219.0], [325.0, 219.0], [325.0, 194.0], [323.0, 194.0], [322.0, 193.0], [194.0, 193.0]], "objects": [{"category": "DoubleBed", "position": [252.2995839026866, 273.60639567457457], "size": [58.30560150146482, 64.15139923095705], "angle": 3.141592653589793}, {"category": "PendantLamp", "position": [251.78635, 248.49985], "size": [23.628659820556607, 23.628659820556635], "angle": 0.0}]}]}]}