{"seed": 1, "floorplan": [{"rooms": [{"category": "Bedroom", "corners": [[183.0, 210.0], [183.0, 290.0], [317.0, 290.0], [317.0, 210.0], [183.0, 210.0]], "objects": [{"category": "DoubleBed", "position": [231.3583, 256.8561106071928], "size": [63.50580139160155, 62.55330047607424], "angle": 3.141592653589793}, {"category": "Nightstand", "position": [192.7045744462747, 283.0528599203249], "size": [19.22070007324217, 11.450699615478584], "angle": 3.141592653589793}, {"category": "Nightstand", "position": [270.59102555372533, 283.0528599203249], "size": [19.2207000732422, 11.450699615478584], "angle": 3.141592653589793}, {"category": "PendantLamp", "position": [236.28730000000002, 246.0346], "size": [9.113579750061035, 9.113579750061064], "angle": 0.0}]}]}]}