{"seed": 1, "floorplan": [{"rooms": [{"category": "Bedroom", "corners": [[255.0, 176.0], [252.0, 179.0], [252.0, 183.0], [251.0, 184.0], [212.0, 184.0], [212.0, 263.0], [213.0, 264.0], [213.0, 324.0], [281.0, 324.0], [281.0, 322.0], [280.0, 321.0], [280.0, 185.0], [281.0, 184.0], [281.0, 183.0], [288.0, 176.0], [255.0, 176.0]], "objects": [{"category": "CeilingLamp", "position": [248.2005922087656, 253.84605216988695], "size": [17.846760177612282, 17.74787979125975], "angle": 0.0}, {"category": "Table", "position": [271.9852910890754, 232.54708058224014], "size": [43.98129946057535, 18.04642474978283], "angle": -1.570787222677782}, {"category": "Chair", "position": [256.0329861912407, 236.72949391159298], "size": [12.248669815063492, 12.60540046691892], "angle": -0.9021779896867161}, {"category": "DoubleBed", "position": [248.2163514043206, 290.3600970509666], "size": [69.77037540916662, 69.58767441375774], "angle": -1.5498884325360864}]}]}]}