{"seed": 1, "floorplan": [{"rooms": [{"category": "Bedroom", "corners": [[202.0, 194.0], [202.0, 306.0], [257.0, 306.0], [257.0, 272.0], [258.0, 271.0], [298.0, 271.0], [298.0, 194.0], [202.0, 194.0]], "objects": [{"category": "DoubleBed", "position": [266.5856401158086, 232.3994522472459], "size": [62.627968856599175, 62.906973777075294], "angle": -1.5707872226777821}, {"category": "Table", "position": [214.93981912955158, 273.3607319936904], "size": [25.166269919713574, 64.43878856524515], "angle": -9.104117114921415e-06}]}]}]}