{"seed": 1, "floorplan": [{"rooms": [{"category": "Bedroom", "corners": [[208.0, 184.0], [208.0, 316.0], [262.0, 316.0], [262.0, 300.0], [263.0, 299.0], [292.0, 299.0], [292.0, 208.0], [291.0, 207.0], [291.0, 185.0], [292.0, 184.0], [208.0, 184.0]], "objects": [{"category": "DoubleBed", "position": [242.0305, 245.644], "size": [58.973035984342864, 66.36690212739752], "angle": -1.5708054309120103}, {"category": "Nightstand", "position": [215.01156645710594, 284.149], "size": [13.361641269303417, 17.675231108536273], "angle": -9.104117112802513e-06}, {"category": "Nightstand", "position": [212.07980248968795, 209.25677210089526], "size": [13.361641269303417, 17.675231108536245], "angle": -9.104117112802513e-06}, {"category": "CeilingLamp", "position": [252.89350000000002, 246.7], "size": [18.766679763793945, 17.502059555053734], "angle": 0.0}]}]}]}