{"seed": 1, "floorplan": [{"rooms": [{"category": "Bedroom", "corners": [[201.0, 207.0], [201.0, 293.0], [299.0, 293.0], [299.0, 207.0], [201.0, 207.0]], "objects": [{"category": "DoubleBed", "position": [247.40618233445548, 241.1441629506635], "size": [75.1863006591797, 67.79339904785155], "angle": 0.0}, {"category": "Nightstand", "position": [211.02538301576595, 211.9527955806251], "size": [22.80000000000001, 10.92000045776365], "angle": 0.0}]}]}]}