{"seed": 1, "floorplan": [{"rooms": [{"category": "Bedroom", "corners": [[203.0, 163.0], [203.0, 337.0], [297.0, 337.0], [297.0, 163.0], [203.0, 163.0]], "objects": [{"category": "PendantLamp", "position": [242.11668940652325, 243.06161401991258], "size": [8.692519171031813, 8.793649814336398], "angle": -1.5707872226777844}, {"category": "DoubleBed", "position": [260.8328413821214, 233.6642088649345], "size": [58.57733230855167, 71.78015331479149], "angle": -1.5707872226777821}, {"category": "Nightstand", "position": [287.90449709532834, 187.34537052666488], "size": [9.28037433069761, 6.962403360273813], "angle": -1.5707872226777815}, {"category": "Nightstand", "position": [288.7928984380844, 280.7022352010528], "size": [9.280374330697553, 6.962403360273813], "angle": -1.5707872226777815}]}]}]}