{"seed": 1, "floorplan": [{"rooms": [{"category": "Bedroom", "corners": [[201.0, 181.0], [201.0, 319.0], [299.0, 319.0], [299.0, 181.0], [201.0, 181.0]], "objects": [{"category": "Nightstand", "position": [209.09108225004456, 302.00787483148133], "size": [9.714747944727756, 11.786626930123202], "angle": -9.10411711348523e-06}, {"category": "Nightstand", "position": [208.95050856533095, 214.02563945446127], "size": [11.786626930123145, 9.714747944727701], "angle": -1.5708054309120107}, {"category": "DoubleBed", "position": [235.70195122093767, 257.91265272571957], "size": [51.83267251542755, 53.730491001964054], "angle": -9.104117114763401e-06}, {"category": "PendantLamp", "position": [249.51238362980118, 254.68332165883857], "size": [25.350210571289097, 24.21144104003909], "angle": 0.0}]}]}]}