{"seed": 1, "floorplan": [{"rooms": [{"category": "Bedroom", "corners": [[196.0, 175.0], [196.0, 178.0], [195.0, 179.0], [193.0, 179.0], [193.0, 325.0], [307.0, 325.0], [307.0, 179.0], [305.0, 179.0], [304.0, 178.0], [304.0, 175.0], [250.0, 175.0], [250.0, 178.0], [249.0, 179.0], [220.0, 179.0], [219.0, 178.0], [219.0, 176.0], [220.0, 175.0], [196.0, 175.0]], "objects": [{"category": "DoubleBed", "position": [273.7289994925481, 213.4324], "size": [56.584417131044496, 65.94060124921651], "angle": -1.5707872226777821}, {"category": "DoubleBed", "position": [273.7289994925481, 287.8918], "size": [56.58441713104444, 65.94060124921651], "angle": -1.5707872226777821}]}]}]}