{"seed": 1, "floorplan": [{"rooms": [{"category": "Bedroom", "corners": [[208.0, 191.0], [208.0, 309.0], [292.0, 309.0], [292.0, 191.0], [208.0, 191.0]], "objects": [{"category": "DoubleBed", "position": [257.3095, 246.73300000000003], "size": [55.32050181556526, 66.04770061293792], "angle": -1.5707872226777821}, {"category": "Nightstand", "position": [284.37643357341256, 204.81099999999998], "size": [15.871374048728526, 14.724253619810662], "angle": -1.5707872226777833}, {"category": "PendantLamp", "position": [251.0665, 243.26500000000001], "size": [26.167890930175815, 26.167890930175787], "angle": 0.0}]}]}]}