{"seed": 1, "floorplan": [{"rooms": [{"category": "Bedroom", "corners": [[187.0, 202.0], [187.0, 298.0], [313.0, 298.0], [313.0, 202.0], [187.0, 202.0]], "objects": [{"category": "DoubleBed", "position": [221.9324342895134, 250.24915000000004], "size": [71.41775224932144, 68.56832597810309], "angle": -1.570805430912011}, {"category": "CeilingLamp", "position": [250.00000000000003, 249.99985000000004], "size": [18.47552947998045, 18.46976966857909], "angle": 0.0}]}]}]}