{"seed": 1, "floorplan": [{"rooms": [{"category": "Bedroom", "corners": [[211.0, 208.0], [211.0, 237.0], [210.0, 238.0], [181.0, 238.0], [181.0, 292.0], [319.0, 292.0], [319.0, 208.0], [211.0, 208.0]], "objects": [{"category": "Nightstand", "position": [226.41163246911782, 289.1589674399877], "size": [18.421757131006043, 10.778982761614976], "angle": -0.00495995932595344}, {"category": "DoubleBed", "position": [264.28620601033776, 258.8454436604353], "size": [66.41389381313002, 60.149274333897885], "angle": -1.5683763315190427}, {"category": "Nightstand", "position": [301.5478075913636, 289.1928367217312], "size": [10.778982761614976, 18.421757131006043], "angle": -1.5757562861208523}, {"category": "PendantLamp", "position": [276.47499999999997, 246.46900000000002], "size": [26.324971637299004, 26.32467179900189], "angle": -3.139404485608988}]}]}]}