{"seed": 1, "floorplan": [{"rooms": [{"category": "Bedroom", "corners": [[200.0, 190.0], [200.0, 310.0], [300.0, 310.0], [300.0, 190.0], [200.0, 190.0]], "objects": [{"category": "PendantLamp", "position": [290.3461, 222.05170000000004], "size": [16.5, 16.5], "angle": 0.0}, {"category": "CornerSideTable", "position": [293.4565460444145, 301.10892367216115], "size": [13.387949752807629, 13.387949752807629], "angle": 0.0}, {"category": "DoubleBed", "position": [262.9497951028065, 262.26044378491844], "size": [63.88048117519724, 28.473019995593724], "angle": -1.5707872226777821}]}]}]}