{"seed": 1, "floorplan": [{"rooms": [{"category": "Bedroom", "corners": [[207.0, 196.0], [207.0, 304.0], [256.0, 304.0], [256.0, 288.0], [257.0, 287.0], [293.0, 287.0], [293.0, 196.0], [207.0, 196.0]], "objects": [{"category": "DoubleBed", "position": [244.26145307791643, 248.3809978870462], "size": [71.78015331479149, 58.57733230855161], "angle": -9.104117114042591e-06}, {"category": "Nightstand", "position": [215.75897821836327, 283.320843271504], "size": [6.962403360273842, 9.28037433069761], "angle": -9.104117107964237e-06}]}]}]}