{"seed": 1, "floorplan": [{"rooms": [{"category": "Bedroom", "corners": [[199.0, 193.0], [199.0, 307.0], [301.0, 307.0], [301.0, 193.0], [199.0, 193.0]], "objects": [{"category": "DoubleBed", "position": [266.10039096641333, 227.56457953015644], "size": [53.29049835205072, 68.61690216064457], "angle": 0.0}, {"category": "TVStand", "position": [267.01566181557115, 301.2147247221508], "size": [60.30000000000004, 11.549999999999955], "angle": 3.141592653589793}, {"category": "Nightstand", "position": [228.63916455166202, 197.84726153464135], "size": [17.592539978027332, 13.59078025817874], "angle": 0.0}, {"category": "PendantLamp", "position": [255.91900000000004, 251.24200000000002], "size": [20.31662979125977, 20.85401916503909], "angle": 0.0}]}]}]}