{"seed": 1, "floorplan": [{"rooms": [{"category": "Bedroom", "corners": [[220.0, 199.0], [220.0, 260.0], [219.0, 261.0], [154.0, 261.0], [154.0, 302.0], [212.0, 302.0], [213.0, 301.0], [346.0, 301.0], [346.0, 199.0], [220.0, 199.0]], "objects": [{"category": "Nightstand", "position": [325.20038384466994, 204.82273530511893], "size": [16.846049880981468, 12.690930175781261], "angle": 0.0}, {"category": "Nightstand", "position": [235.39538384466996, 204.82273530511893], "size": [16.84604988098141, 12.690930175781261], "angle": 0.0}, {"category": "DoubleBed", "position": [280.46621920997563, 240.14973154344608], "size": [63.41070098876958, 81.12629699707031], "angle": 0.0}]}]}]}