{"seed": 1, "floorplan": [{"rooms": [{"category": "Bedroom", "corners": [[191.0, 203.0], [191.0, 290.0], [192.0, 289.0], [282.0, 289.0], [283.0, 290.0], [283.0, 297.0], [307.0, 297.0], [307.0, 290.0], [308.0, 289.0], [309.0, 289.0], [309.0, 203.0], [191.0, 203.0]], "objects": [{"category": "DoubleBed", "position": [244.15036469934296, 236.58820015379231], "size": [60.14909820556639, 66.4136993408203], "angle": 0.0}, {"category": "Nightstand", "position": [206.20686708909452, 211.91550008545545], "size": [16.057680130004854, 13.400640106201166], "angle": 0.0}, {"category": "Nightstand", "position": [284.6091302304246, 209.95077684450467], "size": [16.057680130004883, 13.400640106201166], "angle": 0.0}, {"category": "PendantLamp", "position": [241.52904999999998, 249.84999999999994], "size": [28.86960067749021, 28.869570922851523], "angle": 0.0}]}]}]}