{"seed": 1, "floorplan": [{"rooms": [{"category": "Bedroom", "corners": [[205.0, 201.0], [205.0, 299.0], [295.0, 299.0], [295.0, 201.0], [205.0, 201.0]], "objects": [{"category": "Nightstand", "position": [212.1268156355908, 210.62697379641264], "size": [17.99797345723415, 18.64471930502766], "angle": -9.104117114299583e-06}, {"category": "PendantLamp", "position": [262.441, 244.93], "size": [24.710579681396467, 24.710609436035156], "angle": 0.0}, {"category": "DoubleBed", "position": [240.2474931621777, 243.93713414887065], "size": [71.4177522493215, 68.56832597810306], "angle": -1.570805430912011}, {"category": "Nightstand", "position": [212.0764933082021, 273.6279021847504], "size": [17.99797345723415, 18.64471930502766], "angle": -9.104117114299583e-06}]}]}]}