{"seed": 1, "floorplan": [{"rooms": [{"category": "Bedroom", "corners": [[186.0, 192.0], [186.0, 308.0], [314.0, 308.0], [314.0, 192.0], [186.0, 192.0]], "objects": [{"category": "DoubleBed", "position": [230.29442947226983, 276.3846777577118], "size": [81.85979919433589, 62.88900146484377], "angle": 3.141592653589793}, {"category": "Cabinet", "position": [230.89228880851283, 196.36277002018312], "size": [54.12810058593752, 11.998499679565441], "angle": 0.0}, {"category": "PendantLamp", "position": [255.40299999999996, 247.3225], "size": [47.269798278808565, 30.862200164794956], "angle": 0.0}]}]}]}