{"seed": 1, "floorplan": [{"rooms": [{"category": "Bedroom", "corners": [[278.0, 187.0], [278.0, 214.0], [277.0, 215.0], [192.0, 215.0], [192.0, 313.0], [308.0, 313.0], [308.0, 187.0], [278.0, 187.0]], "objects": [{"category": "DoubleBed", "position": [228.1441006814743, 262.007078731683], "size": [70.99594665132396, 72.0960543231286], "angle": -9.10411711402026e-06}, {"category": "Nightstand", "position": [199.15949519942723, 228.26299362151448], "size": [17.090705065482908, 29.796451996721064], "angle": -9.104117114533835e-06}, {"category": "Nightstand", "position": [199.33498478654434, 300.257220529284], "size": [17.090705065482908, 29.796451996721007], "angle": -9.104117114533835e-06}, {"category": "PendantLamp", "position": [237.80799999999994, 262.9711], "size": [29.16299514930726, 29.162995149307203], "angle": -1.570787222677783}]}]}]}