{"seed": 1, "floorplan": [{"rooms": [{"category": "Bedroom", "corners": [[208.0, 206.0], [208.0, 294.0], [292.0, 294.0], [292.0, 206.0], [208.0, 206.0]], "objects": [{"category": "DoubleBed", "position": [259.84507610080226, 234.1171935131656], "size": [63.49712743794565, 41.037510593430866], "angle": -0.009866045254561502}, {"category": "Nightstand", "position": [285.0083981753485, 265.6395454498076], "size": [7.339806622262767, 8.91989131247494], "angle": -3.14158354947268}]}]}]}