{"seed": 1, "floorplan": [{"rooms": [{"category": "Bedroom", "corners": [[202.0, 193.0], [202.0, 306.0], [201.0, 307.0], [298.0, 307.0], [298.0, 275.0], [282.0, 275.0], [281.0, 274.0], [281.0, 193.0], [202.0, 193.0]], "objects": [{"category": "DoubleBed", "position": [243.4517835910759, 239.46609569868014], "size": [82.07954975546961, 86.09778091816132], "angle": -9.104117113949585e-06}, {"category": "Cabinet", "position": [205.41175168897746, 204.4303276092504], "size": [12.720416101653823, 13.836216054995417], "angle": -9.104117115309088e-06}, {"category": "Cabinet", "position": [205.53179222881624, 278.3297698959957], "size": [12.720416101653854, 13.836216054995445], "angle": -9.104117115309068e-06}]}]}]}