{"seed": 1, "floorplan": [{"rooms": [{"category": "Bedroom", "corners": [[227.0, 209.0], [227.0, 291.0], [273.0, 291.0], [273.0, 209.0], [227.0, 209.0]], "objects": [{"category": "Table", "position": [235.00222672144395, 272.76474958252595], "size": [38.71983081907847, 18.55624537683256], "angle": -1.565946416057816}, {"category": "SingleBed", "position": [262.9714259674297, 237.9674069730151], "size": [65.94359893798827, 35.187899780273426], "angle": 0.0}, {"category": "CeilingLamp", "position": [249.24580859137558, 252.9117777676792], "size": [30.560700988769554, 30.509099578857445], "angle": 0.0}]}]}]}