{"seed": 1, "floorplan": [{"rooms": [{"category": "Bedroom", "corners": [[173.0, 204.0], [173.0, 264.0], [219.0, 264.0], [220.0, 265.0], [220.0, 295.0], [221.0, 296.0], [327.0, 296.0], [327.0, 204.0], [173.0, 204.0]], "objects": [{"category": "DoubleBed", "position": [274.46799999999996, 260.33831075571703], "size": [50.64960021972655, 69.93929901123045], "angle": 3.141592653589793}, {"category": "Cabinet", "position": [236.86251916133162, 285.2858177527281], "size": [16.653509902954085, 15.95588951110841], "angle": 3.141592653589793}, {"category": "Cabinet", "position": [313.22848083866836, 284.59133409119664], "size": [16.653509902954056, 15.955889511108467], "angle": 3.141592653589793}]}]}]}