{"seed": 1, "floorplan": [{"rooms": [{"category": "Bedroom", "corners": [[192.0, 204.0], [192.0, 275.0], [191.0, 276.0], [191.0, 296.0], [309.0, 296.0], [309.0, 205.0], [273.0, 205.0], [272.0, 204.0], [192.0, 204.0]], "objects": [{"category": "DoubleBed", "position": [275.3924205348412, 244.87470553183306], "size": [60.14964581747903, 66.41430398717425], "angle": -1.5707872226777824}, {"category": "Nightstand", "position": [305.51851033827137, 211.6332131170211], "size": [10.778948307204674, 18.42169824689865], "angle": -3.1415835494726796}, {"category": "Nightstand", "position": [304.6073780000255, 281.701234161143], "size": [18.42169824689862, 10.778948307204617], "angle": -1.570787222677784}, {"category": "Cabinet", "position": [199.223267513023, 251.86794210832693], "size": [14.868615285664683, 54.690498826500225], "angle": -9.104117113931362e-06}]}]}]}