{"seed": 1, "floorplan": [{"rooms": [{"category": "Bedroom", "corners": [[200.0, 191.0], [200.0, 309.0], [300.0, 309.0], [300.0, 191.0], [200.0, 191.0]], "objects": [{"category": "DoubleBed", "position": [235.3708006105669, 263.30179197737573], "size": [70.63354100817553, 64.02868351322437], "angle": -9.104117114358748e-06}, {"category": "Nightstand", "position": [209.71502805923546, 225.80545383317227], "size": [15.203028425429748, 15.717292827223071], "angle": -1.5708054309120103}, {"category": "Nightstand", "position": [208.9328486530387, 299.1373766855371], "size": [15.717292827223043, 15.203028425429748], "angle": -9.104117113792356e-06}]}]}]}