{"seed": 1, "floorplan": [{"rooms": [{"category": "Bedroom", "corners": [[228.0, 207.0], [228.0, 238.0], [226.0, 240.0], [192.0, 240.0], [192.0, 293.0], [308.0, 293.0], [308.0, 207.0], [228.0, 207.0]], "objects": [{"category": "DoubleBed", "position": [271.5787512432224, 247.76083191767228], "size": [82.35135398783092, 71.91785445858129], "angle": -1.5707872226777824}, {"category": "CeilingLamp", "position": [283.57000000000005, 242.5738], "size": [16.616041015062205, 16.616041015062205], "angle": -1.5707872226777826}, {"category": "Cabinet", "position": [272.69606182721884, 285.76579083162403], "size": [69.12059783935547, 18.500640106201217], "angle": 3.141592653589793}]}]}]}