{"seed": 1, "floorplan": [{"rooms": [{"category": "Bedroom", "corners": [[206.0, 199.0], [206.0, 301.0], [294.0, 301.0], [294.0, 199.0], [206.0, 199.0]], "objects": [{"category": "DoubleBed", "position": [252.68147600308657, 235.2821651346481], "size": [72.42929992675784, 71.56320190429688], "angle": 0.0}, {"category": "Nightstand", "position": [214.06652889518455, 204.24964326810976], "size": [20.45286026000977, 13.753859710693348], "angle": 0.0}, {"category": "Nightstand", "position": [284.98608183006354, 204.00790348617696], "size": [20.4528602600098, 13.753859710693348], "angle": 0.0}, {"category": "Cabinet", "position": [239.25683190917965, 288.5905], "size": [98.48700256347658, 13.519589996337913], "angle": 3.141592653589793}]}]}]}