{"seed": 1, "floorplan": [{"rooms": [{"category": "Bedroom", "corners": [[160.0, 197.0], [160.0, 223.0], [221.0, 223.0], [222.0, 224.0], [222.0, 303.0], [340.0, 303.0], [340.0, 197.0], [160.0, 197.0]], "objects": [{"category": "DoubleBed", "position": [284.533, 266.88280000000003], "size": [63.52349853515625, 62.82209930419924], "angle": 3.141592653589793}, {"category": "Cabinet", "position": [225.57733721784217, 287.4459463133421], "size": [49.38105107438354, 17.750921876372335], "angle": -1.570805430912011}, {"category": "Cabinet", "position": [225.5773372178422, 238.81065368665787], "size": [17.750921876372363, 49.38105107438354], "angle": -9.104117115271673e-06}, {"category": "PendantLamp", "position": [284.67490000000004, 249.75820000000002], "size": [37.48499908447263, 37.48499908447269], "angle": 0.0}]}]}]}