{"seed": 1, "floorplan": [{"rooms": [{"category": "Bedroom", "corners": [[200.0, 190.0], [200.0, 310.0], [300.0, 310.0], [300.0, 190.0], [200.0, 190.0]], "objects": [{"category": "DoubleBed", "position": [266.95160282922404, 241.48600000000005], "size": [48.48703963926324, 66.67710850381168], "angle": -1.5707872226777824}, {"category": "Nightstand", "position": [293.4841039141012, 205.80003105885675], "size": [16.41761925620648, 10.500095594535154], "angle": -1.570787222677782}, {"category": "CeilingLamp", "position": [249.0775, 245.56900000000002], "size": [18.86939176063754, 18.433397648455788], "angle": -9.104117114223392e-06}, {"category": "Nightstand", "position": [293.4870702734437, 277.3339689411433], "size": [16.417619256206507, 10.500095594535154], "angle": -1.5707872226777853}]}]}]}