{"seed": 1, "floorplan": [{"rooms": [{"category": "Bedroom", "corners": [[201.0, 200.0], [201.0, 300.0], [299.0, 300.0], [299.0, 200.0], [201.0, 200.0]], "objects": [{"category": "Table", "position": [290.76074756096295, 225.65582023769187], "size": [35.92832773806151, 17.98234411877515], "angle": -1.5707872226777828}, {"category": "Cabinet", "position": [228.776922630289, 295.803988241178], "size": [47.11979827880862, 12.553139877319325], "angle": 3.141592653589793}, {"category": "DoubleBed", "position": [232.4932323219668, 245.65661796798065], "size": [54.233591590572374, 90.27082000880368], "angle": -9.104117114540868e-06}]}]}]}