{"seed": 1, "floorplan": [{"rooms": [{"category": "Bedroom", "corners": [[214.0, 191.0], [214.0, 309.0], [286.0, 309.0], [286.0, 191.0], [214.0, 191.0]], "objects": [{"category": "DoubleBed", "position": [250.72312065602148, 244.117], "size": [72.5505582778992, 49.23314628545203], "angle": -9.104117114123996e-06}, {"category": "Nightstand", "position": [222.92778437358976, 207.3415259992718], "size": [17.791829681396507, 13.5], "angle": 0.0}, {"category": "Nightstand", "position": [222.92778437358976, 275.18947400072824], "size": [17.791829681396507, 13.5], "angle": 0.0}, {"category": "CeilingLamp", "position": [247.486, 246.811], "size": [21.65414886474605, 21.654148864746105], "angle": 0.0}]}]}]}