{"seed": 1, "floorplan": [{"rooms": [{"category": "Bedroom", "corners": [[200.0, 210.0], [200.0, 290.0], [300.0, 290.0], [300.0, 210.0], [200.0, 210.0]], "objects": [{"category": "DoubleBed", "position": [268.105, 261.457], "size": [59.31804187191313, 48.39254262416226], "angle": -3.141583549472679}, {"category": "CeilingLamp", "position": [248.32600000000005, 259.372], "size": [20.952420043945324, 21.00048065185547], "angle": 0.0}]}]}]}