{"seed": 1, "floorplan": [{"rooms": [{"category": "Bedroom", "corners": [[201.0, 197.0], [201.0, 212.0], [200.0, 213.0], [200.0, 303.0], [300.0, 303.0], [300.0, 214.0], [299.0, 213.0], [299.0, 197.0], [201.0, 197.0]], "objects": [{"category": "DoubleBed", "position": [233.63026721292488, 252.97241600054392], "size": [65.97090090251066, 60.88765455058774], "angle": -9.104117113960187e-06}, {"category": "Cabinet", "position": [206.3994356524194, 289.71719575007944], "size": [16.392102326195552, 9.241514577634138], "angle": -1.5579209781496093}, {"category": "Cabinet", "position": [207.3369384418101, 217.02995074061195], "size": [16.39210232619561, 9.241514577634138], "angle": -1.5579209781496093}]}]}]}