{"seed": 1, "floorplan": [{"rooms": [{"category": "Bedroom", "corners": [[198.0, 198.0], [198.0, 302.0], [302.0, 302.0], [302.0, 198.0], [198.0, 198.0]], "objects": [{"category": "DoubleBed", "position": [229.79006955333762, 247.32803072316514], "size": [64.44088514194993, 52.76358003840887], "angle": -9.104117114355753e-06}, {"category": "TVStand", "position": [295.27599999999995, 246.25002078065398], "size": [54.57769567549898, 11.754197511955827], "angle": -1.5707872226777817}, {"category": "PendantLamp", "position": [250.012, 249.98950000000002], "size": [16.53683967590331, 16.68038978576658], "angle": 0.0}]}]}]}