{"seed": 1, "floorplan": [{"rooms": [{"category": "Bedroom", "corners": [[192.0, 199.0], [192.0, 301.0], [308.0, 301.0], [308.0, 200.0], [309.0, 199.0], [192.0, 199.0]], "objects": [{"category": "DoubleBed", "position": [271.3204700844298, 233.63452921355378], "size": [65.72129974367718, 68.6796020508073], "angle": -0.0013200003833278597}, {"category": "Nightstand", "position": [229.0341544505631, 203.5570071664793], "size": [18.057839584350518, 13.005720520019452], "angle": 0.0}]}]}]}