{"seed": 1, "floorplan": [{"rooms": [{"category": "Bedroom", "corners": [[203.0, 202.0], [203.0, 298.0], [297.0, 298.0], [297.0, 202.0], [203.0, 202.0]], "objects": [{"category": "DoubleBed", "position": [261.36710926336264, 256.8334671418431], "size": [57.25371948912764, 69.89283602249232], "angle": -1.5707872226777826}, {"category": "Nightstand", "position": [289.88757378799096, 223.7468374284909], "size": [17.689391012230526, 17.72872128057778], "angle": -1.5707872226777844}, {"category": "Nightstand", "position": [289.54259406817965, 291.7235676216628], "size": [17.72872128057778, 17.689391012230526], "angle": -3.1415835494726805}]}]}]}