{"seed": 1, "floorplan": [{"rooms": [{"category": "Bedroom", "corners": [[208.0, 212.0], [208.0, 288.0], [292.0, 288.0], [292.0, 212.0], [208.0, 212.0]], "objects": [{"category": "DoubleBed", "position": [259.762, 254.79649955240887], "size": [60.53009948730471, 65.02770080566404], "angle": 3.141592653589793}]}]}]}