{"seed": 1, "floorplan": [{"rooms": [{"category": "Bedroom", "corners": [[201.0, 189.0], [201.0, 311.0], [299.0, 311.0], [299.0, 189.0], [246.0, 189.0], [245.0, 190.0], [240.0, 190.0], [239.0, 189.0], [201.0, 189.0]], "objects": [{"category": "DoubleBed", "position": [239.104369995333, 257.7360701305731], "size": [70.6335410081755, 64.02868351322434], "angle": -9.104117114358751e-06}, {"category": "Nightstand", "position": [207.1860658506159, 218.50948857301006], "size": [15.717292827222986, 15.20302842542972], "angle": -9.104117113792388e-06}, {"category": "Nightstand", "position": [209.31809747655473, 294.122799240647], "size": [15.717292827223043, 15.203028425429748], "angle": -9.104117113792356e-06}, {"category": "CeilingLamp", "position": [242.677, 258.49405], "size": [23.220719146728527, 23.220719146728527], "angle": 3.141592653589793}]}]}]}