{"seed": 1, "floorplan": [{"rooms": [{"category": "Bedroom", "corners": [[206.0, 191.0], [206.0, 308.0], [205.0, 309.0], [295.0, 309.0], [294.0, 308.0], [294.0, 191.0], [206.0, 191.0]], "objects": [{"category": "Nightstand", "position": [286.44375373800983, 293.8748368747936], "size": [15.203028425429805, 15.717292827223043], "angle": -1.570787222677781}, {"category": "Nightstand", "position": [285.953414571297, 218.15816312520644], "size": [15.203028425429748, 15.7172928272231], "angle": -1.570787222677781}, {"category": "DoubleBed", "position": [258.40303107332306, 256.9105], "size": [64.02868351322442, 70.6335410081755], "angle": -1.5707872226777824}, {"category": "PendantLamp", "position": [252.12699999999998, 256.3405], "size": [10.608487007983472, 10.608487007983472], "angle": -9.10411711391693e-06}]}]}]}