{"seed": 1, "floorplan": [{"rooms": [{"category": "Bedroom", "corners": [[213.0, 218.0], [213.0, 282.0], [287.0, 282.0], [287.0, 218.0], [213.0, 218.0]], "objects": [{"category": "Nightstand", "position": [234.6737710471333, 221.79409223783824], "size": [19.484999084472662, 13.076700210571289], "angle": 0.0}, {"category": "DoubleBed", "position": [256.358066742515, 249.99316547630653], "size": [60.53370208740233, 63.57989959716798], "angle": 0.0}]}]}]}