{"seed": 1, "floorplan": [{"rooms": [{"category": "Bedroom", "corners": [[208.0, 205.0], [208.0, 295.0], [251.0, 295.0], [251.0, 279.0], [252.0, 278.0], [265.0, 278.0], [266.0, 279.0], [266.0, 285.0], [288.0, 285.0], [288.0, 279.0], [289.0, 278.0], [292.0, 278.0], [292.0, 205.0], [208.0, 205.0]], "objects": [{"category": "SingleBed", "position": [240.39480018774606, 238.23291546609676], "size": [40.9719748830315, 59.99214621463239], "angle": -1.570805430912011}, {"category": "Table", "position": [230.13172697931054, 280.1805062160687], "size": [39.05999908447265, 32.5169998168945], "angle": 3.141592653589793}, {"category": "CeilingLamp", "position": [250.00000000000006, 241.47549999999998], "size": [17.846789932251, 17.747879791259777], "angle": 0.0}]}]}]}