{"seed": 1, "floorplan": [{"rooms": [{"category": "Bedroom", "corners": [[201.0, 206.0], [201.0, 294.0], [299.0, 294.0], [299.0, 206.0], [201.0, 206.0]], "objects": [{"category": "DoubleBed", "position": [246.68712863276744, 237.54538165236698], "size": [51.27360076904296, 56.53320007324217], "angle": 0.0}, {"category": "PendantLamp", "position": [247.79799999999994, 249.52899999999994], "size": [30.38759994506833, 30.24990005493163], "angle": 0.0}, {"category": "TVStand", "position": [250.76736833039854, 285.79184725675776], "size": [96.0, 15.419219970703125], "angle": 3.141592653589793}]}]}]}