{"seed": 1, "floorplan": [{"rooms": [{"category": "Bedroom", "corners": [[174.0, 192.0], [174.0, 308.0], [319.0, 308.0], [319.0, 300.0], [320.0, 299.0], [326.0, 299.0], [326.0, 198.0], [320.0, 198.0], [319.0, 197.0], [319.0, 192.0], [174.0, 192.0]], "objects": [{"category": "Cabinet", "position": [296.79661902174956, 299.85169379886065], "size": [24.124079132080055, 12.000000000000057], "angle": 3.141592653589793}, {"category": "DoubleBed", "position": [251.5741369565365, 273.49719793861163], "size": [51.195899963378906, 58.88220062255863], "angle": 3.141592653589793}, {"category": "PendantLamp", "position": [251.27980000000002, 250.00015000000002], "size": [23.706239318847622, 21.171869659423805], "angle": 0.0}]}]}]}