{"seed": 1, "floorplan": [{"rooms": [{"category": "Bedroom", "corners": [[201.0, 198.0], [201.0, 302.0], [299.0, 302.0], [299.0, 198.0], [201.0, 198.0]], "objects": [{"category": "DoubleBed", "position": [236.59269999999998, 236.98330000000004], "size": [60.88765455058777, 65.97090090251072], "angle": -1.5708054309120105}, {"category": "PendantLamp", "position": [250.0, 250.00000000000006], "size": [18.603269577026367, 9.572550201415993], "angle": 0.0}]}]}]}