{"seed": 1, "floorplan": [{"rooms": [{"category": "Bedroom", "corners": [[197.0, 182.0], [197.0, 318.0], [303.0, 318.0], [303.0, 182.0], [197.0, 182.0]], "objects": [{"category": "DoubleBed", "position": [231.331, 253.66750000000002], "size": [66.10980139803983, 53.222885977815444], "angle": -9.104117114393966e-06}, {"category": "TVStand", "position": [295.8075330756693, 277.9975], "size": [67.13161245858227, 14.031368207057753], "angle": -1.5707872226777826}, {"category": "PendantLamp", "position": [248.88700000000006, 278.7955], "size": [31.66560058593751, 31.66560058593751], "angle": 0.0}, {"category": "Cabinet", "position": [237.166, 191.6881499431684], "size": [69.60959930419921, 19.804769897460915], "angle": 0.0}]}]}]}