{"seed": 1, "floorplan": [{"rooms": [{"category": "Bedroom", "corners": [[181.0, 203.0], [181.0, 297.0], [319.0, 297.0], [319.0, 203.0], [181.0, 203.0]], "objects": [{"category": "PendantLamp", "position": [232.85379999999998, 242.63349999999997], "size": [20.29215480525069, 20.29200374186363], "angle": -1.5707872226777828}, {"category": "Cabinet", "position": [195.77503700056394, 293.5958920469204], "size": [29.2180206298828, 10.318470382690407], "angle": 3.141592653589793}, {"category": "DoubleBed", "position": [281.68197635439424, 238.45809151408167], "size": [70.15353938474667, 75.59168856492917], "angle": -1.5707872226777826}, {"category": "Table", "position": [199.45875458494078, 223.19433324645033], "size": [40.109101867675776, 40.109101867675776], "angle": 0.0}]}]}]}