{"seed": 1, "floorplan": [{"rooms": [{"category": "Bedroom", "corners": [[201.0, 189.0], [201.0, 311.0], [299.0, 311.0], [299.0, 189.0], [201.0, 189.0]], "objects": [{"category": "DoubleBed", "position": [240.6641547087475, 258.8918051829355], "size": [69.3360301109579, 62.324368070108555], "angle": -9.104117114083721e-06}, {"category": "Nightstand", "position": [207.83992274765916, 221.62771344326183], "size": [12.900117444714624, 16.50015021998383], "angle": -9.104117112309823e-06}, {"category": "Nightstand", "position": [207.88464447703046, 295.42971688549824], "size": [12.900117444714624, 16.50015021998386], "angle": -9.104117112309823e-06}, {"category": "CeilingLamp", "position": [247.47399999999993, 250.98399999999998], "size": [17.12232055664066, 17.122320556640602], "angle": 0.0}]}]}]}