{"seed": 1, "floorplan": [{"rooms": [{"category": "Bedroom", "corners": [[185.0, 200.0], [185.0, 300.0], [315.0, 300.0], [315.0, 200.0], [185.0, 200.0]], "objects": [{"category": "DoubleBed", "position": [239.57993348443952, 233.59723118434326], "size": [65.52120208740237, 62.712602233886685], "angle": 0.0}, {"category": "Nightstand", "position": [199.71902431669182, 207.91092205864308], "size": [9.31610984802245, 9.37143001556396], "angle": 0.0}, {"category": "Nightstand", "position": [279.9182603502911, 208.18943262510965], "size": [9.31610984802245, 9.37143001556396], "angle": 0.0}, {"category": "CeilingLamp", "position": [241.0885, 252.65800000000002], "size": [30.560700988769526, 30.509099578857445], "angle": 0.0}]}]}]}