{"seed": 1, "floorplan": [{"rooms": [{"category": "Bedroom", "corners": [[206.0, 200.0], [206.0, 224.0], [205.0, 225.0], [205.0, 299.0], [235.0, 299.0], [236.0, 300.0], [237.0, 299.0], [295.0, 299.0], [295.0, 200.0], [294.0, 201.0], [207.0, 201.0], [206.0, 200.0]], "objects": [{"category": "SingleBed", "position": [234.27679698702605, 242.69063442538783], "size": [46.036517306174865, 50.94448755420424], "angle": -1.5603673303382768}]}]}]}