{"seed": 1, "floorplan": [{"rooms": [{"category": "Bedroom", "corners": [[207.0, 190.0], [207.0, 310.0], [250.0, 310.0], [250.0, 291.0], [251.0, 290.0], [293.0, 290.0], [293.0, 190.0], [207.0, 190.0]], "objects": [{"category": "DoubleBed", "position": [242.20787491524663, 239.0154654609714], "size": [70.63354100817544, 64.02868351322434], "angle": -9.10411711435876e-06}, {"category": "CeilingLamp", "position": [253.05699999999996, 233.81799999999996], "size": [23.22093055376212, 23.22093055376212], "angle": -9.104117114171779e-06}, {"category": "Nightstand", "position": [212.49473909934116, 273.4202232289713], "size": [15.717292827223043, 15.203028425429748], "angle": -9.104117113792356e-06}, {"category": "Nightstand", "position": [212.447462659543, 205.5401659364245], "size": [15.717292827223071, 15.203028425429777], "angle": -9.104117115600647e-06}]}]}]}