{"seed": 1, "floorplan": [{"rooms": [{"category": "Bedroom", "corners": [[183.0, 203.0], [183.0, 297.0], [306.0, 297.0], [306.0, 235.0], [307.0, 234.0], [317.0, 234.0], [317.0, 203.0], [183.0, 203.0]], "objects": [{"category": "Nightstand", "position": [283.21578185318947, 292.65336498799263], "size": [36.01920089721676, 12.653400421142578], "angle": 3.141592653589793}, {"category": "Nightstand", "position": [198.4057884973779, 292.7169219888194], "size": [36.01920089721679, 12.653400421142635], "angle": 3.141592653589793}, {"category": "DoubleBed", "position": [239.41213471321856, 260.5752305375467], "size": [58.576799011230435, 71.77949981689454], "angle": 3.141592653589793}, {"category": "CeilingLamp", "position": [239.22400000000005, 254.2735], "size": [15.15128974914552, 15.151289749145462], "angle": 0.0}]}]}]}