{"seed": 1, "floorplan": [{"rooms": [{"category": "Bedroom", "corners": [[204.0, 196.0], [204.0, 304.0], [296.0, 304.0], [296.0, 196.0], [204.0, 196.0]], "objects": [{"category": "DoubleBed", "position": [258.295, 252.45610000000002], "size": [60.149645817479005, 66.41430398717422], "angle": -1.5707872226777828}, {"category": "Nightstand", "position": [287.938, 294.98914970379485], "size": [18.42169824689862, 10.778948307204617], "angle": -1.570787222677784}, {"category": "Nightstand", "position": [287.53360000000004, 204.97055029615112], "size": [10.778948307204617, 18.42169824689865], "angle": -3.1415835494726796}, {"category": "PendantLamp", "position": [249.93550000000002, 246.334], "size": [27.820319366455067, 27.820319366455095], "angle": 0.0}]}]}]}