{"seed": 1, "floorplan": [{"rooms": [{"category": "Bedroom", "corners": [[203.0, 200.0], [203.0, 300.0], [235.0, 300.0], [235.0, 299.0], [236.0, 298.0], [297.0, 298.0], [297.0, 200.0], [203.0, 200.0]], "objects": [{"category": "DoubleBed", "position": [266.5198259230002, 232.2931149523015], "size": [41.03730010986328, 63.496801757812534], "angle": 0.0}, {"category": "Nightstand", "position": [231.16231458433862, 206.15611722107474], "size": [8.919810104370129, 7.339739799499512], "angle": 0.0}, {"category": "TVStand", "position": [261.6941674601237, 286.3075], "size": [68.16509857177732, 12.721260452270485], "angle": 3.141592653589793}, {"category": "CeilingLamp", "position": [261.54100000000005, 246.57550000000003], "size": [16.615889739990223, 16.615889739990223], "angle": 0.0}]}]}]}