{"seed": 1, "floorplan": [{"rooms": [{"category": "Bedroom", "corners": [[215.0, 174.0], [215.0, 326.0], [285.0, 326.0], [285.0, 174.0], [215.0, 174.0]], "objects": [{"category": "DoubleBed", "position": [248.69617934943628, 299.812611997814], "size": [66.10980139803983, 53.22288597781539], "angle": -9.104117114393966e-06}, {"category": "CeilingLamp", "position": [258.004, 251.4919], "size": [21.44312896728519, 22.729740142822266], "angle": 0.0}]}]}]}