{"seed": 1, "floorplan": [{"rooms": [{"category": "Bedroom", "corners": [[203.0, 187.0], [203.0, 313.0], [297.0, 313.0], [297.0, 187.0], [203.0, 187.0]], "objects": [{"category": "DoubleBed", "position": [242.2024, 263.41060000000004], "size": [69.92433502752604, 62.957374016200504], "angle": -9.104117113921515e-06}, {"category": "Nightstand", "position": [210.77199982400424, 217.1026], "size": [14.591353316237333, 14.54779212863376], "angle": -1.570805430912009}, {"category": "Nightstand", "position": [210.77199982400427, 304.03689999999995], "size": [14.547792128633732, 14.591353316237305], "angle": -9.104117113813794e-06}, {"category": "CeilingLamp", "position": [249.92079999999999, 250.2817], "size": [20.99999999999997, 21.0], "angle": 0.0}]}]}]}