{"seed": 1, "floorplan": [{"rooms": [{"category": "Bedroom", "corners": [[194.0, 189.0], [194.0, 310.0], [193.0, 311.0], [306.0, 311.0], [306.0, 190.0], [307.0, 189.0], [194.0, 189.0]], "objects": [{"category": "DoubleBed", "position": [229.573150906509, 264.8688564828811], "size": [59.31804187191316, 48.39254262416223], "angle": -9.1041171141178e-06}, {"category": "PendantLamp", "position": [209.45900009155272, 286.76068428955085], "size": [30.86248114171671, 47.27022863446507], "angle": -9.104117115818782e-06}]}]}]}