{"seed": 1, "floorplan": [{"rooms": [{"category": "Bedroom", "corners": [[202.0, 193.0], [202.0, 307.0], [298.0, 307.0], [298.0, 193.0], [202.0, 193.0]], "objects": [{"category": "DoubleBed", "position": [238.87149999999997, 260.10699999999997], "size": [56.53371476514517, 51.27406757628405], "angle": -9.104117113524944e-06}, {"category": "CeilingLamp", "position": [249.08049999999997, 252.418], "size": [17.122320556640602, 17.12232055664063], "angle": 0.0}]}]}]}