{"seed": 1, "floorplan": [{"rooms": [{"category": "Bedroom", "corners": [[201.0, 195.0], [201.0, 305.0], [299.0, 305.0], [299.0, 195.0], [201.0, 195.0]], "objects": [{"category": "DoubleBed", "position": [245.2732105984483, 262.4793496576758], "size": [87.21919310521476, 84.46066579387913], "angle": -9.104117114150647e-06}, {"category": "Nightstand", "position": [206.32690931773232, 224.9207756966266], "size": [15.111377581870679, 15.174498044835058], "angle": -9.104117112799486e-06}]}]}]}