{"seed": 1, "floorplan": [{"rooms": [{"category": "Bedroom", "corners": [[209.0, 195.0], [209.0, 305.0], [291.0, 305.0], [291.0, 195.0], [290.0, 196.0], [210.0, 196.0], [209.0, 195.0]], "objects": [{"category": "DoubleBed", "position": [242.30906305597676, 243.55037896969645], "size": [65.34089333576723, 66.45720598908898], "angle": -1.5708054309120107}, {"category": "TVStand", "position": [282.74435775625557, 244.02683637997347], "size": [73.2417648271009, 18.388067188152664], "angle": -1.5707872226777826}, {"category": "PendantLamp", "position": [250.13349999999997, 246.43449999999996], "size": [12.205881616835248, 12.205881616835278], "angle": -9.104117114537133e-06}]}]}]}