{"seed": 1, "floorplan": [{"rooms": [{"category": "Bedroom", "corners": [[192.0, 204.0], [192.0, 262.0], [191.0, 263.0], [188.0, 263.0], [191.0, 263.0], [192.0, 264.0], [192.0, 296.0], [312.0, 296.0], [312.0, 204.0], [192.0, 204.0]], "objects": [{"category": "CeilingLamp", "position": [261.68723372896903, 250.22027753401485], "size": [22.365179443359352, 22.11578979492188], "angle": 0.0}, {"category": "DoubleBed", "position": [261.7370785676667, 244.1999217754567], "size": [70.13639831542963, 79.66080322265628], "angle": 0.0}]}]}]}