{"seed": 1, "floorplan": [{"rooms": [{"category": "Bedroom", "corners": [[183.0, 204.0], [183.0, 296.0], [281.0, 296.0], [281.0, 276.0], [282.0, 275.0], [317.0, 275.0], [317.0, 204.0], [183.0, 204.0]], "objects": [{"category": "DoubleBed", "position": [216.76103039629024, 250.00115191897254], "size": [65.55779747114138, 68.11471924829783], "angle": -9.104117113705279e-06}, {"category": "Nightstand", "position": [190.70204380103786, 289.6856596030843], "size": [19.293630981445318, 11.954370117187523], "angle": 0.0}, {"category": "Nightstand", "position": [190.697652149784, 210.9481641478091], "size": [19.293630981445318, 11.954370117187494], "angle": 0.0}, {"category": "Cabinet", "position": [307.08045725560123, 235.33087426243162], "size": [15.15640820423897, 60.00054625448659], "angle": -3.141583549472677}]}]}]}