{"seed": 1, "floorplan": [{"rooms": [{"category": "Bedroom", "corners": [[270.0, 173.0], [270.0, 205.0], [269.0, 206.0], [204.0, 206.0], [204.0, 327.0], [284.0, 327.0], [284.0, 297.0], [285.0, 296.0], [296.0, 296.0], [296.0, 173.0], [270.0, 173.0]], "objects": [{"category": "DoubleBed", "position": [238.75058426004063, 265.7883198815593], "size": [61.468159103171345, 72.03875552266265], "angle": -9.104117113842017e-06}, {"category": "CeilingLamp", "position": [251.21499999999997, 261.274], "size": [16.553369522094727, 16.553369522094727], "angle": 3.141592653589793}, {"category": "Nightstand", "position": [213.69003381617867, 304.70749833688774], "size": [16.326178985853563, 15.081677604446128], "angle": -1.5708054309120099}]}]}]}