{"seed": 1, "floorplan": [{"rooms": [{"category": "Bedroom", "corners": [[184.0, 188.0], [184.0, 312.0], [316.0, 312.0], [316.0, 188.0], [184.0, 188.0]], "objects": [{"category": "DoubleBed", "position": [217.89464418577296, 243.31417044934054], "size": [63.01197198641363, 68.70782614950194], "angle": -1.5708054309120105}, {"category": "Sofa", "position": [267.3599418062204, 241.22716284407372], "size": [25.52057307210348, 60.3872502145539], "angle": -9.104117114265373e-06}, {"category": "Table", "position": [298.83743668242596, 243.22617379368359], "size": [95.58536729465202, 32.540996789400225], "angle": -1.5707872226777821}, {"category": "PendantLamp", "position": [250.21749999999997, 250.60899999999998], "size": [16.74780006408696, 16.74780006408693], "angle": 0.0}]}]}]}