{"seed": 1, "floorplan": [{"rooms": [{"category": "Bedroom", "corners": [[209.0, 196.0], [209.0, 304.0], [291.0, 304.0], [291.0, 196.0], [209.0, 196.0]], "objects": [{"category": "DoubleBed", "position": [255.5418629093153, 264.0893035784916], "size": [64.53868724085184, 69.04412987044398], "angle": -1.5707872226777826}, {"category": "Nightstand", "position": [284.3408806673106, 224.28045792377543], "size": [16.56213084102793, 16.490819766995905], "angle": -1.5707872226777835}, {"category": "CeilingLamp", "position": [250.07349999999997, 256.47249999999997], "size": [12.851909637451172, 13.433429718017578], "angle": 0.0}]}]}]}