{"seed": 1, "floorplan": [{"rooms": [{"category": "Bedroom", "corners": [[200.0, 204.0], [200.0, 296.0], [300.0, 296.0], [300.0, 204.0], [200.0, 204.0]], "objects": [{"category": "DoubleBed", "position": [245.9428014900396, 261.40467978470815], "size": [48.39210205078126, 59.3175018310547], "angle": 3.141592653589793}, {"category": "CornerSideTable", "position": [211.3809022957866, 287.08717116017334], "size": [17.60370025634765, 17.603700256347622], "angle": 3.141592653589793}, {"category": "PendantLamp", "position": [252.16599999999997, 249.84999999999997], "size": [13.413722660819046, 13.228920639607066], "angle": -1.5707872226777817}]}]}]}