{"seed": 1, "floorplan": [{"rooms": [{"category": "Bedroom", "corners": [[206.0, 200.0], [206.0, 300.0], [294.0, 300.0], [294.0, 200.0], [206.0, 200.0]], "objects": [{"category": "DoubleBed", "position": [239.6905, 237.00849999999997], "size": [42.95310058593748, 61.49729919433594], "angle": 0.0}, {"category": "Cabinet", "position": [232.0243389487297, 291.1817830455837], "size": [37.714801025390614, 16.679999542236317], "angle": 3.141592653589793}, {"category": "Nightstand", "position": [213.02588557164586, 272.50135041058934], "size": [9.665757630548026, 12.0001687607164], "angle": -9.104117116341063e-06}]}]}]}