{"seed": 1, "floorplan": [{"rooms": [{"category": "Bedroom", "corners": [[201.0, 191.0], [201.0, 308.0], [200.0, 309.0], [299.0, 309.0], [299.0, 192.0], [300.0, 191.0], [201.0, 191.0]], "objects": [{"category": "CeilingLamp", "position": [242.8456, 254.9533], "size": [15.176729965209972, 13.143420410156267], "angle": 0.0}, {"category": "SingleBed", "position": [277.1625648599601, 226.79827682318466], "size": [61.33916012600981, 38.53475024053854], "angle": -1.570787222677783}]}]}]}