{"seed": 1, "floorplan": [{"rooms": [{"category": "Bedroom", "corners": [[211.0, 200.0], [211.0, 300.0], [289.0, 300.0], [289.0, 200.0], [211.0, 200.0]], "objects": [{"category": "DoubleBed", "position": [258.20606428216274, 259.993043289547], "size": [71.87645393517997, 62.008764610867125], "angle": -1.5707872226777824}, {"category": "Cabinet", "position": [285.04755563496565, 223.87231567326603], "size": [13.836216054995417, 12.720416101653823], "angle": -1.5707872226777841}, {"category": "Cabinet", "position": [260.8041650646264, 206.11632506127452], "size": [55.89900054931641, 11.81976013183592], "angle": 0.0}, {"category": "PendantLamp", "position": [251.8807, 259.40409999999997], "size": [23.405582656006697, 20.232093375873518], "angle": -1.570787222677782}]}]}]}