{"seed": 1, "floorplan": [{"rooms": [{"category": "Bedroom", "corners": [[205.0, 192.0], [205.0, 307.0], [204.0, 308.0], [295.0, 308.0], [295.0, 193.0], [296.0, 192.0], [205.0, 192.0]], "objects": [{"category": "DoubleBed", "position": [264.05205186445505, 258.9936956699306], "size": [81.86054446571228, 62.889574021497225], "angle": -1.5707872226777826}, {"category": "Table", "position": [210.64713763283396, 281.1467709223932], "size": [12.670824967184918, 38.87585594611676], "angle": -9.104117113779388e-06}, {"category": "Chair", "position": [228.01096609225993, 281.22472379536964], "size": [16.301608297070167, 17.71789163791567], "angle": -1.5707872226777833}, {"category": "CeilingLamp", "position": [250.11400000000003, 248.60829999999999], "size": [13.188240051269531, 13.18821029663087], "angle": 0.0}]}]}]}