{"seed": 1, "floorplan": [{"rooms": [{"category": "Bedroom", "corners": [[193.0, 186.0], [193.0, 307.0], [211.0, 307.0], [212.0, 308.0], [212.0, 314.0], [289.0, 314.0], [289.0, 308.0], [290.0, 307.0], [307.0, 307.0], [307.0, 186.0], [193.0, 186.0]], "objects": [{"category": "DoubleBed", "position": [226.08787948936566, 256.90450000000004], "size": [65.97090090251066, 60.88765455058774], "angle": -9.10411711439101e-06}, {"category": "Cabinet", "position": [265.2126203824314, 195.31534967483492], "size": [18.12806968688966, 14.107559967041027], "angle": 0.0}, {"category": "PendantLamp", "position": [249.99999999999997, 248.92810000000003], "size": [13.225680541992176, 13.225619888305658], "angle": 0.0}]}]}]}