{"seed": 1, "floorplan": [{"rooms": [{"category": "Bedroom", "corners": [[184.0, 202.0], [184.0, 298.0], [316.0, 298.0], [316.0, 202.0], [184.0, 202.0]], "objects": [{"category": "DoubleBed", "position": [258.1612, 260.4012491257773], "size": [58.2134994506836, 74.39519805908202], "angle": 3.141592653589793}, {"category": "Nightstand", "position": [295.5564386000732, 291.03107485624815], "size": [16.596390151977573, 13.277099990844704], "angle": 3.141592653589793}, {"category": "Nightstand", "position": [222.4678613999268, 291.03107485624815], "size": [16.596390151977516, 13.277099990844704], "angle": 3.141592653589793}, {"category": "PendantLamp", "position": [257.0014, 247.3234], "size": [25.093679809570347, 25.092210388183616], "angle": 0.0}]}]}]}