{"seed": 1, "floorplan": [{"rooms": [{"category": "Bedroom", "corners": [[205.0, 193.0], [205.0, 307.0], [233.0, 307.0], [233.0, 286.0], [234.0, 285.0], [295.0, 285.0], [295.0, 193.0], [205.0, 193.0]], "objects": [{"category": "DoubleBed", "position": [260.3455, 234.60279999999997], "size": [66.04499978268507, 67.11451025209978], "angle": -1.5707872226777828}, {"category": "PendantLamp", "position": [250.90449999999998, 239.65089999999998], "size": [23.2506294250488, 7.498860168457043], "angle": 0.0}]}]}]}