{"seed": 1, "floorplan": [{"rooms": [{"category": "Bedroom", "corners": [[198.0, 189.0], [198.0, 311.0], [302.0, 311.0], [302.0, 189.0], [198.0, 189.0]], "objects": [{"category": "DoubleBed", "position": [268.7029555848868, 259.52252204914424], "size": [67.67101403686021, 67.57021355860985], "angle": -1.5707872226777824}, {"category": "Nightstand", "position": [295.5485057576547, 300.2704309458062], "size": [18.900172070163276, 13.506393182240572], "angle": -1.570787222677781}, {"category": "Cabinet", "position": [206.52330264710105, 256.1896057358974], "size": [13.25727020190518, 55.66250474610868], "angle": -9.104117113380327e-06}]}]}]}