{"seed": 1, "floorplan": [{"rooms": [{"category": "Bedroom", "corners": [[211.0, 205.0], [211.0, 295.0], [238.0, 295.0], [238.0, 290.0], [239.0, 289.0], [289.0, 289.0], [289.0, 205.0], [211.0, 205.0]], "objects": [{"category": "SingleBed", "position": [225.50647027282713, 236.9810501098633], "size": [28.90010365678032, 63.96268254613016], "angle": -9.104117114612453e-06}]}]}]}