{"seed": 1, "floorplan": [{"rooms": [{"category": "Bedroom", "corners": [[206.0, 198.0], [206.0, 302.0], [294.0, 302.0], [294.0, 198.0], [206.0, 198.0]], "objects": [{"category": "DoubleBed", "position": [243.982007329165, 256.22579331680504], "size": [68.1132223474628, 67.72321788127294], "angle": -1.5708054309120107}]}]}]}