{"seed": 1, "floorplan": [{"rooms": [{"category": "Bedroom", "corners": [[181.0, 217.0], [181.0, 283.0], [271.0, 283.0], [271.0, 261.0], [272.0, 260.0], [319.0, 260.0], [319.0, 217.0], [295.0, 217.0], [294.0, 218.0], [263.0, 218.0], [262.0, 217.0], [181.0, 217.0]], "objects": [{"category": "DoubleBed", "position": [286.18659943033856, 256.29387645334435], "size": [63.47730102539066, 68.52599945068357], "angle": 3.141592653589793}, {"category": "PendantLamp", "position": [291.53110000000004, 228.54614986165365], "size": [21.99984054565431, 20.738369750976545], "angle": 3.141592653589793}]}]}]}