{"seed": 1, "floorplan": [{"rooms": [{"category": "Bedroom", "corners": [[201.0, 198.0], [201.0, 298.0], [292.0, 298.0], [296.0, 302.0], [299.0, 302.0], [298.0, 301.0], [297.0, 301.0], [296.0, 300.0], [295.0, 300.0], [294.0, 299.0], [293.0, 299.0], [292.0, 298.0], [292.0, 235.0], [293.0, 234.0], [294.0, 234.0], [295.0, 235.0], [296.0, 235.0], [297.0, 236.0], [298.0, 236.0], [299.0, 237.0], [299.0, 236.0], [296.0, 233.0], [293.0, 233.0], [292.0, 232.0], [292.0, 198.0], [201.0, 198.0]], "objects": [{"category": "DoubleBed", "position": [234.52385389190636, 246.33889925656052], "size": [67.27321378436423, 40.90507211329352], "angle": -9.10411711407584e-06}, {"category": "Cabinet", "position": [267.5195747643122, 289.4132860354249], "size": [51.92639923095703, 17.74244956970216], "angle": 3.141592653589793}, {"category": "Nightstand", "position": [208.83608094970273, 213.08756827324618], "size": [12.783806647643457, 17.229186703438966], "angle": -9.104117114633957e-06}, {"category": "PendantLamp", "position": [251.8228, 243.5047], "size": [25.050959014892612, 24.046620941162104], "angle": 0.0}]}]}]}