{"seed": 1, "floorplan": [{"rooms": [{"category": "Bedroom", "corners": [[187.0, 183.0], [187.0, 317.0], [252.0, 317.0], [252.0, 283.0], [253.0, 282.0], [313.0, 282.0], [313.0, 183.0], [187.0, 183.0]], "objects": [{"category": "SingleBed", "position": [280.8955904221633, 226.39962990641195], "size": [60.10434511208546, 58.04152878549189], "angle": -3.141583549472679}, {"category": "Nightstand", "position": [307.67476738436, 191.27355148227412], "size": [21.29203420860425, 14.253639670349674], "angle": -1.570787222677782}, {"category": "Cabinet", "position": [283.14849999999996, 271.42449999999997], "size": [37.5, 18.0], "angle": 3.141592653589793}, {"category": "PendantLamp", "position": [249.4615, 231.34749999999994], "size": [16.80000000000001, 16.80000000000001], "angle": 0.0}]}]}]}