{"seed": 1, "floorplan": [{"rooms": [{"category": "Bedroom", "corners": [[200.0, 200.0], [200.0, 300.0], [300.0, 300.0], [300.0, 200.0], [200.0, 200.0]], "objects": [{"category": "DoubleBed", "position": [243.63454006473643, 235.06735734990525], "size": [56.308799743652315, 69.12449798583984], "angle": 0.0}, {"category": "PendantLamp", "position": [243.38008663718972, 240.61288634001332], "size": [21.99984054565428, 20.738369750976545], "angle": 0.0}]}]}]}