{"seed": 1, "floorplan": [{"rooms": [{"category": "Bedroom", "corners": [[196.0, 201.0], [196.0, 299.0], [304.0, 299.0], [304.0, 201.0], [196.0, 201.0]], "objects": [{"category": "DoubleBed", "position": [270.21613528534374, 249.30957111187405], "size": [54.808396933554654, 68.5170239363341], "angle": -1.5707872226777828}, {"category": "Table", "position": [203.19868423522274, 223.15839275527196], "size": [15.247278553631743, 43.814800142004785], "angle": -9.104117115407095e-06}, {"category": "Chair", "position": [220.42693063134448, 220.84209453640023], "size": [18.611479637784438, 20.245263356614977], "angle": -1.5707872226777821}, {"category": "PendantLamp", "position": [249.4255, 245.2195], "size": [28.869149780273432, 27.912659454345714], "angle": 0.0}]}]}]}