{"seed": 1, "floorplan": [{"rooms": [{"category": "Bedroom", "corners": [[208.0, 187.0], [208.0, 313.0], [255.0, 313.0], [255.0, 287.0], [256.0, 286.0], [292.0, 286.0], [292.0, 187.0], [208.0, 187.0]], "objects": [{"category": "DoubleBed", "position": [244.44359266384475, 237.238], "size": [71.59025290426742, 56.891318423657644], "angle": -9.104117114284866e-06}, {"category": "CornerSideTable", "position": [215.88748365986316, 200.34654072636204], "size": [15.358769989013695, 14.86365051269533], "angle": 0.0}, {"category": "CornerSideTable", "position": [215.88748365986316, 274.12945927363796], "size": [15.358769989013695, 14.863650512695301], "angle": 0.0}, {"category": "CeilingLamp", "position": [254.1445, 235.77699999999996], "size": [16.573769760131853, 16.58315963745116], "angle": 0.0}]}]}]}