{"seed": 1, "floorplan": [{"rooms": [{"category": "Bedroom", "corners": [[212.0, 203.0], [212.0, 297.0], [288.0, 297.0], [288.0, 203.0], [212.0, 203.0]], "objects": [{"category": "DoubleBed", "position": [254.34978473967936, 242.1087917991376], "size": [67.67101403686021, 67.57021355860985], "angle": -1.5707872226777824}, {"category": "Cabinet", "position": [283.961711955661, 213.49353820122832], "size": [18.054373888315144, 13.893306571094406], "angle": -1.5707872226777841}, {"category": "Cabinet", "position": [284.17277854998605, 268.3964769468837], "size": [18.054373888315173, 13.893306571094406], "angle": -1.570787222677781}, {"category": "PendantLamp", "position": [249.79389999999995, 239.83209999999997], "size": [10.608390426635708, 10.608390426635737], "angle": 0.0}]}]}]}