{"seed": 1, "floorplan": [{"rooms": [{"category": "Bedroom", "corners": [[212.0, 193.0], [211.0, 194.0], [211.0, 307.0], [288.0, 307.0], [289.0, 306.0], [289.0, 193.0], [212.0, 193.0]], "objects": [{"category": "DoubleBed", "position": [243.0311919477158, 263.0060654870258], "size": [60.53009948730468, 65.02770080566407], "angle": 0.0}, {"category": "Cabinet", "position": [216.1004311697124, 229.25722116768773], "size": [19.69304885651033, 14.078077692977264], "angle": -1.5708054309120112}, {"category": "Cabinet", "position": [216.1081138617979, 296.9476659229216], "size": [14.078077692977264, 19.69304885651033], "angle": -9.104117117824327e-06}, {"category": "CeilingLamp", "position": [250.80100000000002, 248.47749999999996], "size": [16.489500251198642, 16.6519815125583], "angle": -9.104117114108719e-06}]}]}]}