{"seed": 1, "floorplan": [{"rooms": [{"category": "Bedroom", "corners": [[208.0, 185.0], [208.0, 315.0], [292.0, 315.0], [292.0, 185.0], [208.0, 185.0]], "objects": [{"category": "DoubleBed", "position": [258.85979199675353, 262.87915847037766], "size": [66.41430398717422, 60.14964581747906], "angle": -3.141583549472679}, {"category": "Nightstand", "position": [286.225, 223.3465], "size": [18.42169824689865, 10.778948307204674], "angle": -1.5707872226777808}, {"category": "Nightstand", "position": [289.10558863930237, 301.6581758716784], "size": [18.42169824689868, 10.778948307204617], "angle": -1.570787222677784}, {"category": "PendantLamp", "position": [242.911, 262.26250000000005], "size": [22.306020355224632, 22.334969329833996], "angle": 0.0}]}]}]}