{"seed": 1, "floorplan": [{"rooms": [{"category": "Bedroom", "corners": [[210.0, 198.0], [210.0, 302.0], [290.0, 302.0], [290.0, 200.0], [256.0, 200.0], [255.0, 199.0], [256.0, 198.0], [210.0, 198.0]], "objects": [{"category": "DoubleBed", "position": [244.6453831281918, 269.22436453381056], "size": [69.924335027526, 62.957374016200504], "angle": -9.104117113515056e-06}, {"category": "Nightstand", "position": [217.04236552925943, 229.98844707643474], "size": [14.547792128633704, 14.591353316237305], "angle": -9.104117113813811e-06}, {"category": "CeilingLamp", "position": [249.86530000000005, 255.4177], "size": [21.841170501709, 19.75371093749999], "angle": 0.0}]}]}]}