{"seed": 1, "floorplan": [{"rooms": [{"category": "Bedroom", "corners": [[293.0, 190.0], [292.0, 191.0], [207.0, 191.0], [207.0, 302.0], [214.0, 302.0], [215.0, 303.0], [215.0, 310.0], [216.0, 309.0], [287.0, 309.0], [287.0, 303.0], [288.0, 302.0], [293.0, 302.0], [293.0, 190.0]], "objects": [{"category": "DoubleBed", "position": [256.69210000000004, 246.41469999999998], "size": [59.31864154778282, 61.85996259697031], "angle": -1.5707872226777824}, {"category": "CornerSideTable", "position": [282.664, 207.7348], "size": [13.5, 15.0], "angle": 0.0}, {"category": "Nightstand", "position": [284.0797, 283.9486], "size": [13.485332428366386, 11.996299478053405], "angle": -1.570787222677782}]}]}]}