{"seed": 1, "floorplan": [{"rooms": [{"category": "Bedroom", "corners": [[300.0, 167.0], [299.0, 168.0], [200.0, 168.0], [200.0, 307.0], [201.0, 306.0], [240.0, 306.0], [241.0, 307.0], [241.0, 333.0], [242.0, 332.0], [300.0, 332.0], [300.0, 167.0]], "objects": [{"category": "Cabinet", "position": [234.09012003980337, 221.58810981954733], "size": [16.68015140097946, 37.715144390045126], "angle": -9.10411711514056e-06}, {"category": "DoubleBed", "position": [234.12491036526313, 247.39095273545567], "size": [75.42398531694084, 65.84310127708859], "angle": -9.104117113854741e-06}, {"category": "CeilingLamp", "position": [243.1781567171701, 264.72321478971753], "size": [13.188240051269531, 13.18821029663087], "angle": 0.0}]}]}]}