{"seed": 1, "floorplan": [{"rooms": [{"category": "Bedroom", "corners": [[190.0, 202.0], [190.0, 298.0], [310.0, 298.0], [310.0, 202.0], [190.0, 202.0]], "objects": [{"category": "DoubleBed", "position": [261.15549999999996, 232.84900000000005], "size": [76.47269897460939, 74.04210205078124], "angle": 0.0}, {"category": "Table", "position": [289.28383459472656, 289.5235], "size": [41.05829772949221, 15.038040161132812], "angle": 3.141592653589793}, {"category": "Cabinet", "position": [198.36531627448863, 240.48264936419628], "size": [23.393042106044533, 13.553492915243218], "angle": -1.570787222677782}, {"category": "Cabinet", "position": [197.77887379566374, 269.73100464725417], "size": [13.553492915243247, 23.393042106044504], "angle": -3.1415835494726814}]}]}]}