{"seed": 1, "floorplan": [{"rooms": [{"category": "Bedroom", "corners": [[204.0, 202.0], [204.0, 298.0], [296.0, 298.0], [296.0, 202.0], [204.0, 202.0]], "objects": [{"category": "Cabinet", "position": [269.4018428239787, 303.5831530538635], "size": [172.09357116168968, 17.647720405803927], "angle": -1.5707872226777824}, {"category": "CeilingLamp", "position": [250.0, 242.5], "size": [17.489999771118164, 17.50125045776366], "angle": 0.0}, {"category": "DoubleBed", "position": [264.0850258048188, 259.8249975860361], "size": [73.01226292078461, 42.8157904975462], "angle": -1.5707872226777828}]}]}]}