{"seed": 1, "floorplan": [{"rooms": [{"category": "Bedroom", "corners": [[303.0, 177.0], [302.0, 178.0], [249.0, 178.0], [249.0, 194.0], [248.0, 195.0], [197.0, 195.0], [197.0, 323.0], [198.0, 322.0], [302.0, 322.0], [303.0, 323.0], [303.0, 177.0]], "objects": [{"category": "DoubleBed", "position": [271.37431689046224, 259.52845], "size": [60.53425320084158, 63.580478443924775], "angle": -1.5707872226777828}, {"category": "Table", "position": [206.94861344843687, 289.23632493269025], "size": [19.55495861005709, 43.47129573294792], "angle": -9.104117115819944e-06}, {"category": "Armchair", "position": [216.41423140685163, 288.63946031910245], "size": [13.779425376831318, 11.828057208433927], "angle": -9.104117117013995e-06}, {"category": "PendantLamp", "position": [250.49784999999997, 258.10225], "size": [12.41279983520505, 12.412799835205107], "angle": 0.0}]}]}]}