{"seed": 1, "floorplan": [{"rooms": [{"category": "Bedroom", "corners": [[203.0, 195.0], [203.0, 305.0], [297.0, 305.0], [297.0, 195.0], [203.0, 195.0]], "objects": [{"category": "DoubleBed", "position": [240.08874134707526, 245.43425362014733], "size": [72.4704580613494, 68.92862588918999], "angle": -9.104117114577574e-06}, {"category": "Nightstand", "position": [206.6633184250158, 207.0100225659469], "size": [11.520105338629257, 11.520105338629286], "angle": -9.104117113776553e-06}, {"category": "Nightstand", "position": [210.99404576923627, 278.9707533025917], "size": [11.520105338629257, 11.520105338629257], "angle": -1.5708054309120103}, {"category": "PendantLamp", "position": [250.06750000000002, 250.75750000000005], "size": [15.303210067749035, 15.084149551391647], "angle": 0.0}]}]}]}