{"seed": 1, "floorplan": [{"rooms": [{"category": "Bedroom", "corners": [[197.0, 190.0], [197.0, 310.0], [236.0, 310.0], [236.0, 292.0], [237.0, 291.0], [303.0, 291.0], [303.0, 190.0], [197.0, 190.0]], "objects": [{"category": "DoubleBed", "position": [266.3709767331224, 241.9553385613862], "size": [66.12752576893116, 68.54372693338514], "angle": -3.1369395135472367}, {"category": "Cabinet", "position": [203.6411081068707, 248.88683803084518], "size": [10.50012534944473, 89.91082222449087], "angle": -9.104117113860491e-06}, {"category": "Chair", "position": [218.15233222410035, 246.67746407524294], "size": [19.81537807504158, 25.96996141785865], "angle": -0.2548601267971844}]}]}]}