{"seed": 1, "floorplan": [{"rooms": [{"category": "Bedroom", "corners": [[308.0, 205.0], [307.0, 206.0], [192.0, 206.0], [192.0, 295.0], [193.0, 294.0], [286.0, 294.0], [286.0, 255.0], [287.0, 254.0], [308.0, 254.0], [308.0, 205.0]], "objects": [{"category": "DoubleBed", "position": [248.34536702129594, 242.4141922487311], "size": [68.92799835205076, 72.46979827880858], "angle": 0.0}, {"category": "Nightstand", "position": [280.79861255646597, 208.7476096840076], "size": [11.520000457763615, 11.520000457763672], "angle": 0.0}, {"category": "Nightstand", "position": [216.13378498103322, 208.72767874140186], "size": [11.520000457763672, 11.520000457763672], "angle": 0.0}, {"category": "CeilingLamp", "position": [250.72660000000002, 241.90359999999998], "size": [18.766679763793945, 17.502059555053705], "angle": 0.0}]}]}]}