{"seed": 1, "floorplan": [{"rooms": [{"category": "Bedroom", "corners": [[212.0, 203.0], [212.0, 297.0], [288.0, 297.0], [288.0, 203.0], [212.0, 203.0]], "objects": [{"category": "PendantLamp", "position": [248.413, 249.91449999999998], "size": [31.127400970459007, 31.12740097045898], "angle": 0.0}, {"category": "DoubleBed", "position": [245.83097511027995, 254.86099430032772], "size": [66.41430398717422, 60.149645817479005], "angle": -9.104117114187103e-06}, {"category": "Nightstand", "position": [214.82693558990138, 227.56804145143195], "size": [18.42169824689865, 10.778948307204674], "angle": -1.570805430912011}, {"category": "Nightstand", "position": [215.0618182178627, 286.4356171898019], "size": [10.778948307204645, 18.42169824689862], "angle": -9.104117118983599e-06}]}]}]}