{"seed": 1, "floorplan": [{"rooms": [{"category": "Bedroom", "corners": [[193.0, 211.0], [193.0, 289.0], [307.0, 289.0], [307.0, 211.0], [193.0, 211.0]], "objects": [{"category": "DoubleBed", "position": [267.0716783359905, 253.0472432870062], "size": [61.82249908447261, 70.34609985351557], "angle": 3.141592653589793}, {"category": "CeilingLamp", "position": [254.38899999999995, 249.05649999999997], "size": [20.952390289306607, 21.00048065185547], "angle": 0.0}, {"category": "Nightstand", "position": [230.0351485275021, 281.95330741906946], "size": [11.252254756582806, 11.252254756582778], "angle": -1.5683163318792093}]}]}]}