{"seed": 1, "floorplan": [{"rooms": [{"category": "Bedroom", "corners": [[207.0, 202.0], [207.0, 298.0], [293.0, 298.0], [293.0, 202.0], [207.0, 202.0]], "objects": [{"category": "SingleBed", "position": [230.14, 265.67949999999996], "size": [39.8955001831055, 62.99999999999997], "angle": 3.141592653589793}, {"category": "Cabinet", "position": [264.0475, 290.14660000000003], "size": [16.391970062255837, 9.24144001007079], "angle": 3.141592653589793}, {"category": "CeilingLamp", "position": [245.65570000000002, 250.0], "size": [21.0, 21.0], "angle": 0.0}]}]}]}