{"seed": 1, "floorplan": [{"rooms": [{"category": "Bedroom", "corners": [[191.0, 210.0], [191.0, 290.0], [309.0, 290.0], [309.0, 210.0], [191.0, 210.0]], "objects": [{"category": "DoubleBed", "position": [254.95561212205882, 244.24688269918946], "size": [37.97999954223633, 67.75680084228514], "angle": 0.0}, {"category": "CeilingLamp", "position": [252.21699999999998, 253.41700000000003], "size": [23.162640380859358, 23.035739135742176], "angle": 0.0}, {"category": "Cabinet", "position": [287.899650308691, 217.41336300082656], "size": [16.762620162963856, 12.541679763793951], "angle": 0.0}, {"category": "Cabinet", "position": [219.990247158969, 217.4285062919038], "size": [16.762620162963884, 12.54167976379398], "angle": 0.0}]}]}]}