{"seed": 1, "floorplan": [{"rooms": [{"category": "Bedroom", "corners": [[200.0, 185.0], [200.0, 307.0], [210.0, 307.0], [211.0, 308.0], [211.0, 315.0], [260.0, 315.0], [261.0, 314.0], [261.0, 308.0], [262.0, 307.0], [300.0, 307.0], [300.0, 185.0], [200.0, 185.0]], "objects": [{"category": "DoubleBed", "position": [237.42069999999998, 237.70840000000004], "size": [54.14329230655928, 26.706782296833264], "angle": -1.5707872226777828}]}]}]}