{"seed": 1, "floorplan": [{"rooms": [{"category": "Bedroom", "corners": [[208.0, 203.0], [208.0, 297.0], [292.0, 297.0], [292.0, 203.0], [208.0, 203.0]], "objects": [{"category": "DoubleBed", "position": [239.69502564722026, 250.9044274190682], "size": [63.58047844392483, 60.534253200841555], "angle": -9.104117114133085e-06}, {"category": "Nightstand", "position": [220.48061267029794, 286.5144073519421], "size": [19.53101735205299, 16.184757333948525], "angle": -1.5708054309120096}, {"category": "CeilingLamp", "position": [252.07569999999998, 250.7563], "size": [17.0220353118846, 17.022004412555454], "angle": -9.10411711460374e-06}]}]}]}