{"seed": 1, "floorplan": [{"rooms": [{"category": "Bedroom", "corners": [[282.0, 191.0], [281.0, 192.0], [206.0, 192.0], [206.0, 309.0], [294.0, 309.0], [294.0, 191.0], [282.0, 191.0]], "objects": [{"category": "DoubleBed", "position": [239.59415763476966, 233.92761839224684], "size": [66.50490539796137, 47.430131518468905], "angle": -9.104117113990153e-06}, {"category": "PendantLamp", "position": [251.84906318799005, 250.10547484422733], "size": [19.176779937744186, 11.636310195922846], "angle": 0.0}, {"category": "Nightstand", "position": [213.41550867035056, 272.64319041100583], "size": [14.003857504325463, 15.963925550511744], "angle": -9.104117111903413e-06}, {"category": "Table", "position": [285.6279286150444, 232.3044258214809], "size": [38.95805273937125, 15.526040857152934], "angle": -1.5707872226777821}]}]}]}