{"seed": 1, "floorplan": [{"rooms": [{"category": "Bedroom", "corners": [[206.0, 203.0], [206.0, 297.0], [294.0, 297.0], [294.0, 203.0], [206.0, 203.0]], "objects": [{"category": "DoubleBed", "position": [260.9938357183155, 264.3310268343216], "size": [66.45720598908895, 65.3408933357672], "angle": -3.141583549472679}, {"category": "Armchair", "position": [266.12120657041896, 231.0906836441708], "size": [22.72958908081054, 23.1688201904297], "angle": 3.141592653589793}, {"category": "PendantLamp", "position": [249.23314891824333, 250.12424045295967], "size": [12.205770492553711, 12.205770492553711], "angle": 0.0}]}]}]}