{"seed": 1, "floorplan": [{"rooms": [{"category": "Bedroom", "corners": [[176.0, 200.0], [176.0, 300.0], [324.0, 300.0], [324.0, 269.0], [297.0, 269.0], [296.0, 268.0], [296.0, 200.0], [176.0, 200.0]], "objects": [{"category": "DoubleBed", "position": [229.3056329302185, 235.9553450962835], "size": [61.82249908447261, 70.34609985351565], "angle": 0.0}, {"category": "Nightstand", "position": [192.78617562807676, 206.77242095187148], "size": [11.252220153808594, 11.252220153808565], "angle": 0.0}, {"category": "Nightstand", "position": [267.4595205609343, 206.84785142988733], "size": [11.252220153808594, 11.252220153808594], "angle": 0.0}, {"category": "CeilingLamp", "position": [231.82, 254.29750000000004], "size": [20.952390289306663, 21.00048065185544], "angle": 0.0}]}]}]}