{"seed": 1, "floorplan": [{"rooms": [{"category": "Bedroom", "corners": [[209.0, 187.0], [209.0, 313.0], [291.0, 313.0], [291.0, 187.0], [209.0, 187.0]], "objects": [{"category": "Nightstand", "position": [215.5186326271218, 212.8385199081191], "size": [17.36274848154037, 16.034485885286994], "angle": -9.104117113977619e-06}, {"category": "DoubleBed", "position": [243.34700552692283, 248.4832], "size": [69.12512731195915, 56.30931239256058], "angle": -9.10411711417364e-06}, {"category": "Nightstand", "position": [215.51863262712175, 283.6514800918809], "size": [16.034485885286994, 17.36274848154031], "angle": -1.570805430912012}]}]}]}