{"seed": 1, "floorplan": [{"rooms": [{"category": "Bedroom", "corners": [[209.0, 189.0], [209.0, 311.0], [247.0, 311.0], [247.0, 293.0], [248.0, 292.0], [291.0, 292.0], [291.0, 189.0], [209.0, 189.0]], "objects": [{"category": "DoubleBed", "position": [259.98882261874604, 240.72993488604922], "size": [60.53425320084158, 63.580478443924804], "angle": -1.5707872226777828}, {"category": "CornerSideTable", "position": [222.1905861902502, 205.9674251738835], "size": [29.882430267333973, 29.882370758056652], "angle": 0.0}]}]}]}