{"seed": 1, "floorplan": [{"rooms": [{"category": "Bedroom", "corners": [[204.0, 200.0], [204.0, 300.0], [296.0, 300.0], [296.0, 200.0], [204.0, 200.0]], "objects": [{"category": "DoubleBed", "position": [255.00828612610474, 232.67224898492617], "size": [48.0, 63.6542999267578], "angle": 0.0}, {"category": "Nightstand", "position": [289.81191128866345, 205.88990154086497], "size": [17.461980056762627, 13.464000320434565], "angle": 0.0}]}]}]}