{"seed": 1, "floorplan": [{"rooms": [{"category": "Bedroom", "corners": [[262.0, 176.0], [262.0, 227.0], [261.0, 228.0], [203.0, 228.0], [203.0, 324.0], [297.0, 324.0], [297.0, 176.0], [262.0, 176.0]], "objects": [{"category": "DoubleBed", "position": [239.2075010177096, 281.467], "size": [33.07020158905409, 66.5598054949485], "angle": -9.104117113918992e-06}]}]}]}