{"seed": 1, "floorplan": [{"rooms": [{"category": "Bedroom", "corners": [[190.0, 204.0], [190.0, 232.0], [220.0, 232.0], [221.0, 233.0], [221.0, 296.0], [310.0, 296.0], [310.0, 204.0], [190.0, 204.0]], "objects": [{"category": "Nightstand", "position": [230.61623288022452, 288.193], "size": [16.596390151977516, 13.277099990844704], "angle": 3.141592653589793}, {"category": "DoubleBed", "position": [267.1588717078929, 258.79108116455075], "size": [58.21349945068363, 74.39519805908202], "angle": 3.141592653589793}]}]}]}