{"seed": 1, "floorplan": [{"rooms": [{"category": "Bedroom", "corners": [[208.0, 209.0], [208.0, 291.0], [292.0, 291.0], [292.0, 209.0], [208.0, 209.0]], "objects": [{"category": "DoubleBed", "position": [260.5710344258834, 256.72888382486826], "size": [54.233591590572374, 90.27082000880368], "angle": -3.141583549472679}, {"category": "CeilingLamp", "position": [252.2695, 255.37900000000002], "size": [17.19056968688963, 17.19056968688963], "angle": 0.0}]}]}]}