{"seed": 1, "floorplan": [{"rooms": [{"category": "Bedroom", "corners": [[284.0, 190.0], [283.0, 191.0], [216.0, 191.0], [216.0, 310.0], [217.0, 309.0], [284.0, 309.0], [284.0, 190.0]], "objects": [{"category": "DoubleBed", "position": [250.2976899094858, 224.63357847089932], "size": [66.74700965289811, 56.842419663045874], "angle": -3.1415835494726787}, {"category": "Table", "position": [238.40800000000002, 299.497], "size": [40.50299835205078, 18.0023105621338], "angle": 3.141592653589793}, {"category": "Cabinet", "position": [222.08033269085453, 214.776488707888], "size": [37.7151443900451, 16.680151400979433], "angle": -1.57080543091201}, {"category": "PendantLamp", "position": [255.406, 227.40400000000005], "size": [25.09367980957029, 25.092210388183588], "angle": 0.0}]}]}]}