{"seed": 1, "floorplan": [{"rooms": [{"category": "Bedroom", "corners": [[196.0, 187.0], [196.0, 313.0], [304.0, 313.0], [304.0, 187.0], [196.0, 187.0]], "objects": [{"category": "SingleBed", "position": [234.58342215450824, 247.3585693666702], "size": [76.93150178819184, 70.53724038778705], "angle": -9.10411711420578e-06}, {"category": "Nightstand", "position": [203.75851124798405, 202.70604415126198], "size": [18.00016387634595, 13.500122907259506], "angle": -1.5708054309120112}, {"category": "TVStand", "position": [296.08771559272213, 245.91733000395072], "size": [75.95439175717328, 13.038628837580232], "angle": -1.5707872226777828}, {"category": "PendantLamp", "position": [249.99249999999998, 250.00150000000002], "size": [13.45256996154788, 13.457130432128906], "angle": 0.0}]}]}]}