{"seed": 1, "floorplan": [{"rooms": [{"category": "Bedroom", "corners": [[189.0, 192.0], [189.0, 308.0], [311.0, 308.0], [311.0, 192.0], [189.0, 192.0]], "objects": [{"category": "DoubleBed", "position": [274.5341836584443, 239.314], "size": [31.88848993334703, 56.444912381967214], "angle": -3.1415835494726783}, {"category": "PendantLamp", "position": [261.94465, 249.0376], "size": [22.619519805908226, 20.1064498901367], "angle": 0.0}, {"category": "PendantLamp", "position": [305.6425164739309, 206.27290000000002], "size": [11.82214742562653, 10.870719314821624], "angle": -1.5707872226777826}]}]}]}