{"seed": 1, "floorplan": [{"rooms": [{"category": "Bedroom", "corners": [[192.0, 196.0], [192.0, 304.0], [308.0, 304.0], [308.0, 278.0], [285.0, 278.0], [284.0, 277.0], [284.0, 196.0], [192.0, 196.0]], "objects": [{"category": "DoubleBed", "position": [225.46750000000006, 253.768], "size": [76.62069573590801, 64.36168672804392], "angle": -1.5708054309120105}]}]}]}