{"seed": 1, "floorplan": [{"rooms": [{"category": "Bedroom", "corners": [[209.0, 181.0], [209.0, 319.0], [291.0, 319.0], [291.0, 181.0], [209.0, 181.0]], "objects": [{"category": "DoubleBed", "position": [245.50846017001095, 243.20800000000003], "size": [70.06743783182148, 63.88048117519727], "angle": -9.104117114065088e-06}, {"category": "Cabinet", "position": [215.9961010451675, 202.62997279812265], "size": [13.196249748904359, 15.342770069363942], "angle": -9.104117115203577e-06}, {"category": "Cabinet", "position": [215.9961010451675, 284.8300272018774], "size": [13.196249748904359, 15.342770069363942], "angle": -9.104117115203577e-06}, {"category": "CeilingLamp", "position": [247.16799999999998, 243.73000000000002], "size": [19.34522540788813, 19.34522540788813], "angle": -1.5708054309120107}]}]}]}