{"seed": 1, "floorplan": [{"rooms": [{"category": "Bedroom", "corners": [[201.0, 166.0], [201.0, 334.0], [299.0, 334.0], [299.0, 223.0], [235.0, 223.0], [234.0, 222.0], [234.0, 166.0], [201.0, 166.0]], "objects": [{"category": "DoubleBed", "position": [263.58300669353866, 283.138], "size": [64.02868351322437, 70.6335410081755], "angle": -1.5707872226777824}, {"category": "Nightstand", "position": [290.7681677844866, 322.1958991462769], "size": [15.2029152251365, 15.717175797766242], "angle": -1.5532016681818173}, {"category": "Nightstand", "position": [290.7436913447311, 249.80050085372318], "size": [15.202915225136444, 15.717175797766357], "angle": -1.5532016681818135}, {"category": "PendantLamp", "position": [255.17770000000004, 281.9377], "size": [24.56967086791991, 24.569609069824196], "angle": 0.0}]}]}]}