{"seed": 1, "floorplan": [{"rooms": [{"category": "Bedroom", "corners": [[209.0, 208.0], [209.0, 292.0], [262.0, 292.0], [262.0, 271.0], [263.0, 270.0], [291.0, 270.0], [291.0, 225.0], [263.0, 225.0], [262.0, 224.0], [262.0, 208.0], [209.0, 208.0]], "objects": [{"category": "Cabinet", "position": [272.45000061006124, 264.57260013323975], "size": [36.02699890136719, 10.705019760131847], "angle": 3.141592653589793}, {"category": "SingleBed", "position": [231.8618074097941, 262.3224891808712], "size": [45.6228012084961, 59.81670227050782], "angle": 3.141592653589793}, {"category": "CeilingLamp", "position": [237.616, 249.4135], "size": [16.891679763793945, 16.993230056762712], "angle": 0.0}, {"category": "CeilingLamp", "position": [274.51, 247.2595], "size": [16.891679763793945, 16.993230056762712], "angle": 0.0}]}]}]}