{"seed": 1, "floorplan": [{"rooms": [{"category": "Bedroom", "corners": [[198.0, 190.0], [198.0, 310.0], [302.0, 310.0], [302.0, 190.0], [198.0, 190.0]], "objects": [{"category": "DoubleBed", "position": [234.41186597363884, 235.23561748775796], "size": [72.47045806134943, 68.92862588918999], "angle": -9.104117114185387e-06}, {"category": "CeilingLamp", "position": [250.47250000000003, 245.97880000000004], "size": [16.797209930419967, 17.998560333251987], "angle": 3.141592653589793}]}]}]}