{"seed": 1, "floorplan": [{"rooms": [{"category": "Bedroom", "corners": [[202.0, 190.0], [202.0, 310.0], [298.0, 310.0], [298.0, 190.0], [202.0, 190.0]], "objects": [{"category": "CeilingLamp", "position": [249.79839999999996, 255.2062], "size": [17.489999771118164, 17.50125045776366], "angle": 0.0}, {"category": "DoubleBed", "position": [235.93571890117053, 263.1477283001332], "size": [60.53065056794502, 65.02829283355264], "angle": -1.5708054309120107}, {"category": "Nightstand", "position": [209.20301253386657, 223.98901372850446], "size": [10.385554070163563, 17.423168114251872], "angle": -9.104117114171977e-06}, {"category": "Nightstand", "position": [208.6949424911483, 301.6775097778151], "size": [10.385554070163563, 17.423168114251926], "angle": -9.104117114171977e-06}]}]}]}