{"seed": 1, "floorplan": [{"rooms": [{"category": "Bedroom", "corners": [[210.0, 188.0], [210.0, 305.0], [211.0, 304.0], [212.0, 305.0], [212.0, 312.0], [239.0, 312.0], [239.0, 305.0], [240.0, 304.0], [290.0, 304.0], [290.0, 188.0], [210.0, 188.0]], "objects": [{"category": "DoubleBed", "position": [256.35433402472574, 224.2297], "size": [62.667272803295724, 28.200256739608665], "angle": -1.5707872226777833}, {"category": "Armchair", "position": [271.87299999999993, 273.9238], "size": [11.828057208434041, 13.779425376831231], "angle": -1.5707872226777857}, {"category": "PendantLamp", "position": [250.0, 230.8972], "size": [23.465641021728516, 19.5], "angle": 0.0}]}]}]}