{"seed": 1, "floorplan": [{"rooms": [{"category": "Bedroom", "corners": [[206.0, 191.0], [206.0, 309.0], [294.0, 309.0], [294.0, 191.0], [206.0, 191.0]], "objects": [{"category": "DoubleBed", "position": [258.4908507019335, 275.48558029955575], "size": [67.29961325566624, 68.39312449290422], "angle": -1.5707872226777828}, {"category": "Table", "position": [284.8224356164394, 218.8990920267053], "size": [19.55495861005703, 43.4712957329479], "angle": -3.1415835494726805}, {"category": "Armchair", "position": [264.9890025002523, 227.6527820459408], "size": [16.89567422189799, 15.479211207175544], "angle": -9.10411711368758e-06}]}]}]}