{"seed": 1, "floorplan": [{"rooms": [{"category": "Bedroom", "corners": [[217.0, 199.0], [217.0, 301.0], [283.0, 301.0], [283.0, 199.0], [217.0, 199.0]], "objects": [{"category": "CeilingLamp", "position": [250.60000000000002, 248.3185], "size": [15.176729965209972, 13.143420410156239], "angle": 0.0}, {"category": "DoubleBed", "position": [248.66110781870125, 233.9402243398674], "size": [68.11322234746275, 67.72321788127292], "angle": -1.5707872226777826}, {"category": "Nightstand", "position": [279.07700764570416, 261.2268848589329], "size": [17.328758075040398, 12.576924194694833], "angle": -1.5707872226777813}]}]}]}