{"seed": 1, "floorplan": [{"rooms": [{"category": "Bedroom", "corners": [[201.0, 203.0], [201.0, 297.0], [299.0, 297.0], [299.0, 203.0], [201.0, 203.0]], "objects": [{"category": "DoubleBed", "position": [236.99780202541913, 239.5661004985488], "size": [68.92799835205076, 72.46979827880858], "angle": 0.0}, {"category": "Nightstand", "position": [275.2225011139956, 206.48434110951476], "size": [11.520000457763615, 11.520000457763643], "angle": 0.0}, {"category": "PendantLamp", "position": [246.526, 253.08700000000002], "size": [15.303210067749063, 15.084149551391619], "angle": 0.0}]}]}]}