{"seed": 1, "floorplan": [{"rooms": [{"category": "Bedroom", "corners": [[207.0, 198.0], [207.0, 302.0], [293.0, 302.0], [293.0, 198.0], [207.0, 198.0]], "objects": [{"category": "DoubleBed", "position": [240.32161673098935, 253.18370243526954], "size": [64.4408851419499, 52.76358003840883], "angle": -9.104117113914704e-06}, {"category": "Table", "position": [214.65519752965184, 287.9752106849619], "size": [12.363780212402332, 12.42959976196289], "angle": 0.0}, {"category": "PendantLamp", "position": [247.82199999999997, 252.15700000000004], "size": [11.705820465087896, 11.765969467163131], "angle": 0.0}]}]}]}