{"seed": 1, "floorplan": [{"rooms": [{"category": "Bedroom", "corners": [[203.0, 189.0], [203.0, 311.0], [297.0, 311.0], [297.0, 189.0], [203.0, 189.0]], "objects": [{"category": "DoubleBed", "position": [261.2031675202246, 234.92230664957827], "size": [71.78015331479153, 58.57733230855164], "angle": -3.1415835494726783}, {"category": "Nightstand", "position": [293.32260501123915, 276.12620152306783], "size": [36.01952882471832, 12.653515620755071], "angle": -1.5707872226777821}, {"category": "Cabinet", "position": [209.986, 236.7655], "size": [60.384549384301046, 12.03322989850227], "angle": -1.570805430912011}, {"category": "PendantLamp", "position": [248.60799999999995, 236.7895], "size": [27.644819641113315, 27.644819641113287], "angle": 0.0}]}]}]}