{"seed": 1, "floorplan": [{"rooms": [{"category": "Bedroom", "corners": [[204.0, 190.0], [204.0, 310.0], [296.0, 310.0], [296.0, 190.0], [204.0, 190.0]], "objects": [{"category": "DoubleBed", "position": [241.69724745969125, 257.653], "size": [70.6335410081755, 64.0286835132244], "angle": -9.10411711395637e-06}, {"category": "Nightstand", "position": [212.20952929288123, 297.5047234944483], "size": [15.717292827223043, 15.203028425429748], "angle": -9.104117113792356e-06}, {"category": "CeilingLamp", "position": [249.103, 251.02300000000002], "size": [23.220719146728555, 23.2207191467285], "angle": 3.141592653589793}, {"category": "Nightstand", "position": [212.20952929288123, 218.98027650555167], "size": [15.717292827223043, 15.203028425429748], "angle": -9.104117113792356e-06}]}]}]}