{"seed": 1, "floorplan": [{"rooms": [{"category": "Bedroom", "corners": [[211.0, 197.0], [211.0, 303.0], [289.0, 303.0], [289.0, 197.0], [211.0, 197.0]], "objects": [{"category": "DoubleBed", "position": [247.97165808992878, 230.8722814947131], "size": [72.03809967041016, 61.46759948730468], "angle": 0.0}, {"category": "Nightstand", "position": [280.09753715089187, 202.3170170947909], "size": [15.77999954223634, 15.479999542236328], "angle": 0.0}, {"category": "Nightstand", "position": [216.20640542668264, 202.37875805497458], "size": [15.779999542236311, 15.479999542236328], "angle": 0.0}, {"category": "CeilingLamp", "position": [247.1965, 239.092], "size": [20.599417734457024, 21.178993018326498], "angle": -3.1415835494726796}]}]}]}