{"seed": 1, "floorplan": [{"rooms": [{"category": "Bedroom", "corners": [[172.0, 178.0], [172.0, 322.0], [328.0, 322.0], [328.0, 276.0], [293.0, 276.0], [292.0, 275.0], [292.0, 268.0], [293.0, 267.0], [295.0, 267.0], [295.0, 239.0], [293.0, 239.0], [292.0, 238.0], [292.0, 178.0], [172.0, 178.0]], "objects": [{"category": "DoubleBed", "position": [230.8490408739331, 214.1797015498986], "size": [68.92799835205079, 72.46979827880861], "angle": 0.0}, {"category": "TVStand", "position": [247.8349, 314.97455019938155], "size": [61.802700805664045, 14.332319641113259], "angle": 3.141592653589793}]}]}]}