{"seed": 1, "floorplan": [{"rooms": [{"category": "Bedroom", "corners": [[208.0, 198.0], [208.0, 302.0], [292.0, 302.0], [292.0, 198.0], [208.0, 198.0]], "objects": [{"category": "DoubleBed", "position": [242.9749876011038, 246.42470700159424], "size": [69.3360301109579, 62.32436807010853], "angle": -9.104117114083721e-06}, {"category": "CornerSideTable", "position": [218.41686445190146, 208.52946248532098], "size": [19.80000000000001, 14.100000000000023], "angle": 0.0}, {"category": "CeilingLamp", "position": [250.0213, 251.03289999999998], "size": [17.122320556640602, 17.12232055664066], "angle": 0.0}]}]}]}