{"seed": 1, "floorplan": [{"rooms": [{"category": "Bedroom", "corners": [[208.0, 196.0], [208.0, 304.0], [292.0, 304.0], [292.0, 196.0], [208.0, 196.0]], "objects": [{"category": "DoubleBed", "position": [256.712092151179, 240.90974078657328], "size": [70.06743783182154, 63.88048117519727], "angle": -3.1415835494726783}, {"category": "Cabinet", "position": [285.3605736991571, 203.87981683234273], "size": [15.34277006936397, 13.196249748904444], "angle": -1.5707872226777828}, {"category": "Cabinet", "position": [287.3664939283589, 282.05037904026256], "size": [13.196249748904389, 15.342770069363942], "angle": -3.141583549472678}]}]}]}