{"seed": 1, "floorplan": [{"rooms": [{"category": "Bedroom", "corners": [[187.0, 193.0], [187.0, 304.0], [200.0, 304.0], [201.0, 305.0], [201.0, 307.0], [225.0, 307.0], [225.0, 305.0], [226.0, 304.0], [313.0, 304.0], [313.0, 193.0], [187.0, 193.0]], "objects": [{"category": "SingleBed", "position": [290.87093473469747, 234.28685432782143], "size": [74.5476803418511, 40.23816845868914], "angle": -1.5707872226777821}, {"category": "Table", "position": [196.23039999999997, 266.00365], "size": [33.115502294447616, 60.57954932855673], "angle": -1.5708054309120107}, {"category": "Nightstand", "position": [258.7220740488942, 209.59062235777463], "size": [14.844240188598633, 12.767850494384788], "angle": 0.0}, {"category": "CeilingLamp", "position": [245.5543, 252.22854999999998], "size": [15.462960433959978, 23.01614913940432], "angle": 0.0}]}]}]}