{"seed": 1, "floorplan": [{"rooms": [{"category": "Bedroom", "corners": [[189.0, 206.0], [189.0, 294.0], [311.0, 294.0], [311.0, 206.0], [189.0, 206.0]], "objects": [{"category": "DoubleBed", "position": [233.16700000000003, 237.0368341540211], "size": [81.85979919433592, 62.88900146484377], "angle": 0.0}, {"category": "PendantLamp", "position": [240.43900000000002, 243.0025], "size": [47.269798278808594, 30.8622001647949], "angle": 0.0}]}]}]}