{"seed": 1, "floorplan": [{"rooms": [{"category": "Bedroom", "corners": [[208.0, 204.0], [208.0, 296.0], [235.0, 296.0], [235.0, 288.0], [236.0, 287.0], [292.0, 287.0], [292.0, 204.0], [208.0, 204.0]], "objects": [{"category": "Table", "position": [217.1597458717749, 221.9722958295543], "size": [17.98234411877515, 35.92832773806151], "angle": -9.104117114331973e-06}, {"category": "Chair", "position": [232.48428316801738, 218.73589127105197], "size": [20.06757161436946, 16.853942961232697], "angle": -1.5707872226777835}, {"category": "CeilingLamp", "position": [250.32550000000003, 248.82999999999998], "size": [4.143217804740384, 8.901771144759492], "angle": -9.104117112679807e-06}, {"category": "DoubleBed", "position": [262.7564587238104, 254.51085131047608], "size": [58.23180084228511, 63.1416000366211], "angle": 3.141592653589793}]}]}]}