{"seed": 1, "floorplan": [{"rooms": [{"category": "Bedroom", "corners": [[206.0, 202.0], [206.0, 298.0], [294.0, 298.0], [294.0, 202.0], [206.0, 202.0]], "objects": [{"category": "SingleBed", "position": [230.25220000000007, 264.49156709643324], "size": [45.118798828124994, 65.72639923095704], "angle": 3.141592653589793}, {"category": "Cabinet", "position": [286.7635, 223.654], "size": [14.29108050193958, 36.15362962445069], "angle": -3.1415835494726796}, {"category": "PendantLamp", "position": [251.09080000000006, 248.9737], "size": [28.62179946899414, 28.62179946899417], "angle": 0.0}]}]}]}