{"seed": 1, "floorplan": [{"rooms": [{"category": "Bedroom", "corners": [[191.0, 129.0], [191.0, 352.0], [224.0, 352.0], [225.0, 353.0], [225.0, 371.0], [309.0, 371.0], [309.0, 198.0], [224.0, 198.0], [223.0, 197.0], [223.0, 129.0], [191.0, 129.0]], "objects": [{"category": "DoubleBed", "position": [269.31261830673805, 279.83786765686386], "size": [60.5342546497397, 63.58047996573486], "angle": -1.5632778093902178}]}]}]}