{"seed": 1, "floorplan": [{"rooms": [{"category": "Bedroom", "corners": [[188.0, 178.0], [188.0, 322.0], [312.0, 322.0], [312.0, 178.0], [188.0, 178.0]], "objects": [{"category": "DoubleBed", "position": [278.2120796056545, 257.2903], "size": [66.92370803893196, 65.80259797865263], "angle": -1.5707872226777824}, {"category": "Nightstand", "position": [304.9690671867114, 300.1101256235668], "size": [15.000136563621654, 14.291830096776645], "angle": -1.5707872226777817}, {"category": "Nightstand", "position": [304.9690671867114, 214.47347437643324], "size": [15.000136563621654, 14.291830096776701], "angle": -1.5707872226777817}]}]}]}