{"seed": 1, "floorplan": [{"rooms": [{"category": "Bedroom", "corners": [[205.0, 193.0], [205.0, 307.0], [295.0, 307.0], [295.0, 193.0], [205.0, 193.0]], "objects": [{"category": "DoubleBed", "position": [261.84546586707904, 244.31564393407638], "size": [56.5337147651452, 51.27406757628405], "angle": -3.1415835494726796}, {"category": "CornerSideTable", "position": [285.55477529474746, 208.3423198015914], "size": [15.734543808253335, 15.734543808253392], "angle": -1.5707872226777826}, {"category": "CornerSideTable", "position": [286.2286509548991, 280.1765974439491], "size": [15.734543808253335, 15.734543808253335], "angle": -1.5707872226777826}, {"category": "PendantLamp", "position": [249.4225, 241.79499999999996], "size": [17.625090408325207, 17.564459609985363], "angle": 0.0}]}]}]}