{"seed": 1, "floorplan": [{"rooms": [{"category": "Bedroom", "corners": [[206.0, 181.0], [206.0, 319.0], [294.0, 319.0], [294.0, 181.0], [206.0, 181.0]], "objects": [{"category": "Table", "position": [221.20818481670665, 223.30302490087143], "size": [18.0464247497828, 43.98129946057535], "angle": -9.104117114081394e-06}, {"category": "DoubleBed", "position": [242.10874558984557, 268.82451678670304], "size": [70.90954754930308, 66.34800547098439], "angle": -9.104117114342949e-06}, {"category": "TVStand", "position": [287.6253085756401, 268.99233937361436], "size": [91.98383304086937, 17.53608914047174], "angle": -1.5707872226777826}, {"category": "Nightstand", "position": [209.8683976516075, 306.65523764171684], "size": [12.095810195416083, 17.471708671529257], "angle": -9.104117113945343e-06}]}]}]}