{"seed": 1, "floorplan": [{"rooms": [{"category": "Bedroom", "corners": [[191.0, 208.0], [191.0, 209.0], [190.0, 210.0], [184.0, 210.0], [184.0, 288.0], [190.0, 288.0], [191.0, 289.0], [191.0, 292.0], [316.0, 292.0], [316.0, 208.0], [191.0, 208.0]], "objects": [{"category": "CornerSideTable", "position": [298.61094229709136, 282.9393614737552], "size": [13.1952445965817, 12.857018641848155], "angle": -1.105824206502775}, {"category": "DoubleBed", "position": [256.5077055734406, 256.89686814927], "size": [52.93229827880862, 58.61130065917962], "angle": 3.141592653589793}]}]}]}