{"seed": 1, "floorplan": [{"rooms": [{"category": "Bedroom", "corners": [[275.0, 185.0], [275.0, 192.0], [274.0, 193.0], [198.0, 193.0], [198.0, 313.0], [197.0, 314.0], [197.0, 315.0], [303.0, 315.0], [303.0, 303.0], [302.0, 302.0], [302.0, 193.0], [300.0, 193.0], [299.0, 192.0], [299.0, 185.0], [275.0, 185.0]], "objects": [{"category": "DoubleBed", "position": [233.39680000000004, 263.1559], "size": [63.58047844392483, 60.534253200841555], "angle": -9.104117114133085e-06}, {"category": "PendantLamp", "position": [250.0, 250.0], "size": [14.433209609985397, 14.433209609985397], "angle": 0.0}]}]}]}