{"seed": 1, "floorplan": [{"rooms": [{"category": "Bedroom", "corners": [[195.0, 172.0], [195.0, 326.0], [194.0, 327.0], [194.0, 328.0], [306.0, 328.0], [305.0, 327.0], [305.0, 182.0], [223.0, 182.0], [222.0, 181.0], [222.0, 172.0], [195.0, 172.0]], "objects": [{"category": "DoubleBed", "position": [228.88222882356433, 268.5808], "size": [53.29098352161438, 68.61752686548888], "angle": -1.5708054309120112}, {"category": "Nightstand", "position": [201.27418489637546, 309.2475584578965], "size": [13.590903991923547, 17.592700144758975], "angle": -9.104117109691137e-06}, {"category": "Nightstand", "position": [201.27418489637546, 227.97884154210362], "size": [13.590903991923575, 17.59270014475889], "angle": -9.10411711387358e-06}, {"category": "PendantLamp", "position": [243.4153, 265.97350000000006], "size": [20.316629791259743, 20.85401916503909], "angle": 0.0}]}]}]}