{"seed": 1, "floorplan": [{"rooms": [{"category": "Bedroom", "corners": [[277.0, 167.0], [277.0, 221.0], [276.0, 222.0], [191.0, 222.0], [191.0, 333.0], [309.0, 333.0], [309.0, 167.0], [277.0, 167.0]], "objects": [{"category": "DoubleBed", "position": [229.11700097656248, 290.76316507975264], "size": [83.90806676878937, 75.23498670906045], "angle": -1.5708054309120107}, {"category": "Nightstand", "position": [197.91340198794904, 255.2974904373955], "size": [14.126468331287219, 14.126468331287219], "angle": -9.10411711336097e-06}, {"category": "TVStand", "position": [303.2935, 295.59700000000004], "size": [29.600550249821634, 5.243357520293827], "angle": -1.5707872226777808}]}]}]}