{"seed": 1, "floorplan": [{"rooms": [{"category": "Bedroom", "corners": [[200.0, 188.0], [200.0, 208.0], [199.0, 209.0], [163.0, 209.0], [163.0, 278.0], [199.0, 278.0], [200.0, 279.0], [200.0, 289.0], [309.0, 289.0], [310.0, 290.0], [310.0, 311.0], [309.0, 312.0], [337.0, 312.0], [337.0, 263.0], [303.0, 263.0], [302.0, 262.0], [302.0, 188.0], [200.0, 188.0]], "objects": [{"category": "DoubleBed", "position": [243.74286546461553, 220.680796570626], "size": [41.03730010986328, 63.496801757812506], "angle": 0.0}, {"category": "Cabinet", "position": [175.66899999999998, 242.70549999999997], "size": [37.58854182752319, 17.274097161749378], "angle": -1.5708054309120105}, {"category": "TVStand", "position": [240.94899999999998, 282.6794664154053], "size": [68.16509857177738, 12.721260452270542], "angle": 3.141592653589793}]}]}]}