{"seed": 1, "floorplan": [{"rooms": [{"category": "Bedroom", "corners": [[203.0, 208.0], [203.0, 292.0], [297.0, 292.0], [297.0, 208.0], [203.0, 208.0]], "objects": [{"category": "DoubleBed", "position": [252.17221515680103, 238.23320525270287], "size": [60.52992121347527, 65.02750928545606], "angle": -1.5679001204160732}, {"category": "Cabinet", "position": [290.21703144595136, 213.0654588398453], "size": [19.69286956787107, 14.077949523925781], "angle": 0.0}, {"category": "Cabinet", "position": [212.07540871929086, 213.1031499349243], "size": [19.6928695678711, 14.077949523925781], "angle": 0.0}, {"category": "CeilingLamp", "position": [251.704, 248.04100000000003], "size": [16.651829910278337, 16.48935012817384], "angle": 0.0}]}]}]}