{"seed": 1, "floorplan": [{"rooms": [{"category": "Bedroom", "corners": [[196.0, 201.0], [196.0, 299.0], [304.0, 299.0], [304.0, 201.0], [196.0, 201.0]], "objects": [{"category": "DoubleBed", "position": [232.63999936983475, 256.261], "size": [73.16106493468138, 62.863472099290874], "angle": -9.10411711430719e-06}, {"category": "Cabinet", "position": [297.379, 251.524], "size": [55.66250474610871, 13.25727020190518], "angle": -1.5707872226777826}, {"category": "PendantLamp", "position": [249.856, 250.71100000000004], "size": [27.341940307617165, 27.559680175781267], "angle": 0.0}]}]}]}