{"seed": 1, "floorplan": [{"rooms": [{"category": "Bedroom", "corners": [[198.0, 187.0], [198.0, 313.0], [302.0, 313.0], [302.0, 187.0], [198.0, 187.0]], "objects": [{"category": "DoubleBed", "position": [261.8725, 256.513], "size": [69.92433502752604, 62.957374016200504], "angle": -3.1415835494726796}, {"category": "Nightstand", "position": [292.87749999999994, 214.72299999999998], "size": [14.591353316237305, 14.547792128633676], "angle": -1.5707872226777844}, {"category": "Nightstand", "position": [294.3421335093248, 297.85], "size": [14.591353316237305, 14.547792128633732], "angle": -1.5707872226777804}]}]}]}