{"seed": 1, "floorplan": [{"rooms": [{"category": "Bedroom", "corners": [[204.0, 209.0], [204.0, 291.0], [296.0, 291.0], [296.0, 209.0], [204.0, 209.0]], "objects": [{"category": "DoubleBed", "position": [235.96319613386143, 258.15873951054033], "size": [59.051399230956974, 64.70279846191411], "angle": 3.141592653589793}, {"category": "Chair", "position": [269.7829, 247.2829], "size": [19.84352915018245, 9.60281891143841], "angle": -2.2718016423423566}, {"category": "Table", "position": [217.27528356491294, 228.6707875008105], "size": [30.05999908447265, 56.3601013183594], "angle": 0.0}]}]}]}