{"seed": 1, "floorplan": [{"rooms": [{"category": "Bedroom", "corners": [[205.0, 212.0], [205.0, 288.0], [293.0, 288.0], [293.0, 276.0], [294.0, 275.0], [295.0, 275.0], [295.0, 212.0], [205.0, 212.0]], "objects": [{"category": "DoubleBed", "position": [236.51632736310904, 244.06800755062795], "size": [61.905001831054705, 63.68009948730469], "angle": 0.0}, {"category": "Nightstand", "position": [263.12870156272743, 219.90453103033082], "size": [22.495529937744095, 19.034700393676758], "angle": 0.0}, {"category": "Cabinet", "position": [218.29299999999998, 282.57559971211754], "size": [23.488320922851557, 10.531140518188465], "angle": 3.141592653589793}]}]}]}