{"seed": 1, "floorplan": [{"rooms": [{"category": "Bedroom", "corners": [[200.0, 210.0], [200.0, 290.0], [300.0, 290.0], [300.0, 210.0], [200.0, 210.0]], "objects": [{"category": "DoubleBed", "position": [265.63599999999997, 253.00000000000003], "size": [62.3243680701085, 69.33603011095789], "angle": -1.5707872226777824}, {"category": "PendantLamp", "position": [245.6155, 253.60990000000004], "size": [23.250629425048828, 7.498860168457014], "angle": 0.0}]}]}]}