{"seed": 1, "floorplan": [{"rooms": [{"category": "Bedroom", "corners": [[193.0, 174.0], [193.0, 204.0], [208.0, 204.0], [209.0, 205.0], [209.0, 324.0], [208.0, 325.0], [208.0, 326.0], [307.0, 326.0], [307.0, 187.0], [306.0, 186.0], [305.0, 187.0], [247.0, 187.0], [247.0, 202.0], [246.0, 203.0], [240.0, 203.0], [239.0, 202.0], [239.0, 175.0], [240.0, 174.0], [193.0, 174.0]], "objects": [{"category": "DoubleBed", "position": [271.54833985729795, 266.155], "size": [62.957374016200475, 69.92433502752604], "angle": -1.5707872226777821}, {"category": "Nightstand", "position": [297.74145625993214, 220.64543241684325], "size": [14.547792128633732, 14.591353316237276], "angle": -3.1415835494726796}, {"category": "Nightstand", "position": [299.07425633601963, 310.74356758315673], "size": [14.591353316237305, 14.547792128633676], "angle": -1.5707872226777844}]}]}]}