{"seed": 1, "floorplan": [{"rooms": [{"category": "Bedroom", "corners": [[200.0, 215.0], [200.0, 285.0], [300.0, 285.0], [300.0, 215.0], [200.0, 215.0]], "objects": [{"category": "DoubleBed", "position": [261.6401595313916, 244.05686798828128], "size": [37.459799194335915, 56.45429992675784], "angle": 0.0}, {"category": "CeilingLamp", "position": [257.96545000000003, 250.84779999999998], "size": [41.944500732421886, 11.69352035522462], "angle": 0.0}, {"category": "Chair", "position": [225.51100663081968, 267.9432806559934], "size": [20.06738891601563, 16.85378952026366], "angle": 0.0}]}]}]}