{"seed": 1, "floorplan": [{"rooms": [{"category": "Bedroom", "corners": [[190.0, 208.0], [190.0, 292.0], [310.0, 292.0], [310.0, 208.0], [190.0, 208.0]], "objects": [{"category": "DoubleBed", "position": [256.35883842581933, 245.7354145593683], "size": [58.57679901123049, 71.77949981689451], "angle": 0.0}, {"category": "Nightstand", "position": [294.40273532762006, 213.56600434663247], "size": [36.01920089721682, 12.653400421142578], "angle": 0.0}, {"category": "Nightstand", "position": [219.35396392071226, 213.58453034090076], "size": [36.01920089721679, 12.65340042114255], "angle": 0.0}, {"category": "CeilingLamp", "position": [253.35699999999997, 252.997], "size": [23.99999999999997, 24.0], "angle": 0.0}]}]}]}