{"seed": 1, "floorplan": [{"rooms": [{"category": "Bedroom", "corners": [[203.0, 192.0], [203.0, 288.0], [202.0, 289.0], [202.0, 308.0], [298.0, 308.0], [298.0, 192.0], [203.0, 192.0]], "objects": [{"category": "CeilingLamp", "position": [251.86, 237.6115], "size": [24.00000000000003, 24.0], "angle": 0.0}, {"category": "DoubleBed", "position": [248.68899999999996, 229.84760538741943], "size": [41.03730010986325, 63.496801757812506], "angle": 0.0}, {"category": "Nightstand", "position": [211.29685978763695, 198.6418532889819], "size": [8.919810104370129, 7.339739799499512], "angle": 0.0}, {"category": "Nightstand", "position": [285.97914021236295, 198.644789755806], "size": [8.919810104370129, 7.339739799499512], "angle": 0.0}]}]}]}