{"seed": 1, "floorplan": [{"rooms": [{"category": "Bedroom", "corners": [[197.0, 194.0], [197.0, 306.0], [303.0, 306.0], [303.0, 194.0], [197.0, 194.0]], "objects": [{"category": "DoubleBed", "position": [269.416, 249.92559999999997], "size": [59.2853389374617, 33.24810161566654], "angle": -1.5707872226777824}, {"category": "Nightstand", "position": [290.5876, 289.6624], "size": [16.378738744761456, 14.542062019703229], "angle": -1.5707872226777815}, {"category": "Nightstand", "position": [290.0212, 208.9021], "size": [16.37873874476143, 14.542062019703172], "angle": -1.5707872226777815}, {"category": "PendantLamp", "position": [250.0, 250.0], "size": [19.419001007080055, 19.599600219726597], "angle": 0.0}]}]}]}