{"seed": 1, "floorplan": [{"rooms": [{"category": "Bedroom", "corners": [[210.0, 191.0], [209.0, 192.0], [209.0, 301.0], [210.0, 302.0], [210.0, 308.0], [290.0, 308.0], [290.0, 302.0], [291.0, 301.0], [291.0, 192.0], [290.0, 191.0], [210.0, 191.0]], "objects": [{"category": "Nightstand", "position": [282.47376790693716, 230.10942138610733], "size": [11.007160452633254, 11.007160452633226], "angle": -1.5707872226777824}, {"category": "DoubleBed", "position": [257.3818990484269, 268.6774761740449], "size": [65.97090090251069, 60.88765455058771], "angle": -3.1415835494726796}, {"category": "PendantLamp", "position": [250.072, 253.7545], "size": [18.60326957702634, 9.572550201416021], "angle": 0.0}]}]}]}