{"seed": 1, "floorplan": [{"rooms": [{"category": "Bedroom", "corners": [[210.0, 203.0], [210.0, 297.0], [290.0, 297.0], [290.0, 203.0], [210.0, 203.0]], "objects": [{"category": "SingleBed", "position": [258.4001176186582, 239.73440468128388], "size": [50.612858553602564, 57.695625672956155], "angle": -1.5707872226777821}, {"category": "PendantLamp", "position": [252.4123, 246.94360000000003], "size": [21.99984054565431, 20.738369750976574], "angle": 0.0}]}]}]}