{"seed": 1, "floorplan": [{"rooms": [{"category": "Bedroom", "corners": [[204.0, 198.0], [204.0, 302.0], [296.0, 302.0], [296.0, 198.0], [204.0, 198.0]], "objects": [{"category": "DoubleBed", "position": [259.3687171269144, 256.8384376792446], "size": [68.92862588918999, 72.47045806134943], "angle": -1.5707872226777824}, {"category": "Nightstand", "position": [292.7922454471145, 225.3810566526746], "size": [11.520105338629286, 11.5201053386292], "angle": -1.5707872226777877}, {"category": "Nightstand", "position": [292.7685418645897, 289.30679658643476], "size": [11.520105338629257, 11.520105338629257], "angle": -1.5707872226777828}, {"category": "PendantLamp", "position": [249.769, 248.49550000000002], "size": [15.303210067748978, 15.08414955139159], "angle": 0.0}]}]}]}