{"seed": 1, "floorplan": [{"rooms": [{"category": "Bedroom", "corners": [[269.0, 176.0], [269.0, 183.0], [268.0, 184.0], [200.0, 184.0], [200.0, 303.0], [244.0, 303.0], [245.0, 304.0], [245.0, 324.0], [300.0, 324.0], [300.0, 184.0], [297.0, 184.0], [296.0, 183.0], [296.0, 176.0], [269.0, 176.0]], "objects": [{"category": "DoubleBed", "position": [237.8043294910427, 256.17268076234257], "size": [71.76035485573463, 60.141845453494525], "angle": -9.104117114341118e-06}, {"category": "Nightstand", "position": [207.6042073420688, 213.5858302767216], "size": [14.937826349733122, 18.353627024750434], "angle": -9.104117113852461e-06}, {"category": "Sofa", "position": [287.1085, 310.7467], "size": [12.324166202629712, 12.403875548178423], "angle": -1.8876861535283274}, {"category": "PendantLamp", "position": [246.50740000000002, 252.2497], "size": [24.56967086791991, 24.569609069824253], "angle": 0.0}]}]}]}