{"seed": 1, "floorplan": [{"rooms": [{"category": "Bedroom", "corners": [[194.0, 164.0], [194.0, 294.0], [195.0, 293.0], [259.0, 293.0], [260.0, 294.0], [260.0, 336.0], [306.0, 336.0], [306.0, 164.0], [194.0, 164.0]], "objects": [{"category": "DoubleBed", "position": [230.7348468305633, 240.84670000000003], "size": [68.64512568853027, 67.39201369406246], "angle": -9.104117113834084e-06}, {"category": "Nightstand", "position": [200.43986063281992, 283.6127424443595], "size": [12.318712233906844, 17.27451716374209], "angle": -9.104117113164111e-06}, {"category": "Nightstand", "position": [200.43986063281992, 198.08065755564047], "size": [12.318712233906844, 17.27451716374209], "angle": -9.10411711547131e-06}]}]}]}