{"seed": 1, "floorplan": [{"rooms": [{"category": "Bedroom", "corners": [[203.0, 178.0], [203.0, 305.0], [229.0, 305.0], [230.0, 306.0], [230.0, 322.0], [297.0, 322.0], [297.0, 178.0], [203.0, 178.0]], "objects": [{"category": "DoubleBed", "position": [242.18766660563153, 255.6175], "size": [76.60089727685107, 66.824106912421], "angle": -9.10411711428672e-06}, {"category": "PendantLamp", "position": [253.78300000000002, 248.47179999999997], "size": [8.049029731750466, 8.049029731750494], "angle": 3.141592653589793}, {"category": "TVStand", "position": [290.2002914409138, 270.0042309285783], "size": [54.040990349795486, 12.006949446838567], "angle": -1.5707872226777821}]}]}]}