{"seed": 1, "floorplan": [{"rooms": [{"category": "Bedroom", "corners": [[183.0, 163.0], [183.0, 336.0], [182.0, 337.0], [317.0, 337.0], [317.0, 222.0], [216.0, 222.0], [215.0, 221.0], [215.0, 165.0], [216.0, 164.0], [216.0, 163.0], [183.0, 163.0]], "objects": [{"category": "Cabinet", "position": [312.36313282920946, 270.5148208849346], "size": [42.81998822863412, 14.115727953353785], "angle": -1.5707872226777817}, {"category": "SingleBed", "position": [273.2984443934156, 276.60463960875626], "size": [59.99214621463239, 40.971974883031535], "angle": -3.1415835494726787}, {"category": "Shelf", "position": [310.27795, 318.7326503662109], "size": [36.00152710443134, 8.998102092267299], "angle": -1.5707872226777817}, {"category": "Chair", "position": [298.1899810772435, 237.55952320570748], "size": [16.423889531187573, 14.832045357389319], "angle": -9.104117114651843e-06}]}]}]}