{"seed": 1, "floorplan": [{"rooms": [{"category": "Bedroom", "corners": [[203.0, 197.0], [203.0, 303.0], [297.0, 303.0], [296.0, 302.0], [296.0, 298.0], [297.0, 297.0], [297.0, 197.0], [203.0, 197.0]], "objects": [{"category": "Cabinet", "position": [267.7507934688021, 205.87382936437052], "size": [37.85039978027342, 7.733279800415033], "angle": 0.0}, {"category": "DoubleBed", "position": [261.69747505749103, 266.7477489157182], "size": [67.39115482189746, 68.644250846179], "angle": -1.5629085920907444}, {"category": "Nightstand", "position": [284.1560610909901, 228.07006330415015], "size": [17.274517163742058, 12.318712233906872], "angle": -1.570787222677781}]}]}]}