{"seed": 1, "floorplan": [{"rooms": [{"category": "Bedroom", "corners": [[272.0, 175.0], [272.0, 208.0], [271.0, 209.0], [200.0, 209.0], [200.0, 325.0], [300.0, 325.0], [300.0, 175.0], [272.0, 175.0]], "objects": [{"category": "DoubleBed", "position": [235.18537619623828, 277.2307149463684], "size": [70.22193905531968, 56.54661466286138], "angle": -9.104117113893439e-06}, {"category": "CornerSideTable", "position": [207.99800405594127, 312.0629965307389], "size": [10.941969734614895, 14.055338075551802], "angle": -9.104117117171865e-06}, {"category": "CornerSideTable", "position": [207.99686982676582, 242.44509531791914], "size": [10.941969734614895, 14.055338075551802], "angle": -9.104117111976874e-06}, {"category": "PendantLamp", "position": [246.11650000000003, 271.04769999999996], "size": [10.170690536499023, 10.170690536499023], "angle": 0.0}]}]}]}