{"seed": 1, "floorplan": [{"rooms": [{"category": "Bedroom", "corners": [[192.0, 188.0], [192.0, 312.0], [308.0, 312.0], [308.0, 188.0], [192.0, 188.0]], "objects": [{"category": "Cabinet", "position": [301.1439164437665, 292.50429999999994], "size": [15.404960119194596, 12.901887861833773], "angle": -1.5707872226777813}, {"category": "Cabinet", "position": [301.1439164437665, 200.69170000000003], "size": [15.404960119194596, 12.901887861833773], "angle": -1.5707872226777813}, {"category": "DoubleBed", "position": [272.96133445209375, 246.577], "size": [56.30931239256058, 69.12512731195919], "angle": -1.5707872226777824}, {"category": "PendantLamp", "position": [257.23329999999993, 246.2227], "size": [13.457252949093526, 13.45269243699277], "angle": -9.10411711476503e-06}]}]}]}