{"seed": 1, "floorplan": [{"rooms": [{"category": "Bedroom", "corners": [[187.0, 205.0], [187.0, 294.0], [195.0, 294.0], [196.0, 295.0], [313.0, 295.0], [313.0, 205.0], [187.0, 205.0]], "objects": [{"category": "PendantLamp", "position": [254.90200000000004, 246.57999999999998], "size": [12.021719741821272, 12.023580551147461], "angle": 0.0}, {"category": "Cabinet", "position": [192.81315905835262, 286.8849000922141], "size": [16.006885917826, 19.49495669049907], "angle": -9.104117112930071e-06}, {"category": "Cabinet", "position": [195.90398876930715, 215.2475607837789], "size": [19.494956690499013, 16.006885917826], "angle": -1.5708054309120119}, {"category": "DoubleBed", "position": [224.15966068867044, 253.47075628194588], "size": [51.6211700405591, 60.674050921336104], "angle": -1.5708054309120107}]}]}]}