{"seed": 1, "floorplan": [{"rooms": [{"category": "Bedroom", "corners": [[200.0, 215.0], [200.0, 285.0], [300.0, 285.0], [300.0, 215.0], [200.0, 215.0]], "objects": [{"category": "DoubleBed", "position": [253.86081563871096, 248.16785192606213], "size": [64.2720016479492, 65.65019989013669], "angle": 0.0}, {"category": "PendantLamp", "position": [250.0585, 252.124], "size": [26.177101135253935, 26.151150512695324], "angle": 0.0}]}]}]}