{"seed": 1, "floorplan": [{"rooms": [{"category": "Bedroom", "corners": [[185.0, 204.0], [185.0, 223.0], [184.0, 224.0], [184.0, 225.0], [181.0, 228.0], [181.0, 229.0], [177.0, 233.0], [177.0, 234.0], [174.0, 237.0], [174.0, 238.0], [170.0, 242.0], [170.0, 273.0], [185.0, 288.0], [185.0, 295.0], [184.0, 296.0], [293.0, 296.0], [293.0, 231.0], [294.0, 230.0], [330.0, 230.0], [330.0, 204.0], [185.0, 204.0]], "objects": [{"category": "DoubleBed", "position": [236.60199141371743, 262.4255454551469], "size": [60.14909820556639, 66.4136993408203], "angle": 3.141592653589793}, {"category": "Nightstand", "position": [195.87768796123325, 292.425452402523], "size": [18.421530532836925, 10.778850173950161], "angle": 3.141592653589793}, {"category": "PendantLamp", "position": [236.66530000000003, 258.55240000000003], "size": [31.12768436183291, 31.12768436183291], "angle": -1.570805430912011}]}]}]}