{"seed": 1, "floorplan": [{"rooms": [{"category": "Bedroom", "corners": [[207.0, 194.0], [207.0, 306.0], [293.0, 306.0], [293.0, 194.0], [207.0, 194.0]], "objects": [{"category": "DoubleBed", "position": [255.14558966731164, 261.4202663288827], "size": [64.02868351322437, 70.6335410081755], "angle": -1.5707872226777824}, {"category": "Nightstand", "position": [284.9771045827835, 226.0573045139785], "size": [15.203028425429748, 15.717292827223043], "angle": -1.5707872226777848}, {"category": "Nightstand", "position": [287.2735260711701, 296.7097727206519], "size": [15.203028425429805, 15.717292827223043], "angle": -1.5707872226777848}, {"category": "PendantLamp", "position": [250.39450000000002, 257.65], "size": [17.625090408325207, 17.564459609985363], "angle": 0.0}]}]}]}