{"seed": 1, "floorplan": [{"rooms": [{"category": "Bedroom", "corners": [[214.0, 209.0], [214.0, 244.0], [213.0, 245.0], [191.0, 245.0], [191.0, 291.0], [309.0, 291.0], [309.0, 209.0], [214.0, 209.0]], "objects": [{"category": "DoubleBed", "position": [268.7603915665444, 256.0635068034895], "size": [71.41710205078124, 68.56770172119138], "angle": 3.141592653589793}, {"category": "Nightstand", "position": [224.5091149009457, 286.08726508261725], "size": [15.486989593505854, 12.722100448608387], "angle": 3.141592653589793}, {"category": "PendantLamp", "position": [263.1463, 249.86425000000003], "size": [31.718399047851562, 34.45650100708008], "angle": 0.0}]}]}]}