{"seed": 1, "floorplan": [{"rooms": [{"category": "Bedroom", "corners": [[169.0, 198.0], [168.0, 199.0], [163.0, 199.0], [163.0, 302.0], [164.0, 301.0], [168.0, 301.0], [169.0, 302.0], [279.0, 302.0], [279.0, 227.0], [280.0, 226.0], [337.0, 226.0], [337.0, 198.0], [169.0, 198.0]], "objects": [{"category": "DoubleBed", "position": [214.2654991584797, 264.52980729604235], "size": [74.07570190429686, 74.11050109863282], "angle": 3.141592653589793}, {"category": "Nightstand", "position": [173.6089792488351, 294.81886362062096], "size": [17.765549468994152, 14.933459472656295], "angle": 3.141592653589793}, {"category": "Nightstand", "position": [254.92516252476003, 294.81867325884684], "size": [17.765549468994124, 14.933459472656295], "angle": 3.141592653589793}, {"category": "TVStand", "position": [213.44811095813577, 205.41435398905773], "size": [48.440098571777355, 10.049759674072277], "angle": 0.0}]}]}]}