{"seed": 1, "floorplan": [{"rooms": [{"category": "Bedroom", "corners": [[215.0, 205.0], [215.0, 295.0], [285.0, 295.0], [285.0, 205.0], [215.0, 205.0]], "objects": [{"category": "SingleBed", "position": [249.99849999999998, 230.98449999999997], "size": [63.00057356721092, 39.895863401371635], "angle": -9.104117114324194e-06}, {"category": "Nightstand", "position": [221.5315, 264.0835], "size": [9.241524146371924, 16.392119298709012], "angle": -9.104117114469108e-06}]}]}]}