{"seed": 1, "floorplan": [{"rooms": [{"category": "Bedroom", "corners": [[208.0, 172.0], [208.0, 328.0], [292.0, 328.0], [292.0, 172.0], [208.0, 172.0]], "objects": [{"category": "DoubleBed", "position": [243.05081436536886, 258.807463847384], "size": [69.33603011095789, 62.3243680701085], "angle": -9.104117114083726e-06}, {"category": "Nightstand", "position": [217.4394484271516, 302.1793346461838], "size": [14.437751606543687, 19.334815767218647], "angle": -9.104117115763738e-06}, {"category": "PendantLamp", "position": [242.41029999999995, 260.17509999999993], "size": [12.0217197418213, 12.023580551147433], "angle": 0.0}]}]}]}