{"seed": 1, "floorplan": [{"rooms": [{"category": "Bedroom", "corners": [[208.0, 204.0], [208.0, 296.0], [292.0, 296.0], [292.0, 204.0], [208.0, 204.0]], "objects": [{"category": "DoubleBed", "position": [262.6693153496909, 235.52568346278952], "size": [51.27360076904296, 56.5332000732422], "angle": 0.0}, {"category": "Table", "position": [283.3498180011513, 277.6916111477459], "size": [17.224657090667442, 36.05192734355655], "angle": -3.14158354947268}, {"category": "CeilingLamp", "position": [259.0, 250.0], "size": [18.766679763793945, 17.502059555053734], "angle": 0.0}]}]}]}