{"seed": 1, "floorplan": [{"rooms": [{"category": "Bedroom", "corners": [[190.0, 213.0], [190.0, 287.0], [310.0, 287.0], [310.0, 213.0], [190.0, 213.0]], "objects": [{"category": "SingleBed", "position": [216.94432461391034, 246.19053610897402], "size": [45.118798828124994, 65.72639923095707], "angle": 0.0}, {"category": "Cabinet", "position": [253.6747177341503, 218.17831485854654], "size": [24.359999084472634, 9.445739936828602], "angle": 0.0}]}]}]}