{"seed": 1, "floorplan": [{"rooms": [{"category": "Bedroom", "corners": [[181.0, 166.0], [181.0, 334.0], [269.0, 334.0], [269.0, 283.0], [270.0, 282.0], [319.0, 282.0], [319.0, 166.0], [181.0, 166.0]], "objects": [{"category": "DoubleBed", "position": [217.14728092930977, 237.57400000000013], "size": [58.576381636649266, 71.77898836971427], "angle": -1.5638594667348853}, {"category": "Nightstand", "position": [188.8337725810254, 284.0074828233086], "size": [6.962403360273927, 9.280374330697668], "angle": -9.104117107964125e-06}, {"category": "Nightstand", "position": [189.36642293126408, 192.91051717669166], "size": [6.962403360273927, 9.280374330697668], "angle": -9.104117107964125e-06}]}]}]}