{"seed": 1, "floorplan": [{"rooms": [{"category": "Bedroom", "corners": [[179.0, 204.0], [179.0, 296.0], [321.0, 296.0], [321.0, 204.0], [179.0, 204.0]], "objects": [{"category": "CeilingLamp", "position": [248.90964999999997, 255.10825], "size": [21.121259307861294, 21.121259307861322], "angle": 0.0}, {"category": "DoubleBed", "position": [244.97635000000002, 238.05925000000002], "size": [65.34029846191407, 28.02398986816408], "angle": 0.0}, {"category": "Sofa", "position": [310.95894999999996, 230.68195000000003], "size": [53.38668446613316, 65.77619850735061], "angle": -1.570787222677782}]}]}]}