{"seed": 1, "floorplan": [{"rooms": [{"category": "Bedroom", "corners": [[201.0, 196.0], [201.0, 304.0], [299.0, 304.0], [299.0, 196.0], [201.0, 196.0]], "objects": [{"category": "DoubleBed", "position": [257.42766316243535, 240.305567395171], "size": [86.09778091816132, 82.07954975546961], "angle": -1.5707872226777821}, {"category": "Cabinet", "position": [295.50383788396914, 206.1256499144779], "size": [13.836216054995417, 12.720416101653882], "angle": -1.57078722267778}, {"category": "Cabinet", "position": [295.39079291273083, 278.3352109600237], "size": [13.836216054995445, 12.720416101653882], "angle": -1.57078722267778}, {"category": "PendantLamp", "position": [252.31150000000002, 240.8545], "size": [24.002160644531273, 23.815049743652366], "angle": 0.0}]}]}]}