{"seed": 1, "floorplan": [{"rooms": [{"category": "Bedroom", "corners": [[240.0, 171.0], [240.0, 209.0], [239.0, 210.0], [202.0, 210.0], [202.0, 309.0], [221.0, 309.0], [222.0, 310.0], [222.0, 329.0], [298.0, 329.0], [298.0, 171.0], [240.0, 171.0]], "objects": [{"category": "DoubleBed", "position": [262.01735805405076, 266.72013920848264], "size": [72.09605432312857, 70.99594665132392], "angle": -1.5707872226777826}, {"category": "Nightstand", "position": [290.8624572713918, 224.48277913210117], "size": [29.796451996721064, 17.090705065482908], "angle": -1.5707872226777824}, {"category": "Nightstand", "position": [290.81426573308374, 306.97643285768066], "size": [29.796451996721064, 17.090705065482908], "angle": -1.5707872226777824}, {"category": "PendantLamp", "position": [252.34750000000003, 262.2334], "size": [29.16299514930726, 29.162995149307232], "angle": -1.5708054309120112}]}]}]}