{"seed": 1, "floorplan": [{"rooms": [{"category": "Bedroom", "corners": [[209.0, 197.0], [209.0, 303.0], [291.0, 303.0], [291.0, 197.0], [209.0, 197.0]], "objects": [{"category": "DoubleBed", "position": [257.18341694160455, 244.51818980015494], "size": [60.66025379865461, 58.2926327561525], "angle": -1.5707872226777821}, {"category": "Cabinet", "position": [285.0762333815754, 209.47762078711511], "size": [16.12505144292358, 17.563975482301586], "angle": -0.012088351042045605}, {"category": "Cabinet", "position": [285.44505014407946, 276.43324933816484], "size": [16.12505144292358, 17.563975482301526], "angle": -0.012088351042047368}, {"category": "CeilingLamp", "position": [249.39550000000003, 249.72100000000003], "size": [17.12232055664063, 17.12232055664066], "angle": 0.0}]}]}]}