{"seed": 1, "floorplan": [{"rooms": [{"category": "Bedroom", "corners": [[196.0, 178.0], [196.0, 322.0], [297.0, 322.0], [297.0, 301.0], [298.0, 300.0], [304.0, 300.0], [304.0, 281.0], [298.0, 281.0], [297.0, 280.0], [297.0, 178.0], [196.0, 178.0]], "objects": [{"category": "Nightstand", "position": [202.77889628820847, 291.63179135484125], "size": [13.500122907259478, 17.40015841380107], "angle": -9.104117116128733e-06}, {"category": "Nightstand", "position": [200.86685195460336, 202.65758691263213], "size": [17.400158413801098, 13.500122907259478], "angle": -1.5708054309120099}, {"category": "DoubleBed", "position": [233.9073450263697, 245.08029026607468], "size": [75.83258889044819, 70.43164250257904], "angle": -9.104117114213714e-06}, {"category": "PendantLamp", "position": [257.07129999999995, 249.99850000000004], "size": [12.6185096740723, 12.632939529418934], "angle": 0.0}]}]}]}