{"seed": 1, "floorplan": [{"rooms": [{"category": "Bedroom", "corners": [[184.0, 206.0], [184.0, 294.0], [316.0, 294.0], [316.0, 206.0], [184.0, 206.0]], "objects": [{"category": "DoubleBed", "position": [245.91681809359847, 242.85739444052004], "size": [68.92799835205076, 72.46979827880861], "angle": 0.0}, {"category": "Nightstand", "position": [201.6879110380408, 213.7216384186051], "size": [18.900000000000006, 11.78157005310058], "angle": 0.0}, {"category": "CeilingLamp", "position": [245.4325, 254.6905], "size": [12.180110431892961, 12.180110431892961], "angle": -9.104117112442026e-06}, {"category": "PendantLamp", "position": [202.69750000000002, 226.7855000406901], "size": [38.308548840344905, 22.082510002633317], "angle": -1.5707872226777828}]}]}]}