{"seed": 1, "floorplan": [{"rooms": [{"category": "Bedroom", "corners": [[172.0, 202.0], [172.0, 298.0], [328.0, 298.0], [328.0, 264.0], [251.0, 264.0], [250.0, 263.0], [250.0, 202.0], [172.0, 202.0]], "objects": [{"category": "DoubleBed", "position": [212.48538331409816, 238.3450175169893], "size": [60.14909820556639, 66.4136993408203], "angle": 0.0}, {"category": "PendantLamp", "position": [211.11174599193652, 249.99849443571424], "size": [32.79269943237304, 32.79269943237307], "angle": 0.0}, {"category": "Cabinet", "position": [213.15489070979584, 287.26718955773583], "size": [57.414898681640636, 12.221190261840832], "angle": 3.141592653589793}]}]}]}