{"seed": 1, "floorplan": [{"rooms": [{"category": "Bedroom", "corners": [[198.0, 187.0], [198.0, 313.0], [302.0, 313.0], [302.0, 187.0], [198.0, 187.0]], "objects": [{"category": "DoubleBed", "position": [261.8654687744796, 259.6577183769736], "size": [62.957374016200504, 69.92433502752604], "angle": -1.5707872226777826}, {"category": "Nightstand", "position": [292.87749999999994, 220.78300000000002], "size": [14.591353316237305, 14.547792128633676], "angle": -1.5707872226777844}, {"category": "Nightstand", "position": [294.356771837504, 298.2923447264303], "size": [14.591353316237305, 14.547792128633732], "angle": -1.5707872226777844}]}]}]}