{"seed": 1, "floorplan": [{"rooms": [{"category": "Bedroom", "corners": [[158.0, 208.0], [158.0, 292.0], [279.0, 292.0], [279.0, 234.0], [280.0, 233.0], [342.0, 233.0], [342.0, 208.0], [158.0, 208.0]], "objects": [{"category": "DoubleBed", "position": [193.35491974604017, 254.8143424557171], "size": [68.92799835205079, 72.46979827880861], "angle": 3.141592653589793}, {"category": "Cabinet", "position": [242.7285410711671, 263.04611800685973], "size": [71.47710113525392, 13.847339630126896], "angle": 3.141592653589793}]}]}]}