{"seed": 1, "floorplan": [{"rooms": [{"category": "Bedroom", "corners": [[202.0, 207.0], [202.0, 293.0], [298.0, 293.0], [298.0, 207.0], [202.0, 207.0]], "objects": [{"category": "SingleBed", "position": [221.55039995930488, 245.29045000000002], "size": [57.825224325987406, 69.4056337109487], "angle": -9.104117114333306e-06}, {"category": "Table", "position": [288.712144782433, 235.2569684500063], "size": [42.2373825216673, 36.75753526898786], "angle": -3.1415835494726787}, {"category": "Table", "position": [266.6577054051546, 234.40672487830878], "size": [16.692621643636837, 14.21604659988882], "angle": -1.3792801774966148}, {"category": "CeilingLamp", "position": [250.59730000000002, 251.39065], "size": [18.07532958984376, 11.851559829711931], "angle": 0.0}]}]}]}