{"seed": 1, "floorplan": [{"rooms": [{"category": "Bedroom", "corners": [[211.0, 185.0], [211.0, 315.0], [282.0, 315.0], [282.0, 298.0], [283.0, 297.0], [288.0, 297.0], [289.0, 298.0], [289.0, 191.0], [288.0, 191.0], [287.0, 190.0], [287.0, 185.0], [211.0, 185.0]], "objects": [{"category": "DoubleBed", "position": [244.12939480443427, 247.28840458561146], "size": [46.193219927839884, 66.40410491971095], "angle": -1.5708054309120107}, {"category": "Cabinet", "position": [237.8540161580404, 192.12745], "size": [54.05999908447262, 12.892140197753918], "angle": 0.0}, {"category": "Table", "position": [217.85149149703875, 294.5742922637061], "size": [14.820165137535573, 38.11024610112741], "angle": -9.104117116912383e-06}, {"category": "Chair", "position": [235.20960232309307, 307.1697678636977], "size": [14.146418998150729, 14.181608756390078], "angle": -1.570787222677782}]}]}]}