{"seed": 1, "floorplan": [{"rooms": [{"category": "Bedroom", "corners": [[202.0, 187.0], [202.0, 306.0], [203.0, 305.0], [271.0, 305.0], [272.0, 306.0], [272.0, 313.0], [294.0, 313.0], [294.0, 306.0], [295.0, 305.0], [298.0, 305.0], [298.0, 187.0], [202.0, 187.0]], "objects": [{"category": "Cabinet", "position": [248.4699502981549, 295.63716089834963], "size": [60.00000000000003, 19.711830139160156], "angle": 3.141592653589793}, {"category": "Cabinet", "position": [232.1525258225942, 295.587538947028], "size": [60.0, 19.711830139160156], "angle": 3.141592653589793}, {"category": "DoubleBed", "position": [235.17815898058825, 245.0125612643647], "size": [65.04089060449476, 68.91362941476905], "angle": -9.104117114255584e-06}, {"category": "Nightstand", "position": [209.6931361652413, 202.66204164530944], "size": [15.111377581870679, 15.174527799744606], "angle": -9.104117112799486e-06}]}]}]}