{"seed": 1, "floorplan": [{"rooms": [{"category": "Bedroom", "corners": [[204.0, 187.0], [203.0, 188.0], [203.0, 312.0], [204.0, 313.0], [296.0, 313.0], [297.0, 312.0], [297.0, 188.0], [296.0, 187.0], [204.0, 187.0]], "objects": [{"category": "DoubleBed", "position": [237.7383228905915, 252.2892972005536], "size": [71.41775224932144, 68.56832597810306], "angle": -1.570805430912011}, {"category": "Nightstand", "position": [209.12468424834378, 206.107737287676], "size": [17.99797345723412, 18.64471930502769], "angle": -9.104117112720435e-06}, {"category": "Nightstand", "position": [212.35642187903375, 297.2900694562428], "size": [17.99797345723412, 18.64471930502766], "angle": -9.104117114299598e-06}, {"category": "CeilingLamp", "position": [251.11749999999995, 245.398], "size": [18.38465995788573, 18.986970520019526], "angle": 0.0}]}]}]}