{"seed": 1, "floorplan": [{"rooms": [{"category": "Bedroom", "corners": [[186.0, 191.0], [186.0, 309.0], [314.0, 309.0], [314.0, 191.0], [186.0, 191.0]], "objects": [{"category": "DoubleBed", "position": [281.42499999999995, 252.53740000000005], "size": [63.52407686842427, 62.822671251759246], "angle": -1.5707872226777826}, {"category": "PendantLamp", "position": [294.3824337810416, 213.00430000000003], "size": [37.12229919433594, 10.005360031127907], "angle": 0.0}, {"category": "PendantLamp", "position": [294.3824337810416, 289.37020000000007], "size": [37.12229919433594, 10.005360031127964], "angle": 0.0}]}]}]}