{"seed": 1, "floorplan": [{"rooms": [{"category": "Bedroom", "corners": [[285.0, 198.0], [284.0, 199.0], [215.0, 199.0], [215.0, 302.0], [216.0, 301.0], [285.0, 301.0], [285.0, 198.0]], "objects": [{"category": "DoubleBed", "position": [249.93577221745434, 267.7831224051], "size": [56.841902160644565, 66.74640197753905], "angle": 3.141592653589793}, {"category": "Cabinet", "position": [266.15933276367184, 207.43899999999996], "size": [37.714801025390614, 16.679999542236345], "angle": 0.0}, {"category": "Nightstand", "position": [282.43273118605396, 237.24645148533804], "size": [12.000168760716457, 9.665757630548056], "angle": -1.5707872226777797}, {"category": "CeilingLamp", "position": [249.946, 256.717], "size": [13.188240051269503, 13.188210296630842], "angle": 0.0}]}]}]}