{"seed": 1, "floorplan": [{"rooms": [{"category": "Bedroom", "corners": [[199.0, 161.0], [199.0, 338.0], [200.0, 339.0], [229.0, 339.0], [229.0, 286.0], [230.0, 285.0], [300.0, 285.0], [301.0, 284.0], [301.0, 161.0], [199.0, 161.0]], "objects": [{"category": "PendantLamp", "position": [252.82659999999998, 225.20650000000003], "size": [42.46950073242189, 40.084501647949224], "angle": 0.0}, {"category": "DoubleBed", "position": [268.69593642223697, 216.29830000000004], "size": [48.607643154248905, 61.94516234725173], "angle": -1.5707872226777828}, {"category": "Nightstand", "position": [293.37963772383796, 183.82406678026854], "size": [14.945086547667097, 9.800579414627535], "angle": -1.5707872226777844}, {"category": "Nightstand", "position": [293.37963772383796, 248.77253321973149], "size": [14.945086547667069, 9.800579414627535], "angle": -1.5707872226777844}]}]}]}