{"seed": 1, "floorplan": [{"rooms": [{"category": "Bedroom", "corners": [[195.0, 208.0], [195.0, 292.0], [305.0, 292.0], [305.0, 262.0], [290.0, 262.0], [289.0, 261.0], [289.0, 208.0], [195.0, 208.0]], "objects": [{"category": "DoubleBed", "position": [239.80222971156695, 246.25218063773076], "size": [75.18630065917972, 67.79339904785155], "angle": 0.0}, {"category": "Nightstand", "position": [204.3859701194176, 211.03252748918237], "size": [22.799999999999983, 10.92000045776365], "angle": 0.0}, {"category": "PendantLamp", "position": [236.66799999999995, 249.40749999999997], "size": [14.433209609985369, 14.43320960998534], "angle": 0.0}]}]}]}