{"seed": 1, "floorplan": [{"rooms": [{"category": "Bedroom", "corners": [[202.0, 193.0], [202.0, 306.0], [201.0, 307.0], [298.0, 307.0], [298.0, 275.0], [282.0, 275.0], [281.0, 274.0], [281.0, 193.0], [202.0, 193.0]], "objects": [{"category": "DoubleBed", "position": [236.4551218179559, 244.91732426992877], "size": [69.12512731195912, 56.30931239256055], "angle": -9.104117114173644e-06}, {"category": "Cabinet", "position": [233.85075044759122, 297.580266965739], "size": [64.84020080566407, 18.123479461669945], "angle": 3.141592653589793}, {"category": "Cabinet", "position": [256.92055, 297.580266965739], "size": [64.84020080566404, 18.123479461669945], "angle": 3.141592653589793}, {"category": "CeilingLamp", "position": [236.06635000000006, 245.01340000000005], "size": [16.50000000000003, 16.5], "angle": 0.0}]}]}]}