{"seed": 1, "floorplan": [{"rooms": [{"category": "Bedroom", "corners": [[182.0, 204.0], [182.0, 296.0], [318.0, 296.0], [318.0, 204.0], [182.0, 204.0]], "objects": [{"category": "DoubleBed", "position": [254.06192003803375, 261.7664561384789], "size": [56.0054992675781, 64.08599853515628], "angle": 3.141592653589793}]}]}]}