{"seed": 1, "floorplan": [{"rooms": [{"category": "Bedroom", "corners": [[210.0, 199.0], [210.0, 300.0], [289.0, 300.0], [290.0, 301.0], [290.0, 200.0], [211.0, 200.0], [210.0, 199.0]], "objects": [{"category": "DoubleBed", "position": [253.71003263354962, 238.12577906274794], "size": [38.01184661519497, 69.69273654450501], "angle": -1.5707872226777826}, {"category": "CeilingLamp", "position": [250.6342575910811, 254.65430694511636], "size": [36.657000732421835, 34.94850082397457], "angle": 0.0}]}]}]}