{"seed": 1, "floorplan": [{"rooms": [{"category": "Bedroom", "corners": [[311.0, 164.0], [310.0, 165.0], [284.0, 165.0], [284.0, 183.0], [283.0, 184.0], [277.0, 184.0], [277.0, 205.0], [276.0, 206.0], [283.0, 206.0], [284.0, 207.0], [284.0, 216.0], [283.0, 217.0], [189.0, 217.0], [189.0, 336.0], [190.0, 335.0], [310.0, 335.0], [311.0, 336.0], [311.0, 164.0]], "objects": [{"category": "Nightstand", "position": [197.0518, 224.56089998687494], "size": [15.712529754638695, 14.517959976196323], "angle": 0.0}, {"category": "Nightstand", "position": [271.05969999999996, 224.56089998687494], "size": [15.712529754638695, 14.517959976196323], "angle": 0.0}, {"category": "CeilingLamp", "position": [242.3635, 264.82809999999995], "size": [16.573769760131825, 16.58315963745116], "angle": 0.0}, {"category": "DoubleBed", "position": [232.97349999999994, 254.48126721635776], "size": [64.35420227050778, 73.9482009887696], "angle": 0.0}]}]}]}