{"seed": 1, "floorplan": [{"rooms": [{"category": "Bedroom", "corners": [[180.0, 184.0], [180.0, 316.0], [320.0, 316.0], [320.0, 184.0], [180.0, 184.0]], "objects": [{"category": "DoubleBed", "position": [216.90527519909733, 236.4621139070662], "size": [73.28976636274734, 65.31299238595167], "angle": -9.10411711440969e-06}, {"category": "Shelf", "position": [188.24375389605137, 282.92077536638305], "size": [11.737186859041183, 10.228623243857516], "angle": -9.104117112332291e-06}, {"category": "Nightstand", "position": [186.2374, 202.4104000000001], "size": [11.613765783003725, 12.000109250897244], "angle": -9.10411711576734e-06}, {"category": "PendantLamp", "position": [188.10729999999998, 203.20210000000006], "size": [14.368744161180029, 14.368744161180091], "angle": -1.4421695921781095}]}]}]}