{"seed": 1, "floorplan": [{"rooms": [{"category": "Bedroom", "corners": [[196.0, 213.0], [196.0, 287.0], [304.0, 287.0], [304.0, 213.0], [196.0, 213.0]], "objects": [{"category": "DoubleBed", "position": [243.95607439425942, 257.0260128096961], "size": [65.0282928335527, 60.53065056794499], "angle": -9.104117113948643e-06}, {"category": "Cabinet", "position": [204.8312056444624, 281.8940181038539], "size": [19.6928695678711, 14.077949523925781], "angle": 3.141592653589793}, {"category": "Cabinet", "position": [277.9792512052664, 282.3280218732909], "size": [19.69286956787107, 14.077949523925781], "angle": 3.141592653589793}, {"category": "PendantLamp", "position": [242.0935, 245.632], "size": [9.656070327758812, 9.656100082397472], "angle": 0.0}]}]}]}