{"seed": 1, "floorplan": [{"rooms": [{"category": "Bedroom", "corners": [[209.0, 213.0], [209.0, 287.0], [291.0, 287.0], [291.0, 213.0], [209.0, 213.0]], "objects": [{"category": "DoubleBed", "position": [258.2422, 253.1845000402051], "size": [47.42969970703123, 66.50429992675782], "angle": 3.141592653589793}, {"category": "CeilingLamp", "position": [247.93150000000003, 250.933], "size": [16.797209930419967, 17.99856033325193], "angle": 3.141592653589793}]}]}]}