{"seed": 1, "floorplan": [{"rooms": [{"category": "Bedroom", "corners": [[185.0, 200.0], [185.0, 300.0], [315.0, 300.0], [315.0, 200.0], [185.0, 200.0]], "objects": [{"category": "Nightstand", "position": [205.9418341116409, 292.02723766210613], "size": [11.721480560302723, 10.984800338745117], "angle": 3.141592653589793}, {"category": "DoubleBed", "position": [243.86860000000001, 268.30448938379004], "size": [59.1242980957031, 64.22579956054688], "angle": 3.141592653589793}, {"category": "Nightstand", "position": [280.8440658883592, 292.02723766210613], "size": [11.72148056030278, 10.984800338745117], "angle": 3.141592653589793}]}]}]}