{"seed": 1, "floorplan": [{"rooms": [{"category": "Bedroom", "corners": [[209.0, 181.0], [209.0, 299.0], [260.0, 299.0], [262.0, 301.0], [262.0, 316.0], [261.0, 317.0], [261.0, 319.0], [291.0, 319.0], [291.0, 181.0], [209.0, 181.0]], "objects": [{"category": "DoubleBed", "position": [244.69575933831294, 264.7377252597573], "size": [69.88080139160161, 71.8734008789063], "angle": 3.141592653589793}, {"category": "Table", "position": [277.04472328522905, 223.2042554301438], "size": [80.81983674875671, 28.989714000194986], "angle": -1.5707872226777824}, {"category": "Armchair", "position": [261.8156896060852, 199.92504725358077], "size": [22.729727315380817, 23.168961096272355], "angle": -1.2323887094941126}, {"category": "PendantLamp", "position": [249.79600000000005, 239.23600000000002], "size": [15.0, 15.0], "angle": 0.0}]}]}]}