{"seed": 1, "floorplan": [{"rooms": [{"category": "Bedroom", "corners": [[212.0, 190.0], [212.0, 310.0], [288.0, 310.0], [288.0, 190.0], [212.0, 190.0]], "objects": [{"category": "DoubleBed", "position": [245.74545452126114, 242.95900000000003], "size": [65.97090090251072, 60.88765455058771], "angle": -9.10411711396018e-06}, {"category": "Nightstand", "position": [219.4045885099905, 280.0279762989816], "size": [11.007160452633226, 11.007160452633254], "angle": -1.5708054309120107}, {"category": "Nightstand", "position": [219.4045885099905, 206.73902370101843], "size": [11.007160452633254, 11.007160452633226], "angle": -9.10411711414549e-06}, {"category": "PendantLamp", "position": [248.18200000000002, 238.83700000000005], "size": [18.603269577026396, 9.57255020141605], "angle": 0.0}]}]}]}