{"seed": 1, "floorplan": [{"rooms": [{"category": "Bedroom", "corners": [[210.0, 202.0], [210.0, 298.0], [290.0, 298.0], [290.0, 202.0], [210.0, 202.0]], "objects": [{"category": "DoubleBed", "position": [262.66544905132673, 249.75183855288847], "size": [65.1950942788973, 65.13659154901354], "angle": -1.5707872226777826}, {"category": "Nightstand", "position": [283.6832215546449, 216.65648818533919], "size": [18.458597768018365, 10.577226042226384], "angle": -1.5707872226777841}, {"category": "Chair", "position": [233.7076105055957, 216.88365083677883], "size": [19.843485794783398, 9.60279793059153], "angle": -0.41269505520680444}]}]}]}