{"seed": 1, "floorplan": [{"rooms": [{"category": "Bedroom", "corners": [[178.0, 189.0], [178.0, 311.0], [322.0, 311.0], [322.0, 189.0], [178.0, 189.0]], "objects": [{"category": "Table", "position": [314.90670288225726, 285.37702678569144], "size": [33.717006946666736, 9.695878754384916], "angle": -1.5707872226777821}, {"category": "DoubleBed", "position": [214.73449059839854, 249.6793008566965], "size": [47.43013151846896, 66.50490539796134], "angle": -1.5708054309120107}, {"category": "Nightstand", "position": [185.84980969418436, 289.66850126779525], "size": [14.61209361640966, 13.144005057294333], "angle": -1.5642260140054625}, {"category": "PendantLamp", "position": [254.42785, 254.65885000000003], "size": [13.722480010986345, 13.722480010986288], "angle": 0.0}]}]}]}