{"seed": 1, "floorplan": [{"rooms": [{"category": "Bedroom", "corners": [[193.0, 179.0], [193.0, 321.0], [307.0, 321.0], [307.0, 179.0], [193.0, 179.0]], "objects": [{"category": "DoubleBed", "position": [230.4951448013573, 249.1918766847062], "size": [69.12512731195912, 56.30931239256055], "angle": -9.104117114173644e-06}, {"category": "Nightstand", "position": [197.0089479306402, 213.7544532989016], "size": [15.040937411153255, 11.583495884618918], "angle": -1.5708054309120107}, {"category": "Nightstand", "position": [196.73963422149248, 284.93616705954173], "size": [11.583495884618918, 15.040937411153255], "angle": -9.104117115493465e-06}]}]}]}