{"seed": 1, "floorplan": [{"rooms": [{"category": "Bedroom", "corners": [[210.0, 193.0], [210.0, 307.0], [290.0, 307.0], [290.0, 193.0], [210.0, 193.0]], "objects": [{"category": "DoubleBed", "position": [252.01175675827983, 243.9633024283015], "size": [76.47339520052466, 74.04277614795528], "angle": -1.5707872226777821}, {"category": "Nightstand", "position": [284.04199457460004, 204.91809956023968], "size": [14.192769136316283, 15.803544299115675], "angle": -1.5707872226777837}, {"category": "Nightstand", "position": [284.0091837594312, 281.82131143692226], "size": [14.192769136316283, 15.803544299115616], "angle": -1.5707872226777837}, {"category": "CeilingLamp", "position": [250.9255, 244.498], "size": [11.961269760131813, 11.937030029296864], "angle": 0.0}]}]}]}