{"seed": 1, "floorplan": [{"rooms": [{"category": "Bedroom", "corners": [[202.0, 166.0], [203.0, 167.0], [203.0, 209.0], [202.0, 210.0], [202.0, 334.0], [298.0, 334.0], [298.0, 210.0], [233.0, 210.0], [232.0, 209.0], [232.0, 169.0], [233.0, 168.0], [233.0, 166.0], [202.0, 166.0]], "objects": [{"category": "Nightstand", "position": [290.10591317725704, 318.6056896263067], "size": [36.01952882471838, 12.653515620755071], "angle": -1.5707872226777821}, {"category": "DoubleBed", "position": [261.3261494472258, 272.8422916612345], "size": [71.78015331479153, 58.57733230855161], "angle": -3.141583549472679}, {"category": "PendantLamp", "position": [240.304, 271.174], "size": [20.22030356516813, 20.219733644207988], "angle": -3.141583549472679}]}]}]}