{"seed": 1, "floorplan": [{"rooms": [{"category": "Bedroom", "corners": [[209.0, 194.0], [209.0, 306.0], [238.0, 306.0], [238.0, 290.0], [239.0, 289.0], [291.0, 289.0], [291.0, 194.0], [209.0, 194.0]], "objects": [{"category": "DoubleBed", "position": [258.80412086175124, 233.23467127671597], "size": [64.22638428773291, 59.124836377588124], "angle": -3.1415835494726796}, {"category": "Nightstand", "position": [286.9211312155049, 266.56562260719016], "size": [11.721587275491846, 10.9849003470196], "angle": -1.5707872226777797}, {"category": "CeilingLamp", "position": [260.7442, 233.15200000000002], "size": [26.50662002563476, 26.567250823974575], "angle": 0.0}]}]}]}