{"seed": 1, "floorplan": [{"rooms": [{"category": "Bedroom", "corners": [[270.0, 199.0], [270.0, 205.0], [269.0, 206.0], [206.0, 206.0], [206.0, 301.0], [294.0, 301.0], [294.0, 206.0], [293.0, 205.0], [293.0, 199.0], [270.0, 199.0]], "objects": [{"category": "DoubleBed", "position": [241.6930344525425, 258.36837303900666], "size": [58.29263275615253, 60.66025379865464], "angle": -9.1041171142266e-06}, {"category": "PendantLamp", "position": [248.452, 257.9875], "size": [23.250629425048857, 7.498860168457014], "angle": 3.141592653589793}]}]}]}