{"seed": 1, "floorplan": [{"rooms": [{"category": "Bedroom", "corners": [[192.0, 197.0], [192.0, 303.0], [308.0, 303.0], [308.0, 197.0], [192.0, 197.0]], "objects": [{"category": "PendantLamp", "position": [236.76070000000004, 250.13290000000003], "size": [33.804907527201, 38.06134734051566], "angle": -9.1041171141522e-06}, {"category": "DoubleBed", "position": [242.67910000000006, 229.86933294719623], "size": [55.31999816894532, 66.04709930419921], "angle": 0.0}, {"category": "TVStand", "position": [243.3847, 295.7159664997067], "size": [66.75480194091796, 15.306120300293003], "angle": 3.141592653589793}]}]}]}