{"seed": 1, "floorplan": [{"rooms": [{"category": "Bedroom", "corners": [[196.0, 195.0], [196.0, 229.0], [195.0, 230.0], [177.0, 230.0], [177.0, 260.0], [195.0, 260.0], [196.0, 261.0], [196.0, 305.0], [323.0, 305.0], [323.0, 195.0], [196.0, 195.0]], "objects": [{"category": "DoubleBed", "position": [290.4875675209813, 271.3554328043401], "size": [65.34029846191402, 66.45660095214845], "angle": 3.141592653589793}, {"category": "Sofa", "position": [228.55143040740379, 272.61511916721633], "size": [47.513099670410156, 26.75330886840817], "angle": 3.141592653589793}, {"category": "CeilingLamp", "position": [254.3659, 245.659], "size": [16.651829910278366, 16.48935012817384], "angle": 0.0}]}]}]}