{"seed": 1, "floorplan": [{"rooms": [{"category": "Bedroom", "corners": [[198.0, 182.0], [197.0, 183.0], [197.0, 317.0], [198.0, 318.0], [303.0, 318.0], [303.0, 183.0], [302.0, 182.0], [198.0, 182.0]], "objects": [{"category": "DoubleBed", "position": [266.3549944419175, 255.07542463321298], "size": [63.6800367381812, 61.904940831077674], "angle": -0.013634130037402664}, {"category": "Nightstand", "position": [294.4883040208308, 211.42061851243702], "size": [22.495734742480085, 19.03487369018493], "angle": -1.5707872226777815}, {"category": "Nightstand", "position": [294.46955695424685, 299.38243862311197], "size": [22.495734742480114, 19.03487369018493], "angle": -1.570787222677784}, {"category": "CeilingLamp", "position": [254.51890000000003, 257.47479999999996], "size": [18.47552947998045, 18.46976966857909], "angle": 0.0}]}]}]}