{"seed": 1, "floorplan": [{"rooms": [{"category": "Bedroom", "corners": [[208.0, 195.0], [208.0, 305.0], [292.0, 305.0], [292.0, 195.0], [208.0, 195.0]], "objects": [{"category": "DoubleBed", "position": [242.46187736563462, 255.1342233441751], "size": [68.96822738498214, 69.76083408830391], "angle": -9.104117114365426e-06}, {"category": "CornerSideTable", "position": [217.9163459110364, 294.4481747484945], "size": [11.260799789428717, 11.260799789428745], "angle": 0.0}, {"category": "CornerSideTable", "position": [216.47081755996533, 219.3517766343718], "size": [11.260799789428717, 11.260799789428688], "angle": 0.0}, {"category": "CornerSideTable", "position": [250.051, 253.20850000000002], "size": [40.432609944341415, 14.868060182568959], "angle": -1.550206711827147}]}]}]}