{"seed": 1, "floorplan": [{"rooms": [{"category": "Bedroom", "corners": [[204.0, 191.0], [204.0, 309.0], [296.0, 309.0], [296.0, 191.0], [204.0, 191.0]], "objects": [{"category": "DoubleBed", "position": [264.91846308252036, 241.73653331544452], "size": [62.713173184558904, 65.5217986082458], "angle": -3.1415835494726787}, {"category": "Nightstand", "position": [289.51114798792514, 278.98709687707736], "size": [9.316194664135827, 9.37151533532548], "angle": -1.5707872226777813}, {"category": "Nightstand", "position": [289.9261073511974, 205.1361489777741], "size": [9.316194664135827, 9.37151533532548], "angle": -1.5707872226777873}]}]}]}