{"seed": 1, "floorplan": [{"rooms": [{"category": "Bedroom", "corners": [[179.0, 204.0], [179.0, 296.0], [321.0, 296.0], [321.0, 204.0], [179.0, 204.0]], "objects": [{"category": "DoubleBed", "position": [267.9925, 238.4065], "size": [53.22240142822264, 66.10919952392578], "angle": 0.0}, {"category": "CeilingLamp", "position": [266.7355, 244.5625], "size": [17.501409793373377, 17.4901590042989], "angle": -9.104117113917323e-06}, {"category": "Cabinet", "position": [188.62948327643107, 239.33483294744917], "size": [19.804950204867797, 69.61023304679803], "angle": -9.10411711343446e-06}]}]}]}