{"seed": 1, "floorplan": [{"rooms": [{"category": "Bedroom", "corners": [[202.0, 206.0], [202.0, 293.0], [201.0, 294.0], [299.0, 294.0], [299.0, 293.0], [298.0, 292.0], [298.0, 232.0], [272.0, 232.0], [271.0, 231.0], [271.0, 206.0], [202.0, 206.0]], "objects": [{"category": "SingleBed", "position": [269.5554511826336, 270.55886777425656], "size": [46.03721722582828, 50.94526209255235], "angle": -1.5707872226777824}, {"category": "Table", "position": [209.3719635685803, 228.41353884807623], "size": [13.110539587481975, 35.100319558874666], "angle": -9.104117114194507e-06}, {"category": "Chair", "position": [227.33495575426602, 227.63169132887916], "size": [20.434299119342455, 17.873380743580817], "angle": -0.5696243681336198}, {"category": "PendantLamp", "position": [254.21770000000004, 260.0323], "size": [12.0217197418213, 12.023580551147461], "angle": 0.0}]}]}]}