{"seed": 1, "floorplan": [{"rooms": [{"category": "Bedroom", "corners": [[189.0, 193.0], [189.0, 307.0], [311.0, 307.0], [311.0, 193.0], [189.0, 193.0]], "objects": [{"category": "Nightstand", "position": [196.470075915748, 224.2267311137309], "size": [14.12646833128719, 14.126468331287219], "angle": -9.104117113360989e-06}, {"category": "Nightstand", "position": [196.6885, 299.368], "size": [14.126468331287219, 14.12646833128719], "angle": -9.104117115372917e-06}, {"category": "PendantLamp", "position": [248.02750000000003, 242.938], "size": [24.710579681396467, 24.710609436035156], "angle": 0.0}, {"category": "DoubleBed", "position": [227.19933430989585, 261.661], "size": [83.90806676878934, 75.23498670906048], "angle": -1.5708054309120107}]}]}]}