{"seed": 1, "floorplan": [{"rooms": [{"category": "Bedroom", "corners": [[203.0, 208.0], [203.0, 292.0], [297.0, 292.0], [297.0, 208.0], [203.0, 208.0]], "objects": [{"category": "DoubleBed", "position": [238.38954983520512, 240.76689930419923], "size": [71.21374801166345, 66.1323006873496], "angle": -9.104117114169046e-06}]}]}]}