{"seed": 1, "floorplan": [{"rooms": [{"category": "Bedroom", "corners": [[382.0, 163.0], [375.0, 170.0], [375.0, 232.0], [378.0, 235.0], [377.0, 236.0], [350.0, 236.0], [349.0, 237.0], [317.0, 237.0], [316.0, 238.0], [284.0, 238.0], [283.0, 239.0], [118.0, 239.0], [118.0, 337.0], [263.0, 337.0], [264.0, 336.0], [265.0, 336.0], [272.0, 329.0], [273.0, 329.0], [281.0, 321.0], [282.0, 321.0], [289.0, 314.0], [290.0, 314.0], [297.0, 307.0], [298.0, 307.0], [305.0, 300.0], [306.0, 300.0], [313.0, 293.0], [314.0, 293.0], [319.0, 288.0], [321.0, 290.0], [322.0, 290.0], [330.0, 298.0], [331.0, 298.0], [338.0, 305.0], [339.0, 305.0], [347.0, 313.0], [348.0, 313.0], [356.0, 321.0], [357.0, 321.0], [365.0, 329.0], [366.0, 329.0], [374.0, 337.0], [375.0, 337.0], [372.0, 334.0], [371.0, 334.0], [363.0, 326.0], [362.0, 326.0], [354.0, 318.0], [353.0, 318.0], [345.0, 310.0], [344.0, 310.0], [336.0, 302.0], [335.0, 302.0], [328.0, 295.0], [327.0, 295.0], [320.0, 288.0], [320.0, 287.0], [322.0, 285.0], [323.0, 285.0], [330.0, 278.0], [331.0, 278.0], [338.0, 271.0], [339.0, 271.0], [346.0, 264.0], [347.0, 264.0], [355.0, 256.0], [356.0, 256.0], [363.0, 249.0], [364.0, 249.0], [371.0, 242.0], [372.0, 242.0], [377.0, 237.0], [378.0, 237.0], [379.0, 236.0], [381.0, 236.0], [382.0, 235.0], [382.0, 163.0]], "objects": [{"category": "DoubleBed", "position": [253.83146733634982, 276.6270128666263], "size": [60.88710021972656, 65.97030029296874], "angle": 0.0}, {"category": "Cabinet", "position": [292.9408594080743, 246.28207915239858], "size": [16.391970062255893, 9.24144001007079], "angle": 0.0}, {"category": "CeilingLamp", "position": [265.7482, 297.96099999999996], "size": [16.553520227967542, 16.553520227967542], "angle": -9.104117113709578e-06}]}]}]}