{"seed": 1, "floorplan": [{"rooms": [{"category": "Bedroom", "corners": [[201.0, 186.0], [201.0, 314.0], [265.0, 314.0], [265.0, 297.0], [266.0, 296.0], [271.0, 296.0], [272.0, 297.0], [272.0, 300.0], [298.0, 300.0], [298.0, 297.0], [299.0, 296.0], [299.0, 188.0], [300.0, 187.0], [300.0, 186.0], [201.0, 186.0]], "objects": [{"category": "DoubleBed", "position": [238.62226764322924, 242.42680000000001], "size": [75.23498670906051, 83.90806676878931], "angle": -9.104117114157611e-06}, {"category": "Nightstand", "position": [208.63120002848314, 280.5097], "size": [15.925885043052176, 17.81353192819564], "angle": -9.104117113602656e-06}, {"category": "Table", "position": [292.9630598445406, 199.93025733426444], "size": [12.471293121318489, 28.04275484792279], "angle": -9.10411711479016e-06}, {"category": "Nightstand", "position": [208.6312000284831, 203.698], "size": [15.92588504305212, 17.81353192819564], "angle": -9.10411711360269e-06}]}]}]}