{"seed": 1, "floorplan": [{"rooms": [{"category": "Bedroom", "corners": [[210.0, 202.0], [210.0, 298.0], [290.0, 298.0], [290.0, 202.0], [210.0, 202.0]], "objects": [{"category": "DoubleBed", "position": [258.5129395769445, 247.39620554021252], "size": [48.60764315424896, 61.94516234725165], "angle": -1.5707872226777824}, {"category": "Nightstand", "position": [284.69244993240005, 215.1468233864001], "size": [13.008079789677442, 16.87060782114129], "angle": -0.004144395740857719}]}]}]}