{"seed": 1, "floorplan": [{"rooms": [{"category": "Bedroom", "corners": [[301.0, 192.0], [300.0, 193.0], [199.0, 193.0], [199.0, 308.0], [200.0, 307.0], [301.0, 307.0], [301.0, 192.0]], "objects": [{"category": "DoubleBed", "position": [233.6774127953652, 240.29665635210011], "size": [68.61752686548888, 53.29098352161438], "angle": -9.104117114235784e-06}, {"category": "Nightstand", "position": [207.52220131343375, 279.9326505060941], "size": [13.590903991923575, 17.59270014475886], "angle": -9.10411711387358e-06}, {"category": "Shelf", "position": [240.8958634480127, 290.6649513160278], "size": [14.053088146620814, 32.77559822944815], "angle": -9.10411711290267e-06}, {"category": "PendantLamp", "position": [250.258, 245.37339999999998], "size": [20.3166297912598, 20.854019165039062], "angle": 0.0}]}]}]}