{"seed": 1, "floorplan": [{"rooms": [{"category": "Bedroom", "corners": [[198.0, 189.0], [198.0, 310.0], [197.0, 311.0], [303.0, 311.0], [302.0, 310.0], [302.0, 189.0], [198.0, 189.0]], "objects": [{"category": "DoubleBed", "position": [266.1927790760841, 259.0581542535804], "size": [58.57733230855164, 71.78015331479153], "angle": -1.5707872226777826}, {"category": "Nightstand", "position": [298.3650923833774, 294.0032864501062], "size": [12.653515620755128, 36.01952882471838], "angle": -3.141583549472676}, {"category": "TVStand", "position": [205.03301653035481, 256.63149999999996], "size": [15.000166318531234, 77.94551248474973], "angle": -9.104117114540957e-06}]}]}]}