{"seed": 1, "floorplan": [{"rooms": [{"category": "Bedroom", "corners": [[192.0, 206.0], [192.0, 294.0], [271.0, 294.0], [271.0, 259.0], [272.0, 258.0], [308.0, 258.0], [308.0, 206.0], [192.0, 206.0]], "objects": [{"category": "CeilingLamp", "position": [242.89899999999994, 246.994], "size": [30.560700988769497, 30.509099578857388], "angle": 0.0}, {"category": "DoubleBed", "position": [223.9905539905425, 241.436891563539], "size": [62.32380065917971, 69.33539886474614], "angle": 0.0}, {"category": "Nightstand", "position": [258.85567094899477, 210.79910803339476], "size": [12.53297996520999, 13.016759490966763], "angle": 0.0}]}]}]}