{"seed": 1, "floorplan": [{"rooms": [{"category": "Bedroom", "corners": [[267.0, 162.0], [267.0, 211.0], [266.0, 212.0], [195.0, 212.0], [195.0, 337.0], [194.0, 338.0], [306.0, 338.0], [305.0, 337.0], [305.0, 163.0], [306.0, 162.0], [267.0, 162.0]], "objects": [{"category": "DoubleBed", "position": [229.59536650420517, 271.29099999999994], "size": [57.2537194891277, 69.89283602249232], "angle": -1.5708054309120107}, {"category": "Nightstand", "position": [203.50863326445253, 320.51739999999995], "size": [17.728721280577837, 17.689391012230526], "angle": -9.104117112940593e-06}, {"category": "Nightstand", "position": [203.52716659781072, 221.17870000000002], "size": [17.728721280577865, 17.689391012230526], "angle": -9.104117114543723e-06}]}]}]}