{"seed": 1, "floorplan": [{"rooms": [{"category": "Bedroom", "corners": [[227.0, 199.0], [227.0, 217.0], [226.0, 218.0], [204.0, 218.0], [204.0, 301.0], [297.0, 301.0], [296.0, 300.0], [296.0, 218.0], [272.0, 218.0], [271.0, 217.0], [271.0, 199.0], [227.0, 199.0]], "objects": [{"category": "CeilingLamp", "position": [270.83855844870186, 259.32345404514547], "size": [15.176729965209915, 13.143420410156239], "angle": 3.141592653589793}, {"category": "SingleBed", "position": [259.9256186843559, 268.57966670060404], "size": [59.991980190187675, 40.9718614956999], "angle": -1.5672363418341206}, {"category": "Nightstand", "position": [289.79886588779164, 297.8155292012789], "size": [18.421530532836925, 10.778850173950218], "angle": 3.141592653589793}, {"category": "PendantLamp", "position": [247.2340679044297, 260.1294991082436], "size": [27.820319366455095, 27.82031936645504], "angle": 0.0}]}]}]}