{"seed": 1, "floorplan": [{"rooms": [{"category": "Bedroom", "corners": [[207.0, 198.0], [207.0, 302.0], [293.0, 302.0], [293.0, 198.0], [207.0, 198.0]], "objects": [{"category": "DoubleBed", "position": [239.626, 248.7673], "size": [65.15729181071421, 69.48393032221092], "angle": -9.104117114189822e-06}, {"category": "PendantLamp", "position": [247.68099999999998, 249.9073], "size": [31.4780873322305, 31.47808733223053], "angle": -9.104117114289605e-06}]}]}]}