{"seed": 1, "floorplan": [{"rooms": [{"category": "Bedroom", "corners": [[189.0, 191.0], [189.0, 309.0], [311.0, 309.0], [311.0, 191.0], [189.0, 191.0]], "objects": [{"category": "PendantLamp", "position": [296.4680500000001, 197.43040000000005], "size": [4.893660163879417, 4.89366016387936], "angle": 0.0}, {"category": "TVStand", "position": [260.58415, 301.88783335655444], "size": [59.724298095703205, 14.334659957885776], "angle": 3.141592653589793}, {"category": "Nightstand", "position": [296.47216612716704, 198.6093767112382], "size": [15.174389648437455, 15.111240005493187], "angle": 0.0}, {"category": "DoubleBed", "position": [257.2972202928485, 222.48109943423893], "size": [58.65150146484382, 62.44559783935546], "angle": 0.0}]}]}]}