{"seed": 1, "floorplan": [{"rooms": [{"category": "Bedroom", "corners": [[266.0, 175.0], [266.0, 200.0], [265.0, 201.0], [201.0, 201.0], [201.0, 325.0], [299.0, 325.0], [299.0, 175.0], [266.0, 175.0]], "objects": [{"category": "DoubleBed", "position": [239.24097817327208, 268.21992799854524], "size": [70.34674030139324, 61.823061931430914], "angle": -9.104117114246697e-06}, {"category": "Chair", "position": [206.01498292786448, 305.16452004484603], "size": [13.505943425338284, 12.930507507157197], "angle": -9.104117112464315e-06}, {"category": "Chair", "position": [205.97429804502673, 231.48656151728528], "size": [13.505943425338312, 12.930507507157168], "angle": -9.104117114568682e-06}]}]}]}