{"seed": 1, "floorplan": [{"rooms": [{"category": "Bedroom", "corners": [[199.0, 186.0], [199.0, 314.0], [301.0, 314.0], [301.0, 186.0], [199.0, 186.0]], "objects": [{"category": "SingleBed", "position": [263.99436766364266, 216.1102], "size": [69.40500183105465, 57.82469787597657], "angle": 0.0}, {"category": "CeilingLamp", "position": [247.5136, 259.4344], "size": [19.650000000000034, 19.649999999999977], "angle": 0.0}, {"category": "Table", "position": [213.68349999999998, 277.96810000000005], "size": [38.4337775870563, 13.663349450572868], "angle": -1.5228946861034869}]}]}]}