{"seed": 1, "floorplan": [{"rooms": [{"category": "Bedroom", "corners": [[176.0, 189.0], [176.0, 311.0], [324.0, 311.0], [324.0, 189.0], [176.0, 189.0]], "objects": [{"category": "DoubleBed", "position": [256.7737846102889, 224.80924477774042], "size": [48.39210205078123, 59.31750183105467], "angle": 0.0}, {"category": "TVStand", "position": [256.23400000000004, 304.1275], "size": [47.99760131835936, 11.399999999999977], "angle": 3.141592653589793}, {"category": "PendantLamp", "position": [246.592, 248.5945], "size": [15.0, 15.000000000000028], "angle": 0.0}]}]}]}