{"seed": 1, "floorplan": [{"rooms": [{"category": "Bedroom", "corners": [[223.0, 176.0], [223.0, 196.0], [222.0, 197.0], [202.0, 197.0], [202.0, 324.0], [298.0, 324.0], [298.0, 197.0], [278.0, 197.0], [277.0, 196.0], [277.0, 176.0], [223.0, 176.0]], "objects": [{"category": "DoubleBed", "position": [240.65712204304663, 251.5535696839405], "size": [66.41430398717425, 60.14964581747903], "angle": -9.104117114187098e-06}, {"category": "Nightstand", "position": [207.2248223290678, 293.0727885099754], "size": [10.778948307204645, 18.42169824689862], "angle": -9.10411711371004e-06}, {"category": "Nightstand", "position": [207.24493230822756, 210.51318191081498], "size": [10.778948307204645, 18.42169824689862], "angle": -9.104117116346819e-06}]}]}]}