{"seed": 1, "floorplan": [{"rooms": [{"category": "Bedroom", "corners": [[204.0, 180.0], [204.0, 320.0], [296.0, 320.0], [296.0, 180.0], [204.0, 180.0]], "objects": [{"category": "DoubleBed", "position": [240.3998657104492, 218.13730000000004], "size": [68.92862588918995, 72.47045806134946], "angle": -1.5708054309120105}, {"category": "Table", "position": [250.37023010121095, 313.56167652425506], "size": [36.83190078735353, 14.080800247192428], "angle": 3.141592653589793}, {"category": "Chair", "position": [253.2363422091123, 301.39064396532683], "size": [54.00030212402342, 9.002430152893055], "angle": 3.141592653589793}, {"category": "PendantLamp", "position": [248.2267, 249.17050000000006], "size": [34.60019989013671, 40.742701721191395], "angle": 0.0}]}]}]}