{"seed": 1, "floorplan": [{"rooms": [{"category": "Bedroom", "corners": [[199.0, 166.0], [199.0, 334.0], [301.0, 334.0], [301.0, 166.0], [199.0, 166.0]], "objects": [{"category": "DoubleBed", "position": [268.0271194200874, 252.11823904569772], "size": [57.882527704131746, 67.09921165090483], "angle": -1.5707872226777826}, {"category": "Nightstand", "position": [291.37987542401765, 202.7647318049704], "size": [17.71051127592384, 14.83069494226291], "angle": -1.5707872226777824}, {"category": "Nightstand", "position": [291.6794359427107, 291.50032972265876], "size": [17.710511275923867, 14.83069494226291], "angle": -1.5707872226777824}, {"category": "Sofa", "position": [254.40205696632904, 314.26841195827853], "size": [29.165592260223555, 19.560565732868827], "angle": -0.3522207619385372}]}]}]}