{"seed": 1, "floorplan": [{"rooms": [{"category": "Bedroom", "corners": [[167.0, 196.0], [167.0, 304.0], [333.0, 304.0], [333.0, 215.0], [332.0, 214.0], [332.0, 196.0], [167.0, 196.0]], "objects": [{"category": "DoubleBed", "position": [226.7349725030924, 231.41424371387978], "size": [60.887100219726506, 65.97030029296874], "angle": 0.0}, {"category": "Nightstand", "position": [254.13516737371242, 200.37808855202874], "size": [11.007060241699264, 11.007060241699264], "angle": 0.0}, {"category": "DoubleBed", "position": [289.7882018618685, 231.46043367647093], "size": [60.887100219726506, 65.97030029296874], "angle": 0.0}, {"category": "CeilingLamp", "position": [253.18158843231572, 249.97667650305897], "size": [17.072820281982445, 17.072820281982416], "angle": 0.0}]}]}]}