{"seed": 1, "floorplan": [{"rooms": [{"category": "Bedroom", "corners": [[195.0, 181.0], [195.0, 318.0], [196.0, 317.0], [297.0, 317.0], [298.0, 318.0], [299.0, 318.0], [300.0, 319.0], [302.0, 319.0], [305.0, 316.0], [304.0, 316.0], [301.0, 319.0], [300.0, 319.0], [299.0, 318.0], [298.0, 318.0], [297.0, 317.0], [297.0, 182.0], [298.0, 181.0], [195.0, 181.0]], "objects": [{"category": "DoubleBed", "position": [261.0992762303106, 216.71232024127337], "size": [60.659701538085926, 58.29210205078121], "angle": 0.0}, {"category": "Cabinet", "position": [223.77888605957597, 186.51069895450803], "size": [12.515939712524414, 10.319399642944347], "angle": 0.0}, {"category": "TVStand", "position": [245.19400000000002, 310.2955], "size": [68.33280029296876, 9.058410072326637], "angle": 3.141592653589793}, {"category": "CeilingLamp", "position": [249.37, 245.5645], "size": [17.122320556640602, 17.12232055664063], "angle": 0.0}]}]}]}