{"seed": 1, "floorplan": [{"rooms": [{"category": "Bedroom", "corners": [[211.0, 204.0], [211.0, 296.0], [289.0, 296.0], [289.0, 204.0], [211.0, 204.0]], "objects": [{"category": "DoubleBed", "position": [246.1713450495248, 247.78077217491742], "size": [86.09778091816138, 82.07954975546961], "angle": -1.5707872226777826}, {"category": "Cabinet", "position": [285.06007426416215, 211.63653867032255], "size": [12.720416101653823, 13.836216054995388], "angle": -3.14158354947268}, {"category": "Cabinet", "position": [285.18593317156626, 270.63942252267464], "size": [13.836216054995445, 12.720416101653823], "angle": -1.5707872226777841}, {"category": "CeilingLamp", "position": [249.5929, 250.19770000000005], "size": [21.841170501708973, 19.75371093749999], "angle": 0.0}]}]}]}