{"seed": 1, "floorplan": [{"rooms": [{"category": "Bedroom", "corners": [[206.0, 200.0], [206.0, 300.0], [294.0, 300.0], [294.0, 200.0], [206.0, 200.0]], "objects": [{"category": "DoubleBed", "position": [249.57999999999998, 259.32099999999997], "size": [58.57733230855161, 71.78015331479153], "angle": -1.5708054309120107}, {"category": "Nightstand", "position": [216.19899999999996, 293.677], "size": [6.962403360273842, 9.28037433069761], "angle": -9.104117116128576e-06}, {"category": "Nightstand", "position": [216.76516182213433, 225.14900136029806], "size": [6.962403360273842, 9.28037433069761], "angle": -9.104117112046406e-06}, {"category": "PendantLamp", "position": [247.66599999999997, 252.44500000000002], "size": [27.366089630126964, 27.366089630126964], "angle": 0.0}]}]}]}