{"seed": 1, "floorplan": [{"rooms": [{"category": "Bedroom", "corners": [[202.0, 192.0], [202.0, 308.0], [298.0, 308.0], [298.0, 192.0], [202.0, 192.0]], "objects": [{"category": "DoubleBed", "position": [262.22720161145355, 244.30525764815403], "size": [69.92433502752604, 62.957374016200475], "angle": -3.1415835494726796}, {"category": "Nightstand", "position": [293.10869534440656, 281.80144923187174], "size": [14.591353316237305, 14.547792128633732], "angle": -1.5707872226777844}, {"category": "Nightstand", "position": [293.05565231058915, 205.27161453995694], "size": [14.591353316237305, 14.547792128633732], "angle": -1.5707872226777804}, {"category": "CeilingLamp", "position": [250.19350000000003, 243.92649999999995], "size": [28.458270263671835, 28.458270263671864], "angle": 0.0}]}]}]}