{"seed": 1, "floorplan": [{"rooms": [{"category": "Bedroom", "corners": [[202.0, 190.0], [202.0, 300.0], [203.0, 301.0], [203.0, 310.0], [297.0, 310.0], [297.0, 302.0], [298.0, 301.0], [298.0, 190.0], [202.0, 190.0]], "objects": [{"category": "DoubleBed", "position": [239.7049156933137, 259.5790654344677], "size": [72.47045806134943, 68.92862588918995], "angle": -9.104117114185387e-06}, {"category": "TVStand", "position": [290.17694099973124, 258.8391323615722], "size": [61.803263472374, 14.332450126011695], "angle": -1.5707872226777826}, {"category": "Cabinet", "position": [290.098652878749, 221.36441034805142], "size": [5.107126383478511, 9.391585594037085], "angle": -3.141583549472678}]}]}]}