{"seed": 1, "floorplan": [{"rooms": [{"category": "Bedroom", "corners": [[202.0, 205.0], [202.0, 295.0], [298.0, 295.0], [298.0, 205.0], [202.0, 205.0]], "objects": [{"category": "DoubleBed", "position": [264.59321910320176, 244.34119465716336], "size": [60.14964581747909, 66.41430398717422], "angle": -1.5707872226777828}, {"category": "Nightstand", "position": [295.4200510953717, 214.00308357462762], "size": [18.42169824689865, 10.778948307204674], "angle": -1.570787222677784}, {"category": "PendantLamp", "position": [246.4699, 247.73530000000002], "size": [31.127400970459007, 31.12740097045895], "angle": 0.0}]}]}]}