{"seed": 1, "floorplan": [{"rooms": [{"category": "Bedroom", "corners": [[265.0, 190.0], [265.0, 204.0], [264.0, 205.0], [208.0, 205.0], [208.0, 303.0], [209.0, 304.0], [209.0, 310.0], [210.0, 309.0], [290.0, 309.0], [291.0, 310.0], [292.0, 310.0], [292.0, 190.0], [265.0, 190.0]], "objects": [{"category": "DoubleBed", "position": [249.74423026262906, 262.2915214118042], "size": [81.25903752465399, 79.7803283835405], "angle": -9.104117114393497e-06}, {"category": "CornerSideTable", "position": [215.75275412381126, 298.4693571381422], "size": [11.194392076653255, 11.194392076653198], "angle": -9.104117111958273e-06}, {"category": "PendantLamp", "position": [254.54500000000002, 256.11699999999996], "size": [10.608390426635737, 10.608390426635737], "angle": 0.0}]}]}]}