{"seed": 1, "floorplan": [{"rooms": [{"category": "Bedroom", "corners": [[199.0, 194.0], [199.0, 306.0], [237.0, 306.0], [238.0, 305.0], [238.0, 288.0], [239.0, 287.0], [301.0, 287.0], [301.0, 194.0], [199.0, 194.0]], "objects": [{"category": "DoubleBed", "position": [242.58786865126314, 244.40119319247515], "size": [58.57733230855161, 71.78015331479153], "angle": -1.5708054309120107}, {"category": "Nightstand", "position": [214.03262880626033, 210.34462686680862], "size": [6.962350095742521, 9.280303332974064], "angle": -0.526901040561401}, {"category": "PendantLamp", "position": [244.42600000000002, 251.41089999999997], "size": [21.33868532912426, 21.338653285375486], "angle": -1.5707872226777808}]}]}]}