{"seed": 1, "floorplan": [{"rooms": [{"category": "Bedroom", "corners": [[196.0, 187.0], [196.0, 313.0], [304.0, 313.0], [304.0, 187.0], [196.0, 187.0]], "objects": [{"category": "DoubleBed", "position": [231.90913627151718, 261.124], "size": [58.29263275615253, 60.660253798654544], "angle": -9.104117114714171e-06}, {"category": "Cabinet", "position": [202.83247154763518, 297.7783855153049], "size": [10.319493593250233, 12.516053660661385], "angle": -9.104117115918466e-06}, {"category": "Cabinet", "position": [202.83247154763518, 224.47561448469511], "size": [10.319493593250233, 12.516053660661413], "angle": -9.10411711316429e-06}, {"category": "PendantLamp", "position": [242.27949999999998, 258.163], "size": [11.426700210571312, 13.038090133667026], "angle": 0.0}]}]}]}