{"seed": 1, "floorplan": [{"rooms": [{"category": "Bedroom", "corners": [[200.0, 201.0], [200.0, 279.0], [268.0, 279.0], [269.0, 280.0], [269.0, 299.0], [300.0, 299.0], [300.0, 201.0], [200.0, 201.0]], "objects": [{"category": "DoubleBed", "position": [231.94176006082637, 239.1307091690228], "size": [64.22638428773294, 59.12483637758815], "angle": -9.104117113816662e-06}, {"category": "Nightstand", "position": [203.548696372398, 274.64707679393524], "size": [11.721587275491846, 10.9849003470196], "angle": -1.5708054309120085}, {"category": "Nightstand", "position": [206.34774202478332, 207.44684548915916], "size": [11.721587275491816, 10.9849003470196], "angle": -1.570805430912011}, {"category": "CeilingLamp", "position": [256.3225, 238.55649999999997], "size": [17.072820281982445, 17.072820281982445], "angle": 3.141592653589793}]}]}]}