{"seed": 1, "floorplan": [{"rooms": [{"category": "Bedroom", "corners": [[199.0, 209.0], [199.0, 291.0], [301.0, 291.0], [301.0, 257.0], [299.0, 257.0], [298.0, 256.0], [298.0, 209.0], [199.0, 209.0]], "objects": [{"category": "DoubleBed", "position": [265.0476631240485, 239.88510503059962], "size": [60.53065056794499, 65.0282928335527], "angle": -1.5707872226777824}, {"category": "Chair", "position": [215.95018989327366, 243.976597450969], "size": [17.986231454388676, 16.919703314110365], "angle": -0.5929635085550273}]}]}]}