{"seed": 1, "floorplan": [{"rooms": [{"category": "Bedroom", "corners": [[267.0, 178.0], [267.0, 180.0], [266.0, 181.0], [266.0, 182.0], [265.0, 183.0], [262.0, 183.0], [262.0, 204.0], [265.0, 204.0], [266.0, 205.0], [266.0, 207.0], [265.0, 208.0], [207.0, 208.0], [207.0, 322.0], [293.0, 322.0], [293.0, 181.0], [288.0, 181.0], [287.0, 180.0], [287.0, 179.0], [288.0, 178.0], [267.0, 178.0]], "objects": [{"category": "Nightstand", "position": [209.33853850039392, 314.6820729251448], "size": [9.665757630548056, 12.000168760716457], "angle": -9.104117116341035e-06}, {"category": "Table", "position": [211.57893383910272, 222.33324187010345], "size": [12.963507990704256, 20.400725892576016], "angle": -9.104117113851155e-06}, {"category": "CornerSideTable", "position": [237.97900000000004, 225.84054999999995], "size": [10.941969734614895, 14.055338075551802], "angle": -9.10411711457437e-06}, {"category": "DoubleBed", "position": [238.5836627096183, 275.51996005548983], "size": [62.88957402149717, 81.86054446571227], "angle": -9.104117114313078e-06}]}]}]}