{"seed": 1, "floorplan": [{"rooms": [{"category": "Bedroom", "corners": [[205.0, 206.0], [205.0, 294.0], [295.0, 294.0], [295.0, 206.0], [205.0, 206.0]], "objects": [{"category": "Nightstand", "position": [234.25911513907585, 211.45642244160553], "size": [9.316109848022478, 9.37143001556393], "angle": 0.0}, {"category": "DoubleBed", "position": [261.56756943536755, 238.25922148030617], "size": [65.52120208740237, 62.71260223388671], "angle": 0.0}, {"category": "PendantLamp", "position": [258.799, 258.6505], "size": [20.538546056004005, 20.437205411703047], "angle": -1.5707872226777828}]}]}]}