{"seed": 1, "floorplan": [{"rooms": [{"category": "Bedroom", "corners": [[206.0, 199.0], [206.0, 301.0], [207.0, 300.0], [293.0, 300.0], [294.0, 301.0], [294.0, 199.0], [206.0, 199.0]], "objects": [{"category": "Cabinet", "position": [214.06966919854696, 210.55237507706113], "size": [12.901887861833746, 15.404960119194596], "angle": -9.104117115189892e-06}, {"category": "DoubleBed", "position": [240.44251713188294, 246.505], "size": [69.12512731195912, 56.30931239256055], "angle": -9.104117114173644e-06}, {"category": "Cabinet", "position": [214.06966919854696, 283.1236249229389], "size": [12.901887861833773, 15.404960119194538], "angle": -9.104117115189872e-06}, {"category": "PendantLamp", "position": [260.3905, 243.42400000000004], "size": [20.7385585581019, 22.000040837514344], "angle": -3.1415835494726787}]}]}]}