{"seed": 1, "floorplan": [{"rooms": [{"category": "Bedroom", "corners": [[204.0, 185.0], [204.0, 315.0], [296.0, 315.0], [296.0, 185.0], [204.0, 185.0]], "objects": [{"category": "CeilingLamp", "position": [253.65550000000002, 251.73790000000002], "size": [23.282730102539062, 23.362529754638672], "angle": 0.0}, {"category": "DoubleBed", "position": [252.21934521404555, 251.73418292038994], "size": [60.53065056794499, 65.02829283355267], "angle": -1.5707872226777828}]}]}]}