{"seed": 1, "floorplan": [{"rooms": [{"category": "Bedroom", "corners": [[182.0, 199.0], [182.0, 301.0], [318.0, 301.0], [318.0, 199.0], [182.0, 199.0]], "objects": [{"category": "SingleBed", "position": [241.18900000000002, 230.8703305660166], "size": [49.543199157714895, 60.878700256347656], "angle": 0.0}, {"category": "TVStand", "position": [238.69057043484742, 292.9988793966377], "size": [52.65210113525393, 14.51052017211913], "angle": 3.141592653589793}, {"category": "PendantLamp", "position": [241.693, 249.877], "size": [31.349400329589855, 30.671999359130837], "angle": 0.0}]}]}]}