{"seed": 1, "floorplan": [{"rooms": [{"category": "Bedroom", "corners": [[201.0, 181.0], [201.0, 319.0], [299.0, 319.0], [299.0, 181.0], [201.0, 181.0]], "objects": [{"category": "DoubleBed", "position": [264.08183298969993, 266.20750000000004], "size": [68.70782614950191, 63.0119719864136], "angle": -3.1415835494726787}, {"category": "Nightstand", "position": [289.86850000000004, 229.21450000000004], "size": [14.319159981212412, 14.368061030663354], "angle": -1.5707872226777868}, {"category": "Nightstand", "position": [289.5595, 303.3385], "size": [14.319159981212385, 14.36806103066341], "angle": -1.5707872226777828}, {"category": "CeilingLamp", "position": [258.0685, 263.77450000000005], "size": [13.1733295440674, 9.196139717102028], "angle": 0.0}]}]}]}