{"seed": 1, "floorplan": [{"rooms": [{"category": "Bedroom", "corners": [[205.0, 190.0], [205.0, 310.0], [295.0, 310.0], [295.0, 216.0], [235.0, 216.0], [234.0, 215.0], [234.0, 190.0], [205.0, 190.0]], "objects": [{"category": "DoubleBed", "position": [261.76162019233107, 260.82633087552193], "size": [56.41281370106387, 64.8260922011821], "angle": -1.5707872226777824}, {"category": "Nightstand", "position": [286.2115680082543, 297.77460323427675], "size": [18.987652648704806, 14.51410270448825], "angle": -1.5707872226777815}, {"category": "Nightstand", "position": [289.26064379773555, 222.93095203391647], "size": [14.51410270448825, 18.987652648704863], "angle": -3.1415835494726765}, {"category": "PendantLamp", "position": [245.28879999999998, 270.2659], "size": [19.030337915858087, 17.820732520235918], "angle": -0.002859992202150879}]}]}]}