{"seed": 1, "floorplan": [{"rooms": [{"category": "Bedroom", "corners": [[208.0, 186.0], [208.0, 314.0], [292.0, 314.0], [292.0, 186.0], [208.0, 186.0]], "objects": [{"category": "DoubleBed", "position": [240.30329203932018, 241.37990729403984], "size": [52.76358003840887, 64.44088514194993], "angle": -1.5708054309120103}, {"category": "Cabinet", "position": [214.4609306045595, 203.09257093755997], "size": [9.974010482707268, 14.576233244499718], "angle": -9.104117117273861e-06}, {"category": "Cabinet", "position": [214.2301024949306, 280.9872045027369], "size": [9.97401048270724, 14.576233244499747], "angle": -9.104117108725156e-06}, {"category": "PendantLamp", "position": [249.22449999999998, 244.46349999999998], "size": [18.39091793737294, 20.29644408990645], "angle": -9.104117112975436e-06}]}]}]}