{"seed": 1, "floorplan": [{"rooms": [{"category": "Bedroom", "corners": [[261.0, 173.0], [261.0, 219.0], [260.0, 220.0], [202.0, 220.0], [202.0, 327.0], [298.0, 327.0], [298.0, 173.0], [261.0, 173.0]], "objects": [{"category": "SingleBed", "position": [236.46566623927976, 251.02000000000004], "size": [65.72699761996482, 45.11920960056311], "angle": -9.104117114549698e-06}, {"category": "CeilingLamp", "position": [241.432, 265.447], "size": [13.143540071029063, 15.176868137823869], "angle": -9.104117113879275e-06}, {"category": "Chair", "position": [269.2168418409693, 295.82244354582787], "size": [15.152478267337138, 12.660955492566053], "angle": -9.104117112348998e-06}]}]}]}