{"seed": 1, "floorplan": [{"rooms": [{"category": "Bedroom", "corners": [[213.0, 197.0], [213.0, 303.0], [287.0, 303.0], [287.0, 197.0], [213.0, 197.0]], "objects": [{"category": "DoubleBed", "position": [250.1663369716169, 231.77041130357856], "size": [68.92862588918999, 72.4704580613494], "angle": -1.5707872226777824}, {"category": "Nightstand", "position": [278.0685448784497, 265.26268190918864], "size": [12.162833989859767, 16.68236099853494], "angle": -0.7854061101503992}, {"category": "Table", "position": [222.77751763367684, 283.8753899688734], "size": [18.556398722500706, 38.72015079320075], "angle": -9.104117112010898e-06}, {"category": "Chair", "position": [237.50864789169128, 283.62706502196056], "size": [19.598148843350522, 23.257021288501758], "angle": -1.5933446974172063}]}]}]}