{"seed": 1, "floorplan": [{"rooms": [{"category": "Bedroom", "corners": [[211.0, 204.0], [211.0, 296.0], [289.0, 296.0], [289.0, 204.0], [211.0, 204.0]], "objects": [{"category": "DoubleBed", "position": [248.820091193144, 253.07390923689672], "size": [71.87285587996179, 78.61751567308583], "angle": -1.5707872226777826}, {"category": "Nightstand", "position": [284.4489743123205, 289.13552305734913], "size": [14.157609132986511, 18.76781078822091], "angle": -3.141583549472678}, {"category": "Nightstand", "position": [284.36189680083885, 214.6742970138588], "size": [18.76781078822088, 14.157609132986511], "angle": -1.5707872226777815}]}]}]}