{"seed": 1, "floorplan": [{"rooms": [{"category": "Bedroom", "corners": [[209.0, 181.0], [209.0, 319.0], [291.0, 319.0], [291.0, 181.0], [209.0, 181.0]], "objects": [{"category": "DoubleBed", "position": [254.9750775359147, 237.4240578503064], "size": [63.88065236204645, 70.06762559847088], "angle": -1.5467993232791952}, {"category": "Nightstand", "position": [284.0825574556301, 200.4331628891611], "size": [12.00010925089733, 11.613765783003611], "angle": -1.5707872226777837}, {"category": "Shelf", "position": [218.64849999999998, 283.7365], "size": [13.489502693383896, 13.489502693383868], "angle": -9.104117114000846e-06}, {"category": "PendantLamp", "position": [254.91249999999997, 238.1905], "size": [37.12229919433594, 10.005360031127935], "angle": 0.0}]}]}]}