{"seed": 1, "floorplan": [{"rooms": [{"category": "Bedroom", "corners": [[208.0, 195.0], [208.0, 305.0], [292.0, 305.0], [292.0, 195.0], [208.0, 195.0]], "objects": [{"category": "DoubleBed", "position": [240.45288721023348, 255.88893466914806], "size": [65.15729181071418, 69.48393032221095], "angle": -9.104117114626027e-06}, {"category": "CornerSideTable", "position": [221.08249374788556, 294.53323908208387], "size": [8.712259264689141, 9.726659063910594], "angle": -9.104117115530421e-06}, {"category": "CornerSideTable", "position": [222.18036627625412, 216.3715497860424], "size": [8.712259264689141, 9.726659063910622], "angle": -9.104117112268155e-06}, {"category": "PendantLamp", "position": [250.801, 253.7815], "size": [31.4780873322305, 31.47808733223053], "angle": -1.5707872226777824}]}]}]}