{"seed": 1, "floorplan": [{"rooms": [{"category": "Bedroom", "corners": [[270.0, 152.0], [270.0, 217.0], [269.0, 218.0], [198.0, 218.0], [198.0, 348.0], [302.0, 348.0], [302.0, 152.0], [270.0, 152.0]], "objects": [{"category": "DoubleBed", "position": [234.94282204096552, 290.32679100092827], "size": [72.47045806134946, 68.92862588918993], "angle": -9.104117114185384e-06}, {"category": "CeilingLamp", "position": [251.89299999999997, 288.4285], "size": [36.9651008605957, 8.402490234374966], "angle": 0.0}]}]}]}