{"seed": 1, "floorplan": [{"rooms": [{"category": "Bedroom", "corners": [[198.0, 183.0], [198.0, 317.0], [302.0, 317.0], [302.0, 183.0], [198.0, 183.0]], "objects": [{"category": "DoubleBed", "position": [267.88221978757855, 254.5459029318876], "size": [67.67101403686021, 67.57021355860985], "angle": -1.5707872226777824}, {"category": "PendantLamp", "position": [252.9115, 251.58550000000002], "size": [27.341940307617165, 27.559680175781295], "angle": 0.0}, {"category": "TVStand", "position": [205.51749999999998, 255.9445], "size": [10.635576564303534, 62.42306739397579], "angle": -9.1041171184407e-06}, {"category": "Armchair", "position": [236.75745113605672, 300.44862713559024], "size": [20.197108792741172, 20.246309084324096], "angle": -0.7890060990985833}]}]}]}