{"seed": 1, "floorplan": [{"rooms": [{"category": "Bedroom", "corners": [[196.0, 211.0], [196.0, 289.0], [304.0, 289.0], [304.0, 211.0], [196.0, 211.0]], "objects": [{"category": "Cabinet", "position": [205.49827261455613, 285.4059245844594], "size": [13.836090087890653, 12.720300292968716], "angle": 3.141592653589793}, {"category": "Cabinet", "position": [272.9689606787825, 285.4773033962659], "size": [13.836090087890625, 12.720300292968716], "angle": 3.141592653589793}, {"category": "DoubleBed", "position": [239.46879460735272, 246.72441484684322], "size": [86.09699707031248, 82.07880249023441], "angle": 3.141592653589793}, {"category": "PendantLamp", "position": [249.325, 249.31000000000003], "size": [24.002160644531273, 23.815049743652338], "angle": 0.0}]}]}]}