{"seed": 1, "floorplan": [{"rooms": [{"category": "Bedroom", "corners": [[205.0, 196.0], [205.0, 304.0], [295.0, 304.0], [295.0, 196.0], [205.0, 196.0]], "objects": [{"category": "DoubleBed", "position": [259.0644488317122, 259.07366145266565], "size": [65.3408933357672, 66.45720598908898], "angle": -1.5707872226777824}, {"category": "TVStand", "position": [213.4689477460804, 236.704887885893], "size": [16.004756152952922, 130.20238472397529], "angle": -9.104117114555526e-06}]}]}]}