{"seed": 1, "floorplan": [{"rooms": [{"category": "Bedroom", "corners": [[199.0, 180.0], [199.0, 320.0], [301.0, 320.0], [301.0, 180.0], [199.0, 180.0]], "objects": [{"category": "DoubleBed", "position": [264.8785, 249.67179999999996], "size": [66.92370803893196, 65.80259797865263], "angle": -1.5707872226777824}, {"category": "Nightstand", "position": [294.1825, 290.36979999999994], "size": [14.100128369804333, 10.530095409894564], "angle": -1.570787222677785}, {"category": "Nightstand", "position": [294.8155, 208.3438], "size": [14.100128369804333, 10.530095409894564], "angle": -1.570787222677781}]}]}]}