{"seed": 1, "floorplan": [{"rooms": [{"category": "Bedroom", "corners": [[207.0, 172.0], [207.0, 328.0], [293.0, 328.0], [293.0, 226.0], [239.0, 226.0], [238.0, 225.0], [238.0, 172.0], [207.0, 172.0]], "objects": [{"category": "DoubleBed", "position": [258.2774523019207, 273.28052651213943], "size": [53.730491001964076, 51.8326725154276], "angle": -1.5707872226777821}, {"category": "Nightstand", "position": [285.82867084802206, 312.7608376575185], "size": [11.786626930123145, 9.714747944727701], "angle": -1.5707872226777801}, {"category": "Nightstand", "position": [285.82867084802206, 234.95181349773225], "size": [11.786626930123173, 9.714747944727701], "angle": -1.5707872226777801}, {"category": "PendantLamp", "position": [250.1444510957777, 276.7796635596468], "size": [25.35021057128904, 24.211441040039062], "angle": 0.0}]}]}]}