{"seed": 1, "floorplan": [{"rooms": [{"category": "Bedroom", "corners": [[185.0, 208.0], [185.0, 276.0], [226.0, 276.0], [227.0, 277.0], [227.0, 292.0], [315.0, 292.0], [315.0, 208.0], [185.0, 208.0]], "objects": [{"category": "DoubleBed", "position": [233.72005060730496, 241.75902321884433], "size": [60.53009948730465, 65.02770080566404], "angle": 3.141592653589793}, {"category": "Nightstand", "position": [275.65442000579094, 284.60935641368883], "size": [9.28028984069823, 6.962339973449673], "angle": 3.141592653589793}, {"category": "TVStand", "position": [242.34729014273455, 212.53691804024797], "size": [67.13100128173829, 14.031240463256836], "angle": 0.0}, {"category": "CeilingLamp", "position": [250.0, 250.00000000000003], "size": [14.776920318603516, 13.781159591674793], "angle": 0.0}]}]}]}