{"seed": 1, "floorplan": [{"rooms": [{"category": "Bedroom", "corners": [[285.0, 192.0], [285.0, 206.0], [284.0, 207.0], [184.0, 207.0], [184.0, 301.0], [249.0, 301.0], [250.0, 302.0], [250.0, 308.0], [312.0, 308.0], [312.0, 302.0], [313.0, 301.0], [316.0, 301.0], [316.0, 192.0], [285.0, 192.0]], "objects": [{"category": "DoubleBed", "position": [226.78900000000004, 241.82770000000002], "size": [69.06512768124033, 62.37626978774718], "angle": -9.104117114320032e-06}, {"category": "Cabinet", "position": [223.45059999999998, 293.4265668131688], "size": [59.503198242187494, 14.947979736328136], "angle": 3.141592653589793}, {"category": "PendantLamp", "position": [250.0348, 253.64710000000002], "size": [26.626503550826154, 26.38755102746411], "angle": -1.5708054309120107}, {"category": "Cabinet", "position": [309.88782019681213, 280.4472794643506], "size": [45.01180811006762, 12.52745436870335], "angle": -1.5707872226777828}]}]}]}