{"seed": 1, "floorplan": [{"rooms": [{"category": "Bedroom", "corners": [[207.0, 193.0], [207.0, 277.0], [262.0, 277.0], [263.0, 278.0], [263.0, 300.0], [266.0, 300.0], [267.0, 301.0], [267.0, 307.0], [290.0, 307.0], [290.0, 302.0], [292.0, 300.0], [293.0, 300.0], [293.0, 193.0], [207.0, 193.0]], "objects": [{"category": "DoubleBed", "position": [227.52283361816404, 234.58900000000003], "size": [60.99475391430917, 58.86833532410013], "angle": -9.104117114220597e-06}, {"category": "Table", "position": [276.01364871631125, 216.64695273697367], "size": [34.273207134481765, 33.5031065935589], "angle": -3.137024561721521}, {"category": "Chair", "position": [264.5424284092059, 230.92778289534948], "size": [18.214829635620134, 15.914070510864263], "angle": 3.141592653589793}]}]}]}