{"seed": 1, "floorplan": [{"rooms": [{"category": "Bedroom", "corners": [[267.0, 192.0], [266.0, 193.0], [265.0, 193.0], [264.0, 194.0], [263.0, 194.0], [262.0, 195.0], [260.0, 195.0], [260.0, 196.0], [259.0, 197.0], [259.0, 198.0], [258.0, 199.0], [258.0, 200.0], [257.0, 201.0], [257.0, 202.0], [255.0, 204.0], [255.0, 205.0], [254.0, 206.0], [254.0, 207.0], [253.0, 208.0], [253.0, 209.0], [251.0, 211.0], [249.0, 211.0], [248.0, 210.0], [245.0, 210.0], [244.0, 209.0], [242.0, 209.0], [241.0, 208.0], [239.0, 208.0], [238.0, 207.0], [235.0, 207.0], [234.0, 206.0], [232.0, 206.0], [231.0, 205.0], [228.0, 205.0], [227.0, 204.0], [225.0, 204.0], [224.0, 203.0], [221.0, 203.0], [220.0, 202.0], [218.0, 202.0], [217.0, 201.0], [214.0, 201.0], [213.0, 200.0], [211.0, 200.0], [210.0, 199.0], [207.0, 199.0], [206.0, 198.0], [204.0, 198.0], [203.0, 197.0], [200.0, 197.0], [199.0, 196.0], [197.0, 196.0], [196.0, 195.0], [196.0, 308.0], [304.0, 308.0], [304.0, 214.0], [303.0, 214.0], [302.0, 213.0], [301.0, 213.0], [300.0, 212.0], [299.0, 212.0], [298.0, 211.0], [296.0, 211.0], [295.0, 210.0], [294.0, 210.0], [293.0, 209.0], [292.0, 209.0], [291.0, 208.0], [289.0, 208.0], [288.0, 207.0], [287.0, 207.0], [286.0, 206.0], [284.0, 206.0], [283.0, 205.0], [282.0, 205.0], [281.0, 204.0], [280.0, 204.0], [279.0, 203.0], [277.0, 203.0], [276.0, 202.0], [275.0, 202.0], [274.0, 201.0], [273.0, 201.0], [272.0, 200.0], [270.0, 200.0], [268.0, 198.0], [268.0, 192.0], [267.0, 192.0]], "objects": [{"category": "Armchair", "position": [244.2529791903531, 220.71003212081877], "size": [28.19444761905526, 28.223668960980277], "angle": -2.1877967953918698}, {"category": "DoubleBed", "position": [251.08282282489085, 271.0404374658339], "size": [74.07570190429692, 74.11050109863282], "angle": 3.141592653589793}, {"category": "Nightstand", "position": [206.69515976453198, 302.65005140461136], "size": [17.76554946899418, 14.933459472656239], "angle": 3.141592653589793}, {"category": "Nightstand", "position": [297.63553222541725, 302.4797672613264], "size": [17.765549468994152, 14.933459472656239], "angle": 3.141592653589793}]}]}]}