{"seed": 1, "floorplan": [{"rooms": [{"category": "Bedroom", "corners": [[205.0, 189.0], [205.0, 280.0], [204.0, 281.0], [266.0, 281.0], [267.0, 282.0], [267.0, 311.0], [295.0, 311.0], [295.0, 190.0], [296.0, 189.0], [205.0, 189.0]], "objects": [{"category": "DoubleBed", "position": [236.4299401444765, 229.56225959857528], "size": [63.49737984802659, 41.037673723351624], "angle": -9.104117114114027e-06}, {"category": "Nightstand", "position": [213.64830767551808, 198.98551180223015], "size": [7.339806622262767, 8.919891312474968], "angle": -9.104117113065484e-06}, {"category": "PendantLamp", "position": [249.34900000000005, 232.49200000000005], "size": [32.74890060424809, 1.3951799869537354], "angle": 0.0}]}]}]}