{"seed": 1, "floorplan": [{"rooms": [{"category": "Bedroom", "corners": [[217.0, 136.0], [217.0, 142.0], [216.0, 143.0], [198.0, 143.0], [198.0, 357.0], [218.0, 357.0], [219.0, 358.0], [219.0, 364.0], [283.0, 364.0], [282.0, 363.0], [282.0, 358.0], [283.0, 357.0], [302.0, 357.0], [302.0, 195.0], [249.0, 195.0], [248.0, 194.0], [248.0, 143.0], [244.0, 143.0], [243.0, 142.0], [243.0, 136.0], [217.0, 136.0]], "objects": [{"category": "DoubleBed", "position": [268.182831026553, 309.1016456812089], "size": [63.52407686842424, 62.82267125175919], "angle": -1.5707872226777826}, {"category": "Sofa", "position": [288.6647208215934, 230.09598930245477], "size": [66.2709036337831, 28.59889928492927], "angle": -1.5707872226777824}, {"category": "Table", "position": [257.9586702111744, 232.2312574695151], "size": [21.0601908197891, 37.5603410397729], "angle": -9.104117115193245e-06}, {"category": "Nightstand", "position": [296.470967065014, 344.09261389828504], "size": [12.000109250897358, 11.613765783003611], "angle": -1.5707872226777837}]}]}]}