{"seed": 1, "floorplan": [{"rooms": [{"category": "Bedroom", "corners": [[200.0, 203.0], [200.0, 297.0], [300.0, 297.0], [300.0, 203.0], [200.0, 203.0]], "objects": [{"category": "DoubleBed", "position": [253.34738060130127, 240.43769560101234], "size": [78.63479919433593, 74.9613006591797], "angle": 0.0}, {"category": "Nightstand", "position": [211.56376995106118, 206.4831855748016], "size": [17.27957954406736, 12.027059555053711], "angle": 0.0}, {"category": "Nightstand", "position": [293.369250152811, 206.40369953444633], "size": [17.279579544067417, 12.027059555053711], "angle": 0.0}, {"category": "CeilingLamp", "position": [255.11200000000002, 239.26299999999998], "size": [21.614430999755882, 6.424889945983892], "angle": 0.0}]}]}]}