{"seed": 1, "floorplan": [{"rooms": [{"category": "Bedroom", "corners": [[199.0, 213.0], [199.0, 287.0], [301.0, 287.0], [301.0, 213.0], [199.0, 213.0]], "objects": [{"category": "Nightstand", "position": [294.5096793983711, 281.9642729961847], "size": [11.906028804530266, 12.042799535186303], "angle": -1.5707872226777804}, {"category": "DoubleBed", "position": [269.74496892114854, 245.56169338134174], "size": [56.6864169610343, 57.62572452386972], "angle": -1.5707872226777826}, {"category": "PendantLamp", "position": [263.248, 251.88400000000001], "size": [23.250629425048828, 7.498860168457043], "angle": 0.0}]}]}]}