{"seed": 1, "floorplan": [{"rooms": [{"category": "Bedroom", "corners": [[207.0, 194.0], [207.0, 306.0], [293.0, 306.0], [293.0, 194.0], [207.0, 194.0]], "objects": [{"category": "DoubleBed", "position": [257.79354003642425, 245.79634297637784], "size": [64.02868351322437, 70.63354100817547], "angle": -1.5707872226777824}, {"category": "Nightstand", "position": [284.92667074679156, 211.8316231332198], "size": [15.203028425429777, 15.717292827223043], "angle": -1.570787222677781}, {"category": "PendantLamp", "position": [250.77909999999997, 246.19600000000003], "size": [16.10279960632326, 16.02107963562014], "angle": 0.0}]}]}]}