{"seed": 1, "floorplan": [{"rooms": [{"category": "Bedroom", "corners": [[200.0, 208.0], [200.0, 277.0], [231.0, 277.0], [232.0, 278.0], [232.0, 292.0], [300.0, 292.0], [300.0, 208.0], [200.0, 208.0]], "objects": [{"category": "DoubleBed", "position": [267.94415539643074, 244.4079098322057], "size": [63.58034441228915, 60.534125590839736], "angle": -3.128900208800284}, {"category": "PendantLamp", "position": [247.74849999999998, 246.6565], "size": [26.258969879150413, 25.08237075805664], "angle": 0.0}]}]}]}