{"seed": 1, "floorplan": [{"rooms": [{"category": "Bedroom", "corners": [[187.0, 199.0], [187.0, 265.0], [186.0, 266.0], [203.0, 266.0], [204.0, 267.0], [204.0, 268.0], [203.0, 269.0], [187.0, 269.0], [187.0, 300.0], [186.0, 301.0], [314.0, 301.0], [314.0, 199.0], [187.0, 199.0]], "objects": [{"category": "DoubleBed", "position": [257.1243551821822, 233.98548493247296], "size": [62.95680084228516, 69.92369842529297], "angle": 0.0}, {"category": "Nightstand", "position": [215.57856648549603, 206.13862123276314], "size": [14.591220474243187, 14.54765968322755], "angle": 0.0}, {"category": "Nightstand", "position": [297.5409907628533, 206.13862123276314], "size": [14.59122047424313, 14.54765968322755], "angle": 0.0}, {"category": "PendantLamp", "position": [258.4809618054346, 244.8098709946206], "size": [28.869149780273432, 27.912659454345714], "angle": 0.0}]}]}]}