{"seed": 1, "floorplan": [{"rooms": [{"category": "Bedroom", "corners": [[124.0, 141.0], [123.0, 142.0], [123.0, 233.0], [126.0, 236.0], [127.0, 236.0], [136.0, 245.0], [137.0, 245.0], [145.0, 253.0], [146.0, 253.0], [154.0, 261.0], [155.0, 261.0], [164.0, 270.0], [165.0, 270.0], [173.0, 278.0], [174.0, 278.0], [182.0, 286.0], [183.0, 286.0], [192.0, 295.0], [193.0, 295.0], [201.0, 303.0], [202.0, 303.0], [210.0, 311.0], [211.0, 311.0], [220.0, 320.0], [221.0, 320.0], [229.0, 328.0], [230.0, 328.0], [238.0, 336.0], [239.0, 336.0], [249.0, 346.0], [249.0, 348.0], [250.0, 349.0], [250.0, 351.0], [246.0, 355.0], [250.0, 359.0], [373.0, 359.0], [372.0, 358.0], [355.0, 358.0], [354.0, 357.0], [340.0, 357.0], [339.0, 356.0], [325.0, 356.0], [324.0, 355.0], [310.0, 355.0], [309.0, 354.0], [310.0, 353.0], [330.0, 353.0], [331.0, 354.0], [365.0, 354.0], [366.0, 355.0], [377.0, 355.0], [373.0, 351.0], [264.0, 351.0], [263.0, 350.0], [263.0, 348.0], [262.0, 347.0], [262.0, 338.0], [261.0, 337.0], [261.0, 328.0], [260.0, 327.0], [260.0, 318.0], [259.0, 317.0], [259.0, 307.0], [258.0, 306.0], [258.0, 297.0], [257.0, 296.0], [257.0, 287.0], [256.0, 286.0], [256.0, 277.0], [255.0, 276.0], [255.0, 266.0], [254.0, 265.0], [254.0, 256.0], [253.0, 255.0], [253.0, 246.0], [252.0, 245.0], [252.0, 236.0], [251.0, 235.0], [251.0, 225.0], [250.0, 224.0], [250.0, 215.0], [249.0, 214.0], [249.0, 205.0], [248.0, 204.0], [248.0, 195.0], [247.0, 194.0], [247.0, 184.0], [246.0, 183.0], [246.0, 174.0], [245.0, 173.0], [245.0, 164.0], [244.0, 163.0], [244.0, 154.0], [243.0, 153.0], [243.0, 143.0], [242.0, 142.0], [236.0, 142.0], [235.0, 141.0], [234.0, 142.0], [134.0, 142.0], [133.0, 141.0], [124.0, 141.0]], "objects": [{"category": "Cabinet", "position": [176.578, 151.83378309038972], "size": [75.42059783956842, 19.693139648493126], "angle": -0.0021800017267026256}, {"category": "DoubleBed", "position": [176.5306, 197.6023], "size": [61.905148929545255, 63.68025080377731], "angle": -0.0021799965465990126}]}]}]}