{"seed": 1, "floorplan": [{"rooms": [{"category": "Bedroom", "corners": [[291.0, 192.0], [290.0, 193.0], [196.0, 193.0], [196.0, 308.0], [304.0, 308.0], [304.0, 192.0], [291.0, 192.0]], "objects": [{"category": "DoubleBed", "position": [269.6353276961579, 239.9641241366238], "size": [53.222885977815416, 66.10980139803986], "angle": -1.5707872226777824}, {"category": "CoffeeTable", "position": [295.89652607771814, 205.5409642491365], "size": [30.421176922597084, 20.280305484726092], "angle": -1.5707872226777824}, {"category": "CoffeeTable", "position": [295.7679406266796, 279.86260584496165], "size": [30.421176922597112, 20.280305484726036], "angle": -1.5707872226777824}, {"category": "PendantLamp", "position": [258.334, 246.15249999999997], "size": [58.44989776611328, 3.5999999999999943], "angle": 3.141592653589793}]}]}]}