{"seed": 1, "floorplan": [{"rooms": [{"category": "Bedroom", "corners": [[195.0, 192.0], [195.0, 308.0], [305.0, 308.0], [305.0, 192.0], [195.0, 192.0]], "objects": [{"category": "DoubleBed", "position": [271.40942594381363, 243.81900741977083], "size": [66.50490539796137, 47.43013151846899], "angle": -3.1415835494726787}, {"category": "Nightstand", "position": [297.139439636999, 208.77347882181556], "size": [15.963925550511773, 14.003857504325406], "angle": -1.5707872226777828}, {"category": "Nightstand", "position": [300.8353625673477, 277.5030493525726], "size": [15.963925550511744, 14.003857504325406], "angle": -1.5707872226777828}]}]}]}