{"seed": 1, "floorplan": [{"rooms": [{"category": "Bedroom", "corners": [[208.0, 195.0], [208.0, 286.0], [260.0, 286.0], [261.0, 287.0], [261.0, 305.0], [292.0, 305.0], [292.0, 195.0], [208.0, 195.0]], "objects": [{"category": "DoubleBed", "position": [240.55874922048807, 220.40619853828548], "size": [63.49737984802653, 41.037673723351624], "angle": -9.10411711456164e-06}, {"category": "PendantLamp", "position": [250.18840000000003, 238.46469999999997], "size": [1.3951926890091888, 32.749198758146136], "angle": -9.10411711120244e-06}, {"category": "Cabinet", "position": [221.49388719930585, 265.5320683766437], "size": [17.27409716174935, 37.588541827523244], "angle": -9.10411711423448e-06}]}]}]}