{"seed": 1, "floorplan": [{"rooms": [{"category": "Bedroom", "corners": [[201.0, 207.0], [201.0, 265.0], [200.0, 266.0], [193.0, 266.0], [193.0, 289.0], [200.0, 289.0], [201.0, 290.0], [201.0, 293.0], [307.0, 293.0], [307.0, 207.0], [201.0, 207.0]], "objects": [{"category": "DoubleBed", "position": [255.83015495890237, 240.7755821361196], "size": [60.88710021972662, 65.97030029296872], "angle": 0.0}, {"category": "Cabinet", "position": [291.099322998965, 211.85872730948324], "size": [16.391970062255893, 9.24144001007079], "angle": 0.0}, {"category": "PendantLamp", "position": [255.82209999999998, 248.59614999999997], "size": [58.44989776611325, 3.5999999999999943], "angle": 0.0}]}]}]}