{"seed": 1, "floorplan": [{"rooms": [{"category": "Bedroom", "corners": [[206.0, 204.0], [206.0, 261.0], [223.0, 261.0], [224.0, 262.0], [224.0, 296.0], [294.0, 296.0], [294.0, 204.0], [206.0, 204.0]], "objects": [{"category": "TVStand", "position": [286.8722666931153, 240.8485], "size": [64.95269247486486, 13.886046373160458], "angle": -1.5707872226777824}, {"category": "DoubleBed", "position": [239.8614995727539, 238.13607148455193], "size": [67.1145102520998, 66.04499978268507], "angle": -9.104117114109458e-06}, {"category": "PendantLamp", "position": [265.03, 245.926], "size": [4.432540240108245, 27.457961010683427], "angle": -9.104117116054022e-06}]}]}]}