{"seed": 1, "floorplan": [{"rooms": [{"category": "Bedroom", "corners": [[205.0, 201.0], [205.0, 299.0], [295.0, 299.0], [295.0, 201.0], [205.0, 201.0]], "objects": [{"category": "PendantLamp", "position": [259.98850000000004, 247.71699999999998], "size": [27.34194030761722, 27.559680175781267], "angle": 0.0}, {"category": "DoubleBed", "position": [260.0365, 233.616333269828], "size": [64.2720016479492, 65.65019989013675], "angle": 0.0}]}]}]}