{"seed": 1, "floorplan": [{"rooms": [{"category": "Bedroom", "corners": [[212.0, 207.0], [212.0, 293.0], [288.0, 293.0], [288.0, 207.0], [212.0, 207.0]], "objects": [{"category": "DoubleBed", "position": [258.3130167630265, 260.43943789749795], "size": [88.14659729003904, 101.81790161132812], "angle": 0.0}, {"category": "Nightstand", "position": [276.00070335056927, 210.78685971429883], "size": [15.110999679565452, 12.14826049804688], "angle": 0.0}, {"category": "PendantLamp", "position": [247.77730000000003, 247.10469999999998], "size": [24.665460205078148, 24.30048065185545], "angle": 0.0}]}]}]}