{"seed": 1, "floorplan": [{"rooms": [{"category": "Bedroom", "corners": [[266.0, 162.0], [266.0, 202.0], [265.0, 203.0], [203.0, 203.0], [203.0, 317.0], [245.0, 317.0], [246.0, 318.0], [246.0, 338.0], [297.0, 338.0], [297.0, 162.0], [266.0, 162.0]], "objects": [{"category": "DoubleBed", "position": [236.60973113616257, 272.3065], "size": [66.67710850381168, 48.48703963926321], "angle": -9.1041171139118e-06}, {"category": "Nightstand", "position": [210.07411001531997, 236.6205310588567], "size": [16.41761925620648, 10.500095594535125], "angle": -1.5708054309120114}, {"category": "Nightstand", "position": [210.07411001531997, 307.9954689411433], "size": [10.500095594535154, 16.417619256206507], "angle": -9.104117114324194e-06}, {"category": "CeilingLamp", "position": [241.6795, 271.0135], "size": [17.092649459838867, 15.837570190429688], "angle": 0.0}]}]}]}