{"seed": 1, "floorplan": [{"rooms": [{"category": "Bedroom", "corners": [[215.0, 214.0], [215.0, 286.0], [285.0, 286.0], [285.0, 214.0], [215.0, 214.0]], "objects": [{"category": "DoubleBed", "position": [253.5714351774286, 246.68228265832374], "size": [40.6820983886719, 62.67030029296876], "angle": 0.0}, {"category": "Nightstand", "position": [277.9998321904004, 279.0468644298983], "size": [17.813369750976562, 15.925740051269543], "angle": 3.141592653589793}, {"category": "Nightstand", "position": [263.831051867545, 279.2951389869927], "size": [17.813369750976562, 15.925740051269486], "angle": 3.141592653589793}]}]}]}