{"seed": 1, "floorplan": [{"rooms": [{"category": "Bedroom", "corners": [[190.0, 198.0], [190.0, 302.0], [310.0, 302.0], [310.0, 198.0], [190.0, 198.0]], "objects": [{"category": "DoubleBed", "position": [239.728, 230.52994761392972], "size": [51.195899963378906, 58.88220062255857], "angle": 0.0}, {"category": "Cabinet", "position": [277.17957454867224, 204.04448519970475], "size": [16.35506973266604, 12.799110031127952], "angle": 0.0}, {"category": "Cabinet", "position": [201.69442545132782, 204.04448519970475], "size": [16.35506973266598, 12.799110031127952], "angle": 0.0}]}]}]}