{"seed": 1, "floorplan": [{"rooms": [{"category": "Bedroom", "corners": [[210.0, 196.0], [210.0, 303.0], [209.0, 304.0], [291.0, 304.0], [291.0, 196.0], [210.0, 196.0]], "objects": [{"category": "Cabinet", "position": [233.67827906038974, 199.6573319632835], "size": [15.342630386352539, 13.196129608154308], "angle": 3.141592653589793}, {"category": "CeilingLamp", "position": [249.877, 245.53900000000004], "size": [22.264498901367148, 18.882509994506847], "angle": 0.0}, {"category": "LoungeChair", "position": [265.06600000000003, 298.355916539515], "size": [44.97750091552737, 11.928750228881825], "angle": 3.141592653589793}, {"category": "DoubleBed", "position": [257.937149732609, 231.30892607437065], "size": [63.879899597167935, 70.0667999267578], "angle": 0.0}]}]}]}