{"seed": 1, "floorplan": [{"rooms": [{"category": "Bedroom", "corners": [[207.0, 207.0], [207.0, 293.0], [293.0, 293.0], [293.0, 207.0], [207.0, 207.0]], "objects": [{"category": "DoubleBed", "position": [238.40127954481778, 250.3165013340907], "size": [62.5175689867552, 60.16044913849045], "angle": -9.10411711401385e-06}, {"category": "Cabinet", "position": [212.46486114747404, 283.79553344745545], "size": [10.518485273066098, 13.150589695756798], "angle": -9.104117118509895e-06}, {"category": "Cabinet", "position": [212.46771234509015, 216.2043065330841], "size": [10.518485273066098, 13.150589695756798], "angle": -9.10411711310575e-06}, {"category": "PendantLamp", "position": [249.331, 250.16049999999998], "size": [8.937749862670898, 8.920109939575212], "angle": 0.0}]}]}]}