{"seed": 1, "floorplan": [{"rooms": [{"category": "Bedroom", "corners": [[184.0, 191.0], [184.0, 309.0], [261.0, 309.0], [261.0, 284.0], [262.0, 283.0], [316.0, 283.0], [316.0, 225.0], [305.0, 225.0], [304.0, 224.0], [304.0, 191.0], [184.0, 191.0]], "objects": [{"category": "DoubleBed", "position": [217.2380572170078, 226.3736539940165], "size": [31.19818289794986, 69.98793729114139], "angle": -9.104117117459815e-06}, {"category": "Nightstand", "position": [187.6233697101003, 265.4461239392057], "size": [17.089295140537285, 16.500150219983972], "angle": -9.104117112682033e-06}, {"category": "Table", "position": [287.422, 276.2905], "size": [32.993698883056595, 45.89430084228513], "angle": 3.141592653589793}, {"category": "Cabinet", "position": [256.96468103297934, 197.16610732327422], "size": [16.852679443359364, 15.689910507202057], "angle": 0.0}]}]}]}