{"seed": 1, "floorplan": [{"rooms": [{"category": "Bedroom", "corners": [[203.0, 170.0], [203.0, 330.0], [297.0, 330.0], [297.0, 170.0], [203.0, 170.0]], "objects": [{"category": "DoubleBed", "position": [239.33964416070054, 234.99226400900133], "size": [69.92433502752606, 62.957374016200504], "angle": -9.104117113921511e-06}, {"category": "Nightstand", "position": [210.5127179586308, 271.5976303711385], "size": [14.547792128633704, 14.591353316237305], "angle": -9.104117113813811e-06}, {"category": "Nightstand", "position": [210.0334398841286, 194.60479626277447], "size": [14.547792128633704, 14.591353316237276], "angle": -9.104117113813811e-06}]}]}]}