{"seed": 1, "floorplan": [{"rooms": [{"category": "Bedroom", "corners": [[204.0, 203.0], [204.0, 257.0], [221.0, 257.0], [222.0, 258.0], [222.0, 260.0], [221.0, 261.0], [186.0, 261.0], [186.0, 297.0], [314.0, 297.0], [314.0, 204.0], [315.0, 203.0], [204.0, 203.0]], "objects": [{"category": "DoubleBed", "position": [266.8128300532761, 239.2012115141349], "size": [72.42929992675778, 71.56320190429688], "angle": 0.0}, {"category": "Nightstand", "position": [306.53081994067315, 207.79499259121994], "size": [20.24772033691403, 13.433610534667963], "angle": 0.0}, {"category": "Nightstand", "position": [231.09639511803215, 207.48714499028577], "size": [20.247720336914057, 13.433610534667991], "angle": 0.0}, {"category": "PendantLamp", "position": [266.3419, 250.0], "size": [26.258969879150357, 25.08237075805664], "angle": 0.0}]}]}]}