{"seed": 1, "floorplan": [{"rooms": [{"category": "Bedroom", "corners": [[216.0, 192.0], [216.0, 308.0], [284.0, 308.0], [284.0, 192.0], [216.0, 192.0]], "objects": [{"category": "DoubleBed", "position": [250.4346628901134, 262.2379553056636], "size": [66.92335853819142, 65.80225433276989], "angle": -1.5546073817055968}, {"category": "Nightstand", "position": [221.1075123891905, 300.5363599337237], "size": [13.292131511719663, 19.10009416311284], "angle": -9.104117115657702e-06}, {"category": "Nightstand", "position": [221.2080603201813, 218.9680057166944], "size": [13.29213151171972, 19.10009416311284], "angle": -9.104117115657664e-06}, {"category": "CeilingLamp", "position": [250.58200000000005, 249.37600000000003], "size": [23.7541488647461, 25.052368927001964], "angle": 0.0}]}]}]}