{"seed": 1, "floorplan": [{"rooms": [{"category": "Bedroom", "corners": [[201.0, 209.0], [201.0, 291.0], [299.0, 291.0], [299.0, 209.0], [201.0, 209.0]], "objects": [{"category": "CeilingLamp", "position": [248.06050000000002, 246.67150000000004], "size": [22.334490966796864, 20.57757110595702], "angle": 0.0}, {"category": "DoubleBed", "position": [265.392885529661, 244.09004251113015], "size": [67.29900054931639, 68.39250183105469], "angle": 0.0}, {"category": "Cabinet", "position": [217.19949266411822, 213.15935299212526], "size": [38.11560058593747, 7.799999999999983], "angle": 0.0}]}]}]}