{"seed": 1, "floorplan": [{"rooms": [{"category": "Bedroom", "corners": [[171.0, 184.0], [171.0, 316.0], [224.0, 316.0], [224.0, 296.0], [225.0, 295.0], [329.0, 295.0], [329.0, 184.0], [171.0, 184.0]], "objects": [{"category": "DoubleBed", "position": [292.9026001152322, 229.80588253296287], "size": [65.74379769967318, 70.14513934489243], "angle": -1.5707872226777828}, {"category": "Nightstand", "position": [323.60270205864526, 271.410478316169], "size": [18.80060069856187, 14.105558640799918], "angle": -1.5707872226777855}, {"category": "Table", "position": [251.76057066886327, 286.45227755283474], "size": [38.59949798583983, 17.862659454345703], "angle": 3.141592653589793}, {"category": "Cabinet", "position": [178.29999999999995, 191.26346695963542], "size": [13.691370391845709, 13.904040527343739], "angle": 0.0}]}]}]}