{"seed": 1, "floorplan": [{"rooms": [{"category": "Bedroom", "corners": [[213.0, 202.0], [213.0, 298.0], [287.0, 298.0], [287.0, 202.0], [213.0, 202.0]], "objects": [{"category": "SingleBed", "position": [263.4685, 264.952], "size": [39.55859985351563, 63.37859802246095], "angle": 3.141592653589793}, {"category": "Shelf", "position": [280.7935, 216.47500000000002], "size": [28.800262202153547, 9.226824076627109], "angle": -1.5707872226777813}, {"category": "CeilingLamp", "position": [252.86649999999997, 253.94200000000004], "size": [14.776920318603487, 13.781159591674822], "angle": 0.0}]}]}]}