{"seed": 1, "floorplan": [{"rooms": [{"category": "Bedroom", "corners": [[293.0, 190.0], [292.0, 191.0], [207.0, 191.0], [207.0, 310.0], [208.0, 309.0], [293.0, 309.0], [293.0, 190.0]], "objects": [{"category": "DoubleBed", "position": [256.590476423242, 224.02196059219352], "size": [60.88710021972659, 65.97030029296874], "angle": 0.0}, {"category": "Cabinet", "position": [215.90292387406248, 197.7625825514707], "size": [16.391970062255865, 9.241440010070818], "angle": 0.0}, {"category": "CeilingLamp", "position": [248.39649999999997, 242.53900000000004], "size": [22.47464904785153, 21.465808868408203], "angle": 0.0}]}]}]}