{"seed": 1, "floorplan": [{"rooms": [{"category": "Bedroom", "corners": [[210.0, 203.0], [210.0, 297.0], [290.0, 297.0], [290.0, 203.0], [210.0, 203.0]], "objects": [{"category": "DoubleBed", "position": [259.8017319439903, 236.10836479339986], "size": [60.53009948730468, 65.02770080566404], "angle": 0.0}, {"category": "Table", "position": [282.24155499603864, 277.46167679683646], "size": [18.07333463222583, 42.0315838340786], "angle": -3.141583549472677}, {"category": "Armchair", "position": [266.99770233508775, 281.78638317284987], "size": [17.72562917524186, 18.62180324317742], "angle": -0.505055930083286}, {"category": "PendantLamp", "position": [258.3865, 248.37099999999998], "size": [10.674330139160162, 13.154279708862333], "angle": 0.0}]}]}]}