{"seed": 1, "floorplan": [{"rooms": [{"category": "Bedroom", "corners": [[208.0, 171.0], [208.0, 329.0], [292.0, 329.0], [292.0, 171.0], [208.0, 171.0]], "objects": [{"category": "DoubleBed", "position": [256.91761635965565, 268.78015296815533], "size": [68.56832597810302, 71.41775224932147], "angle": -3.1415835494726787}, {"category": "CeilingLamp", "position": [249.5995, 240.7945], "size": [21.654148864746105, 21.654148864746077], "angle": 3.141592653589793}, {"category": "TVStand", "position": [215.2615, 284.80150000000003], "size": [11.400103788352448, 47.998038300110444], "angle": -9.104117113469418e-06}, {"category": "Nightstand", "position": [284.0339926828696, 312.32819442842657], "size": [18.644719305027717, 17.99797345723412], "angle": -1.5707872226777824}]}]}]}