{"seed": 1, "floorplan": [{"rooms": [{"category": "Bedroom", "corners": [[186.0, 201.0], [186.0, 299.0], [313.0, 299.0], [313.0, 202.0], [314.0, 201.0], [186.0, 201.0]], "objects": [{"category": "Table", "position": [246.26055168217408, 281.70339072104696], "size": [117.0405029296875, 36.132600402832054], "angle": -0.00014000000045735715}, {"category": "DoubleBed", "position": [269.37636249832315, 261.46198592538315], "size": [68.92799835205079, 72.46979827880861], "angle": 3.141592653589793}, {"category": "CeilingLamp", "position": [264.328, 248.962], "size": [21.65414886474613, 21.65414886474607], "angle": -0.00014000000045813902}]}]}]}