{"seed": 1, "floorplan": [{"rooms": [{"category": "Bedroom", "corners": [[207.0, 191.0], [207.0, 309.0], [208.0, 308.0], [270.0, 308.0], [271.0, 309.0], [272.0, 308.0], [293.0, 308.0], [293.0, 191.0], [207.0, 191.0]], "objects": [{"category": "DoubleBed", "position": [259.7848235730272, 244.3051369255641], "size": [60.88765455058774, 65.97090090251064], "angle": -1.5707872226777826}, {"category": "Cabinet", "position": [287.2496991971866, 207.81362728699537], "size": [16.39211929870904, 9.241524146371924], "angle": -1.5707872226777857}, {"category": "Cabinet", "position": [284.7916514695598, 278.76722345180076], "size": [9.241524146371981, 16.392119298709012], "angle": -3.1415835494726787}]}]}]}