{"seed": 1, "floorplan": [{"rooms": [{"category": "Bedroom", "corners": [[196.0, 205.0], [196.0, 295.0], [304.0, 295.0], [304.0, 205.0], [196.0, 205.0]], "objects": [{"category": "DoubleBed", "position": [269.71602836100914, 258.26242155024664], "size": [72.03875552266265, 61.468159103171345], "angle": -1.5707872226777821}, {"category": "Cabinet", "position": [202.8718, 252.21970000000002], "size": [10.740127305578753, 26.76828340606555], "angle": -9.104117113408479e-06}, {"category": "Cabinet", "position": [298.8948856496964, 233.17776859382982], "size": [13.593753596724225, 15.82931433963839], "angle": -1.5707872226777806}]}]}]}