{"seed": 1, "floorplan": [{"rooms": [{"category": "Bedroom", "corners": [[214.0, 211.0], [214.0, 289.0], [286.0, 289.0], [286.0, 211.0], [214.0, 211.0]], "objects": [{"category": "SingleBed", "position": [248.9772283286742, 257.9197419471376], "size": [73.29666950176647, 60.02154864296131], "angle": -9.104117114121535e-06}, {"category": "Nightstand", "position": [217.4928990821316, 232.08450307801866], "size": [11.007160452633254, 11.007160452633226], "angle": -9.10411711414549e-06}, {"category": "CeilingLamp", "position": [264.2875, 257.57710000000003], "size": [20.952420043945324, 21.00048065185547], "angle": 3.141592653589793}]}]}]}