{"seed": 1, "floorplan": [{"rooms": [{"category": "Bedroom", "corners": [[197.0, 217.0], [197.0, 283.0], [303.0, 283.0], [303.0, 217.0], [197.0, 217.0]], "objects": [{"category": "SingleBed", "position": [273.54999999999995, 247.08883304833614], "size": [57.71759948730468, 57.90509948730468], "angle": 0.0}, {"category": "PendantLamp", "position": [250.0, 249.73600000000002], "size": [15.357569503784163, 15.29994049072269], "angle": 0.0}, {"category": "Table", "position": [223.61679999999998, 226.2586], "size": [42.0, 18.0], "angle": 0.0}]}]}]}