{"seed": 1, "floorplan": [{"rooms": [{"category": "Bedroom", "corners": [[207.0, 173.0], [207.0, 327.0], [293.0, 327.0], [293.0, 230.0], [243.0, 230.0], [242.0, 229.0], [242.0, 173.0], [207.0, 173.0]], "objects": [{"category": "DoubleBed", "position": [240.9397, 273.8923], "size": [63.68067924630556, 61.905565429137916], "angle": -9.10411711415206e-06}]}]}]}