{"seed": 1, "floorplan": [{"rooms": [{"category": "Bedroom", "corners": [[188.0, 209.0], [188.0, 291.0], [312.0, 291.0], [312.0, 209.0], [188.0, 209.0]], "objects": [{"category": "DoubleBed", "position": [263.56034340019426, 241.56139677064965], "size": [60.88710021972656, 65.97030029296872], "angle": 0.0}, {"category": "Cabinet", "position": [226.18606261931558, 215.85182031016214], "size": [16.391970062255837, 9.241440010070818], "angle": 0.0}, {"category": "Cabinet", "position": [302.0830089516535, 215.85182031016214], "size": [16.391970062255893, 9.241440010070818], "angle": 0.0}, {"category": "PendantLamp", "position": [259.5526681328473, 250.57330510540675], "size": [3.0041699409484295, 3.0], "angle": 0.0}]}]}]}