{"seed": 1, "floorplan": [{"rooms": [{"category": "Bedroom", "corners": [[205.0, 186.0], [205.0, 187.0], [204.0, 188.0], [204.0, 314.0], [296.0, 314.0], [296.0, 186.0], [205.0, 186.0]], "objects": [{"category": "DoubleBed", "position": [239.41884265201023, 268.37362823756933], "size": [62.957374016200504, 69.92433502752597], "angle": -1.5708054309120112}, {"category": "Nightstand", "position": [209.28680639046445, 232.52564120481918], "size": [14.547792128633704, 14.591353316237305], "angle": -9.104117113813811e-06}, {"category": "Nightstand", "position": [209.20093502118215, 308.27522199902154], "size": [14.54779212863376, 14.591353316237248], "angle": -9.104117113813775e-06}, {"category": "PendantLamp", "position": [249.69414999999998, 269.28415], "size": [27.912913577936695, 28.869412611983343], "angle": -3.1415835494726765}]}]}]}