{"seed": 1, "floorplan": [{"rooms": [{"category": "Bedroom", "corners": [[263.0, 190.0], [263.0, 197.0], [262.0, 198.0], [205.0, 198.0], [205.0, 310.0], [295.0, 310.0], [295.0, 198.0], [288.0, 198.0], [287.0, 197.0], [287.0, 190.0], [263.0, 190.0]], "objects": [{"category": "CeilingLamp", "position": [247.40335000000005, 250.53355], "size": [21.614430999755825, 6.424889945983892], "angle": 0.0}, {"category": "DoubleBed", "position": [241.886758864418, 242.3857031022555], "size": [72.5505582778992, 49.23314628545206], "angle": -9.104117114123996e-06}, {"category": "Table", "position": [214.05468304417303, 283.8491818288235], "size": [15.503031156702189, 30.00027312724325], "angle": -9.104117115302205e-06}, {"category": "Cabinet", "position": [258.31724907994976, 301.99819737658686], "size": [71.47710113525392, 13.847339630126953], "angle": 3.141592653589793}]}]}]}