{"seed": 1, "floorplan": [{"rooms": [{"category": "Bedroom", "corners": [[192.0, 187.0], [192.0, 281.0], [248.0, 281.0], [249.0, 282.0], [249.0, 313.0], [308.0, 313.0], [308.0, 188.0], [309.0, 187.0], [192.0, 187.0]], "objects": [{"category": "Cabinet", "position": [278.812, 297.2725], "size": [29.2180206298828, 10.318470382690407], "angle": 3.141592653589793}, {"category": "DoubleBed", "position": [274.13012133524524, 225.27241877331392], "size": [68.56832597810312, 71.4177522493215], "angle": -3.1415835494726787}, {"category": "Nightstand", "position": [299.15298322160925, 269.39480321686284], "size": [18.64471930502766, 17.99797345723412], "angle": -1.5707872226777824}, {"category": "CeilingLamp", "position": [248.98899999999998, 239.49849999999998], "size": [20.952420043945324, 21.00048065185547], "angle": 0.0}]}]}]}