{"seed": 1, "floorplan": [{"rooms": [{"category": "Bedroom", "corners": [[221.0, 193.0], [221.0, 225.0], [220.0, 226.0], [219.0, 226.0], [219.0, 304.0], [223.0, 304.0], [224.0, 305.0], [224.0, 306.0], [223.0, 307.0], [247.0, 307.0], [247.0, 305.0], [248.0, 304.0], [258.0, 304.0], [258.0, 303.0], [259.0, 302.0], [281.0, 302.0], [281.0, 193.0], [221.0, 193.0]], "objects": [{"category": "DoubleBed", "position": [252.94500374401395, 224.1349630588607], "size": [61.905565429137916, 63.6806792463055], "angle": -1.570805430912011}, {"category": "Table", "position": [267.6428203117975, 260.08878266752447], "size": [27.804253225882693, 41.59087700198949], "angle": -9.104117115184183e-06}]}]}]}