{"seed": 1, "floorplan": [{"rooms": [{"category": "Bedroom", "corners": [[245.0, 187.0], [245.0, 222.0], [244.0, 223.0], [201.0, 223.0], [201.0, 313.0], [300.0, 313.0], [299.0, 312.0], [299.0, 309.0], [300.0, 308.0], [300.0, 307.0], [299.0, 306.0], [299.0, 289.0], [300.0, 288.0], [300.0, 283.0], [299.0, 282.0], [299.0, 264.0], [300.0, 263.0], [300.0, 259.0], [299.0, 258.0], [299.0, 240.0], [300.0, 239.0], [300.0, 235.0], [299.0, 234.0], [299.0, 216.0], [300.0, 215.0], [300.0, 211.0], [299.0, 210.0], [299.0, 192.0], [300.0, 191.0], [300.0, 187.0], [245.0, 187.0]], "objects": [{"category": "DoubleBed", "position": [263.08506177973055, 266.01318611692375], "size": [69.48393032221095, 65.15729181071424], "angle": -1.570787222677782}, {"category": "Nightstand", "position": [294.18485351764184, 225.6634361025932], "size": [14.547807328201124, 14.591368561317529], "angle": -0.002054571793537329}, {"category": "Nightstand", "position": [294.1442946694445, 306.07610646389537], "size": [14.547807328201124, 14.591368561317529], "angle": -0.002054571793537329}, {"category": "CeilingLamp", "position": [254.8048, 267.84999999999997], "size": [21.0, 21.0], "angle": 3.141592653589793}]}]}]}