{"seed": 1, "floorplan": [{"rooms": [{"category": "Bedroom", "corners": [[201.0, 189.0], [201.0, 310.0], [200.0, 311.0], [294.0, 311.0], [294.0, 309.0], [296.0, 307.0], [299.0, 307.0], [299.0, 282.0], [300.0, 281.0], [300.0, 280.0], [295.0, 280.0], [294.0, 279.0], [294.0, 189.0], [201.0, 189.0]], "objects": [{"category": "DoubleBed", "position": [264.094029244547, 225.36442184566488], "size": [60.14129791259768, 71.75970153808589], "angle": 0.0}, {"category": "Nightstand", "position": [227.67422926410237, 192.47128596989006], "size": [14.532360076904297, 9.823020172119186], "angle": 0.0}, {"category": "TVStand", "position": [238.159, 304.89070000000004], "size": [50.31389923095702, 12.395039749145496], "angle": 3.141592653589793}, {"category": "PendantLamp", "position": [247.45, 250.00000000000003], "size": [30.584099578857405, 20.31996002197269], "angle": 0.0}]}]}]}