{"seed": 1, "floorplan": [{"rooms": [{"category": "Bedroom", "corners": [[187.0, 211.0], [187.0, 282.0], [186.0, 283.0], [186.0, 289.0], [314.0, 289.0], [314.0, 283.0], [313.0, 282.0], [313.0, 264.0], [293.0, 264.0], [292.0, 263.0], [292.0, 211.0], [187.0, 211.0]], "objects": [{"category": "Nightstand", "position": [264.2420243200727, 215.38792825333238], "size": [16.596390151977545, 13.277099990844732], "angle": 0.0}, {"category": "Nightstand", "position": [199.96039103599446, 218.72107937513684], "size": [16.596390151977516, 13.277099990844732], "angle": 0.0}, {"category": "DoubleBed", "position": [235.190845561484, 241.5766846715094], "size": [58.2134994506836, 74.39519805908202], "angle": 0.0}, {"category": "Cabinet", "position": [283.4556115390923, 235.4412596508414], "size": [45.000409690864906, 18.00016387634595], "angle": -1.570787222677783}]}]}]}