{"seed": 1, "floorplan": [{"rooms": [{"category": "Bedroom", "corners": [[203.0, 201.0], [205.0, 203.0], [205.0, 204.0], [209.0, 208.0], [209.0, 300.0], [210.0, 299.0], [227.0, 299.0], [228.0, 300.0], [233.0, 300.0], [234.0, 299.0], [251.0, 299.0], [252.0, 300.0], [257.0, 300.0], [258.0, 299.0], [275.0, 299.0], [276.0, 300.0], [281.0, 300.0], [282.0, 299.0], [291.0, 299.0], [292.0, 300.0], [294.0, 300.0], [294.0, 208.0], [298.0, 204.0], [298.0, 201.0], [203.0, 201.0]], "objects": [{"category": "CeilingLamp", "position": [252.49471387791232, 256.41455031890786], "size": [16.573769760131853, 16.58315963745119], "angle": 0.0}, {"category": "Chair", "position": [234.1676187837679, 252.4205125926843], "size": [15.31663953666764, 14.581723025314545], "angle": -3.141583549472677}, {"category": "DoubleBed", "position": [266.6949611751369, 254.38505245560862], "size": [54.2335915905724, 90.27082000880368], "angle": -3.141583549472679}]}]}]}