{"seed": 1, "floorplan": [{"rooms": [{"category": "Bedroom", "corners": [[206.0, 186.0], [206.0, 314.0], [293.0, 314.0], [293.0, 307.0], [294.0, 306.0], [294.0, 186.0], [206.0, 186.0]], "objects": [{"category": "DoubleBed", "position": [261.07386272826386, 268.62968972389416], "size": [53.730491001964076, 51.832672515427575], "angle": -1.5707872226777821}, {"category": "Nightstand", "position": [285.3467101146913, 228.89665105842693], "size": [9.677959672450527, 16.747685696955518], "angle": -0.005921895893096431}, {"category": "PendantLamp", "position": [248.99649999999997, 258.6685], "size": [16.536839675903337, 16.680389785766636], "angle": 0.0}]}]}]}