{"seed": 1, "floorplan": [{"rooms": [{"category": "Bedroom", "corners": [[208.0, 195.0], [208.0, 305.0], [292.0, 305.0], [292.0, 195.0], [208.0, 195.0]], "objects": [{"category": "DoubleBed", "position": [240.97809933813127, 248.21260194819416], "size": [58.29263275615253, 60.66025379865461], "angle": -9.1041171142266e-06}, {"category": "Cabinet", "position": [216.14250778562646, 209.5383969861611], "size": [12.51605366066147, 10.319493593250233], "angle": -1.5708054309120107}, {"category": "PendantLamp", "position": [251.8345, 254.83660000000003], "size": [7.498928439890574, 23.250841104392798], "angle": -9.104117111749168e-06}]}]}]}