{"seed": 1, "floorplan": [{"rooms": [{"category": "Bedroom", "corners": [[196.0, 199.0], [196.0, 301.0], [304.0, 301.0], [304.0, 199.0], [196.0, 199.0]], "objects": [{"category": "Nightstand", "position": [297.0636634763949, 272.9536675023348], "size": [12.244041143933185, 24.08199872631521], "angle": -3.1415835494726823}, {"category": "Cabinet", "position": [201.69100000000003, 240.4915], "size": [60.00804449169704, 12.00067917185747], "angle": -1.570805430912011}, {"category": "CeilingLamp", "position": [251.09500000000003, 242.6695], "size": [16.891679763793945, 16.993230056762684], "angle": 0.0}, {"category": "DoubleBed", "position": [266.6226466394819, 235.06445062855607], "size": [55.22780382807341, 74.23387591021871], "angle": -1.5707872226777824}]}]}]}