{"seed": 1, "floorplan": [{"rooms": [{"category": "Bedroom", "corners": [[209.0, 196.0], [209.0, 304.0], [291.0, 304.0], [291.0, 196.0], [209.0, 196.0]], "objects": [{"category": "Nightstand", "position": [214.08638467322885, 280.87779060869036], "size": [14.547792128633732, 14.591353316237305], "angle": -9.104117113813794e-06}, {"category": "Nightstand", "position": [214.24207192003854, 200.3795020934946], "size": [14.547792128633704, 14.591353316237333], "angle": -9.104117113813811e-06}, {"category": "PendantLamp", "position": [248.7291892802407, 243.8434845309202], "size": [29.16299514930726, 29.162995149307232], "angle": -9.104117114615689e-06}, {"category": "DoubleBed", "position": [244.2546919554813, 241.26716273198423], "size": [69.92433502752604, 62.957374016200504], "angle": -9.104117114327979e-06}]}]}]}