{"seed": 1, "floorplan": [{"rooms": [{"category": "Bedroom", "corners": [[197.0, 191.0], [197.0, 309.0], [303.0, 309.0], [303.0, 191.0], [197.0, 191.0]], "objects": [{"category": "DoubleBed", "position": [251.71299340256178, 223.860102232285], "size": [60.659701538085955, 58.29210205078127], "angle": 0.0}, {"category": "Cabinet", "position": [290.38738810664677, 199.02439256538148], "size": [12.515939712524414, 10.319399642944347], "angle": 0.0}, {"category": "PendantLamp", "position": [246.14499999999998, 268.9525], "size": [23.250629425048828, 7.498860168456986], "angle": 0.0}]}]}]}