{"seed": 1, "floorplan": [{"rooms": [{"category": "Bedroom", "corners": [[201.0, 209.0], [201.0, 291.0], [300.0, 291.0], [300.0, 209.0], [201.0, 209.0]], "objects": [{"category": "CeilingLamp", "position": [249.57100000000003, 227.64699999999996], "size": [18.239999771118164, 18.179999542236317], "angle": 0.0}, {"category": "DoubleBed", "position": [242.92000000000004, 241.00599999999997], "size": [60.53370208740236, 63.57989959716792], "angle": 0.0}]}]}]}