{"seed": 1, "floorplan": [{"rooms": [{"category": "Bedroom", "corners": [[217.0, 203.0], [217.0, 297.0], [283.0, 297.0], [283.0, 203.0], [217.0, 203.0]], "objects": [{"category": "DoubleBed", "position": [261.9235, 236.86450000000002], "size": [36.72539978027345, 57.42209930419921], "angle": 0.0}, {"category": "CeilingLamp", "position": [255.80650000000003, 247.98850000000002], "size": [13.188240051269531, 13.188210296630842], "angle": 0.0}, {"category": "Cabinet", "position": [225.2185, 271.9735], "size": [16.680151400979433, 37.715144390045126], "angle": -9.104117115140575e-06}]}]}]}