{"seed": 1, "floorplan": [{"rooms": [{"category": "Bedroom", "corners": [[253.0, 185.0], [253.0, 202.0], [252.0, 203.0], [208.0, 203.0], [208.0, 315.0], [292.0, 315.0], [292.0, 185.0], [253.0, 185.0]], "objects": [{"category": "DoubleBed", "position": [242.33962911331, 262.6583925329217], "size": [54.808396933554626, 68.51702393633413], "angle": -1.5708054309120105}, {"category": "Nightstand", "position": [216.01464662116163, 297.456982812195], "size": [15.803544299115647, 14.192769136316283], "angle": -9.104117114635182e-06}, {"category": "PendantLamp", "position": [250.82889999999998, 262.9528], "size": [28.62179946899417, 28.621799468994197], "angle": 0.0}, {"category": "Nightstand", "position": [213.32062516832082, 230.58654491214224], "size": [15.803544299115647, 14.192769136316254], "angle": -9.104117114635182e-06}]}]}]}