{"seed": 1, "floorplan": [{"rooms": [{"category": "Bedroom", "corners": [[199.0, 168.0], [199.0, 332.0], [301.0, 332.0], [301.0, 224.0], [224.0, 224.0], [223.0, 223.0], [223.0, 168.0], [199.0, 168.0]], "objects": [{"category": "Nightstand", "position": [293.1788230973263, 252.57950075639192], "size": [9.280374330697638, 6.962403360273813], "angle": -1.5707872226777815}, {"category": "Nightstand", "position": [293.1788230973263, 320.8320666097469], "size": [9.280374330697668, 6.96240336027387], "angle": -1.5707872226777815}, {"category": "PendantLamp", "position": [257.0646768513271, 275.5952050663587], "size": [35.59800109863281, 13.090230560302757], "angle": 0.0}, {"category": "DoubleBed", "position": [264.968600188423, 286.92770773252386], "size": [71.78015331479149, 58.577332308551696], "angle": -3.1415835494726783}]}]}]}