{"seed": 1, "floorplan": [{"rooms": [{"category": "Bedroom", "corners": [[199.0, 203.0], [199.0, 297.0], [238.0, 297.0], [238.0, 284.0], [239.0, 283.0], [301.0, 283.0], [301.0, 203.0], [199.0, 203.0]], "objects": [{"category": "DoubleBed", "position": [233.33396619325282, 254.96025541423992], "size": [66.41430398717425, 60.14964581747898], "angle": -9.104117114615045e-06}, {"category": "Nightstand", "position": [202.33594890462513, 287.42318606400676], "size": [18.42169824689862, 10.778948307204674], "angle": -1.5708054309120094}, {"category": "PendantLamp", "position": [221.74900000000002, 255.55149999999998], "size": [31.12740097045898, 31.127400970459007], "angle": 3.141592653589793}]}]}]}