{"seed": 1, "floorplan": [{"rooms": [{"category": "Bedroom", "corners": [[188.0, 202.0], [188.0, 298.0], [312.0, 298.0], [312.0, 202.0], [188.0, 202.0]], "objects": [{"category": "DoubleBed", "position": [225.15396976400336, 245.36904152014662], "size": [74.11117581852825, 74.07637630737204], "angle": -9.104117114119891e-06}, {"category": "Nightstand", "position": [193.03060012015982, 208.3717821624275], "size": [14.933595430476888, 17.765711210845886], "angle": -9.104117114314944e-06}, {"category": "Nightstand", "position": [193.08059659630712, 285.811308299359], "size": [14.933595430476888, 17.76571121084591], "angle": -9.104117114314944e-06}, {"category": "CeilingLamp", "position": [246.48099999999997, 249.1585], "size": [15.538049697875977, 15.501539611816384], "angle": 0.0}]}]}]}