{"seed": 1, "floorplan": [{"rooms": [{"category": "Bedroom", "corners": [[198.0, 204.0], [198.0, 296.0], [302.0, 296.0], [302.0, 204.0], [198.0, 204.0]], "objects": [{"category": "DoubleBed", "position": [233.93650000000002, 240.3025], "size": [65.52120208740234, 62.712602233886685], "angle": 0.0}, {"category": "CeilingLamp", "position": [242.78950000000003, 250.81150000000005], "size": [21.841170501709, 19.753710937500017], "angle": 0.0}]}]}]}