{"seed": 1, "floorplan": [{"rooms": [{"category": "Bedroom", "corners": [[199.0, 183.0], [199.0, 317.0], [301.0, 317.0], [301.0, 183.0], [199.0, 183.0]], "objects": [{"category": "Nightstand", "position": [205.5484583761097, 309.0193654407861], "size": [11.252322596737637, 11.252322596737637], "angle": -9.104117113570021e-06}, {"category": "Nightstand", "position": [205.58437863976695, 234.90548056762424], "size": [11.252322596737637, 11.252322596737665], "angle": -9.104117113570021e-06}, {"category": "DoubleBed", "position": [234.9347920406529, 272.75621186947967], "size": [70.34674030139324, 61.82306193143094], "angle": -9.104117114246697e-06}, {"category": "CeilingLamp", "position": [247.15449999999998, 257.24350000000004], "size": [20.952390289306663, 21.000480651855497], "angle": 0.0}]}]}]}