{"seed": 1, "floorplan": [{"rooms": [{"category": "Bedroom", "corners": [[251.0, 154.0], [251.0, 196.0], [250.0, 197.0], [194.0, 197.0], [194.0, 346.0], [306.0, 346.0], [306.0, 154.0], [251.0, 154.0]], "objects": [{"category": "DoubleBed", "position": [228.8194388746649, 282.22867849224565], "size": [65.26679445559283, 67.55011297277885], "angle": -1.5708054309120096}, {"category": "CornerSideTable", "position": [198.79522718165117, 322.1866621727469], "size": [13.427012805618354, 17.448428888053172], "angle": -9.104117114163837e-06}, {"category": "CornerSideTable", "position": [198.79351926382589, 242.32109398882523], "size": [13.427012805618412, 17.448428888053147], "angle": -9.104117116280554e-06}, {"category": "PendantLamp", "position": [240.26800000000003, 276.0457], "size": [3.200969982147285, 3.2009699821471713], "angle": 0.0}]}]}]}