{"seed": 1, "floorplan": [{"rooms": [{"category": "Bedroom", "corners": [[206.0, 190.0], [206.0, 310.0], [294.0, 310.0], [294.0, 190.0], [206.0, 190.0]], "objects": [{"category": "CeilingLamp", "position": [250.46499999999997, 247.94799999999998], "size": [17.846789932251, 17.747879791259777], "angle": 0.0}, {"category": "DoubleBed", "position": [238.21523486663315, 257.3264431432399], "size": [53.12448420304384, 62.43626941846594], "angle": -1.5708054309120112}, {"category": "Nightstand", "position": [209.25188307525087, 216.87662379549414], "size": [13.500122907259506, 14.419601111708847], "angle": -9.104117116128715e-06}, {"category": "Nightstand", "position": [212.37458178472673, 297.6934469219128], "size": [13.500122907259506, 14.419601111708904], "angle": -9.10411711191813e-06}]}]}]}