{"seed": 1, "floorplan": [{"rooms": [{"category": "Bedroom", "corners": [[213.0, 182.0], [213.0, 318.0], [287.0, 318.0], [287.0, 182.0], [213.0, 182.0]], "objects": [{"category": "DoubleBed", "position": [245.4661557654153, 265.5908012397799], "size": [67.39621142515044, 61.41715918817641], "angle": -1.5708054309120105}, {"category": "Nightstand", "position": [219.1345, 232.73950000000002], "size": [11.292013357258531, 14.399531425207082], "angle": -9.104117112677013e-06}, {"category": "CeilingLamp", "position": [262.4065, 258.06550000000004], "size": [15.060137338760073, 15.060137338760045], "angle": -9.104117113090235e-06}, {"category": "Cabinet", "position": [282.2609738996405, 273.40451218664657], "size": [31.8002895148779, 9.600117155627407], "angle": -1.5707872226777824}]}]}]}