{"seed": 1, "floorplan": [{"rooms": [{"category": "Bedroom", "corners": [[201.0, 206.0], [201.0, 293.0], [200.0, 294.0], [300.0, 294.0], [300.0, 206.0], [201.0, 206.0]], "objects": [{"category": "DoubleBed", "position": [239.1788226136248, 238.1932183930498], "size": [59.124298095703125, 64.22579956054688], "angle": 0.0}, {"category": "Nightstand", "position": [271.535515330317, 212.95417006858497], "size": [11.721480560302723, 10.984800338745089], "angle": 0.0}, {"category": "TVStand", "position": [233.29749999999996, 286.939], "size": [63.42120208740238, 13.52457046508789], "angle": 3.141592653589793}]}]}]}