{"seed": 1, "floorplan": [{"rooms": [{"category": "Bedroom", "corners": [[191.0, 213.0], [191.0, 287.0], [309.0, 287.0], [309.0, 213.0], [191.0, 213.0]], "objects": [{"category": "DoubleBed", "position": [244.86700000000002, 245.4436665649332], "size": [69.14729919433594, 65.62949981689451], "angle": 0.0}]}]}]}