{"seed": 1, "floorplan": [{"rooms": [{"category": "Bedroom", "corners": [[188.0, 210.0], [188.0, 290.0], [312.0, 290.0], [312.0, 210.0], [188.0, 210.0]], "objects": [{"category": "DoubleBed", "position": [258.559, 246.5061668703402], "size": [65.20500183105472, 71.9910003662109], "angle": 0.0}, {"category": "Nightstand", "position": [297.87399999999997, 216.9632831573628], "size": [17.36801948547361, 13.216409683227539], "angle": 0.0}, {"category": "Nightstand", "position": [220.558, 216.9632831573628], "size": [17.36801948547364, 13.216409683227539], "angle": 0.0}, {"category": "PendantLamp", "position": [250.86399999999998, 246.8005], "size": [22.306020355224632, 22.334969329833967], "angle": 0.0}]}]}]}