{"seed": 1, "floorplan": [{"rooms": [{"category": "Bedroom", "corners": [[196.0, 204.0], [196.0, 296.0], [270.0, 296.0], [270.0, 267.0], [271.0, 266.0], [304.0, 266.0], [304.0, 204.0], [196.0, 204.0]], "objects": [{"category": "Cabinet", "position": [203.16128357599524, 285.52692614827566], "size": [12.54179394627461, 16.762772773905006], "angle": -9.104117117823726e-06}, {"category": "DoubleBed", "position": [230.04530922995608, 249.5385888206955], "size": [67.75741771655944, 37.980345321322154], "angle": -9.104117114565141e-06}, {"category": "PendantLamp", "position": [249.253, 258.25899999999996], "size": [17.625090408325207, 17.564459609985363], "angle": 3.141592653589793}]}]}]}