{"seed": 1, "floorplan": [{"rooms": [{"category": "Bedroom", "corners": [[293.0, 190.0], [292.0, 191.0], [207.0, 191.0], [207.0, 310.0], [208.0, 309.0], [293.0, 309.0], [293.0, 190.0]], "objects": [{"category": "DoubleBed", "position": [256.62844954113837, 226.9184603264734], "size": [68.92799835205079, 72.46979827880858], "angle": 0.0}, {"category": "Nightstand", "position": [215.60980817845194, 197.15762209499587], "size": [18.00000000000003, 13.5], "angle": 0.0}, {"category": "CeilingLamp", "position": [248.3965, 242.53900000000004], "size": [17.592930221557623, 17.592930221557594], "angle": 0.0}]}]}]}