{"seed": 1, "floorplan": [{"rooms": [{"category": "Bedroom", "corners": [[203.0, 196.0], [203.0, 304.0], [297.0, 304.0], [297.0, 196.0], [203.0, 196.0]], "objects": [{"category": "DoubleBed", "position": [253.58349999999996, 260.91460000000006], "size": [52.31606771351457, 42.3469605003731], "angle": -1.3904535091163734}, {"category": "PendantLamp", "position": [247.1728, 239.24920000000003], "size": [28.621799468994055, 28.62179946899414], "angle": 0.0}]}]}]}