{"seed": 1, "floorplan": [{"rooms": [{"category": "Bedroom", "corners": [[236.0, 181.0], [236.0, 217.0], [235.0, 218.0], [192.0, 218.0], [192.0, 319.0], [308.0, 319.0], [308.0, 181.0], [236.0, 181.0]], "objects": [{"category": "DoubleBed", "position": [252.2215, 282.15946199663813], "size": [54.40079956054686, 56.46269989013672], "angle": 3.141592653589793}, {"category": "Nightstand", "position": [296.2968563894703, 309.19129357160205], "size": [18.0, 15.0], "angle": 3.141592653589793}, {"category": "Nightstand", "position": [209.5411436105297, 309.4523408382583], "size": [18.0, 15.0], "angle": 3.141592653589793}, {"category": "PendantLamp", "position": [253.44549999999998, 268.37800000000004], "size": [34.03379974365234, 14.157600402832031], "angle": 0.0}]}]}]}