{"seed": 1, "floorplan": [{"rooms": [{"category": "Bedroom", "corners": [[188.0, 199.0], [188.0, 301.0], [312.0, 301.0], [312.0, 199.0], [188.0, 199.0]], "objects": [{"category": "DoubleBed", "position": [240.23781636861767, 253.11991777121008], "size": [65.13989205513606, 70.65244224226704], "angle": -9.104117114064672e-06}, {"category": "TVStand", "position": [304.69145024095974, 253.65699999999998], "size": [57.42622472175204, 15.23092823082563], "angle": -1.5707872226777826}, {"category": "PendantLamp", "position": [259.303, 253.61499999999998], "size": [30.947680891998107, 31.775389233250127], "angle": -9.104117114633974e-06}]}]}]}