{"seed": 1, "floorplan": [{"rooms": [{"category": "Bedroom", "corners": [[202.0, 198.0], [202.0, 302.0], [298.0, 302.0], [298.0, 198.0], [202.0, 198.0]], "objects": [{"category": "Table", "position": [254.36720608604662, 286.6047086324143], "size": [78.95310058593748, 29.631301116943348], "angle": 3.141592653589793}, {"category": "SingleBed", "position": [237.06208602905753, 242.10161675397012], "size": [70.35964019910942, 60.500048787876715], "angle": -9.104117114511343e-06}, {"category": "Chair", "position": [248.37618144831504, 274.37642902091204], "size": [17.873399734497042, 20.434320831298862], "angle": 0.0}, {"category": "PendantLamp", "position": [250.02910000000003, 241.55649999999997], "size": [16.53683967590331, 16.680389785766607], "angle": 0.0}]}]}]}