{"seed": 1, "floorplan": [{"rooms": [{"category": "Bedroom", "corners": [[208.0, 195.0], [208.0, 305.0], [292.0, 305.0], [292.0, 195.0], [208.0, 195.0]], "objects": [{"category": "DoubleBed", "position": [257.4448326416016, 258.07450000000006], "size": [52.212775463249784, 68.19002205788995], "angle": -1.5707872226777826}, {"category": "Cabinet", "position": [285.02173164301246, 221.06913156422638], "size": [17.14221653603839, 11.775136957352561], "angle": -1.5707872226777828}, {"category": "Cabinet", "position": [284.57050000000004, 294.4255], "size": [17.14221653603839, 11.775136957352561], "angle": -1.5707872226777828}, {"category": "CeilingLamp", "position": [250.1275, 253.75449999999998], "size": [18.25565986633302, 18.25565986633299], "angle": 0.0}]}]}]}