{"seed": 1, "floorplan": [{"rooms": [{"category": "Bedroom", "corners": [[233.0, 152.0], [233.0, 186.0], [232.0, 187.0], [189.0, 187.0], [189.0, 348.0], [311.0, 348.0], [311.0, 333.0], [292.0, 333.0], [291.0, 332.0], [291.0, 152.0], [233.0, 152.0]], "objects": [{"category": "DoubleBed", "position": [250.4152629671873, 251.09583163147877], "size": [80.78773806785338, 79.63842950866288], "angle": -1.5707872226777821}, {"category": "Nightstand", "position": [285.7251386860702, 300.0959701258291], "size": [24.00021850179466, 13.839156068944398], "angle": -1.5707872226777813}, {"category": "Nightstand", "position": [285.91490805793944, 203.01283867259895], "size": [24.00021850179466, 13.839156068944341], "angle": -1.5707872226777837}]}]}]}