{"seed": 1, "floorplan": [{"rooms": [{"category": "Bedroom", "corners": [[207.0, 194.0], [207.0, 299.0], [209.0, 299.0], [210.0, 300.0], [210.0, 306.0], [232.0, 306.0], [232.0, 300.0], [233.0, 299.0], [283.0, 299.0], [283.0, 284.0], [284.0, 283.0], [293.0, 283.0], [293.0, 194.0], [207.0, 194.0]], "objects": [{"category": "DoubleBed", "position": [268.79120549583234, 238.5522818317109], "size": [85.6507797782796, 55.62500440469965], "angle": -1.5707872226777826}, {"category": "Table", "position": [221.37268229728824, 240.34824624741015], "size": [56.36011133268405, 30.060004425672943], "angle": -3.1370249187177333}, {"category": "Chair", "position": [238.67118719165506, 240.1200908969335], "size": [18.8296712452071, 18.829671245207127], "angle": -1.570787222677783}]}]}]}