{"seed": 1, "floorplan": [{"rooms": [{"category": "Bedroom", "corners": [[194.0, 193.0], [194.0, 307.0], [277.0, 307.0], [277.0, 217.0], [278.0, 216.0], [306.0, 216.0], [306.0, 193.0], [194.0, 193.0]], "objects": [{"category": "DoubleBed", "position": [247.07652537023023, 273.282594070542], "size": [60.65970153808598, 58.292102050781295], "angle": 3.141592653589793}, {"category": "Cabinet", "position": [212.61069189564708, 304.85048499851985], "size": [12.515939712524414, 10.319399642944347], "angle": 0.0}, {"category": "Table", "position": [215.21933860211712, 201.45809647291767], "size": [20.150372661172035, 20.138104483074358], "angle": -3.141583549472679}, {"category": "PendantLamp", "position": [238.9681, 250.5877], "size": [23.250629425048857, 7.498860168457043], "angle": 0.0}]}]}]}