{"seed": 1, "floorplan": [{"rooms": [{"category": "Bedroom", "corners": [[208.0, 163.0], [208.0, 337.0], [292.0, 337.0], [292.0, 163.0], [208.0, 163.0]], "objects": [{"category": "DoubleBed", "position": [270.0005753876129, 288.57619759177805], "size": [54.987498600745674, 43.54689609163571], "angle": -1.570787222677782}, {"category": "Nightstand", "position": [286.2525789519385, 253.65791766257604], "size": [13.500122907259449, 17.9028126787659], "angle": -1.5707872226777806}, {"category": "Sofa", "position": [225.81234999999998, 286.53520000000003], "size": [22.491829951900417, 22.490660375543523], "angle": -2.1055927678806174}]}]}]}