{"seed": 1, "floorplan": [{"rooms": [{"category": "Bedroom", "corners": [[196.0, 204.0], [196.0, 296.0], [304.0, 296.0], [304.0, 204.0], [196.0, 204.0]], "objects": [{"category": "DoubleBed", "position": [232.40333237958592, 244.98130478292302], "size": [72.47045806134946, 68.92862588918999], "angle": -9.104117114185384e-06}, {"category": "PendantLamp", "position": [259.27150000000006, 248.45259999999996], "size": [19.397760772705112, 18.53112030029294], "angle": 3.141592653589793}]}]}]}