{"seed": 1, "floorplan": [{"rooms": [{"category": "Bedroom", "corners": [[190.0, 203.0], [190.0, 297.0], [310.0, 297.0], [310.0, 293.0], [309.0, 292.0], [309.0, 278.0], [308.0, 277.0], [308.0, 263.0], [307.0, 262.0], [307.0, 255.0], [308.0, 254.0], [310.0, 254.0], [310.0, 203.0], [190.0, 203.0]], "objects": [{"category": "DoubleBed", "position": [229.09421416341394, 253.74889282505745], "size": [68.61752686548888, 53.29098352161441], "angle": -9.104117114235784e-06}, {"category": "Nightstand", "position": [197.54482287371334, 290.94718945738424], "size": [13.590903991923575, 17.59270014475892], "angle": -9.10411711387358e-06}, {"category": "CeilingLamp", "position": [256.96270000000004, 247.10559999999998], "size": [21.00019118907028, 21.000191189070335], "angle": -1.5707872226777824}, {"category": "Nightstand", "position": [199.57357342272968, 218.36997670391065], "size": [13.590903991923575, 17.59270014475889], "angle": -9.10411711387358e-06}]}]}]}