{"seed": 1, "floorplan": [{"rooms": [{"category": "Bedroom", "corners": [[188.0, 199.0], [188.0, 301.0], [312.0, 301.0], [312.0, 199.0], [188.0, 199.0]], "objects": [{"category": "DoubleBed", "position": [240.96218352817073, 253.1979591523651], "size": [70.74814318678578, 81.78914183811239], "angle": -1.5708054309120103}, {"category": "TVStand", "position": [304.3396499582915, 253.65699999999998], "size": [58.00372631730877, 15.864174505033304], "angle": -1.5707872226777817}, {"category": "PendantLamp", "position": [232.59699999999998, 286.1542751235962], "size": [50.37989959716799, 9.57035980224606], "angle": 0.0}, {"category": "PendantLamp", "position": [259.303, 253.61499999999998], "size": [30.947680891998107, 31.775389233250127], "angle": -9.104117114633974e-06}]}]}]}