{"seed": 1, "floorplan": [{"rooms": [{"category": "Bedroom", "corners": [[212.0, 182.0], [212.0, 318.0], [288.0, 318.0], [288.0, 182.0], [212.0, 182.0]], "objects": [{"category": "DoubleBed", "position": [249.30449372410686, 243.064010637594], "size": [74.04277614795522, 76.47339520052466], "angle": -9.104117114247365e-06}, {"category": "Nightstand", "position": [220.918, 206.06799999999998], "size": [15.803544299115675, 14.192769136316283], "angle": -9.104117112836728e-06}, {"category": "Nightstand", "position": [218.49907127492352, 285.3172997995832], "size": [15.803544299115647, 14.192769136316283], "angle": -9.104117114635182e-06}, {"category": "CeilingLamp", "position": [249.034, 240.47199999999998], "size": [11.937138706900353, 11.961378658419711], "angle": -3.1415835494726774}]}]}]}