{"seed": 1, "floorplan": [{"rooms": [{"category": "Bedroom", "corners": [[200.0, 208.0], [200.0, 292.0], [300.0, 292.0], [300.0, 208.0], [200.0, 208.0]], "objects": [{"category": "DoubleBed", "position": [268.31158661293966, 251.57925797607214], "size": [61.33255911376474, 63.76228094136871], "angle": -1.5707872226777828}, {"category": "PendantLamp", "position": [249.29869801267375, 244.70079742461803], "size": [8.049029731750466, 8.049029731750466], "angle": 3.141592653589793}]}]}]}