{"seed": 1, "floorplan": [{"rooms": [{"category": "Bedroom", "corners": [[236.0, 190.0], [232.0, 194.0], [231.0, 194.0], [224.0, 201.0], [223.0, 201.0], [222.0, 202.0], [207.0, 202.0], [207.0, 310.0], [293.0, 310.0], [293.0, 202.0], [282.0, 202.0], [270.0, 190.0], [236.0, 190.0]], "objects": [{"category": "DoubleBed", "position": [258.44178163970753, 242.28011130072719], "size": [64.56118653016155, 69.31383294842219], "angle": -1.5707872226777821}, {"category": "Nightstand", "position": [286.45808617885336, 282.97305234003437], "size": [12.600114713442183, 13.182539602112337], "angle": -1.5707872226777841}, {"category": "PendantLamp", "position": [244.66450000000003, 242.84650000000002], "size": [33.232500457763706, 33.232500457763706], "angle": 0.0}]}]}]}