{"seed": 1, "floorplan": [{"rooms": [{"category": "Bedroom", "corners": [[215.0, 215.0], [215.0, 250.0], [216.0, 251.0], [216.0, 285.0], [285.0, 285.0], [285.0, 215.0], [215.0, 215.0]], "objects": [{"category": "CeilingLamp", "position": [244.89408576239288, 244.48574804013882], "size": [15.176729965209944, 13.143420410156239], "angle": 0.0}, {"category": "SingleBed", "position": [250.6971911087541, 249.8821369301453], "size": [45.11920960056317, 65.72699761996479], "angle": -1.5707872226777826}]}]}]}