{"seed": 1, "floorplan": [{"rooms": [{"category": "Bedroom", "corners": [[200.0, 176.0], [200.0, 323.0], [199.0, 324.0], [300.0, 324.0], [300.0, 177.0], [301.0, 176.0], [200.0, 176.0]], "objects": [{"category": "DoubleBed", "position": [267.40947618478845, 247.6726709960639], "size": [61.89446455903084, 25.649004417143985], "angle": -1.570787222677783}, {"category": "Nightstand", "position": [293.9391560910272, 208.80355903282975], "size": [11.995489228977503, 14.998696883766513], "angle": -1.5707872226777797}, {"category": "Table", "position": [291.7173578027985, 295.6631498213448], "size": [31.707289400611934, 21.65179624247978], "angle": -1.570787222677782}, {"category": "Chair", "position": [276.05978990569434, 293.9455729872791], "size": [17.29970540374447, 27.182765860382396], "angle": -1.1475339385318262}]}]}]}