{"seed": 1, "floorplan": [{"rooms": [{"category": "Bedroom", "corners": [[194.0, 204.0], [194.0, 296.0], [306.0, 296.0], [306.0, 204.0], [194.0, 204.0]], "objects": [{"category": "DoubleBed", "position": [230.71219191718893, 261.1091486225604], "size": [60.659701538085955, 58.29210205078124], "angle": 3.141592653589793}, {"category": "Nightstand", "position": [271.11995749645234, 288.5750907840945], "size": [16.043009948730457, 10.843620300292969], "angle": 3.141592653589793}, {"category": "PendantLamp", "position": [270.931, 289.6585], "size": [23.250629425048828, 7.498860168457043], "angle": 0.0}]}]}]}