{"seed": 1, "floorplan": [{"rooms": [{"category": "Bedroom", "corners": [[274.0, 172.0], [274.0, 230.0], [273.0, 231.0], [198.0, 231.0], [198.0, 328.0], [302.0, 328.0], [302.0, 172.0], [274.0, 172.0]], "objects": [{"category": "CeilingLamp", "position": [250.00014999999996, 274.9843], "size": [22.334490966796864, 20.577571105957077], "angle": 0.0}, {"category": "SingleBed", "position": [228.5904262430255, 253.9634333453967], "size": [61.20000000000002, 45.65549926757811], "angle": 0.0}]}]}]}