{"seed": 1, "floorplan": [{"rooms": [{"category": "Bedroom", "corners": [[216.0, 180.0], [216.0, 320.0], [284.0, 320.0], [284.0, 180.0], [216.0, 180.0]], "objects": [{"category": "DoubleBed", "position": [247.34969338205428, 289.27324369191996], "size": [56.891318423657616, 71.59025290426742], "angle": -1.5707872226777824}, {"category": "Table", "position": [267.584982550749, 235.12158891757275], "size": [95.58536729465202, 32.5409967894002], "angle": -1.5707872226777826}, {"category": "CeilingLamp", "position": [249.12433471550077, 245.02896400204864], "size": [16.573769760131796, 16.58315963745119], "angle": 0.0}]}]}]}