{"seed": 1, "floorplan": [{"rooms": [{"category": "Bedroom", "corners": [[203.0, 180.0], [203.0, 320.0], [274.0, 320.0], [274.0, 300.0], [275.0, 299.0], [297.0, 299.0], [297.0, 208.0], [238.0, 208.0], [237.0, 207.0], [237.0, 180.0], [203.0, 180.0]], "objects": [{"category": "DoubleBed", "position": [262.2895, 263.5102], "size": [64.8260922011821, 56.41281370106387], "angle": -3.1415835494726787}, {"category": "PendantLamp", "position": [250.77549999999997, 257.3272], "size": [3.8594698905944824, 0.9283319950103532], "angle": 0.0}]}]}]}