{"seed": 1, "floorplan": [{"rooms": [{"category": "Bedroom", "corners": [[210.0, 205.0], [210.0, 260.0], [209.0, 261.0], [172.0, 261.0], [172.0, 295.0], [328.0, 295.0], [328.0, 224.0], [298.0, 224.0], [297.0, 223.0], [297.0, 205.0], [210.0, 205.0]], "objects": [{"category": "DoubleBed", "position": [264.9445, 239.95083270262865], "size": [62.32380065917971, 69.33539886474611], "angle": 0.0}, {"category": "CeilingLamp", "position": [269.7265, 248.49849999999998], "size": [17.122320556640602, 17.12232055664063], "angle": 0.0}]}]}]}