{"seed": 1, "floorplan": [{"rooms": [{"category": "Bedroom", "corners": [[198.0, 170.0], [198.0, 192.0], [199.0, 193.0], [199.0, 258.0], [200.0, 259.0], [200.0, 312.0], [201.0, 313.0], [202.0, 313.0], [204.0, 315.0], [205.0, 315.0], [207.0, 317.0], [208.0, 317.0], [210.0, 319.0], [211.0, 319.0], [212.0, 320.0], [213.0, 320.0], [214.0, 321.0], [215.0, 321.0], [216.0, 322.0], [217.0, 322.0], [218.0, 323.0], [219.0, 323.0], [220.0, 324.0], [222.0, 324.0], [223.0, 325.0], [225.0, 325.0], [226.0, 326.0], [228.0, 326.0], [229.0, 327.0], [232.0, 327.0], [233.0, 328.0], [238.0, 328.0], [239.0, 329.0], [248.0, 329.0], [249.0, 330.0], [253.0, 330.0], [254.0, 329.0], [264.0, 329.0], [265.0, 328.0], [269.0, 328.0], [270.0, 327.0], [273.0, 327.0], [274.0, 326.0], [276.0, 326.0], [277.0, 325.0], [279.0, 325.0], [280.0, 324.0], [282.0, 324.0], [283.0, 323.0], [284.0, 323.0], [285.0, 322.0], [286.0, 322.0], [287.0, 321.0], [289.0, 321.0], [291.0, 319.0], [292.0, 319.0], [294.0, 317.0], [295.0, 317.0], [296.0, 316.0], [297.0, 316.0], [300.0, 313.0], [301.0, 313.0], [302.0, 312.0], [302.0, 208.0], [237.0, 208.0], [236.0, 207.0], [236.0, 170.0], [198.0, 170.0]], "objects": [{"category": "DoubleBed", "position": [264.734378963285, 261.6307477131091], "size": [69.14792872804291, 54.77239807065909], "angle": -1.570787222677782}]}]}]}