{"seed": 1, "floorplan": [{"rooms": [{"category": "Bedroom", "corners": [[290.0, 203.0], [289.0, 204.0], [210.0, 204.0], [210.0, 297.0], [211.0, 296.0], [290.0, 296.0], [290.0, 203.0]], "objects": [{"category": "DoubleBed", "position": [251.26833777557567, 237.3311926292673], "size": [66.7461103243044, 56.84165378583867], "angle": -0.0016307260483283685}, {"category": "Nightstand", "position": [218.33688777636948, 210.27311433626875], "size": [12.00005950927735, 9.665669631958025], "angle": 0.0}, {"category": "Nightstand", "position": [285.05110619333993, 210.85661717296335], "size": [12.000059509277378, 9.665669631958025], "angle": 0.0}, {"category": "PendantLamp", "position": [251.42199999999997, 251.19400000000002], "size": [25.09367980957029, 25.092210388183616], "angle": 0.0}]}]}]}