{"seed": 1, "floorplan": [{"rooms": [{"category": "Bedroom", "corners": [[207.0, 173.0], [207.0, 327.0], [293.0, 327.0], [293.0, 173.0], [207.0, 173.0]], "objects": [{"category": "DoubleBed", "position": [260.17426898896605, 235.71441108281317], "size": [53.22288597781539, 66.1098013980398], "angle": -1.5707872226777824}, {"category": "Table", "position": [282.78722721915557, 295.91075630302726], "size": [67.18141302183776, 22.605685999841455], "angle": -1.5707872226777826}, {"category": "CeilingLamp", "position": [250.61710000000002, 250.45419999999996], "size": [17.489999771118136, 17.50125045776369], "angle": 0.0}]}]}]}