{"seed": 1, "floorplan": [{"rooms": [{"category": "Bedroom", "corners": [[192.0, 192.0], [192.0, 308.0], [308.0, 308.0], [308.0, 192.0], [192.0, 192.0]], "objects": [{"category": "DoubleBed", "position": [260.1433827965926, 277.97760376965226], "size": [51.620700073242205, 60.673498535156256], "angle": 3.141592653589793}, {"category": "Cabinet", "position": [227.5485806359559, 300.36750984105925], "size": [19.49477920532223, 16.006740188598656], "angle": 3.141592653589793}, {"category": "Cabinet", "position": [297.12752435811245, 300.31248043348904], "size": [19.49477920532229, 16.006740188598656], "angle": 3.141592653589793}]}]}]}