{"seed": 1, "floorplan": [{"rooms": [{"category": "Bedroom", "corners": [[205.0, 196.0], [205.0, 304.0], [253.0, 304.0], [253.0, 286.0], [254.0, 285.0], [295.0, 285.0], [295.0, 196.0], [205.0, 196.0]], "objects": [{"category": "DoubleBed", "position": [239.73689950910585, 248.65282074416416], "size": [68.61752686548888, 53.29098352161435], "angle": -9.104117114235784e-06}, {"category": "Nightstand", "position": [209.76064786709256, 286.5594332794036], "size": [13.590903991923575, 17.59270014475886], "angle": -9.10411711387358e-06}, {"category": "CeilingLamp", "position": [245.60200000000003, 251.03049999999996], "size": [21.0, 20.99999999999997], "angle": 3.141592653589793}]}]}]}