{"seed": 1, "floorplan": [{"rooms": [{"category": "Bedroom", "corners": [[209.0, 210.0], [209.0, 290.0], [291.0, 290.0], [291.0, 210.0], [209.0, 210.0]], "objects": [{"category": "DoubleBed", "position": [257.14353570191054, 244.29085855789032], "size": [67.6703979492188, 67.56959838867189], "angle": 0.0}, {"category": "Cabinet", "position": [233.3730826195823, 214.38267625598337], "size": [18.05420951843263, 13.893180084228533], "angle": 0.0}]}]}]}