{"seed": 1, "floorplan": [{"rooms": [{"category": "Bedroom", "corners": [[212.0, 181.0], [212.0, 319.0], [288.0, 319.0], [288.0, 181.0], [212.0, 181.0]], "objects": [{"category": "DoubleBed", "position": [253.32029301331983, 245.42797174182755], "size": [54.808396933554654, 68.51702393633416], "angle": -1.5707872226777821}, {"category": "Table", "position": [278.42504115112143, 294.07267148561425], "size": [43.81480014200484, 15.247278553631771], "angle": -1.570787222677782}, {"category": "Chair", "position": [259.95253121566236, 295.2262895891989], "size": [20.245263356614945, 18.611479637784438], "angle": -9.104117113462794e-06}, {"category": "Nightstand", "position": [282.72225644663894, 212.25772665576514], "size": [14.192769136316311, 15.803544299115616], "angle": -1.5707872226777837}]}]}]}