{"seed": 1, "floorplan": [{"rooms": [{"category": "Bedroom", "corners": [[200.0, 190.0], [200.0, 310.0], [300.0, 310.0], [300.0, 190.0], [200.0, 190.0]], "objects": [{"category": "DoubleBed", "position": [238.2930601462008, 258.95500000000004], "size": [68.92862588918993, 72.47045806134946], "angle": -1.5708054309120105}, {"category": "Nightstand", "position": [207.22491888982952, 298.32925510406665], "size": [11.520105338629286, 11.5201053386292], "angle": -9.10411711871081e-06}, {"category": "Nightstand", "position": [206.6870109198681, 218.2097448959334], "size": [11.520105338629257, 11.520105338629229], "angle": -9.104117113776553e-06}, {"category": "CeilingLamp", "position": [249.8191, 253.1752], "size": [24.00021850179466, 24.00021850179463], "angle": -9.10411711415501e-06}]}]}]}