{"seed": 1, "floorplan": [{"rooms": [{"category": "Bedroom", "corners": [[205.0, 217.0], [205.0, 282.0], [204.0, 283.0], [295.0, 283.0], [295.0, 218.0], [296.0, 217.0], [205.0, 217.0]], "objects": [{"category": "PendantLamp", "position": [270.9152789344577, 233.30591611647458], "size": [47.269798278808594, 30.862200164794928], "angle": 0.0}, {"category": "PendantLamp", "position": [247.13226951458148, 250.64161973525063], "size": [24.710579681396467, 24.710609436035156], "angle": 0.0}, {"category": "SingleBed", "position": [233.82370914082233, 250.47740770325277], "size": [57.84629974365231, 63.96959838867187], "angle": 0.0}, {"category": "Nightstand", "position": [262.7008351542046, 224.13418151953022], "size": [18.644549560546864, 17.997809600830095], "angle": 0.0}]}]}]}