{"seed": 1, "floorplan": [{"rooms": [{"category": "Bedroom", "corners": [[276.0, 195.0], [275.0, 196.0], [250.0, 196.0], [250.0, 202.0], [249.0, 203.0], [188.0, 203.0], [188.0, 305.0], [189.0, 304.0], [304.0, 304.0], [305.0, 305.0], [306.0, 304.0], [312.0, 304.0], [312.0, 208.0], [313.0, 207.0], [313.0, 206.0], [306.0, 206.0], [305.0, 205.0], [305.0, 203.0], [279.0, 203.0], [278.0, 202.0], [278.0, 196.0], [277.0, 195.0], [276.0, 195.0]], "objects": [{"category": "DoubleBed", "position": [222.05468898904206, 250.63728573723498], "size": [81.86054446571228, 62.88957402149717], "angle": -1.5708054309120107}, {"category": "Sofa", "position": [207.62273064972507, 213.48498964967388], "size": [12.746815572955867, 12.715855589553124], "angle": -1.5707872226777846}, {"category": "PendantLamp", "position": [246.4, 250.60000000000002], "size": [49.578900146484386, 30.568199157714844], "angle": 0.0}, {"category": "Table", "position": [192.3878920947982, 214.60190841149333], "size": [12.47129312131846, 28.042754847922847], "angle": -9.104117114790182e-06}]}]}]}