{"seed": 1, "floorplan": [{"rooms": [{"category": "Bedroom", "corners": [[286.0, 194.0], [285.0, 195.0], [214.0, 195.0], [214.0, 306.0], [215.0, 305.0], [286.0, 305.0], [286.0, 194.0]], "objects": [{"category": "DoubleBed", "position": [252.01361526072398, 255.60856075942343], "size": [48.48703963926324, 66.67710850381165], "angle": -1.5707872226777824}, {"category": "Nightstand", "position": [276.75496932226304, 222.64361981412353], "size": [16.41761925620648, 10.500095594535154], "angle": -1.570787222677782}, {"category": "Nightstand", "position": [277.7347400241366, 292.1105817766981], "size": [10.500095594535154, 16.417619256206507], "angle": -3.1415835494726787}, {"category": "PendantLamp", "position": [251.0875, 252.6505], "size": [24.567029571533197, 11.0620204925537], "angle": 0.0}]}]}]}