{"seed": 1, "floorplan": [{"rooms": [{"category": "Bedroom", "corners": [[202.0, 205.0], [202.0, 295.0], [298.0, 295.0], [298.0, 205.0], [202.0, 205.0]], "objects": [{"category": "DoubleBed", "position": [262.7347532477184, 249.46590625450958], "size": [63.88048117519727, 70.06743783182145], "angle": -1.5707872226777826}, {"category": "PendantLamp", "position": [254.6425, 253.0], "size": [31.718399047851534, 34.45650100708008], "angle": 0.0}, {"category": "Cabinet", "position": [293.0020301197991, 289.8878008932112], "size": [15.342770069363942, 13.19624974890433], "angle": -1.5707872226777828}, {"category": "Cabinet", "position": [290.54490861403, 212.84278830726424], "size": [13.196249748904389, 15.342770069363942], "angle": -3.141583549472678}]}]}]}