{"seed": 1, "floorplan": [{"rooms": [{"category": "Bedroom", "corners": [[209.0, 177.0], [209.0, 323.0], [291.0, 323.0], [291.0, 177.0], [209.0, 177.0]], "objects": [{"category": "DoubleBed", "position": [241.14355, 266.23075], "size": [81.86054446571227, 62.889574021497225], "angle": -1.5708054309120107}]}]}]}