{"seed": 1, "floorplan": [{"rooms": [{"category": "Bedroom", "corners": [[207.0, 204.0], [207.0, 296.0], [293.0, 296.0], [293.0, 204.0], [207.0, 204.0]], "objects": [{"category": "Nightstand", "position": [213.3779675229008, 212.42220646965137], "size": [15.203028425429777, 15.717292827223043], "angle": -1.5708054309120103}, {"category": "DoubleBed", "position": [242.43735735330534, 248.42726026253808], "size": [70.63354100817553, 64.0286835132244], "angle": -9.104117113956365e-06}, {"category": "PendantLamp", "position": [260.04999999999995, 248.19850000000002], "size": [10.6084870079835, 10.6084870079835], "angle": -1.5707872226777828}]}]}]}