{"seed": 1, "floorplan": [{"rooms": [{"category": "Bedroom", "corners": [[196.0, 197.0], [196.0, 303.0], [304.0, 303.0], [304.0, 197.0], [196.0, 197.0]], "objects": [{"category": "DoubleBed", "position": [260.15049999999997, 231.07898188588422], "size": [48.486598205566395, 66.67650146484374], "angle": 0.0}, {"category": "Nightstand", "position": [224.78863696563133, 202.72778301955725], "size": [16.417469787597668, 10.499999999999972], "angle": 0.0}, {"category": "Nightstand", "position": [295.38936303436867, 202.72778301955725], "size": [16.417469787597668, 10.499999999999972], "angle": 0.0}, {"category": "PendantLamp", "position": [257.59749999999997, 246.0655], "size": [58.44989776611325, 3.5999999999999943], "angle": 0.0}]}]}]}