{"seed": 1, "floorplan": [{"rooms": [{"category": "Bedroom", "corners": [[206.0, 202.0], [206.0, 298.0], [294.0, 298.0], [294.0, 202.0], [206.0, 202.0]], "objects": [{"category": "DoubleBed", "position": [241.6930344525425, 254.76837303900658], "size": [58.29263275615253, 60.66025379865464], "angle": -9.1041171142266e-06}, {"category": "PendantLamp", "position": [248.452, 254.38749999999996], "size": [23.250629425048857, 7.498860168457014], "angle": 3.141592653589793}]}]}]}