{"seed": 1, "floorplan": [{"rooms": [{"category": "Bedroom", "corners": [[204.0, 205.0], [204.0, 295.0], [297.0, 295.0], [297.0, 205.0], [204.0, 205.0]], "objects": [{"category": "DoubleBed", "position": [246.32764217630518, 261.50079101713914], "size": [48.486598205566395, 66.67650146484374], "angle": 3.141592653589793}, {"category": "CeilingLamp", "position": [249.424, 252.004], "size": [17.092649459838924, 15.837570190429716], "angle": 0.0}]}]}]}