{"seed": 1, "floorplan": [{"rooms": [{"category": "Bedroom", "corners": [[200.0, 206.0], [200.0, 294.0], [300.0, 294.0], [300.0, 206.0], [200.0, 206.0]], "objects": [{"category": "DoubleBed", "position": [256.8303036756435, 236.42234179214537], "size": [51.273600769042986, 56.5332000732422], "angle": 0.0}, {"category": "PendantLamp", "position": [252.046, 247.44699999999997], "size": [17.625090408325207, 17.564459609985363], "angle": 0.0}]}]}]}