{"seed": 1, "floorplan": [{"rooms": [{"category": "Bedroom", "corners": [[186.0, 204.0], [186.0, 296.0], [314.0, 296.0], [314.0, 204.0], [186.0, 204.0]], "objects": [{"category": "DoubleBed", "position": [256.92055000000005, 240.2968665022613], "size": [51.19530029296874, 32.94000091552732], "angle": 0.0}, {"category": "Cabinet", "position": [294.96754393386084, 213.89259759509576], "size": [13.500059509277321, 15.736199569702165], "angle": 0.0}, {"category": "Cabinet", "position": [217.89465606613913, 211.78128118006788], "size": [13.50005950927735, 15.736199569702137], "angle": 0.0}, {"category": "CeilingLamp", "position": [255.73014999999998, 248.84589999999997], "size": [17.82218971252439, 16.13231964111327], "angle": 0.0}]}]}]}