{"seed": 1, "floorplan": [{"rooms": [{"category": "Bedroom", "corners": [[188.0, 206.0], [188.0, 294.0], [312.0, 294.0], [313.0, 293.0], [313.0, 278.0], [312.0, 277.0], [312.0, 206.0], [188.0, 206.0]], "objects": [{"category": "DoubleBed", "position": [236.05149999999998, 260.830510747842], "size": [63.50580139160155, 62.55330047607421], "angle": 3.141592653589793}, {"category": "Nightstand", "position": [197.3978115427868, 287.0275545752387], "size": [19.2207000732422, 11.450699615478527], "angle": 3.141592653589793}, {"category": "Nightstand", "position": [275.2841884572132, 287.0275545752387], "size": [19.2207000732422, 11.450699615478527], "angle": 3.141592653589793}, {"category": "PendantLamp", "position": [240.9805, 250.00900000000001], "size": [9.113579750061035, 9.113579750061064], "angle": 0.0}]}]}]}