{"seed": 1, "floorplan": [{"rooms": [{"category": "Bedroom", "corners": [[221.0, 181.0], [221.0, 199.0], [220.0, 200.0], [197.0, 200.0], [197.0, 319.0], [254.0, 319.0], [254.0, 299.0], [255.0, 298.0], [303.0, 298.0], [303.0, 181.0], [221.0, 181.0]], "objects": [{"category": "DoubleBed", "position": [266.6236511476171, 251.30530000000002], "size": [60.66025379865461, 58.29263275615256], "angle": -1.5707872226777821}, {"category": "Cabinet", "position": [295.6214257203058, 213.7404723855702], "size": [12.516053660661441, 10.319493593250204], "angle": -1.5707872226777826}, {"category": "Cabinet", "position": [295.6214257203058, 288.1612276144298], "size": [12.516053660661441, 10.319493593250204], "angle": -1.5707872226777826}]}]}]}