{"seed": 1, "floorplan": [{"rooms": [{"category": "Bedroom", "corners": [[176.0, 208.0], [176.0, 292.0], [324.0, 292.0], [324.0, 208.0], [176.0, 208.0]], "objects": [{"category": "PendantLamp", "position": [259.309, 255.2395], "size": [22.306020355224632, 22.334969329833996], "angle": 0.0}, {"category": "DoubleBed", "position": [260.99653792271613, 244.10181947993004], "size": [65.20500183105466, 71.99100036621093], "angle": 0.0}, {"category": "Nightstand", "position": [224.03727776367958, 211.91383379171674], "size": [17.36801948547364, 13.216409683227539], "angle": 0.0}, {"category": "Nightstand", "position": [291.3091246895809, 211.65728926363107], "size": [17.36801948547361, 13.216409683227539], "angle": 0.0}]}]}]}