{"seed": 1, "floorplan": [{"rooms": [{"category": "Bedroom", "corners": [[195.0, 172.0], [195.0, 326.0], [194.0, 327.0], [194.0, 328.0], [306.0, 328.0], [305.0, 327.0], [305.0, 182.0], [223.0, 182.0], [222.0, 181.0], [222.0, 172.0], [195.0, 172.0]], "objects": [{"category": "DoubleBed", "position": [228.71648921657297, 268.6591000000001], "size": [62.82267125175919, 63.52407686842421], "angle": -9.104117113905518e-06}, {"category": "Nightstand", "position": [200.3609783707833, 228.08273939834135], "size": [11.613765783003583, 12.000109250897301], "angle": -9.104117115767452e-06}, {"category": "Nightstand", "position": [200.3609783707833, 309.1436606016587], "size": [11.613765783003583, 12.000109250897358], "angle": -9.104117110872965e-06}, {"category": "PendantLamp", "position": [243.4153, 265.9735], "size": [14.41665000915529, 13.429619979858387], "angle": 0.0}]}]}]}