{"seed": 1, "floorplan": [{"rooms": [{"category": "Bedroom", "corners": [[201.0, 188.0], [201.0, 312.0], [202.0, 311.0], [298.0, 311.0], [299.0, 312.0], [299.0, 188.0], [201.0, 188.0]], "objects": [{"category": "DoubleBed", "position": [235.50549999999998, 254.14870000000002], "size": [66.10980139803986, 53.222885977815444], "angle": -9.104117114393962e-06}, {"category": "PendantLamp", "position": [249.92950000000002, 252.84970000000004], "size": [20.21954956054688, 20.220119476318388], "angle": 0.0}, {"category": "Cabinet", "position": [236.0718329469633, 198.4704832766136], "size": [69.60959930419921, 19.804769897460943], "angle": 0.0}]}]}]}