{"seed": 1, "floorplan": [{"rooms": [{"category": "Bedroom", "corners": [[196.0, 199.0], [196.0, 301.0], [304.0, 301.0], [304.0, 199.0], [196.0, 199.0]], "objects": [{"category": "DoubleBed", "position": [269.2037216390546, 235.63439289155633], "size": [60.66025379865461, 58.2926327561525], "angle": -1.570787222677783}, {"category": "Nightstand", "position": [297.9065900550486, 276.11290629429897], "size": [16.043156008166562, 10.84371902323032], "angle": -1.570787222677786}, {"category": "PendantLamp", "position": [242.07850000000008, 244.85980000000004], "size": [23.25062942504877, 7.498860168457043], "angle": 0.0}]}]}]}