{"seed": 1, "floorplan": [{"rooms": [{"category": "Bedroom", "corners": [[186.0, 199.0], [186.0, 301.0], [314.0, 301.0], [314.0, 199.0], [186.0, 199.0]], "objects": [{"category": "DoubleBed", "position": [249.36370000000002, 268.2479335316194], "size": [64.27830047607421, 29.562389373779297], "angle": 3.141592653589793}, {"category": "Nightstand", "position": [289.2718085018317, 292.554506038129], "size": [17.549999999999955, 19.48986053466797], "angle": 3.141592653589793}, {"category": "Nightstand", "position": [209.46579149816836, 291.86199331311906], "size": [17.55000000000001, 19.48986053466797], "angle": 3.141592653589793}, {"category": "CeilingLamp", "position": [250.23160000000001, 247.7425], "size": [24.1209892272949, 24.12233963012693], "angle": 0.0}]}]}]}