{"seed": 1, "floorplan": [{"rooms": [{"category": "Bedroom", "corners": [[206.0, 194.0], [206.0, 306.0], [294.0, 306.0], [294.0, 194.0], [206.0, 194.0]], "objects": [{"category": "DoubleBed", "position": [260.53973175508315, 241.64401899006214], "size": [60.66025379865464, 58.29263275615256], "angle": -1.5707872226777821}, {"category": "Cabinet", "position": [262.34860000000003, 297.316], "size": [39.84210205078125, 16.47107963562013], "angle": 3.141592653589793}, {"category": "CeilingLamp", "position": [253.3975, 246.74650000000003], "size": [12.180110431892931, 12.180110431892931], "angle": -3.1415835494726783}]}]}]}