{"seed": 1, "floorplan": [{"rooms": [{"category": "Bedroom", "corners": [[281.0, 148.0], [281.0, 188.0], [280.0, 189.0], [275.0, 189.0], [274.0, 190.0], [274.0, 213.0], [280.0, 213.0], [281.0, 214.0], [281.0, 223.0], [280.0, 224.0], [182.0, 224.0], [182.0, 352.0], [318.0, 352.0], [318.0, 148.0], [281.0, 148.0]], "objects": [{"category": "DoubleBed", "position": [220.01462956891044, 296.6368], "size": [69.04412987044398, 64.53868724085179], "angle": -9.104117114021304e-06}, {"category": "Nightstand", "position": [190.27373835903862, 254.18398029042035], "size": [16.562130841027898, 16.490819766995905], "angle": -1.5707872226777817}, {"category": "Nightstand", "position": [190.27373835903865, 336.4022197095797], "size": [16.562130841027898, 16.490819766995877], "angle": -1.5707872226777817}, {"category": "CeilingLamp", "position": [253.97080000000003, 283.8103], "size": [13.173329544067371, 13.218809509277378], "angle": 0.0}]}]}]}