{"seed": 1, "floorplan": [{"rooms": [{"category": "Bedroom", "corners": [[210.0, 192.0], [210.0, 308.0], [290.0, 308.0], [290.0, 192.0], [210.0, 192.0]], "objects": [{"category": "DoubleBed", "position": [261.4094637541839, 256.1984171700407], "size": [56.5337147651452, 51.27406757628402], "angle": -3.1415835494726796}, {"category": "PendantLamp", "position": [247.71099999999998, 255.16900000000004], "size": [13.452569961547852, 13.457130432128935], "angle": 0.0}]}]}]}