{"seed": 1, "floorplan": [{"rooms": [{"category": "Bedroom", "corners": [[204.0, 190.0], [204.0, 310.0], [296.0, 310.0], [296.0, 190.0], [204.0, 190.0]], "objects": [{"category": "DoubleBed", "position": [241.48525978479967, 258.11731650500946], "size": [74.04277614795527, 76.47339520052464], "angle": -9.104117113863506e-06}, {"category": "Nightstand", "position": [209.58864336677428, 295.7186473244236], "size": [15.803544299115616, 14.192769136316283], "angle": -9.104117114635199e-06}, {"category": "Nightstand", "position": [209.5256346764283, 222.071359168053], "size": [15.803544299115647, 14.192769136316283], "angle": -9.104117112836743e-06}, {"category": "CeilingLamp", "position": [242.572, 252.69399999999996], "size": [11.961269760131813, 11.937030029296892], "angle": 3.141592653589793}]}]}]}