{"seed": 1, "floorplan": [{"rooms": [{"category": "Bedroom", "corners": [[147.0, 191.0], [147.0, 201.0], [146.0, 202.0], [139.0, 202.0], [139.0, 301.0], [146.0, 301.0], [147.0, 302.0], [147.0, 309.0], [290.0, 309.0], [290.0, 237.0], [291.0, 236.0], [352.0, 236.0], [353.0, 237.0], [353.0, 231.0], [354.0, 230.0], [361.0, 230.0], [361.0, 203.0], [354.0, 203.0], [353.0, 202.0], [353.0, 191.0], [147.0, 191.0]], "objects": [{"category": "Nightstand", "position": [173.21545, 300.5914502838114], "size": [18.805410003662075, 16.279679489135674], "angle": 3.141592653589793}, {"category": "TVStand", "position": [214.55838242887015, 197.41555], "size": [47.997601318359386, 11.400000000000006], "angle": 0.0}, {"category": "PendantLamp", "position": [218.47224999999997, 236.33155], "size": [24.710579681396496, 24.710609436035185], "angle": 0.0}, {"category": "DoubleBed", "position": [210.64075000000003, 271.12978441161556], "size": [58.21349945068363, 74.39519805908205], "angle": 3.141592653589793}]}]}]}