{"seed": 1, "floorplan": [{"rooms": [{"category": "Bedroom", "corners": [[195.0, 200.0], [195.0, 300.0], [305.0, 300.0], [305.0, 200.0], [195.0, 200.0]], "objects": [{"category": "DoubleBed", "position": [232.879533997096, 263.00329007667494], "size": [74.23387591021874, 55.227803828073434], "angle": -9.10411711419683e-06}, {"category": "Nightstand", "position": [198.86762323321088, 229.61367138103955], "size": [12.244041143933071, 24.08199872631521], "angle": -9.104117115425386e-06}, {"category": "PendantLamp", "position": [250.20399999999995, 248.3656], "size": [3.200969982147285, 3.200969982147285], "angle": 0.0}, {"category": "Cabinet", "position": [294.9964, 286.21], "size": [16.85267944335942, 15.689910507202171], "angle": 0.0}]}]}]}