{"seed": 1, "floorplan": [{"rooms": [{"category": "Bedroom", "corners": [[270.0, 143.0], [270.0, 208.0], [269.0, 209.0], [207.0, 209.0], [207.0, 357.0], [293.0, 357.0], [293.0, 143.0], [270.0, 143.0]], "objects": [{"category": "Nightstand", "position": [213.9028463668594, 332.46070120069186], "size": [13.433732837501738, 20.247904677048666], "angle": -9.104117113357352e-06}, {"category": "Nightstand", "position": [213.90284636685936, 246.9603878410003], "size": [13.433732837501712, 20.247904677048666], "angle": -9.104117115473067e-06}, {"category": "PendantLamp", "position": [248.9989, 286.6507], "size": [20.219549560546852, 20.22011947631836], "angle": 0.0}, {"category": "DoubleBed", "position": [237.10481824265764, 289.70674097469896], "size": [58.61183427061222, 52.932780187232275], "angle": -9.10411711417473e-06}]}]}]}