{"seed": 1, "floorplan": [{"rooms": [{"category": "Bedroom", "corners": [[204.0, 190.0], [204.0, 310.0], [296.0, 310.0], [296.0, 190.0], [204.0, 190.0]], "objects": [{"category": "DoubleBed", "position": [240.55898733452892, 252.88777810775605], "size": [68.92862588918995, 72.47045806134946], "angle": -1.5708054309120105}]}]}]}