{"seed": 1, "floorplan": [{"rooms": [{"category": "Bedroom", "corners": [[214.0, 198.0], [214.0, 302.0], [286.0, 302.0], [286.0, 198.0], [214.0, 198.0]], "objects": [{"category": "DoubleBed", "position": [252.54533382995345, 254.1679475983737], "size": [50.82916301310702, 66.47490329376274], "angle": -1.5707872226777824}, {"category": "Nightstand", "position": [279.12231658778313, 288.1323764891034], "size": [16.043156008166505, 10.843719023230266], "angle": -1.5707872226777824}, {"category": "PendantLamp", "position": [249.95349999999996, 251.60949999999997], "size": [35.99520034790038, 9.10242004394533], "angle": 0.0}]}]}]}