{"seed": 1, "floorplan": [{"rooms": [{"category": "Bedroom", "corners": [[202.0, 164.0], [202.0, 336.0], [298.0, 336.0], [298.0, 164.0], [202.0, 164.0]], "objects": [{"category": "DoubleBed", "position": [254.40358123236967, 279.1082741106345], "size": [60.66025379865464, 58.29263275615253], "angle": -1.5707872226777821}, {"category": "Cabinet", "position": [281.050435213491, 223.24195488924883], "size": [39.84246478289791, 16.47122959230595], "angle": -1.5707872226777824}, {"category": "Sofa", "position": [218.46840739431585, 220.99864754414224], "size": [18.57707977294922, 16.248510360717773], "angle": 0.0}]}]}]}