{"seed": 1, "floorplan": [{"rooms": [{"category": "Bedroom", "corners": [[203.0, 209.0], [203.0, 291.0], [297.0, 291.0], [297.0, 209.0], [203.0, 209.0]], "objects": [{"category": "DoubleBed", "position": [258.3137553451385, 241.93233859985827], "size": [66.9230987548828, 65.8019989013672], "angle": 0.0}, {"category": "Nightstand", "position": [290.86465945537236, 212.7605602375345], "size": [17.94774055480957, 12.659249496459978], "angle": 0.0}, {"category": "Cabinet", "position": [212.41899999999998, 231.7057], "size": [16.82475339494913, 27.02637520279566], "angle": -9.104117113362317e-06}]}]}]}