{"seed": 1, "floorplan": [{"rooms": [{"category": "Bedroom", "corners": [[206.0, 205.0], [206.0, 294.0], [205.0, 295.0], [294.0, 295.0], [294.0, 206.0], [295.0, 205.0], [206.0, 205.0]], "objects": [{"category": "SingleBed", "position": [239.28429946899416, 254.8345], "size": [67.66921500925112, 58.590534333041816], "angle": -9.10411711432209e-06}]}]}]}