{"seed": 1, "floorplan": [{"rooms": [{"category": "Bedroom", "corners": [[207.0, 183.0], [207.0, 317.0], [293.0, 317.0], [293.0, 183.0], [207.0, 183.0]], "objects": [{"category": "DoubleBed", "position": [258.41118050672486, 260.9104], "size": [65.97051937093377, 60.88730241710864], "angle": -0.017787630718575618}, {"category": "Cabinet", "position": [283.64640785070776, 215.83069990956972], "size": [9.241470699575986, 16.392024497652237], "angle": -0.017787630718572003}, {"category": "Cabinet", "position": [285.2101139629359, 305.0466000904303], "size": [9.241470699575988, 16.39202449765215], "angle": -0.01778763071857815}, {"category": "CeilingLamp", "position": [250.08909999999997, 258.7642], "size": [16.553520227967574, 16.553520227967542], "angle": -1.5707872226777828}]}]}]}