{"seed": 1, "floorplan": [{"rooms": [{"category": "Bedroom", "corners": [[212.0, 192.0], [212.0, 308.0], [288.0, 308.0], [288.0, 192.0], [212.0, 192.0]], "objects": [{"category": "Nightstand", "position": [219.6568533516143, 277.63205389512405], "size": [12.037879675331588, 14.97997646797156], "angle": -9.104117117170467e-06}, {"category": "Nightstand", "position": [219.26193912881777, 207.4585985565348], "size": [12.037879675331617, 14.97997646797156], "angle": -9.104117117170445e-06}, {"category": "PendantLamp", "position": [258.83245, 238.26459999999992], "size": [14.311739730834972, 14.345250320434559], "angle": 0.0}, {"category": "DoubleBed", "position": [244.64585898899807, 242.706924616119], "size": [65.02829283355264, 60.53065056794495], "angle": -9.104117113948652e-06}]}]}]}