{"seed": 1, "floorplan": [{"rooms": [{"category": "Bedroom", "corners": [[189.0, 197.0], [189.0, 303.0], [311.0, 303.0], [311.0, 197.0], [189.0, 197.0]], "objects": [{"category": "DoubleBed", "position": [258.1850408739331, 233.19035177395006], "size": [68.92799835205079, 72.46979827880861], "angle": 0.0}, {"category": "TVStand", "position": [259.003, 295.14700000000005], "size": [14.332110934970599, 61.801800839460704], "angle": -1.5593561394644402}]}]}]}