{"seed": 1, "floorplan": [{"rooms": [{"category": "Bedroom", "corners": [[292.0, 199.0], [291.0, 200.0], [209.0, 200.0], [209.0, 204.0], [208.0, 205.0], [208.0, 283.0], [260.0, 283.0], [261.0, 284.0], [261.0, 301.0], [292.0, 301.0], [292.0, 199.0]], "objects": [{"category": "DoubleBed", "position": [243.50266707266314, 232.41669953051866], "size": [70.14513934489246, 65.74379769967318], "angle": -9.104117114018214e-06}, {"category": "PendantLamp", "position": [254.47750000000002, 237.67870000000002], "size": [20.29197006225587, 20.291819000244146], "angle": 3.141592653589793}]}]}]}