{"seed": 1, "floorplan": [{"rooms": [{"category": "Bedroom", "corners": [[209.0, 179.0], [209.0, 321.0], [266.0, 321.0], [266.0, 287.0], [267.0, 286.0], [291.0, 286.0], [291.0, 179.0], [209.0, 179.0]], "objects": [{"category": "Nightstand", "position": [217.83249999999995, 285.9939999999999], "size": [10.920099876084377, 22.800207576704896], "angle": -9.104117114341379e-06}, {"category": "Armchair", "position": [241.84469442855234, 303.89069490729133], "size": [16.971971630022445, 15.147609770396055], "angle": -1.1421779559407705}, {"category": "PendantLamp", "position": [256.89549999999997, 241.79199999999997], "size": [20.291970062255842, 20.291819000244118], "angle": 0.0}, {"category": "DoubleBed", "position": [243.23116613769525, 241.74999999999997], "size": [67.79401625532473, 75.18698517341406], "angle": -9.104117114268615e-06}]}]}]}