{"seed": 1, "floorplan": [{"rooms": [{"category": "Bedroom", "corners": [[206.0, 206.0], [206.0, 294.0], [293.0, 294.0], [293.0, 254.0], [294.0, 253.0], [294.0, 252.0], [293.0, 251.0], [293.0, 206.0], [206.0, 206.0]], "objects": [{"category": "DoubleBed", "position": [248.3458, 255.7321], "size": [63.68067924630556, 61.90556542913789], "angle": -9.10411711415206e-06}, {"category": "Shelf", "position": [287.4057166001155, 288.463733334308], "size": [10.228530120849598, 11.737080001831089], "angle": 3.141592653589793}]}]}]}