{"seed": 1, "floorplan": [{"rooms": [{"category": "Bedroom", "corners": [[191.0, 209.0], [191.0, 291.0], [309.0, 291.0], [309.0, 209.0], [191.0, 209.0]], "objects": [{"category": "DoubleBed", "position": [243.5875, 256.11812639563493], "size": [69.9241316152476, 62.95719087104962], "angle": -1.5672763413328576}, {"category": "Nightstand", "position": [282.28150000000005, 284.11580017598385], "size": [14.59122047424313, 14.547659683227494], "angle": 3.141592653589793}, {"category": "Nightstand", "position": [204.61450000000002, 284.11580017598385], "size": [14.59122047424313, 14.547659683227494], "angle": 3.141592653589793}, {"category": "CeilingLamp", "position": [243.12850000000003, 249.15249999999997], "size": [21.00000000000003, 21.0], "angle": 0.0}]}]}]}