{"seed": 1, "floorplan": [{"rooms": [{"category": "Bedroom", "corners": [[212.0, 194.0], [212.0, 306.0], [288.0, 306.0], [288.0, 194.0], [212.0, 194.0]], "objects": [{"category": "DoubleBed", "position": [254.73699999999997, 265.666], "size": [56.00600915516557, 64.08658198956006], "angle": -1.5707872226777824}, {"category": "Cabinet", "position": [281.438884726303, 223.81440556227403], "size": [15.011446862515259, 12.000109250897301], "angle": -1.5707872226777833}, {"category": "CeilingLamp", "position": [251.30800000000005, 260.68600000000004], "size": [12.179999542236317, 12.179999542236317], "angle": 0.0}]}]}]}