{"seed": 1, "floorplan": [{"rooms": [{"category": "Bedroom", "corners": [[205.0, 177.0], [205.0, 323.0], [295.0, 323.0], [295.0, 199.0], [240.0, 199.0], [239.0, 198.0], [239.0, 177.0], [205.0, 177.0]], "objects": [{"category": "Nightstand", "position": [287.0639271652416, 227.33980651412804], "size": [14.547792128633676, 14.591353316237276], "angle": -3.1415835494726796}, {"category": "DoubleBed", "position": [259.42374704042857, 268.1020670083943], "size": [69.92433502752604, 62.957374016200504], "angle": -3.1415835494726796}, {"category": "PendantLamp", "position": [252.46150000000006, 274.13199999999995], "size": [24.96362915039063, 24.979140472412098], "angle": 0.0}, {"category": "Nightstand", "position": [287.0130131430851, 308.17773635809607], "size": [14.591353316237248, 14.54779212863379], "angle": -1.5707872226777804}]}]}]}