{"seed": 1, "floorplan": [{"rooms": [{"category": "Bedroom", "corners": [[206.0, 198.0], [206.0, 302.0], [294.0, 302.0], [294.0, 198.0], [206.0, 198.0]], "objects": [{"category": "DoubleBed", "position": [241.88316571044805, 258.2395], "size": [68.92862588918995, 72.47045806134943], "angle": -1.5708054309120105}, {"category": "CeilingLamp", "position": [249.50949999999997, 255.68650000000002], "size": [16.79720993041991, 17.99856033325196], "angle": 0.0}]}]}]}