{"seed": 1, "floorplan": [{"rooms": [{"category": "Bedroom", "corners": [[192.0, 211.0], [192.0, 289.0], [308.0, 289.0], [308.0, 211.0], [192.0, 211.0]], "objects": [{"category": "DoubleBed", "position": [256.432515932921, 247.76041812852532], "size": [55.2273010253906, 74.23320007324219], "angle": 0.0}, {"category": "Nightstand", "position": [292.67106693756193, 219.44287472716255], "size": [24.08177947998047, 12.243929672241222], "angle": 0.0}, {"category": "Nightstand", "position": [221.72090521248154, 215.20616358397137], "size": [24.08177947998047, 12.243929672241222], "angle": 0.0}, {"category": "CeilingLamp", "position": [259.6054763423281, 251.38834114978079], "size": [33.04739913940429, 32.97089996337888], "angle": 0.0}]}]}]}