{"seed": 1, "floorplan": [{"rooms": [{"category": "Bedroom", "corners": [[205.0, 185.0], [205.0, 315.0], [206.0, 314.0], [295.0, 314.0], [295.0, 185.0], [205.0, 185.0]], "objects": [{"category": "DoubleBed", "position": [257.5209706901526, 249.93266664865683], "size": [71.19874695956418, 74.22367684275544], "angle": -1.5707872226777826}, {"category": "Nightstand", "position": [291.6429257660042, 284.02592695736473], "size": [12.000109250897301, 11.613765783003553], "angle": -1.5707872226777837}, {"category": "Nightstand", "position": [291.6272397479671, 215.4000924260918], "size": [12.00010925089733, 11.613765783003611], "angle": -1.5707872226777837}, {"category": "PendantLamp", "position": [249.96999999999997, 249.93250000000003], "size": [49.578900146484386, 30.568199157714815], "angle": 0.0}]}]}]}