{"seed": 1, "floorplan": [{"rooms": [{"category": "Bedroom", "corners": [[207.0, 187.0], [207.0, 313.0], [293.0, 313.0], [293.0, 187.0], [207.0, 187.0]], "objects": [{"category": "DoubleBed", "position": [241.64629259775273, 241.4659023363263], "size": [69.92433502752604, 62.95737401620053], "angle": -9.104117113921515e-06}, {"category": "Nightstand", "position": [216.95959718282313, 283.04377203221486], "size": [14.547792128633732, 14.591353316237305], "angle": -9.104117113813794e-06}, {"category": "Nightstand", "position": [218.69193497957076, 201.4559889180104], "size": [14.547792128633732, 14.591353316237305], "angle": -9.104117113813794e-06}, {"category": "PendantLamp", "position": [250.10649999999998, 240.35649999999998], "size": [28.904788970947237, 28.904788970947237], "angle": 0.0}]}]}]}