{"seed": 1, "floorplan": [{"rooms": [{"category": "Bedroom", "corners": [[251.0, 157.0], [251.0, 228.0], [250.0, 229.0], [187.0, 229.0], [187.0, 343.0], [284.0, 343.0], [284.0, 200.0], [285.0, 199.0], [313.0, 199.0], [313.0, 157.0], [251.0, 157.0]], "objects": [{"category": "DoubleBed", "position": [220.7472957322504, 282.04449999999997], "size": [65.80259797865263, 66.92370803893196], "angle": -9.104117113776835e-06}, {"category": "Nightstand", "position": [193.96220926928973, 325.37518397767656], "size": [14.291830096776673, 15.000136563621654], "angle": -9.104117111478199e-06}, {"category": "Nightstand", "position": [193.96220926928973, 238.87281602232346], "size": [14.291830096776701, 15.000136563621654], "angle": -9.10411711147818e-06}, {"category": "Cabinet", "position": [278.104, 281.9425], "size": [8.677249180326799, 35.64332377004929], "angle": -3.141583549472675}]}]}]}