{"seed": 1, "floorplan": [{"rooms": [{"category": "Bedroom", "corners": [[202.0, 194.0], [202.0, 306.0], [280.0, 306.0], [280.0, 270.0], [281.0, 269.0], [298.0, 269.0], [298.0, 194.0], [202.0, 194.0]], "objects": [{"category": "DoubleBed", "position": [235.25904150519034, 245.82100000000003], "size": [60.88695921487761, 65.97014751623621], "angle": -1.5674988803829453}, {"category": "Nightstand", "position": [209.8911281952136, 209.40831985279942], "size": [11.007034751096777, 11.007034751096777], "angle": -1.5674988803829453}, {"category": "Nightstand", "position": [209.66264238449338, 282.2066801472006], "size": [11.00703475109672, 11.007034751096777], "angle": -1.5674988803829453}]}]}]}