{"seed": 1, "floorplan": [{"rooms": [{"category": "Bedroom", "corners": [[210.0, 193.0], [210.0, 199.0], [209.0, 200.0], [205.0, 200.0], [205.0, 300.0], [218.0, 300.0], [219.0, 301.0], [219.0, 307.0], [282.0, 307.0], [282.0, 306.0], [281.0, 305.0], [281.0, 301.0], [282.0, 300.0], [295.0, 300.0], [295.0, 200.0], [233.0, 200.0], [232.0, 199.0], [232.0, 193.0], [210.0, 193.0]], "objects": [{"category": "DoubleBed", "position": [261.4923729430654, 260.1419781844686], "size": [66.457205989089, 65.34089333576723], "angle": -3.1415835494726787}, {"category": "Nightstand", "position": [289.0490319898029, 294.1607408140641], "size": [15.203028425429691, 15.717292827223043], "angle": -1.570787222677781}]}]}]}