{"seed": 1, "floorplan": [{"rooms": [{"category": "Bedroom", "corners": [[200.0, 207.0], [200.0, 293.0], [300.0, 293.0], [300.0, 207.0], [200.0, 207.0]], "objects": [{"category": "SingleBed", "position": [259.0951968203867, 242.4031804118457], "size": [39.89550018310544, 63.0], "angle": 0.0}, {"category": "PendantLamp", "position": [265.73949999999996, 245.88250000000002], "size": [13.22568054199212, 13.225619888305658], "angle": 0.0}]}]}]}