{"seed": 1, "floorplan": [{"rooms": [{"category": "Bedroom", "corners": [[206.0, 204.0], [207.0, 205.0], [207.0, 210.0], [206.0, 211.0], [206.0, 296.0], [294.0, 296.0], [294.0, 204.0], [206.0, 204.0]], "objects": [{"category": "DoubleBed", "position": [243.92390837621417, 253.21214855722712], "size": [74.11117581852825, 74.07637630737204], "angle": -9.104117114119891e-06}, {"category": "Nightstand", "position": [211.75083836057973, 288.9789243938992], "size": [14.933595430476888, 17.765711210845854], "angle": -9.104117118121356e-06}, {"category": "Nightstand", "position": [211.81946396097678, 213.59799571220861], "size": [14.93359543047686, 17.765711210845886], "angle": -9.104117114314961e-06}, {"category": "PendantLamp", "position": [250.13049999999998, 253.41549999999998], "size": [24.917280578613315, 58.87140197753905], "angle": 0.0}]}]}]}