{"seed": 1, "floorplan": [{"rooms": [{"category": "Bedroom", "corners": [[209.0, 176.0], [209.0, 324.0], [291.0, 324.0], [291.0, 234.0], [247.0, 234.0], [246.0, 233.0], [246.0, 176.0], [209.0, 176.0]], "objects": [{"category": "DoubleBed", "position": [260.7999425115794, 283.3954904416372], "size": [51.27322529422505, 56.53278608255914], "angle": -1.563902198498119}, {"category": "PendantLamp", "position": [249.988, 284.2855], "size": [21.798870849609415, 21.798841094970726], "angle": 0.0}]}]}]}