{"seed": 1, "floorplan": [{"rooms": [{"category": "Bedroom", "corners": [[291.0, 185.0], [290.0, 186.0], [209.0, 186.0], [209.0, 315.0], [291.0, 315.0], [291.0, 185.0]], "objects": [{"category": "DoubleBed", "position": [258.09028936628243, 260.8891934080988], "size": [66.92370803893199, 65.8025979786526], "angle": -1.5707872226777824}, {"category": "Nightstand", "position": [286.1998082946489, 216.1691305042621], "size": [19.10009416311284, 13.292131511719663], "angle": -1.5707872226777833}, {"category": "Nightstand", "position": [286.2805598800671, 303.0525136723557], "size": [19.10009416311284, 13.29213151171972], "angle": -1.5707872226777801}]}]}]}