{"seed": 1, "floorplan": [{"rooms": [{"category": "Bedroom", "corners": [[194.0, 164.0], [194.0, 336.0], [306.0, 336.0], [306.0, 229.0], [227.0, 229.0], [226.0, 228.0], [226.0, 164.0], [194.0, 164.0]], "objects": [{"category": "DoubleBed", "position": [272.84950000000003, 295.876], "size": [52.76358003840887, 64.44088514194988], "angle": -1.5707872226777826}, {"category": "Cabinet", "position": [201.38349999999997, 299.3408046092191], "size": [10.998670003630748, 54.35659380903686], "angle": -9.104117111752373e-06}, {"category": "PendantLamp", "position": [252.4855, 288.77500000000003], "size": [20.296259307861362, 18.390750503540005], "angle": 0.0}, {"category": "PendantLamp", "position": [240.52171039674857, 237.31826160939374], "size": [19.637129974365223, 4.897949981689436], "angle": 0.0}]}]}]}