{"seed": 1, "floorplan": [{"rooms": [{"category": "Bedroom", "corners": [[197.0, 171.0], [197.0, 280.0], [239.0, 280.0], [240.0, 281.0], [240.0, 282.0], [241.0, 283.0], [241.0, 284.0], [242.0, 285.0], [242.0, 287.0], [243.0, 288.0], [243.0, 290.0], [244.0, 291.0], [244.0, 292.0], [245.0, 293.0], [245.0, 295.0], [246.0, 296.0], [246.0, 297.0], [247.0, 298.0], [247.0, 300.0], [248.0, 301.0], [248.0, 302.0], [249.0, 303.0], [249.0, 305.0], [250.0, 306.0], [250.0, 307.0], [251.0, 308.0], [251.0, 310.0], [252.0, 311.0], [252.0, 312.0], [253.0, 313.0], [253.0, 315.0], [254.0, 316.0], [254.0, 318.0], [255.0, 319.0], [255.0, 320.0], [256.0, 321.0], [256.0, 323.0], [257.0, 324.0], [257.0, 325.0], [258.0, 326.0], [258.0, 329.0], [303.0, 329.0], [260.0, 329.0], [259.0, 328.0], [259.0, 325.0], [260.0, 324.0], [260.0, 321.0], [261.0, 320.0], [261.0, 316.0], [262.0, 315.0], [262.0, 312.0], [263.0, 311.0], [263.0, 307.0], [264.0, 306.0], [264.0, 303.0], [265.0, 302.0], [265.0, 298.0], [266.0, 297.0], [266.0, 294.0], [267.0, 293.0], [267.0, 289.0], [268.0, 288.0], [268.0, 284.0], [269.0, 283.0], [269.0, 281.0], [270.0, 280.0], [293.0, 280.0], [294.0, 279.0], [294.0, 171.0], [197.0, 171.0]], "objects": [{"category": "DoubleBed", "position": [232.67350000000002, 225.49599999999998], "size": [65.80259797865263, 66.92370803893199], "angle": -9.104117114208759e-06}, {"category": "Nightstand", "position": [202.73650000000004, 184.16799999999995], "size": [10.530095409894564, 14.100128369804333], "angle": -9.104117111144592e-06}, {"category": "PendantLamp", "position": [245.0335, 226.38399999999996], "size": [16.918293675265602, 17.176356861505788], "angle": -1.5707872226777815}]}]}]}