{"seed": 1, "floorplan": [{"rooms": [{"category": "Bedroom", "corners": [[191.0, 190.0], [191.0, 310.0], [309.0, 310.0], [309.0, 282.0], [278.0, 282.0], [277.0, 281.0], [277.0, 190.0], [191.0, 190.0]], "objects": [{"category": "TVStand", "position": [226.1605, 302.7340997498323], "size": [68.09760131835938, 15.12462043762207], "angle": 3.141592653589793}, {"category": "PendantLamp", "position": [233.2375, 242.044], "size": [20.31662979125977, 20.854019165039062], "angle": 0.0}, {"category": "DoubleBed", "position": [220.98250000000002, 224.008], "size": [53.290498352050776, 68.61690216064454], "angle": 0.0}]}]}]}