{"seed": 1, "floorplan": [{"rooms": [{"category": "Bedroom", "corners": [[209.0, 181.0], [209.0, 319.0], [291.0, 319.0], [291.0, 181.0], [263.0, 181.0], [263.0, 198.0], [262.0, 199.0], [257.0, 199.0], [256.0, 198.0], [256.0, 181.0], [209.0, 181.0]], "objects": [{"category": "Nightstand", "position": [215.85554914120385, 211.77086737462062], "size": [17.99797345723412, 18.64471930502766], "angle": -9.104117114299598e-06}, {"category": "DoubleBed", "position": [243.52361332519223, 253.64251235290007], "size": [71.41701436262171, 68.56761753161501], "angle": -1.5594671667370854}, {"category": "Nightstand", "position": [216.09540856962172, 297.4104627099267], "size": [17.997973457234178, 18.64471930502766], "angle": -9.104117114299569e-06}]}]}]}