{"seed": 1, "floorplan": [{"rooms": [{"category": "Bedroom", "corners": [[198.0, 204.0], [198.0, 296.0], [302.0, 296.0], [302.0, 204.0], [198.0, 204.0]], "objects": [{"category": "DoubleBed", "position": [267.70000000000005, 238.92700000000002], "size": [60.53425320084161, 63.580478443924804], "angle": -1.5707872226777828}, {"category": "CeilingLamp", "position": [250.54840000000007, 244.219], "size": [21.28251113891605, 21.06587905883788], "angle": 0.0}, {"category": "Chair", "position": [217.62623882159704, 222.69741958291183], "size": [14.694494132566986, 18.56521876434756], "angle": -1.5707872226777844}, {"category": "Cabinet", "position": [203.4915103552342, 223.35065434714824], "size": [28.505510067999825, 13.748915150330834], "angle": -1.5708054309120099}]}]}]}