{"seed": 1, "floorplan": [{"rooms": [{"category": "Bedroom", "corners": [[212.0, 190.0], [212.0, 310.0], [288.0, 310.0], [288.0, 190.0], [212.0, 190.0]], "objects": [{"category": "DoubleBed", "position": [250.77370389804543, 243.3356553661364], "size": [58.57673871443074, 71.77942592972082], "angle": -1.5747995894084772}, {"category": "Nightstand", "position": [280.36732960372933, 276.9985562248931], "size": [6.962343321897152, 9.280294303933719], "angle": -0.5268993681799897}, {"category": "PendantLamp", "position": [242.0395, 254.44150000000002], "size": [21.33868532912426, 21.338653285375486], "angle": -1.570805430912011}]}]}]}