{"seed": 1, "floorplan": [{"rooms": [{"category": "Bedroom", "corners": [[172.0, 197.0], [172.0, 200.0], [173.0, 201.0], [173.0, 214.0], [174.0, 215.0], [174.0, 228.0], [175.0, 229.0], [175.0, 241.0], [176.0, 242.0], [176.0, 258.0], [175.0, 259.0], [175.0, 271.0], [174.0, 272.0], [174.0, 285.0], [173.0, 286.0], [173.0, 299.0], [172.0, 300.0], [172.0, 303.0], [179.0, 296.0], [328.0, 296.0], [328.0, 204.0], [179.0, 204.0], [172.0, 197.0]], "objects": [{"category": "DoubleBed", "position": [247.6719276582051, 261.99321677373894], "size": [66.92309875488277, 65.80199890136717], "angle": 3.141592653589793}, {"category": "Nightstand", "position": [289.80849134702487, 288.7083737304566], "size": [15.0, 14.291699981689476], "angle": 3.141592653589793}, {"category": "Nightstand", "position": [205.53035081696822, 288.7083737304566], "size": [15.0, 14.291699981689476], "angle": 3.141592653589793}, {"category": "CeilingLamp", "position": [249.23131505542207, 252.53599467969087], "size": [14.997180175781239, 19.072169494628895], "angle": 0.0}]}]}]}