{"seed": 1, "floorplan": [{"rooms": [{"category": "Bedroom", "corners": [[190.0, 208.0], [190.0, 292.0], [310.0, 292.0], [310.0, 208.0], [190.0, 208.0]], "objects": [{"category": "DoubleBed", "position": [241.55730524852146, 241.73550749305127], "size": [75.18630065917966, 67.79339904785161], "angle": 0.0}, {"category": "Nightstand", "position": [202.59746228859538, 212.81168101752678], "size": [22.80000000000001, 10.92000045776365], "angle": 0.0}, {"category": "Nightstand", "position": [279.89671402991814, 214.27188174577242], "size": [22.80000000000001, 10.92000045776365], "angle": 0.0}, {"category": "PendantLamp", "position": [241.72900000000004, 248.782], "size": [20.577149963378872, 20.577149963378872], "angle": 0.0}]}]}]}