{"seed": 1, "floorplan": [{"rooms": [{"category": "Bedroom", "corners": [[197.0, 223.0], [197.0, 249.0], [198.0, 249.0], [199.0, 250.0], [199.0, 277.0], [303.0, 277.0], [303.0, 223.0], [197.0, 223.0]], "objects": [{"category": "DoubleBed", "position": [254.3800887113732, 262.55853301434064], "size": [68.92799835205079, 72.46979827880855], "angle": 3.141592653589793}, {"category": "Nightstand", "position": [293.1324444693271, 271.7121994573804], "size": [11.520000457763615, 11.520000457763672], "angle": 3.141592653589793}, {"category": "PendantLamp", "position": [256.82050000000004, 257.63800000000003], "size": [15.303210067749006, 15.08414955139159], "angle": 3.141592653589793}]}]}]}