{"seed": 1, "floorplan": [{"rooms": [{"category": "Bedroom", "corners": [[196.0, 175.0], [196.0, 325.0], [304.0, 325.0], [304.0, 175.0], [196.0, 175.0]], "objects": [{"category": "PendantLamp", "position": [256.45629999999994, 251.12890000000002], "size": [23.713259124755893, 21.437729644775402], "angle": 0.0}, {"category": "DoubleBed", "position": [227.4296988606771, 250.02130000000002], "size": [63.39597511622803, 56.854719884892326], "angle": -9.104117114477985e-06}, {"category": "TVStand", "position": [297.7477, 225.86860000000001], "size": [12.721376269697128, 68.16571916329275], "angle": -3.141583549472677}, {"category": "CoffeeTable", "position": [293.21405664303785, 299.3376214956644], "size": [41.38140106201172, 39.67200164794923], "angle": 0.0}]}]}]}