{"seed": 1, "floorplan": [{"rooms": [{"category": "Bedroom", "corners": [[205.0, 200.0], [205.0, 300.0], [295.0, 300.0], [295.0, 200.0], [205.0, 200.0]], "objects": [{"category": "DoubleBed", "position": [235.72176493999842, 234.87546868557402], "size": [60.659701538085926, 58.29210205078124], "angle": 0.0}, {"category": "Cabinet", "position": [271.5681027414861, 203.20115687267628], "size": [12.515939712524414, 10.319399642944347], "angle": 0.0}, {"category": "CeilingLamp", "position": [247.2565, 238.72750000000002], "size": [17.122320556640602, 17.12232055664063], "angle": 0.0}]}]}]}