{"seed": 1, "floorplan": [{"rooms": [{"category": "Bedroom", "corners": [[210.0, 196.0], [210.0, 304.0], [290.0, 304.0], [290.0, 196.0], [210.0, 196.0]], "objects": [{"category": "DoubleBed", "position": [249.85612967723773, 259.79215544724343], "size": [45.69821725231167, 78.01180642326116], "angle": -1.5707872226777824}, {"category": "Nightstand", "position": [282.2642787076591, 225.41231943323535], "size": [16.5001502199838, 12.000109250897358], "angle": -1.5707872226777828}, {"category": "Nightstand", "position": [281.5747324483417, 291.2759020536169], "size": [16.500150219983745, 12.000109250897301], "angle": -1.5707872226777861}]}]}]}