{"seed": 1, "floorplan": [{"rooms": [{"category": "Bedroom", "corners": [[198.0, 203.0], [198.0, 232.0], [210.0, 232.0], [211.0, 233.0], [211.0, 297.0], [302.0, 297.0], [302.0, 203.0], [198.0, 203.0]], "objects": [{"category": "PendantLamp", "position": [255.0475, 246.0685], "size": [3.0041699409484863, 3.0], "angle": 0.0}, {"category": "DoubleBed", "position": [255.63123130676053, 266.0638222604918], "size": [72.03809967041013, 61.46759948730471], "angle": 3.141592653589793}, {"category": "Nightstand", "position": [221.15327737981613, 289.5198664958123], "size": [16.32603034973144, 15.081540298461903], "angle": 3.141592653589793}, {"category": "Nightstand", "position": [294.6443535385554, 291.3181916214313], "size": [16.32603034973141, 15.081540298461903], "angle": 3.141592653589793}]}]}]}