{"seed": 1, "floorplan": [{"rooms": [{"category": "Bedroom", "corners": [[206.0, 191.0], [205.0, 192.0], [205.0, 297.0], [221.0, 297.0], [222.0, 298.0], [222.0, 309.0], [276.0, 309.0], [276.0, 298.0], [277.0, 297.0], [295.0, 297.0], [295.0, 191.0], [206.0, 191.0]], "objects": [{"category": "Cabinet", "position": [238.2830004475332, 200.902], "size": [64.84020080566401, 18.123479461669916], "angle": 0.0}, {"category": "DoubleBed", "position": [238.67249963375517, 254.29899999999998], "size": [66.41430398717428, 60.149645817479005], "angle": -9.104117114187095e-06}]}]}]}