{"seed": 1, "floorplan": [{"rooms": [{"category": "Bedroom", "corners": [[191.0, 210.0], [191.0, 290.0], [309.0, 290.0], [309.0, 210.0], [191.0, 210.0]], "objects": [{"category": "CeilingLamp", "position": [244.492, 250.216], "size": [15.176729965209972, 13.143420410156239], "angle": 0.0}, {"category": "SingleBed", "position": [243.2502944025111, 256.3899792400448], "size": [45.11879882812502, 65.72639923095704], "angle": 3.141592653589793}, {"category": "Cabinet", "position": [211.8520000000001, 215.55511662801104], "size": [40.15379791259764, 42.06090087890627], "angle": 0.0}]}]}]}