{"seed": 1, "floorplan": [{"rooms": [{"category": "Bedroom", "corners": [[204.0, 202.0], [204.0, 204.0], [205.0, 205.0], [205.0, 295.0], [205.0, 283.0], [206.0, 282.0], [206.0, 271.0], [207.0, 270.0], [207.0, 259.0], [208.0, 258.0], [209.0, 259.0], [209.0, 265.0], [210.0, 266.0], [210.0, 278.0], [211.0, 279.0], [211.0, 291.0], [212.0, 292.0], [212.0, 294.0], [210.0, 296.0], [209.0, 296.0], [208.0, 297.0], [207.0, 297.0], [206.0, 298.0], [204.0, 298.0], [208.0, 298.0], [211.0, 295.0], [296.0, 295.0], [296.0, 209.0], [212.0, 209.0], [205.0, 202.0], [204.0, 202.0]], "objects": [{"category": "DoubleBed", "position": [248.7162656416734, 244.9228720613449], "size": [72.47045806134946, 68.92862588918999], "angle": -9.104117114185384e-06}, {"category": "Nightstand", "position": [214.94136694845466, 212.33944242076151], "size": [11.520105338629286, 11.520105338629286], "angle": -1.570805430912013}]}]}]}