{"seed": 1, "floorplan": [{"rooms": [{"category": "Bedroom", "corners": [[205.0, 182.0], [205.0, 282.0], [206.0, 283.0], [206.0, 318.0], [295.0, 318.0], [295.0, 182.0], [205.0, 182.0]], "objects": [{"category": "DoubleBed", "position": [261.83227136983345, 238.66831573891736], "size": [62.849670398930975, 62.45036866792155], "angle": -3.141583549472679}, {"category": "CornerSideTable", "position": [286.1457504495469, 199.82315070635502], "size": [17.448270034790028, 13.426890563964832], "angle": 0.0}, {"category": "CornerSideTable", "position": [286.1457504495469, 276.6960636918838], "size": [17.448270034790028, 13.426890563964832], "angle": 0.0}]}]}]}