{"seed": 1, "floorplan": [{"rooms": [{"category": "Bedroom", "corners": [[191.0, 205.0], [191.0, 295.0], [309.0, 295.0], [309.0, 230.0], [293.0, 230.0], [292.0, 229.0], [292.0, 205.0], [191.0, 205.0]], "objects": [{"category": "DoubleBed", "position": [245.51872757410308, 260.4156242205382], "size": [63.4773010253906, 68.52599945068357], "angle": 3.141592653589793}, {"category": "Cabinet", "position": [215.38793694726422, 291.5094706229257], "size": [15.404819869995123, 12.901770401001045], "angle": 3.141592653589793}, {"category": "Cabinet", "position": [277.12693375128947, 291.2242354209106], "size": [15.404819869995151, 12.901770401001045], "angle": 3.141592653589793}, {"category": "PendantLamp", "position": [242.0008, 256.0824999999999], "size": [21.99984054565431, 20.738369750976574], "angle": 3.141592653589793}]}]}]}