{"seed": 1, "floorplan": [{"rooms": [{"category": "Bedroom", "corners": [[200.0, 185.0], [200.0, 316.0], [201.0, 315.0], [300.0, 315.0], [300.0, 185.0], [200.0, 185.0]], "objects": [{"category": "DoubleBed", "position": [265.53258694640306, 251.49299783407312], "size": [59.001838736802036, 33.886809060199035], "angle": -1.5707872226777824}, {"category": "Cabinet", "position": [290.47711663426554, 211.86370548615352], "size": [14.60158328302984, 13.500182417078577], "angle": -3.141583549472681}, {"category": "Cabinet", "position": [290.47850572914774, 290.50568315336096], "size": [14.601583283029782, 13.500182417078605], "angle": -3.141583549472677}]}]}]}