{"seed": 1, "floorplan": [{"rooms": [{"category": "Bedroom", "corners": [[192.0, 189.0], [192.0, 311.0], [309.0, 311.0], [309.0, 189.0], [192.0, 189.0]], "objects": [{"category": "DoubleBed", "position": [253.14400000000006, 219.10000000000002], "size": [50.828700256347815, 66.47429809570303], "angle": 0.0}, {"category": "Nightstand", "position": [283.5142875223852, 195.04899999999998], "size": [16.043009948730514, 10.843620300292969], "angle": 0.0}, {"category": "PendantLamp", "position": [251.52700000000004, 244.63899999999995], "size": [9.102502914575116, 35.99552805689501], "angle": -9.104117109954083e-06}, {"category": "Nightstand", "position": [219.7407124776148, 195.04899999999998], "size": [16.043009948730514, 10.843620300292969], "angle": 0.0}]}]}]}