{"seed": 1, "floorplan": [{"rooms": [{"category": "Bedroom", "corners": [[208.0, 209.0], [208.0, 291.0], [292.0, 291.0], [292.0, 209.0], [208.0, 209.0]], "objects": [{"category": "Chair", "position": [273.93817069192295, 269.19130437566787], "size": [12.660840225219658, 15.152340316772438], "angle": 0.0}, {"category": "SingleBed", "position": [249.2063268789778, 232.69621085072293], "size": [68.36369934082029, 47.25090179443359], "angle": 0.0}, {"category": "Table", "position": [272.73307981763645, 284.5788620919218], "size": [38.87550201416013, 12.670709609985352], "angle": 3.141592653589793}, {"category": "CeilingLamp", "position": [250.02908376750577, 251.1221607299895], "size": [41.944500732421886, 11.69352035522462], "angle": 0.0}]}]}]}