{"seed": 1, "floorplan": [{"rooms": [{"category": "Bedroom", "corners": [[199.0, 203.0], [199.0, 297.0], [301.0, 297.0], [301.0, 203.0], [199.0, 203.0]], "objects": [{"category": "DoubleBed", "position": [242.00968053096238, 235.8854178448777], "size": [60.14909820556642, 66.4136993408203], "angle": 0.0}, {"category": "PendantLamp", "position": [246.274, 246.8335], "size": [27.820572649359576, 27.820572649359633], "angle": -9.104117114286628e-06}, {"category": "Nightstand", "position": [205.52499015384026, 207.86782773028773], "size": [18.421530532836925, 10.778850173950218], "angle": 0.0}, {"category": "Nightstand", "position": [275.84075107034346, 207.497095846556], "size": [18.421530532836925, 10.77885017395019], "angle": 0.0}]}]}]}