{"seed": 1, "floorplan": [{"rooms": [{"category": "Bedroom", "corners": [[327.0, 182.0], [327.0, 223.0], [326.0, 224.0], [136.0, 224.0], [136.0, 318.0], [312.0, 318.0], [312.0, 298.0], [313.0, 297.0], [364.0, 297.0], [364.0, 182.0], [327.0, 182.0]], "objects": [{"category": "PendantLamp", "position": [256.12660000000005, 268.89849999999996], "size": [20.450550842285168, 19.538939666748036], "angle": 0.0}, {"category": "DoubleBed", "position": [252.0586, 279.9307], "size": [66.13169860839844, 25.208821105957043], "angle": 3.141592653589793}]}]}]}