{"seed": 1, "floorplan": [{"rooms": [{"category": "Bedroom", "corners": [[210.0, 211.0], [210.0, 289.0], [253.0, 289.0], [253.0, 276.0], [254.0, 275.0], [281.0, 275.0], [282.0, 274.0], [288.0, 274.0], [289.0, 275.0], [290.0, 275.0], [290.0, 211.0], [210.0, 211.0]], "objects": [{"category": "Nightstand", "position": [213.27377843585563, 269.0695826211997], "size": [10.778948307204645, 18.42169824689862], "angle": -9.10411711371004e-06}, {"category": "SingleBed", "position": [243.97882400609848, 237.23564325164295], "size": [65.72699761996482, 45.11920960056317], "angle": -9.104117114117277e-06}, {"category": "CeilingLamp", "position": [249.66160000000002, 249.71560000000005], "size": [15.176729965209915, 13.143420410156239], "angle": 3.141592653589793}, {"category": "Cabinet", "position": [231.88175296007415, 282.0184061520031], "size": [36.15330047607421, 14.290950393676724], "angle": 3.141592653589793}]}]}]}