{"seed": 1, "floorplan": [{"rooms": [{"category": "Bedroom", "corners": [[201.0, 182.0], [201.0, 318.0], [299.0, 318.0], [299.0, 182.0], [201.0, 182.0]], "objects": [{"category": "DoubleBed", "position": [265.56000026447305, 246.07], "size": [53.222885977815444, 66.10980139803986], "angle": -1.5707872226777824}]}]}]}