{"seed": 1, "floorplan": [{"rooms": [{"category": "Bedroom", "corners": [[181.0, 188.0], [181.0, 312.0], [319.0, 312.0], [319.0, 188.0], [181.0, 188.0]], "objects": [{"category": "Chair", "position": [295.16421661701327, 290.5737850497964], "size": [13.139879608154217, 13.961939620971691], "angle": 3.141592653589793}, {"category": "DoubleBed", "position": [262.5371499999999, 231.23268460642015], "size": [84.79710388342657, 70.36529846323397], "angle": -1.5742963339407035}, {"category": "Table", "position": [294.8864903447606, 305.106174699167], "size": [23.50694961547856, 6.738720130920399], "angle": 3.141592653589793}, {"category": "PendantLamp", "position": [249.99984999999992, 250.24765000000005], "size": [18.60326957702631, 9.572550201416021], "angle": 0.0}]}]}]}