{"seed": 1, "floorplan": [{"rooms": [{"category": "Bedroom", "corners": [[181.0, 206.0], [181.0, 294.0], [319.0, 294.0], [319.0, 206.0], [181.0, 206.0]], "objects": [{"category": "DoubleBed", "position": [261.703, 238.93], "size": [64.0281005859375, 70.63289794921877], "angle": 0.0}, {"category": "Nightstand", "position": [227.43019416243504, 213.523], "size": [14.659469604492188, 11.973630523681635], "angle": 0.0}, {"category": "Nightstand", "position": [299.27280583756493, 213.523], "size": [14.659469604492188, 11.973630523681635], "angle": 0.0}]}]}]}