{"seed": 1, "floorplan": [{"rooms": [{"category": "Bedroom", "corners": [[204.0, 201.0], [204.0, 299.0], [296.0, 299.0], [296.0, 201.0], [204.0, 201.0]], "objects": [{"category": "Table", "position": [212.5165194783837, 221.08044535243945], "size": [15.03817707108128, 41.05867153414794], "angle": -9.10411711499298e-06}, {"category": "DoubleBed", "position": [255.75234862329455, 234.9627278084983], "size": [42.34649963378905, 52.31549835205078], "angle": 0.0}, {"category": "PendantLamp", "position": [255.58312035881258, 249.8873258232207], "size": [28.622060048767043, 28.62206004876707], "angle": -3.141583549472679}]}]}]}