{"seed": 1, "floorplan": [{"rooms": [{"category": "Bedroom", "corners": [[261.0, 156.0], [261.0, 222.0], [260.0, 223.0], [205.0, 223.0], [205.0, 344.0], [295.0, 344.0], [295.0, 156.0], [261.0, 156.0]], "objects": [{"category": "DoubleBed", "position": [240.87031197231943, 288.5117633658729], "size": [58.57733230855164, 71.78015331479153], "angle": -1.5708054309120107}, {"category": "Nightstand", "position": [211.4885045660664, 250.7155919590969], "size": [6.962403360273842, 9.28037433069761], "angle": -9.104117112046406e-06}, {"category": "Nightstand", "position": [211.90171449292973, 327.44636928403963], "size": [6.962403360273813, 9.280374330697553], "angle": -9.104117116128613e-06}]}]}]}