{"seed": 1, "floorplan": [{"rooms": [{"category": "Bedroom", "corners": [[208.0, 200.0], [208.0, 300.0], [292.0, 300.0], [292.0, 200.0], [208.0, 200.0]], "objects": [{"category": "Nightstand", "position": [285.40636155524237, 268.29032405287245], "size": [16.596541249520552, 13.277220868768719], "angle": -1.570787222677782}, {"category": "DoubleBed", "position": [261.85611292934846, 232.69377600939686], "size": [58.21402944043784, 74.39587537092736], "angle": -1.5707872226777828}, {"category": "PendantLamp", "position": [237.26799999999997, 236.26149999999996], "size": [49.578900146484386, 30.568199157714872], "angle": 0.0}]}]}]}