{"seed": 1, "floorplan": [{"rooms": [{"category": "Bedroom", "corners": [[214.0, 192.0], [214.0, 308.0], [286.0, 308.0], [286.0, 192.0], [214.0, 192.0]], "objects": [{"category": "DoubleBed", "position": [243.71707799857364, 255.26081265427678], "size": [58.882736700329744, 51.19636606321304], "angle": -9.104117113897145e-06}, {"category": "Cabinet", "position": [220.3029786830129, 291.0809979864207], "size": [12.799226557315901, 16.35521863316967], "angle": -9.104117116326002e-06}]}]}]}