{"seed": 1, "floorplan": [{"rooms": [{"category": "Bedroom", "corners": [[206.0, 204.0], [206.0, 296.0], [294.0, 296.0], [294.0, 204.0], [206.0, 204.0]], "objects": [{"category": "CeilingLamp", "position": [250.00014999999996, 250.00000000000003], "size": [21.841170501708973, 19.753710937500017], "angle": 0.0}, {"category": "SingleBed", "position": [226.7125172950176, 244.27330000000006], "size": [42.00248353252374, 55.693408652951064], "angle": -9.104117114102493e-06}]}]}]}