{"seed": 1, "floorplan": [{"rooms": [{"category": "Bedroom", "corners": [[196.0, 199.0], [196.0, 301.0], [304.0, 301.0], [304.0, 199.0], [196.0, 199.0]], "objects": [{"category": "Nightstand", "position": [300.0354395484705, 276.5970127880337], "size": [12.653515620755071, 36.01952882471832], "angle": -3.1415835494726805}, {"category": "Cabinet", "position": [201.691, 240.4915], "size": [12.03322989850227, 60.384549384301046], "angle": -9.104117114357034e-06}, {"category": "CeilingLamp", "position": [251.09500000000003, 242.6695], "size": [20.625389099121094, 20.385990142822266], "angle": 0.0}, {"category": "DoubleBed", "position": [267.8263168937175, 234.70346243417168], "size": [71.78015331479153, 58.57733230855158], "angle": -3.141583549472679}]}]}]}