{"seed": 1, "floorplan": [{"rooms": [{"category": "Bedroom", "corners": [[203.0, 189.0], [203.0, 311.0], [297.0, 311.0], [297.0, 189.0], [203.0, 189.0]], "objects": [{"category": "DoubleBed", "position": [259.98066662601934, 235.2805], "size": [55.22780382807341, 74.23387591021874], "angle": -1.5707872226777824}, {"category": "Nightstand", "position": [289.55199999999996, 275.4835], "size": [24.08199872631521, 12.244041143933128], "angle": -1.5707872226777833}, {"category": "Cabinet", "position": [209.986, 236.7655], "size": [12.000679171857442, 60.008044491697014], "angle": -9.1041171163129e-06}, {"category": "PendantLamp", "position": [248.60799999999995, 236.78949999999998], "size": [26.62626113891605, 26.387310791015636], "angle": 0.0}]}]}]}