{"seed": 1, "floorplan": [{"rooms": [{"category": "Bedroom", "corners": [[208.0, 192.0], [208.0, 308.0], [292.0, 308.0], [292.0, 192.0], [208.0, 192.0]], "objects": [{"category": "SingleBed", "position": [240.46556703275814, 227.97236640216587], "size": [62.66187114278998, 71.39734953671648], "angle": -9.104117113938177e-06}, {"category": "CeilingLamp", "position": [253.8754, 236.0608], "size": [12.179999542236317, 12.179999542236317], "angle": 0.0}, {"category": "Table", "position": [217.17370000000003, 289.53489964400114], "size": [17.98234411877515, 35.92832773806151], "angle": -9.104117112751439e-06}]}]}]}