{"seed": 1, "floorplan": [{"rooms": [{"category": "Bedroom", "corners": [[209.0, 196.0], [209.0, 304.0], [291.0, 304.0], [291.0, 196.0], [209.0, 196.0]], "objects": [{"category": "DoubleBed", "position": [249.42404232613148, 267.65026215174674], "size": [82.35060424804692, 71.91719970703127], "angle": 3.141592653589793}, {"category": "TVStand", "position": [253.90950609171665, 205.51614190773506], "size": [73.24109802246096, 18.387899780273415], "angle": 0.0}, {"category": "Cabinet", "position": [216.45365094640704, 269.4171715683005], "size": [69.12122712996693, 18.500808540495555], "angle": -1.5708054309120105}, {"category": "PendantLamp", "position": [260.671, 253.282], "size": [10.608390426635765, 10.608390426635737], "angle": 0.0}]}]}]}