{"seed": 1, "floorplan": [{"rooms": [{"category": "Bedroom", "corners": [[182.0, 192.0], [182.0, 301.0], [283.0, 301.0], [284.0, 302.0], [284.0, 308.0], [308.0, 308.0], [308.0, 302.0], [309.0, 301.0], [309.0, 267.0], [310.0, 266.0], [318.0, 266.0], [318.0, 192.0], [277.0, 192.0], [277.0, 272.0], [276.0, 273.0], [274.0, 273.0], [273.0, 272.0], [273.0, 193.0], [274.0, 192.0], [182.0, 192.0]], "objects": [{"category": "DoubleBed", "position": [228.8076941512589, 229.9377260132099], "size": [70.15290069580081, 26.947830963134777], "angle": 0.0}, {"category": "Nightstand", "position": [192.18489198760204, 198.8705553373094], "size": [16.629420089721663, 13.434180450439442], "angle": 0.0}, {"category": "Nightstand", "position": [264.8055149306558, 197.6926594248547], "size": [16.62942008972169, 13.434180450439442], "angle": 0.0}, {"category": "PendantLamp", "position": [224.57170000000002, 244.96359999999996], "size": [12.191490554809548, 12.191490554809576], "angle": 0.0}]}]}]}