{"seed": 1, "floorplan": [{"rooms": [{"category": "Bedroom", "corners": [[198.0, 173.0], [198.0, 310.0], [272.0, 310.0], [272.0, 294.0], [273.0, 293.0], [274.0, 294.0], [274.0, 311.0], [273.0, 312.0], [273.0, 313.0], [274.0, 314.0], [274.0, 325.0], [273.0, 326.0], [274.0, 327.0], [302.0, 327.0], [302.0, 173.0], [198.0, 173.0]], "objects": [{"category": "DoubleBed", "position": [232.2127295108684, 234.00398015597582], "size": [71.4177522493215, 68.56832597810306], "angle": -1.570805430912011}, {"category": "PendantLamp", "position": [250.0, 235.79815], "size": [17.77131042480471, 17.673960113525368], "angle": 0.0}, {"category": "Nightstand", "position": [202.41214068442613, 276.4093575201658], "size": [12.767966735978385, 14.844375334145383], "angle": -9.104117113269011e-06}, {"category": "Nightstand", "position": [202.35078473241265, 193.63293388432797], "size": [12.767966735978385, 14.844375334145383], "angle": -9.104117113269011e-06}]}]}]}