{"seed": 1, "floorplan": [{"rooms": [{"category": "Bedroom", "corners": [[203.0, 205.0], [203.0, 295.0], [297.0, 295.0], [297.0, 205.0], [203.0, 205.0]], "objects": [{"category": "Cabinet", "position": [211.73309970092774, 237.94299999999998], "size": [64.84079112650738, 18.123644462202734], "angle": -1.5708054309120107}, {"category": "DoubleBed", "position": [262.5190108549554, 250.252], "size": [56.30931239256055, 69.12512731195912], "angle": -1.5707872226777824}, {"category": "Cabinet", "position": [285.8768209041911, 287.35348802501574], "size": [15.404960119194596, 12.901887861833773], "angle": -1.5707872226777813}, {"category": "Cabinet", "position": [285.5738762114766, 212.64651197498418], "size": [15.404960119194625, 12.901887861833773], "angle": -1.5707872226777813}]}]}]}