{"seed": 1, "floorplan": [{"rooms": [{"category": "Bedroom", "corners": [[183.0, 203.0], [183.0, 234.0], [194.0, 234.0], [195.0, 235.0], [195.0, 297.0], [295.0, 297.0], [295.0, 281.0], [296.0, 280.0], [317.0, 280.0], [317.0, 205.0], [278.0, 205.0], [277.0, 204.0], [277.0, 203.0], [183.0, 203.0]], "objects": [{"category": "DoubleBed", "position": [260.75714459738333, 263.409381680191], "size": [66.9230987548828, 65.8019989013672], "angle": 3.141592653589793}, {"category": "Nightstand", "position": [226.9245673461479, 293.1272943195711], "size": [12.0, 10.499999999999943], "angle": 0.0}, {"category": "Cabinet", "position": [205.76734762526985, 265.78475261591916], "size": [27.026375202795688, 16.82475339494913], "angle": -1.570805430912011}, {"category": "PendantLamp", "position": [256.0765, 246.547], "size": [30.286500549316372, 27.057179260253918], "angle": 0.0}]}]}]}