{"seed": 1, "floorplan": [{"rooms": [{"category": "Bedroom", "corners": [[203.0, 215.0], [203.0, 230.0], [202.0, 231.0], [181.0, 231.0], [181.0, 268.0], [202.0, 268.0], [203.0, 269.0], [203.0, 284.0], [202.0, 285.0], [319.0, 285.0], [319.0, 215.0], [203.0, 215.0]], "objects": [{"category": "DoubleBed", "position": [251.45651101147578, 251.18379087519412], "size": [55.31999816894535, 66.04709930419921], "angle": 3.141592653589793}]}]}]}