{"seed": 1, "floorplan": [{"rooms": [{"category": "Bedroom", "corners": [[207.0, 194.0], [207.0, 306.0], [293.0, 306.0], [293.0, 194.0], [207.0, 194.0]], "objects": [{"category": "Nightstand", "position": [211.11793687285095, 274.9864366677342], "size": [12.037879675331617, 14.97997646797156], "angle": -9.1041171124484e-06}, {"category": "DoubleBed", "position": [239.96369187421053, 241.53910067359814], "size": [65.02829283355267, 60.53065056794502], "angle": -9.104117114385714e-06}, {"category": "Nightstand", "position": [211.14877701951823, 207.26108502025932], "size": [12.037879675331673, 14.979976467971532], "angle": -9.10411711480938e-06}, {"category": "PendantLamp", "position": [250.39210000000003, 238.62580000000003], "size": [14.311739730834944, 14.345250320434587], "angle": 0.0}]}]}]}