{"seed": 1, "floorplan": [{"rooms": [{"category": "Bedroom", "corners": [[201.0, 198.0], [201.0, 302.0], [299.0, 302.0], [299.0, 198.0], [201.0, 198.0]], "objects": [{"category": "DoubleBed", "position": [265.6268523243213, 241.2839218417651], "size": [60.14964581747906, 66.41430398717428], "angle": -1.5707872226777824}, {"category": "Nightstand", "position": [295.7364075189404, 280.70485491922204], "size": [18.42169824689862, 10.778948307204674], "angle": -1.570787222677784}, {"category": "Nightstand", "position": [295.8133350730941, 204.57957459352733], "size": [18.42169824689868, 10.778948307204617], "angle": -1.570787222677784}, {"category": "PendantLamp", "position": [254.35450000000003, 241.49200000000002], "size": [16.9050344297955, 2.639804936065223], "angle": -1.570787222677784}]}]}]}