{"seed": 1, "floorplan": [{"rooms": [{"category": "Bedroom", "corners": [[187.0, 198.0], [187.0, 302.0], [313.0, 302.0], [313.0, 260.0], [280.0, 260.0], [279.0, 259.0], [279.0, 198.0], [187.0, 198.0]], "objects": [{"category": "DoubleBed", "position": [228.5746784414929, 231.53810753072588], "size": [60.14909820556636, 66.41369934082027], "angle": 0.0}, {"category": "Nightstand", "position": [196.13380335143918, 200.78826979413915], "size": [18.421530532836897, 10.778850173950161], "angle": 0.0}, {"category": "PendantLamp", "position": [228.39625000000007, 242.4547], "size": [31.12768436183288, 31.12768436183288], "angle": -9.10411711426497e-06}]}]}]}