{"seed": 1, "floorplan": [{"rooms": [{"category": "Bedroom", "corners": [[202.0, 177.0], [202.0, 323.0], [298.0, 323.0], [298.0, 177.0], [202.0, 177.0]], "objects": [{"category": "DoubleBed", "position": [255.14562381614778, 256.9255770059021], "size": [83.90026640480481, 50.79376382608117], "angle": -3.1415835494726783}, {"category": "Nightstand", "position": [291.08050000000003, 218.19700000000003], "size": [17.13738594091241, 12.571584332847436], "angle": -1.5707872226777846}, {"category": "Nightstand", "position": [291.37750000000005, 296.43100000000004], "size": [17.137385940912466, 12.571584332847493], "angle": -1.5707872226777813}, {"category": "CeilingLamp", "position": [250.9855, 254.19400000000002], "size": [17.80684165122189, 17.816292268267674], "angle": -1.5707872226777833}]}]}]}