{"seed": 1, "floorplan": [{"rooms": [{"category": "Bedroom", "corners": [[205.0, 178.0], [205.0, 298.0], [234.0, 298.0], [235.0, 299.0], [235.0, 322.0], [295.0, 322.0], [295.0, 178.0], [205.0, 178.0]], "objects": [{"category": "DoubleBed", "position": [262.01386233027193, 232.79649999999998], "size": [46.193219927839856, 66.40410491971092], "angle": -1.5707872226777824}, {"category": "Nightstand", "position": [287.99278181827094, 194.22023358737093], "size": [14.515631649072066, 18.00016387634598], "angle": -3.141583549472678}, {"category": "Nightstand", "position": [287.9927818182709, 271.37576641262905], "size": [18.00016387634595, 14.515631649072066], "angle": -1.5707872226777837}, {"category": "PendantLamp", "position": [253.09900000000005, 234.95349999999996], "size": [18.06024055480958, 18.06024055480958], "angle": 0.0}]}]}]}