{"seed": 1, "floorplan": [{"rooms": [{"category": "Bedroom", "corners": [[204.0, 199.0], [204.0, 301.0], [296.0, 301.0], [296.0, 199.0], [204.0, 199.0]], "objects": [{"category": "CeilingLamp", "position": [252.16599999999997, 248.3185], "size": [15.176729965209944, 13.143420410156239], "angle": 0.0}, {"category": "DoubleBed", "position": [261.45687902501663, 233.63255906341828], "size": [67.72321788127292, 68.1132223474628], "angle": -3.1415835494726787}, {"category": "Nightstand", "position": [291.37431114990284, 266.20698941397774], "size": [17.32875807504034, 12.57692419469489], "angle": -1.5707872226777813}]}]}]}