{"seed": 1, "floorplan": [{"rooms": [{"category": "Bedroom", "corners": [[308.0, 160.0], [303.0, 165.0], [302.0, 165.0], [297.0, 170.0], [296.0, 170.0], [291.0, 175.0], [290.0, 175.0], [284.0, 181.0], [283.0, 181.0], [278.0, 186.0], [277.0, 186.0], [272.0, 191.0], [271.0, 191.0], [266.0, 196.0], [265.0, 196.0], [259.0, 202.0], [258.0, 202.0], [253.0, 207.0], [252.0, 207.0], [247.0, 212.0], [246.0, 212.0], [240.0, 218.0], [239.0, 218.0], [234.0, 223.0], [233.0, 223.0], [228.0, 228.0], [227.0, 228.0], [222.0, 233.0], [221.0, 233.0], [215.0, 239.0], [214.0, 239.0], [209.0, 244.0], [208.0, 244.0], [203.0, 249.0], [191.0, 249.0], [188.0, 252.0], [187.0, 252.0], [191.0, 256.0], [191.0, 340.0], [305.0, 340.0], [305.0, 256.0], [299.0, 256.0], [298.0, 255.0], [283.0, 255.0], [282.0, 254.0], [268.0, 254.0], [267.0, 253.0], [252.0, 253.0], [251.0, 252.0], [237.0, 252.0], [236.0, 251.0], [237.0, 250.0], [256.0, 250.0], [257.0, 251.0], [287.0, 251.0], [288.0, 252.0], [309.0, 252.0], [309.0, 244.0], [308.0, 243.0], [308.0, 220.0], [307.0, 219.0], [307.0, 195.0], [306.0, 194.0], [306.0, 170.0], [306.0, 248.0], [305.0, 249.0], [205.0, 249.0], [204.0, 248.0], [207.0, 245.0], [208.0, 245.0], [212.0, 241.0], [213.0, 241.0], [217.0, 237.0], [218.0, 237.0], [223.0, 232.0], [224.0, 232.0], [228.0, 228.0], [229.0, 228.0], [234.0, 223.0], [235.0, 223.0], [239.0, 219.0], [240.0, 219.0], [244.0, 215.0], [245.0, 215.0], [250.0, 210.0], [251.0, 210.0], [255.0, 206.0], [256.0, 206.0], [261.0, 201.0], [262.0, 201.0], [266.0, 197.0], [267.0, 197.0], [271.0, 193.0], [272.0, 193.0], [277.0, 188.0], [278.0, 188.0], [282.0, 184.0], [283.0, 184.0], [288.0, 179.0], [289.0, 179.0], [293.0, 175.0], [294.0, 175.0], [298.0, 171.0], [299.0, 171.0], [304.0, 166.0], [305.0, 166.0], [309.0, 162.0], [310.0, 162.0], [312.0, 160.0], [308.0, 160.0]], "objects": [{"category": "Nightstand", "position": [297.91406536771217, 330.48345321490115], "size": [14.591353316237305, 14.547792128633732], "angle": -1.5707872226777804}, {"category": "DoubleBed", "position": [270.1056298851536, 289.8160309434545], "size": [62.957374016200504, 69.92433502752604], "angle": -1.5707872226777821}, {"category": "PendantLamp", "position": [257.3785, 294.38439999999997], "size": [24.97936788853801, 24.96385642529772], "angle": -3.1415835494726787}, {"category": "Cabinet", "position": [199.30749999999995, 302.2492], "size": [12.221301526507665, 57.415421400740655], "angle": -9.104117116309334e-06}]}]}]}