{"seed": 1, "floorplan": [{"rooms": [{"category": "Bedroom", "corners": [[308.0, 209.0], [307.0, 210.0], [192.0, 210.0], [192.0, 291.0], [193.0, 290.0], [308.0, 290.0], [308.0, 209.0]], "objects": [{"category": "DoubleBed", "position": [240.52149999999995, 259.1108325194867], "size": [81.85979919433595, 62.889001464843716], "angle": 3.141592653589793}, {"category": "PendantLamp", "position": [240.96549999999996, 251.1265], "size": [30.86234448529267, 47.270019325940055], "angle": -0.03812455664899205}]}]}]}