{"seed": 1, "floorplan": [{"rooms": [{"category": "Bedroom", "corners": [[205.0, 206.0], [205.0, 263.0], [222.0, 263.0], [223.0, 264.0], [223.0, 294.0], [295.0, 294.0], [295.0, 206.0], [205.0, 206.0]], "objects": [{"category": "DoubleBed", "position": [257.47918810759245, 250.0388498448769], "size": [55.22780382807341, 74.23387591021877], "angle": -1.5707872226777824}, {"category": "Nightstand", "position": [291.329091340129, 283.36918506975576], "size": [24.081998726315266, 12.244041143933185], "angle": -1.570787222677781}, {"category": "Nightstand", "position": [291.3329246095209, 216.63435202652013], "size": [12.244041143933185, 24.081998726315238], "angle": -3.141583549472678}, {"category": "PendantLamp", "position": [258.63399999999996, 248.8345], "size": [26.626261138915993, 26.38731079101558], "angle": 0.0}]}]}]}