{"seed": 1, "floorplan": [{"rooms": [{"category": "Bedroom", "corners": [[213.0, 194.0], [213.0, 306.0], [287.0, 306.0], [287.0, 194.0], [213.0, 194.0]], "objects": [{"category": "Nightstand", "position": [217.85511876637858, 233.13503698232964], "size": [13.464122899944254, 17.462139034845222], "angle": -9.104117113031215e-06}, {"category": "Nightstand", "position": [217.77915034603467, 299.13427045515147], "size": [13.464122899944282, 17.46213903484528], "angle": -9.104117110920274e-06}, {"category": "DoubleBed", "position": [247.73766425006633, 268.07914866554665], "size": [71.4177522493215, 68.56832597810302], "angle": -1.570805430912011}, {"category": "PendantLamp", "position": [248.03200000000004, 264.916], "size": [33.42870025634764, 31.894500732421875], "angle": 0.0}]}]}]}