{"seed": 1, "floorplan": [{"rooms": [{"category": "Bedroom", "corners": [[296.0, 177.0], [295.0, 178.0], [204.0, 178.0], [204.0, 321.0], [203.0, 322.0], [203.0, 323.0], [204.0, 323.0], [205.0, 322.0], [224.0, 322.0], [224.0, 295.0], [225.0, 294.0], [240.0, 294.0], [240.0, 286.0], [241.0, 285.0], [271.0, 285.0], [271.0, 268.0], [272.0, 267.0], [273.0, 267.0], [274.0, 268.0], [274.0, 286.0], [275.0, 285.0], [296.0, 285.0], [296.0, 180.0], [297.0, 179.0], [297.0, 177.0], [296.0, 177.0]], "objects": [{"category": "Cabinet", "position": [243.1450230769246, 276.57745], "size": [78.0, 18.300029754638672], "angle": 3.141592653589793}, {"category": "Cabinet", "position": [290.38509999999997, 222.75385], "size": [35.877025696292584, 12.469043192387444], "angle": -1.570787222677783}, {"category": "DoubleBed", "position": [235.0394669496119, 225.41945100434472], "size": [70.6335410081755, 64.02868351322434], "angle": -9.104117114358751e-06}, {"category": "Nightstand", "position": [209.85880890587114, 189.94452563523305], "size": [14.659603067842896, 11.973739534504865], "angle": -1.5708054309120092}]}]}]}