{"seed": 1, "floorplan": [{"rooms": [{"category": "Bedroom", "corners": [[215.0, 187.0], [215.0, 313.0], [285.0, 313.0], [285.0, 187.0], [215.0, 187.0]], "objects": [{"category": "DoubleBed", "position": [250.77331381622693, 257.12289720403845], "size": [71.4177522493215, 68.56832597810309], "angle": -1.5707872226777824}, {"category": "Nightstand", "position": [279.4955637870582, 211.74491220045843], "size": [14.844375334145354, 12.767966735978385], "angle": -1.5707872226777801}]}]}]}