{"seed": 1, "floorplan": [{"rooms": [{"category": "Bedroom", "corners": [[194.0, 206.0], [194.0, 294.0], [290.0, 294.0], [290.0, 264.0], [291.0, 263.0], [306.0, 263.0], [306.0, 206.0], [305.0, 207.0], [201.0, 207.0], [200.0, 206.0], [194.0, 206.0]], "objects": [{"category": "Cabinet", "position": [296.3886586445976, 232.65428103279663], "size": [60.00054625448656, 19.712009600421045], "angle": -1.5707872226777817}, {"category": "DoubleBed", "position": [244.02515898587006, 245.3475493021552], "size": [56.90039978027346, 76.18260040283201], "angle": 0.0}, {"category": "Nightstand", "position": [277.8278603173472, 211.4311969250021], "size": [15.712529754638695, 14.517959976196323], "angle": 0.0}, {"category": "Nightstand", "position": [208.573, 213.77036665344238], "size": [15.712529754638666, 14.517959976196266], "angle": 0.0}]}]}]}