{"seed": 1, "floorplan": [{"rooms": [{"category": "Bedroom", "corners": [[186.0, 208.0], [186.0, 292.0], [314.0, 292.0], [314.0, 208.0], [186.0, 208.0]], "objects": [{"category": "DoubleBed", "position": [262.3577856028153, 257.4923522042142], "size": [62.51429901123049, 68.26199798583986], "angle": 3.141592653589793}, {"category": "Table", "position": [211.4793441985384, 285.5624217851148], "size": [42.0, 15.300000000000011], "angle": 3.141592653589793}, {"category": "Armchair", "position": [202.76249768627503, 267.75633160018526], "size": [18.11373288690955, 16.542422232482124], "angle": -0.4564525408606112}]}]}]}