{"seed": 1, "floorplan": [{"rooms": [{"category": "Bedroom", "corners": [[182.0, 222.0], [182.0, 278.0], [318.0, 278.0], [318.0, 222.0], [182.0, 222.0]], "objects": [{"category": "DoubleBed", "position": [241.98917642715858, 261.0384942881255], "size": [58.576799011230435, 71.77949981689451], "angle": 0.0}, {"category": "Nightstand", "position": [283.05049117588356, 226.82792613412138], "size": [36.01920089721682, 12.653400421142607], "angle": 0.0}]}]}]}