{"seed": 1, "floorplan": [{"rooms": [{"category": "Bedroom", "corners": [[198.0, 203.0], [198.0, 297.0], [302.0, 297.0], [302.0, 203.0], [198.0, 203.0]], "objects": [{"category": "DoubleBed", "position": [246.637, 240.15999949170686], "size": [65.25059967041011, 73.22249908447267], "angle": 0.0}, {"category": "TVStand", "position": [245.51349999999996, 289.4610330756693], "size": [67.13100128173835, 14.031240463256836], "angle": 3.141592653589793}, {"category": "PendantLamp", "position": [244.71550000000002, 242.54049999999998], "size": [31.66588887721073, 31.665888877210673], "angle": -3.141583549472679}]}]}]}