{"seed": 1, "floorplan": [{"rooms": [{"category": "Bedroom", "corners": [[206.0, 185.0], [206.0, 315.0], [294.0, 315.0], [294.0, 185.0], [206.0, 185.0]], "objects": [{"category": "SingleBed", "position": [258.84745000000004, 255.52765000000002], "size": [58.590534333041816, 67.66921500925112], "angle": -1.5707872226777828}, {"category": "Cabinet", "position": [286.94365, 298.73035000000004], "size": [10.334524400259143, 10.334524400259143], "angle": -3.141583549472677}, {"category": "Cabinet", "position": [286.49215000000004, 214.57285000000002], "size": [10.334524400259086, 10.334524400259115], "angle": -3.141583549472677}, {"category": "PendantLamp", "position": [249.99985000000004, 257.49985000000004], "size": [23.02613983154299, 23.026139831542935], "angle": 0.0}]}]}]}