{"seed": 1, "floorplan": [{"rooms": [{"category": "Bedroom", "corners": [[190.0, 209.0], [190.0, 291.0], [310.0, 291.0], [310.0, 209.0], [190.0, 209.0]], "objects": [{"category": "Nightstand", "position": [295.5287808712528, 215.46542388180904], "size": [16.596390151977573, 13.277099990844704], "angle": 0.0}, {"category": "Nightstand", "position": [225.84268901102678, 215.46665057306996], "size": [16.596390151977516, 13.27709999084476], "angle": 0.0}, {"category": "DoubleBed", "position": [262.803921830718, 241.63003999720655], "size": [58.2134994506836, 74.39519805908205], "angle": 0.0}, {"category": "CeilingLamp", "position": [249.163, 249.15099999999998], "size": [18.179999542236374, 18.179999542236317], "angle": 0.0}]}]}]}