{"seed": 1, "floorplan": [{"rooms": [{"category": "Bedroom", "corners": [[180.0, 181.0], [180.0, 319.0], [320.0, 319.0], [320.0, 291.0], [274.0, 291.0], [273.0, 290.0], [273.0, 181.0], [180.0, 181.0]], "objects": [{"category": "DoubleBed", "position": [241.1107988349159, 241.05675624516562], "size": [62.55397639956002, 63.50648760739389], "angle": -0.002619589889941108}, {"category": "Nightstand", "position": [264.493, 202.80249999999998], "size": [16.846203251486884, 12.691045717073768], "angle": -1.5707872226777828}, {"category": "Nightstand", "position": [263.95342628574076, 278.869771556872], "size": [16.846203251486884, 12.69104571707371], "angle": -1.5707872226777828}, {"category": "PendantLamp", "position": [223.033, 241.07049999999998], "size": [16.32588043212894, 16.325880432128884], "angle": 0.0}]}]}]}