{"seed": 1, "floorplan": [{"rooms": [{"category": "Bedroom", "corners": [[299.0, 170.0], [298.0, 171.0], [201.0, 171.0], [201.0, 330.0], [202.0, 329.0], [231.0, 329.0], [231.0, 293.0], [232.0, 292.0], [299.0, 292.0], [299.0, 170.0]], "objects": [{"category": "DoubleBed", "position": [266.7560011393231, 225.66999999999996], "size": [46.321321680036036, 63.80847887172763], "angle": -1.5707872226777824}, {"category": "Nightstand", "position": [291.6145, 189.67000000000002], "size": [14.956576520437654, 12.005959523885743], "angle": -1.5707872226777813}, {"category": "CeilingLamp", "position": [248.7415, 226.534], "size": [16.969950485229504, 16.58016014099121], "angle": 0.0}, {"category": "TVStand", "position": [209.98381036510622, 230.18754852426105], "size": [17.53608914047174, 91.98383304086937], "angle": -9.104117113662482e-06}]}]}]}