{"seed": 1, "floorplan": [{"rooms": [{"category": "Bedroom", "corners": [[208.0, 194.0], [207.0, 195.0], [207.0, 306.0], [292.0, 306.0], [293.0, 305.0], [293.0, 194.0], [208.0, 194.0]], "objects": [{"category": "DoubleBed", "position": [256.80214611492573, 243.6701608067536], "size": [71.78015331479153, 58.57733230855164], "angle": -3.141583549472679}, {"category": "Nightstand", "position": [285.0754999522859, 204.93081591713457], "size": [9.28037433069761, 6.96240336027387], "angle": -1.5707872226777815}, {"category": "PendantLamp", "position": [255.50095, 239.18935000000005], "size": [8.692440032958956, 8.79356975555416], "angle": 0.0}]}]}]}