{"seed": 1, "floorplan": [{"rooms": [{"category": "Bedroom", "corners": [[212.0, 214.0], [212.0, 286.0], [288.0, 286.0], [288.0, 214.0], [212.0, 214.0]], "objects": [{"category": "Cabinet", "position": [219.09906327512903, 280.8640026304755], "size": [13.150469970703142, 10.51838951110841], "angle": 3.141592653589793}, {"category": "DoubleBed", "position": [252.57226059123093, 254.77549573686966], "size": [60.15990142822261, 62.516999816894526], "angle": 3.141592653589793}, {"category": "PendantLamp", "position": [252.71710000000002, 243.8455], "size": [8.9201911504098, 8.937831234103598], "angle": -3.141583549472679}]}]}]}