{"seed": 1, "floorplan": [{"rooms": [{"category": "Bedroom", "corners": [[210.0, 192.0], [210.0, 198.0], [209.0, 199.0], [208.0, 199.0], [208.0, 309.0], [209.0, 308.0], [291.0, 308.0], [292.0, 309.0], [292.0, 199.0], [233.0, 199.0], [232.0, 198.0], [232.0, 192.0], [210.0, 192.0]], "objects": [{"category": "DoubleBed", "position": [254.08120000000002, 258.6646], "size": [69.92433502752604, 62.95737401620053], "angle": -3.1415835494726787}]}]}]}