{"seed": 1, "floorplan": [{"rooms": [{"category": "Bedroom", "corners": [[77.0, 179.0], [77.0, 265.0], [185.0, 265.0], [186.0, 266.0], [184.0, 268.0], [183.0, 268.0], [179.0, 272.0], [179.0, 321.0], [423.0, 321.0], [423.0, 179.0], [280.0, 179.0], [270.0, 189.0], [269.0, 189.0], [257.0, 201.0], [256.0, 201.0], [245.0, 212.0], [244.0, 212.0], [233.0, 223.0], [232.0, 223.0], [220.0, 235.0], [219.0, 235.0], [213.0, 241.0], [212.0, 240.0], [212.0, 179.0], [77.0, 179.0]], "objects": [{"category": "DoubleBed", "position": [130.54149999999998, 211.03993053582067], "size": [62.62739868164064, 62.90640106201175], "angle": 0.0}, {"category": "Nightstand", "position": [168.29612479343808, 187.66970649572508], "size": [14.30951957702635, 11.765880203247065], "angle": 0.0}, {"category": "Nightstand", "position": [93.80987520656188, 187.50365241510195], "size": [14.309519577026379, 11.765880203247093], "angle": 0.0}, {"category": "PendantLamp", "position": [136.71549999999996, 223.23700000000002], "size": [13.464810562133806, 13.485300064086914], "angle": 0.0}]}]}]}