{"seed": 1, "floorplan": [{"rooms": [{"category": "Bedroom", "corners": [[186.0, 204.0], [186.0, 228.0], [199.0, 228.0], [200.0, 229.0], [200.0, 296.0], [314.0, 296.0], [314.0, 204.0], [186.0, 204.0]], "objects": [{"category": "DoubleBed", "position": [256.24870797501876, 262.11975844423887], "size": [56.0054992675781, 64.08599853515625], "angle": 3.141592653589793}]}]}]}