{"seed": 1, "floorplan": [{"rooms": [{"category": "Bedroom", "corners": [[206.0, 194.0], [206.0, 306.0], [294.0, 306.0], [294.0, 194.0], [206.0, 194.0]], "objects": [{"category": "DoubleBed", "position": [240.51565133885003, 242.01399999999995], "size": [68.64512568853027, 67.39201369406248], "angle": -9.104117114248122e-06}, {"category": "Nightstand", "position": [214.55785080670785, 278.9489522468773], "size": [12.318712233906844, 17.27451716374203], "angle": -9.104117113164111e-06}, {"category": "Nightstand", "position": [213.95307447783006, 205.1630477531227], "size": [17.274517163742058, 12.318712233906844], "angle": -1.5708054309120105}, {"category": "PendantLamp", "position": [252.23650000000004, 243.175], "size": [28.62179946899414, 28.62179946899414], "angle": 0.0}]}]}]}