{"seed": 1, "floorplan": [{"rooms": [{"category": "Bedroom", "corners": [[216.0, 183.0], [216.0, 189.0], [215.0, 190.0], [192.0, 190.0], [192.0, 310.0], [270.0, 310.0], [271.0, 311.0], [271.0, 317.0], [272.0, 316.0], [272.0, 311.0], [273.0, 310.0], [308.0, 310.0], [308.0, 190.0], [289.0, 190.0], [288.0, 189.0], [288.0, 187.0], [289.0, 186.0], [289.0, 183.0], [216.0, 183.0]], "objects": [{"category": "Cabinet", "position": [301.4235564752166, 246.39334907332585], "size": [12.629934854924615, 43.70139731513388], "angle": -3.1415835494726774}, {"category": "Nightstand", "position": [199.2213062513007, 207.97066969334625], "size": [17.229186703438966, 12.783806647643514], "angle": -1.5708054309120105}, {"category": "CeilingLamp", "position": [250.0, 252.99999999999994], "size": [47.485798645019486, 46.3761016845703], "angle": 0.0}, {"category": "DoubleBed", "position": [226.82224119026557, 253.0242378590665], "size": [69.93993575549503, 50.650061345915965], "angle": -9.104117114152141e-06}]}]}]}