{"seed": 1, "floorplan": [{"rooms": [{"category": "Bedroom", "corners": [[196.0, 204.0], [196.0, 297.0], [197.0, 296.0], [304.0, 296.0], [304.0, 204.0], [196.0, 204.0]], "objects": [{"category": "SingleBed", "position": [236.63832166156902, 226.26819911971174], "size": [79.83089904785157, 44.80560150146482], "angle": 0.0}, {"category": "Table", "position": [281.373004310198, 211.30382968707852], "size": [30.19769897460941, 27.269371032714815], "angle": 0.0}, {"category": "Chair", "position": [282.2033717785263, 227.17428478922434], "size": [8.05890026092527, 8.840040206909208], "angle": 3.141592653589793}, {"category": "CeilingLamp", "position": [249.79539999999997, 249.9967], "size": [11.999999999999943, 12.0], "angle": 0.0}]}]}]}