{"seed": 1, "floorplan": [{"rooms": [{"category": "Bedroom", "corners": [[274.0, 194.0], [274.0, 220.0], [273.0, 221.0], [188.0, 221.0], [188.0, 306.0], [284.0, 306.0], [284.0, 249.0], [285.0, 248.0], [312.0, 248.0], [312.0, 194.0], [274.0, 194.0]], "objects": [{"category": "DoubleBed", "position": [241.64049999999997, 255.5215], "size": [45.34709930419922, 68.54999999999998], "angle": 0.0}, {"category": "Cabinet", "position": [209.39049999999997, 226.98250000000002], "size": [15.005069732666016, 12.418200302124063], "angle": 0.0}, {"category": "PendantLamp", "position": [231.34749999999997, 260.7565], "size": [31.775099945068348, 30.947399139404325], "angle": 0.0}]}]}]}