{"seed": 1, "floorplan": [{"rooms": [{"category": "Bedroom", "corners": [[183.0, 202.0], [183.0, 298.0], [317.0, 298.0], [317.0, 202.0], [183.0, 202.0]], "objects": [{"category": "DoubleBed", "position": [239.68000000000006, 234.77820885680762], "size": [60.88710021972659, 65.97030029296877], "angle": 0.0}, {"category": "Nightstand", "position": [199.4925629723826, 209.38575789279042], "size": [11.007060241699236, 11.007060241699264], "angle": 0.0}, {"category": "Nightstand", "position": [279.86743702761737, 209.38575789279042], "size": [11.007060241699207, 11.007060241699264], "angle": 0.0}]}]}]}