{"seed": 1, "floorplan": [{"rooms": [{"category": "Bedroom", "corners": [[293.0, 191.0], [292.0, 192.0], [207.0, 192.0], [207.0, 309.0], [208.0, 308.0], [293.0, 308.0], [293.0, 191.0]], "objects": [{"category": "DoubleBed", "position": [262.5410330068559, 239.626], "size": [48.39254262416226, 59.31804187191313], "angle": -1.5707872226777826}, {"category": "Nightstand", "position": [286.2185439851237, 205.7812146290063], "size": [12.608514753296387, 12.226071467394922], "angle": -1.5707872226777817}, {"category": "Nightstand", "position": [284.7474061143725, 272.1537853709937], "size": [12.608514753296413, 12.226071467394922], "angle": -1.5707872226777817}]}]}]}