{"seed": 1, "floorplan": [{"rooms": [{"category": "Bedroom", "corners": [[191.0, 214.0], [191.0, 255.0], [213.0, 255.0], [214.0, 256.0], [214.0, 286.0], [309.0, 286.0], [309.0, 214.0], [191.0, 214.0]], "objects": [{"category": "SingleBed", "position": [267.8452469650287, 255.58591331780548], "size": [49.54319915771484, 60.878700256347656], "angle": 3.141592653589793}, {"category": "Table", "position": [215.66949999999997, 222.15779947170844], "size": [35.92800064086913, 17.98218040466307], "angle": 0.0}, {"category": "Chair", "position": [215.66949999999997, 245.378853483372], "size": [16.85353895179351, 20.06709057035662], "angle": -2.087883708734808}, {"category": "PendantLamp", "position": [260.5225, 247.969], "size": [31.127400970459007, 31.12740097045898], "angle": 0.0}]}]}]}