{"seed": 1, "floorplan": [{"rooms": [{"category": "Bedroom", "corners": [[291.0, 200.0], [290.0, 201.0], [209.0, 201.0], [209.0, 298.0], [208.0, 299.0], [209.0, 300.0], [210.0, 299.0], [291.0, 299.0], [291.0, 202.0], [292.0, 201.0], [291.0, 200.0]], "objects": [{"category": "DoubleBed", "position": [241.59383272294752, 249.92950000000002], "size": [65.8025979786526, 66.92370803893196], "angle": -9.104117114208762e-06}, {"category": "PendantLamp", "position": [224.20401646918558, 215.46834980259842], "size": [29.162995149307203, 29.162995149307175], "angle": -9.104117114615706e-06}, {"category": "PendantLamp", "position": [251.26150000000004, 247.98550000000006], "size": [18.721110534667986, 18.97317008972169], "angle": 0.0}]}]}]}