{"seed": 1, "floorplan": [{"rooms": [{"category": "Bedroom", "corners": [[205.0, 201.0], [205.0, 300.0], [206.0, 299.0], [232.0, 299.0], [232.0, 293.0], [233.0, 292.0], [295.0, 292.0], [295.0, 201.0], [205.0, 201.0]], "objects": [{"category": "DoubleBed", "position": [262.50837969421207, 269.6466810777366], "size": [42.7953877849412, 24.63652495400911], "angle": -3.1415835494726787}, {"category": "Nightstand", "position": [288.5079662618804, 240.9484235095959], "size": [9.371515335325537, 9.316194664135855], "angle": -3.14158354947268}, {"category": "Table", "position": [233.89670878130528, 215.40105484569867], "size": [35.14470062255859, 18.176850128173868], "angle": 0.0}, {"category": "CeilingLamp", "position": [250.18045, 246.4054], "size": [17.190569686889603, 17.19056968688963], "angle": 0.0}]}]}]}