{"seed": 1, "floorplan": [{"rooms": [{"category": "Bedroom", "corners": [[196.0, 196.0], [196.0, 304.0], [304.0, 304.0], [304.0, 196.0], [196.0, 196.0]], "objects": [{"category": "DoubleBed", "position": [228.65960566622888, 256.084212828129], "size": [62.906973777075294, 62.627968856599225], "angle": -9.104117113990836e-06}, {"category": "CeilingLamp", "position": [253.10200000000003, 245.49999999999997], "size": [18.592589950561546, 18.595109939575195], "angle": 0.0}, {"category": "Nightstand", "position": [204.78887177690282, 222.64439916958455], "size": [11.766006483641444, 14.30967315769727], "angle": -3.1390295582925}, {"category": "Nightstand", "position": [204.12562707576853, 288.721386247924], "size": [14.30967315769727, 11.766006483641473], "angle": -1.568233231497602}]}]}]}