{"seed": 1, "floorplan": [{"rooms": [{"category": "Bedroom", "corners": [[208.0, 192.0], [208.0, 308.0], [292.0, 308.0], [292.0, 192.0], [208.0, 192.0]], "objects": [{"category": "DoubleBed", "position": [254.07983624389738, 239.33193559773514], "size": [71.19874695956418, 74.22367684275544], "angle": -1.5707872226777826}, {"category": "Nightstand", "position": [286.90959931003044, 279.9900009767024], "size": [17.427968954468273, 13.807325182227114], "angle": -1.5707872226777833}, {"category": "Nightstand", "position": [286.83182799204576, 197.66740147746012], "size": [17.42796895446825, 13.807325182227055], "angle": -1.5707872226777833}, {"category": "PendantLamp", "position": [250.9225, 244.8625], "size": [11.705927037703695, 11.766076587389916], "angle": -1.5707872226777828}]}]}]}