{"seed": 1, "floorplan": [{"rooms": [{"category": "Bedroom", "corners": [[185.0, 201.0], [185.0, 299.0], [315.0, 299.0], [315.0, 201.0], [185.0, 201.0]], "objects": [{"category": "DoubleBed", "position": [235.3381, 263.98483394368486], "size": [62.375701904296875, 69.06449890136716], "angle": 3.141592653589793}, {"category": "PendantLamp", "position": [242.48409999999998, 248.20300000000003], "size": [8.049103012060517, 8.049103012060517], "angle": -9.104117113102766e-06}, {"category": "TVStand", "position": [234.76667381259665, 207.81371837136373], "size": [54.040498352050804, 12.006840133666998], "angle": 0.0}]}]}]}