{"seed": 1, "floorplan": [{"rooms": [{"category": "Bedroom", "corners": [[207.0, 193.0], [207.0, 307.0], [293.0, 307.0], [293.0, 193.0], [207.0, 193.0]], "objects": [{"category": "DoubleBed", "position": [257.2640113469456, 250.07033144079648], "size": [58.57733230855164, 71.78015331479149], "angle": -1.5707872226777826}, {"category": "Nightstand", "position": [285.0379987441665, 288.24185947081577], "size": [9.280374330697553, 6.962403360273813], "angle": -1.5707872226777815}]}]}]}