{"seed": 1, "floorplan": [{"rooms": [{"category": "Bedroom", "corners": [[210.0, 181.0], [210.0, 319.0], [290.0, 319.0], [290.0, 181.0], [210.0, 181.0]], "objects": [{"category": "DoubleBed", "position": [257.52909999999997, 237.71439999999998], "size": [48.39254262416223, 59.31804187191313], "angle": -1.5707872226777826}, {"category": "CeilingLamp", "position": [244.94259999999997, 236.30349999999999], "size": [18.38465995788576, 18.986970520019554], "angle": 0.0}]}]}]}