{"seed": 1, "floorplan": [{"rooms": [{"category": "Bedroom", "corners": [[233.0, 182.0], [233.0, 204.0], [232.0, 205.0], [209.0, 205.0], [209.0, 318.0], [291.0, 318.0], [291.0, 182.0], [233.0, 182.0]], "objects": [{"category": "DoubleBed", "position": [249.77813696680036, 247.6691473685039], "size": [79.63842950866291, 80.78773806785333], "angle": -9.104117114291287e-06}, {"category": "Nightstand", "position": [213.91306489360892, 288.55379087955635], "size": [24.00021850179466, 13.839156068944398], "angle": -1.5708054309120107}, {"category": "Nightstand", "position": [213.5601657108966, 215.3771113834377], "size": [13.839156068944398, 24.00021850179466], "angle": -9.104117114474744e-06}, {"category": "PendantLamp", "position": [250.09029999999996, 254.75529999999998], "size": [19.189979553222656, 6.700289726257324], "angle": 0.0}]}]}]}