{"seed": 1, "floorplan": [{"rooms": [{"category": "Bedroom", "corners": [[212.0, 188.0], [212.0, 231.0], [211.0, 232.0], [198.0, 232.0], [198.0, 266.0], [264.0, 266.0], [265.0, 267.0], [265.0, 312.0], [302.0, 312.0], [302.0, 188.0], [212.0, 188.0]], "objects": [{"category": "Nightstand", "position": [296.4118572419966, 260.3740299402207], "size": [15.20302842542972, 15.717292827223043], "angle": -1.5707872226777848}, {"category": "DoubleBed", "position": [267.73955782753853, 225.4898000833589], "size": [64.02868351322434, 70.63354100817553], "angle": -1.5707872226777824}, {"category": "PendantLamp", "position": [257.8213, 226.95429999999996], "size": [10.608487007983529, 10.6084870079835], "angle": -9.104117113916881e-06}]}]}]}