{"seed": 1, "floorplan": [{"rooms": [{"category": "Bedroom", "corners": [[211.0, 183.0], [211.0, 265.0], [210.0, 266.0], [125.0, 266.0], [125.0, 318.0], [149.0, 318.0], [150.0, 317.0], [375.0, 317.0], [375.0, 183.0], [211.0, 183.0]], "objects": [{"category": "DoubleBed", "position": [310.45404999999994, 215.36495917576912], "size": [68.11409912109377, 65.55720062255858], "angle": 0.0}, {"category": "Nightstand", "position": [266.1013619882564, 187.63615111230527], "size": [18.685109710693382, 13.763369750976551], "angle": 0.0}, {"category": "Nightstand", "position": [354.8067380117437, 187.63615111230527], "size": [18.685109710693496, 13.763369750976551], "angle": 0.0}]}]}]}