{"seed": 1, "floorplan": [{"rooms": [{"category": "Bedroom", "corners": [[206.0, 184.0], [206.0, 316.0], [294.0, 316.0], [294.0, 184.0], [206.0, 184.0]], "objects": [{"category": "PendantLamp", "position": [245.347, 255.67749999999998], "size": [18.14547042846681, 6.308460044860823], "angle": 0.0}, {"category": "DoubleBed", "position": [258.4374494405172, 259.6075], "size": [69.92433502752604, 62.95737401620053], "angle": -3.1415835494726787}, {"category": "Nightstand", "position": [288.5653212598904, 219.57188969167024], "size": [14.591353316237305, 14.547792128633676], "angle": -1.5707872226777844}, {"category": "Nightstand", "position": [288.5653212598905, 299.6431103083298], "size": [14.591353316237305, 14.547792128633732], "angle": -1.5707872226777844}]}]}]}