{"seed": 1, "floorplan": [{"rooms": [{"category": "Bedroom", "corners": [[201.0, 196.0], [201.0, 304.0], [299.0, 304.0], [299.0, 196.0], [201.0, 196.0]], "objects": [{"category": "DoubleBed", "position": [243.64397977394538, 260.8088960822486], "size": [82.07954975546961, 86.09778091816132], "angle": -9.104117114295856e-06}, {"category": "Cabinet", "position": [207.9349317363843, 221.81264749137915], "size": [12.720416101653823, 13.836216054995417], "angle": -9.104117115309088e-06}, {"category": "PendantLamp", "position": [234.115, 261.7804], "size": [25.626660919189476, 25.626660919189447], "angle": 0.0}]}]}]}