{"seed": 1, "floorplan": [{"rooms": [{"category": "Bedroom", "corners": [[207.0, 202.0], [207.0, 298.0], [293.0, 298.0], [293.0, 202.0], [207.0, 202.0]], "objects": [{"category": "DoubleBed", "position": [258.84184879934594, 238.6789], "size": [53.29098352161438, 68.61752686548888], "angle": -1.5707872226777826}, {"category": "CeilingLamp", "position": [257.46205, 249.43480000000002], "size": [18.433229827880837, 18.869219970703114], "angle": 0.0}]}]}]}