{"seed": 1, "floorplan": [{"rooms": [{"category": "Bedroom", "corners": [[197.0, 210.0], [197.0, 290.0], [303.0, 290.0], [303.0, 262.0], [288.0, 262.0], [287.0, 261.0], [287.0, 210.0], [197.0, 210.0]], "objects": [{"category": "DoubleBed", "position": [229.57310616917852, 250.20302293884419], "size": [66.55950164794922, 58.972201538085926], "angle": 0.0}, {"category": "Table", "position": [267.336047515112, 219.00023374392674], "size": [39.05999908447262, 32.516999816894526], "angle": 0.0}, {"category": "Table", "position": [272.71977057597724, 235.3091822775353], "size": [25.689839172363293, 11.378639602661167], "angle": 3.141592653589793}, {"category": "CeilingLamp", "position": [249.31900000000002, 254.42050000000003], "size": [13.538519668579056, 13.026509857177729], "angle": 0.0}]}]}]}