{"seed": 1, "floorplan": [{"rooms": [{"category": "Bedroom", "corners": [[195.0, 205.0], [195.0, 295.0], [305.0, 295.0], [305.0, 205.0], [195.0, 205.0]], "objects": [{"category": "DoubleBed", "position": [244.56142183091177, 238.3466476756788], "size": [60.14909820556639, 66.41369934082027], "angle": 0.0}, {"category": "Nightstand", "position": [283.9824014249846, 208.2370924810601], "size": [18.421530532836925, 10.77885017395019], "angle": 0.0}, {"category": "Nightstand", "position": [207.3464339821193, 208.1601649269064], "size": [18.421530532836925, 10.77885017395019], "angle": 0.0}]}]}]}