{"seed": 1, "floorplan": [{"rooms": [{"category": "Bedroom", "corners": [[186.0, 207.0], [186.0, 293.0], [314.0, 293.0], [314.0, 207.0], [186.0, 207.0]], "objects": [{"category": "DoubleBed", "position": [244.21212249720475, 240.50679670600272], "size": [60.88710021972656, 65.97030029296877], "angle": 0.0}, {"category": "CornerSideTable", "position": [200.59443632721684, 219.73238874535636], "size": [28.255650329589855, 28.04520034790039], "angle": 0.0}, {"category": "CornerSideTable", "position": [281.60985831346454, 218.53062752826747], "size": [28.2556503295898, 28.045200347900362], "angle": 0.0}, {"category": "PendantLamp", "position": [241.95999999999998, 250.97649999999996], "size": [34.753800201416, 2.605097866058344], "angle": 0.0}]}]}]}