{"seed": 1, "floorplan": [{"rooms": [{"category": "Bedroom", "corners": [[205.0, 195.0], [205.0, 305.0], [295.0, 305.0], [295.0, 195.0], [205.0, 195.0]], "objects": [{"category": "DoubleBed", "position": [258.04833079156674, 253.84836054046409], "size": [72.5505582778992, 49.23314628545203], "angle": -3.1415835494726796}, {"category": "Nightstand", "position": [284.4366563776969, 290.56633378247136], "size": [17.791942328679205, 13.500085473969975], "angle": -1.0866318244980144}, {"category": "PendantLamp", "position": [249.9379, 247.22979999999998], "size": [13.77314987182615, 13.773149871826206], "angle": 0.0}]}]}]}