{"seed": 1, "floorplan": [{"rooms": [{"category": "Bedroom", "corners": [[208.0, 191.0], [208.0, 309.0], [292.0, 309.0], [292.0, 191.0], [208.0, 191.0]], "objects": [{"category": "DoubleBed", "position": [255.71645402052323, 247.5088374634407], "size": [58.57733230855161, 71.78015331479149], "angle": -1.5707872226777826}, {"category": "Nightstand", "position": [288.0839144198712, 206.82740440428313], "size": [36.01952882471835, 12.653515620755128], "angle": -1.5707872226777821}, {"category": "PendantLamp", "position": [252.82000000000005, 245.419], "size": [30.387599945068388, 30.24990005493163], "angle": 0.0}]}]}]}