{"seed": 1, "floorplan": [{"rooms": [{"category": "Bedroom", "corners": [[210.0, 181.0], [210.0, 319.0], [290.0, 319.0], [290.0, 181.0], [210.0, 181.0]], "objects": [{"category": "DoubleBed", "position": [256.5649373313403, 246.1020309553845], "size": [67.67101403686021, 67.57021355860982], "angle": -1.5707872226777824}, {"category": "Cabinet", "position": [285.47338920718477, 206.25955077392237], "size": [18.054373888315144, 13.893306571094406], "angle": -1.570787222677781}, {"category": "Cabinet", "position": [283.4952332865398, 280.858], "size": [18.054373888315173, 13.893306571094461], "angle": -1.570787222677781}]}]}]}