{"seed": 1, "floorplan": [{"rooms": [{"category": "Bedroom", "corners": [[211.0, 190.0], [211.0, 310.0], [289.0, 310.0], [289.0, 190.0], [211.0, 190.0]], "objects": [{"category": "Table", "position": [220.05116709562947, 214.37922659420255], "size": [21.417494640366712, 52.97448283740759], "angle": -9.104117114449484e-06}, {"category": "DoubleBed", "position": [252.67762511360525, 257.9627749094878], "size": [71.78015331479153, 58.57733230855164], "angle": -3.141583549472679}, {"category": "Nightstand", "position": [284.96646146201704, 222.44073738818565], "size": [36.01952882471835, 12.653515620755071], "angle": -1.5707872226777821}, {"category": "PendantLamp", "position": [250.00749999999996, 250.95699999999997], "size": [16.785059738159163, 16.411380386352505], "angle": 0.0}]}]}]}