{"seed": 1, "floorplan": [{"rooms": [{"category": "Bedroom", "corners": [[227.0, 197.0], [223.0, 201.0], [223.0, 202.0], [219.0, 206.0], [219.0, 207.0], [214.0, 212.0], [214.0, 213.0], [212.0, 215.0], [213.0, 216.0], [213.0, 222.0], [212.0, 223.0], [210.0, 223.0], [210.0, 303.0], [249.0, 303.0], [248.0, 302.0], [248.0, 301.0], [249.0, 300.0], [290.0, 300.0], [290.0, 219.0], [284.0, 219.0], [280.0, 215.0], [280.0, 214.0], [274.0, 208.0], [274.0, 207.0], [269.0, 202.0], [269.0, 201.0], [265.0, 197.0], [227.0, 197.0]], "objects": [{"category": "SingleBed", "position": [267.5668, 268.0796403355274], "size": [38.39999999999998, 61.83690032958987], "angle": 3.141592653589793}, {"category": "PendantLamp", "position": [245.9644, 259.18465], "size": [15.75251998901365, 15.75251998901365], "angle": 0.0}]}]}]}