{"seed": 1, "floorplan": [{"rooms": [{"category": "Bedroom", "corners": [[177.0, 175.0], [177.0, 325.0], [323.0, 325.0], [323.0, 175.0], [177.0, 175.0]], "objects": [{"category": "DoubleBed", "position": [287.421616284182, 257.57231702193866], "size": [62.957374016200475, 69.92433502752597], "angle": -1.5707872226777826}, {"category": "Nightstand", "position": [315.215633509318, 212.974], "size": [14.591353316237276, 14.547792128633732], "angle": -1.5707872226777804}, {"category": "Nightstand", "position": [315.1746247652843, 300.37661076745655], "size": [14.591353316237305, 14.54779212863379], "angle": -1.5707872226777804}, {"category": "PendantLamp", "position": [250.80513442106957, 246.1139003233426], "size": [29.162729644775368, 29.162729644775368], "angle": 0.0}]}]}]}