{"seed": 1, "floorplan": [{"rooms": [{"category": "Bedroom", "corners": [[203.0, 190.0], [203.0, 310.0], [297.0, 310.0], [297.0, 190.0], [203.0, 190.0]], "objects": [{"category": "DoubleBed", "position": [264.3979, 253.7326], "size": [69.48393032221095, 65.15729181071418], "angle": -1.5707872226777824}, {"category": "PendantLamp", "position": [250.3687, 250.1392], "size": [38.06100082397461, 33.80459976196286], "angle": 0.0}]}]}]}