{"seed": 1, "floorplan": [{"rooms": [{"category": "Bedroom", "corners": [[209.0, 188.0], [209.0, 312.0], [291.0, 312.0], [291.0, 188.0], [209.0, 188.0]], "objects": [{"category": "Table", "position": [281.9630699831482, 195.0681490697774], "size": [20.400725892576016, 12.963507990704228], "angle": -1.570787222677784}, {"category": "Nightstand", "position": [285.3355538350505, 279.00903748208054], "size": [17.69602063496555, 15.346159840215211], "angle": -1.5707872226777817}, {"category": "DoubleBed", "position": [259.76657483824465, 238.57845936532215], "size": [81.86054446571227, 62.88957402149717], "angle": -1.5707872226777826}, {"category": "CeilingLamp", "position": [250.0, 239.2312], "size": [13.188240051269531, 13.18821029663087], "angle": 0.0}]}]}]}