{"seed": 1, "floorplan": [{"rooms": [{"category": "Bedroom", "corners": [[297.0, 189.0], [296.0, 190.0], [203.0, 190.0], [203.0, 311.0], [204.0, 310.0], [297.0, 310.0], [297.0, 189.0]], "objects": [{"category": "DoubleBed", "position": [260.75727451456567, 246.06772042470874], "size": [58.57733230855161, 71.78015331479153], "angle": -1.5707872226777826}, {"category": "Nightstand", "position": [292.3057631548359, 286.8812799078836], "size": [36.01952882471838, 12.653515620755071], "angle": -1.5707872226777821}, {"category": "Nightstand", "position": [292.244935631122, 205.11267011370367], "size": [36.01952882471838, 12.653515620755071], "angle": -1.5707872226777821}, {"category": "PendantLamp", "position": [252.8053, 243.84040000000005], "size": [25.655099487304682, 25.65509948730471], "angle": 0.0}]}]}]}