{"seed": 1, "floorplan": [{"rooms": [{"category": "Bedroom", "corners": [[180.0, 208.0], [180.0, 292.0], [320.0, 292.0], [320.0, 208.0], [180.0, 208.0]], "objects": [{"category": "DoubleBed", "position": [241.43209759586307, 256.42382555666865], "size": [62.8617004394531, 69.57870025634767], "angle": 3.141592653589793}, {"category": "CornerSideTable", "position": [203.21367469524583, 278.8208350291078], "size": [14.312171569424688, 16.492930854652098], "angle": -1.0799381374047237}]}]}]}