{"seed": 1, "floorplan": [{"rooms": [{"category": "Bedroom", "corners": [[208.0, 195.0], [208.0, 305.0], [292.0, 305.0], [292.0, 195.0], [208.0, 195.0]], "objects": [{"category": "Cabinet", "position": [215.3144893684542, 292.94084164225217], "size": [12.54179394627461, 16.762772773905063], "angle": -9.104117113291407e-06}, {"category": "Cabinet", "position": [214.85069444407907, 217.89855122709073], "size": [12.54179394627461, 16.762772773905063], "angle": -9.104117113291407e-06}, {"category": "DoubleBed", "position": [242.1520387048898, 255.98632722243298], "size": [37.98034532132218, 67.75741771655944], "angle": -1.5708054309120105}, {"category": "PendantLamp", "position": [252.3895, 249.84700000000004], "size": [17.62509040832515, 17.564459609985363], "angle": 0.0}]}]}]}