{"seed": 1, "floorplan": [{"rooms": [{"category": "Bedroom", "corners": [[216.0, 195.0], [216.0, 304.0], [215.0, 305.0], [284.0, 305.0], [284.0, 196.0], [285.0, 195.0], [216.0, 195.0]], "objects": [{"category": "DoubleBed", "position": [247.8306846472106, 271.24539600509354], "size": [63.142174892992934, 58.23233099865974], "angle": -9.104117113837784e-06}, {"category": "Cabinet", "position": [274.6492794452194, 227.17329027016297], "size": [15.404819869995094, 12.901770401000988], "angle": 0.0}, {"category": "Table", "position": [260.90549536878615, 253.3661208642443], "size": [45.5093994140625, 45.34319915771485], "angle": 0.0}, {"category": "CeilingLamp", "position": [249.4, 250.62249999999997], "size": [8.90169010162353, 4.143180084228533], "angle": 0.0}]}]}]}