{"seed": 1, "floorplan": [{"rooms": [{"category": "Bedroom", "corners": [[194.0, 176.0], [194.0, 323.0], [193.0, 324.0], [307.0, 324.0], [307.0, 176.0], [194.0, 176.0]], "objects": [{"category": "DoubleBed", "position": [229.2894982372546, 249.36400000000003], "size": [30.6356777768141, 64.0286835132244], "angle": -9.10411711446911e-06}, {"category": "Table", "position": [298.7291562076483, 297.49300000000005], "size": [34.15830001831051, 49.55939941406251], "angle": 3.141592653589793}]}]}]}