{"seed": 1, "floorplan": [{"rooms": [{"category": "Bedroom", "corners": [[191.0, 187.0], [191.0, 281.0], [192.0, 282.0], [248.0, 282.0], [249.0, 283.0], [249.0, 313.0], [309.0, 313.0], [309.0, 187.0], [191.0, 187.0]], "objects": [{"category": "Cabinet", "position": [278.812, 297.2725], "size": [11.763480377197254, 13.591979598999046], "angle": 3.141592653589793}, {"category": "DoubleBed", "position": [275.32672108832975, 225.3114878703946], "size": [58.973035984342836, 66.3669021273975], "angle": -1.5707872226777824}, {"category": "Cabinet", "position": [301.4955679042866, 267.42216628478144], "size": [10.661557178032407, 6.310317650632932], "angle": -1.5707872226777753}, {"category": "CeilingLamp", "position": [248.98900000000003, 239.49849999999998], "size": [30.560700988769497, 30.509099578857445], "angle": 0.0}]}]}]}