{"seed": 1, "floorplan": [{"rooms": [{"category": "Bedroom", "corners": [[186.0, 209.0], [186.0, 291.0], [306.0, 291.0], [307.0, 290.0], [314.0, 290.0], [314.0, 209.0], [313.0, 210.0], [307.0, 210.0], [306.0, 209.0], [186.0, 209.0]], "objects": [{"category": "DoubleBed", "position": [258.84172016342706, 256.32530031503643], "size": [52.93229827880862, 58.611300659179676], "angle": 3.141592653589793}, {"category": "Nightstand", "position": [293.5625936904987, 280.5927772264655], "size": [12.0, 11.613660049438465], "angle": 3.141592653589793}, {"category": "Nightstand", "position": [224.71115940239946, 280.67855719921215], "size": [12.0, 11.613660049438465], "angle": 3.141592653589793}, {"category": "PendantLamp", "position": [257.029, 252.457], "size": [14.368740463256813, 14.368740463256813], "angle": 0.0}]}]}]}