{"seed": 1, "floorplan": [{"rooms": [{"category": "Bedroom", "corners": [[191.0, 208.0], [191.0, 209.0], [190.0, 210.0], [184.0, 210.0], [184.0, 288.0], [190.0, 288.0], [191.0, 289.0], [191.0, 292.0], [316.0, 292.0], [316.0, 208.0], [191.0, 208.0]], "objects": [{"category": "DoubleBed", "position": [256.53213949050325, 251.5680721904618], "size": [80.88059692382808, 80.33310241699212], "angle": 3.141592653589793}, {"category": "CornerSideTable", "position": [298.1077742805542, 283.5102865577408], "size": [11.961475526305136, 11.961475526305213], "angle": -1.1058242065027724}]}]}]}