{"seed": 1, "floorplan": [{"rooms": [{"category": "Bedroom", "corners": [[266.0, 159.0], [266.0, 206.0], [265.0, 207.0], [201.0, 207.0], [201.0, 341.0], [299.0, 341.0], [299.0, 159.0], [266.0, 159.0]], "objects": [{"category": "DoubleBed", "position": [235.58016605627046, 280.4326], "size": [69.06512768124027, 62.376269787747205], "angle": -9.104117114320039e-06}, {"category": "PendantLamp", "position": [251.36200000000002, 283.19800000000004], "size": [8.049029731750494, 8.049029731750522], "angle": 3.141592653589793}, {"category": "TVStand", "position": [292.618, 281.61580000000004], "size": [12.006949446838567, 54.04099034979546], "angle": -3.1415835494726796}]}]}]}