{"seed": 1, "floorplan": [{"rooms": [{"category": "Bedroom", "corners": [[198.0, 213.0], [198.0, 287.0], [302.0, 287.0], [302.0, 213.0], [198.0, 213.0]], "objects": [{"category": "DoubleBed", "position": [240.83640920442764, 250.73752306953074], "size": [74.07570190429686, 74.11050109863282], "angle": 0.0}, {"category": "Nightstand", "position": [276.7168706717813, 218.05301331890703], "size": [17.765549468994152, 14.933459472656239], "angle": 0.0}, {"category": "Nightstand", "position": [204.7024550441272, 218.25125307863783], "size": [17.765549468994152, 14.933459472656295], "angle": 0.0}]}]}]}