{"seed": 1, "floorplan": [{"rooms": [{"category": "Bedroom", "corners": [[198.0, 196.0], [198.0, 304.0], [302.0, 304.0], [302.0, 196.0], [198.0, 196.0]], "objects": [{"category": "DoubleBed", "position": [259.9258228310151, 227.40193454239324], "size": [81.85979919433592, 62.889001464843744], "angle": 0.0}, {"category": "PendantLamp", "position": [250.14999999999998, 250.0405], "size": [47.269798278808565, 30.8622001647949], "angle": 0.0}]}]}]}