{"seed": 1, "floorplan": [{"rooms": [{"category": "Bedroom", "corners": [[208.0, 212.0], [208.0, 288.0], [292.0, 288.0], [292.0, 212.0], [208.0, 212.0]], "objects": [{"category": "PendantLamp", "position": [248.62930000000006, 242.85640000000006], "size": [47.269798278808594, 30.862200164794956], "angle": 3.141592653589793}, {"category": "DoubleBed", "position": [247.66120000000006, 251.73113280426475], "size": [73.59419860839844, 78.33089904785155], "angle": 0.0}]}]}]}