{"seed": 1, "floorplan": [{"rooms": [{"category": "Bedroom", "corners": [[193.0, 187.0], [193.0, 313.0], [307.0, 313.0], [307.0, 187.0], [193.0, 187.0]], "objects": [{"category": "DoubleBed", "position": [226.0654882897446, 264.6697], "size": [62.55386997642482, 63.50637956375045], "angle": -9.10411711401679e-06}, {"category": "Nightstand", "position": [199.8684819993157, 303.3233481871599], "size": [11.450803865412546, 19.22087506313632], "angle": -9.104117116602428e-06}, {"category": "Nightstand", "position": [199.86848199931572, 225.4370518128401], "size": [11.450803865412517, 19.220875063136376], "angle": -9.104117111638308e-06}, {"category": "PendantLamp", "position": [236.887, 259.7407], "size": [9.113662722291505, 9.113662722291476], "angle": -1.570787222677784}]}]}]}