{"seed": 1, "floorplan": [{"rooms": [{"category": "Bedroom", "corners": [[168.0, 182.0], [168.0, 217.0], [167.0, 218.0], [167.0, 318.0], [333.0, 318.0], [333.0, 182.0], [168.0, 182.0]], "objects": [{"category": "CeilingLamp", "position": [243.28854947517766, 238.16953458764888], "size": [18.47114982604984, 17.226450347900396], "angle": 0.0}, {"category": "DoubleBed", "position": [245.44035301454798, 217.12413282499878], "size": [65.0277008057122, 60.530099487349496], "angle": -1.5692363261621616}, {"category": "Nightstand", "position": [204.4363405322365, 189.24326758892227], "size": [14.600340271006896, 18.74876976014571], "angle": -1.569236326162162}]}]}]}