{"seed": 1, "floorplan": [{"rooms": [{"category": "Bedroom", "corners": [[209.0, 193.0], [208.0, 194.0], [208.0, 306.0], [209.0, 307.0], [292.0, 307.0], [292.0, 193.0], [209.0, 193.0]], "objects": [{"category": "DoubleBed", "position": [253.90226662604164, 263.8069], "size": [55.227803828073434, 74.23387591021874], "angle": -1.5707872226777824}, {"category": "PendantLamp", "position": [251.39679999999998, 242.32989999999995], "size": [2.627667045593256, 2.6276670455932276], "angle": 0.0}]}]}]}