{"seed": 1, "floorplan": [{"rooms": [{"category": "Bedroom", "corners": [[283.0, 187.0], [282.0, 188.0], [217.0, 188.0], [217.0, 313.0], [218.0, 312.0], [283.0, 312.0], [283.0, 187.0]], "objects": [{"category": "CeilingLamp", "position": [249.922, 237.99400000000003], "size": [28.458270263671892, 28.458270263671864], "angle": 0.0}, {"category": "DoubleBed", "position": [248.63337661331644, 216.13118291299216], "size": [63.142174892992934, 58.232330998659684], "angle": -9.104117114287907e-06}, {"category": "Table", "position": [224.45431908478878, 263.46240077898756], "size": [17.775402156007395, 34.65121497577053], "angle": -9.104117113830264e-06}, {"category": "Chair", "position": [239.9194473330808, 258.91264019252], "size": [16.343119210261918, 13.366557248471377], "angle": -0.16138443705202718}]}]}]}