{"seed": 1, "floorplan": [{"rooms": [{"category": "Bedroom", "corners": [[202.0, 187.0], [202.0, 313.0], [298.0, 313.0], [298.0, 187.0], [202.0, 187.0]], "objects": [{"category": "DoubleBed", "position": [235.6208143065299, 258.6576110698454], "size": [66.04770061293789, 55.32050181556523], "angle": -9.104117114257915e-06}, {"category": "Nightstand", "position": [209.65833433933955, 296.620104759721], "size": [14.724253619810693, 15.87137404872847], "angle": -9.10411711491397e-06}, {"category": "CeilingLamp", "position": [246.41950000000003, 247.108], "size": [17.846789932251, 17.74787979125975], "angle": 0.0}, {"category": "Nightstand", "position": [209.71083530744187, 220.05001288783978], "size": [14.724253619810662, 15.871374048728498], "angle": -9.104117112983722e-06}]}]}]}