{"seed": 1, "floorplan": [{"rooms": [{"category": "Bedroom", "corners": [[210.0, 201.0], [210.0, 299.0], [290.0, 299.0], [290.0, 201.0], [210.0, 201.0]], "objects": [{"category": "DoubleBed", "position": [243.03356291665497, 251.71426629559187], "size": [60.66025379865461, 58.29263275615253], "angle": -1.5708054309120105}, {"category": "Cabinet", "position": [218.29155100446138, 290.29742455286345], "size": [10.319493593250204, 12.516053660661441], "angle": -9.104117115918491e-06}, {"category": "PendantLamp", "position": [249.6445, 248.1349], "size": [23.250841104392823, 7.498928439890546], "angle": -1.5708054309120112}]}]}]}