{"seed": 1, "floorplan": [{"rooms": [{"category": "Bedroom", "corners": [[194.0, 179.0], [194.0, 314.0], [196.0, 314.0], [197.0, 315.0], [197.0, 321.0], [224.0, 321.0], [224.0, 315.0], [225.0, 314.0], [306.0, 314.0], [306.0, 179.0], [194.0, 179.0]], "objects": [{"category": "DoubleBed", "position": [267.07495, 238.99735], "size": [51.19636606321307, 58.88273670032977], "angle": -1.5707872226777824}, {"category": "TVStand", "position": [200.88518333199735, 245.05584999999996], "size": [63.00057356721092, 13.500122907259478], "angle": -1.570805430912011}]}]}]}