{"seed": 1, "floorplan": [{"rooms": [{"category": "Bedroom", "corners": [[202.0, 199.0], [202.0, 301.0], [298.0, 301.0], [298.0, 199.0], [202.0, 199.0]], "objects": [{"category": "DoubleBed", "position": [261.49054350522874, 247.43525764820134], "size": [72.47045806134946, 68.92862588918993], "angle": -3.141583549472679}, {"category": "CeilingLamp", "position": [250.56880000000004, 247.5802], "size": [21.654148864746105, 21.654148864746105], "angle": 0.0}]}]}]}