{"seed": 1, "floorplan": [{"rooms": [{"category": "Bedroom", "corners": [[215.0, 203.0], [215.0, 297.0], [285.0, 297.0], [285.0, 203.0], [215.0, 203.0]], "objects": [{"category": "DoubleBed", "position": [246.78075073755372, 256.86721340882286], "size": [61.41715918817647, 67.39621142515036], "angle": -9.104117114590987e-06}, {"category": "Nightstand", "position": [221.01850509644362, 226.6045267330843], "size": [11.292013357258531, 14.399531425207082], "angle": -9.104117112677013e-06}, {"category": "Nightstand", "position": [219.39383175618678, 291.10621928667877], "size": [11.292013357258588, 14.399531425207055], "angle": -9.104117115193943e-06}, {"category": "CeilingLamp", "position": [250.49349999999998, 248.6905], "size": [16.891679763793945, 16.993230056762627], "angle": 0.0}]}]}]}