{"seed": 1, "floorplan": [{"rooms": [{"category": "Bedroom", "corners": [[300.0, 204.0], [299.0, 205.0], [200.0, 205.0], [200.0, 296.0], [201.0, 295.0], [300.0, 295.0], [300.0, 204.0]], "objects": [{"category": "Cabinet", "position": [207.7604834393634, 247.37154999999993], "size": [15.162708234129616, 46.13501932473013], "angle": -9.104117114202508e-06}, {"category": "PendantLamp", "position": [233.0755, 255.29485], "size": [3.66396348730946, 3.6970535216901443], "angle": -1.570787222677783}, {"category": "DoubleBed", "position": [264.7837, 251.57274999999996], "size": [72.03875552266265, 61.468159103171345], "angle": -1.5707872226777821}, {"category": "Cabinet", "position": [291.8371165401988, 287.11225], "size": [13.593753596724225, 15.82931433963839], "angle": -1.5707872226777806}]}]}]}