{"seed": 1, "floorplan": [{"rooms": [{"category": "Bedroom", "corners": [[204.0, 192.0], [204.0, 308.0], [296.0, 308.0], [296.0, 192.0], [204.0, 192.0]], "objects": [{"category": "Nightstand", "position": [288.82531046701615, 217.6215354615642], "size": [14.54779212863379, 14.591353316237276], "angle": -3.1415835494726796}, {"category": "DoubleBed", "position": [261.2055008748372, 256.4020000000378], "size": [62.957374016200504, 69.92433502752604], "angle": -1.5707872226777821}, {"category": "Nightstand", "position": [288.89930017598465, 295.24899999999997], "size": [14.591353316237248, 14.547792128633676], "angle": -1.5707872226777844}, {"category": "PendantLamp", "position": [245.539, 256.99899999999997], "size": [29.162729644775425, 29.162729644775368], "angle": 0.0}]}]}]}