{"seed": 1, "floorplan": [{"rooms": [{"category": "Bedroom", "corners": [[191.0, 204.0], [191.0, 263.0], [190.0, 264.0], [186.0, 264.0], [186.0, 292.0], [190.0, 292.0], [191.0, 293.0], [191.0, 296.0], [314.0, 296.0], [314.0, 204.0], [191.0, 204.0]], "objects": [{"category": "DoubleBed", "position": [226.32895000000002, 234.32361746801254], "size": [62.51756898675514, 60.16044913849045], "angle": -9.104117114013856e-06}, {"category": "Cabinet", "position": [274.58215, 210.59095000000002], "size": [13.15046997070317, 10.51838951110841], "angle": 0.0}, {"category": "PendantLamp", "position": [246.78955000000002, 246.32305000000002], "size": [15.0, 15.0], "angle": 0.0}]}]}]}