{"seed": 1, "floorplan": [{"rooms": [{"category": "Bedroom", "corners": [[190.0, 189.0], [190.0, 220.0], [222.0, 220.0], [223.0, 221.0], [223.0, 311.0], [310.0, 311.0], [310.0, 189.0], [190.0, 189.0]], "objects": [{"category": "DoubleBed", "position": [276.76842969319864, 262.6118794522139], "size": [48.000437003589234, 63.65487945087324], "angle": -1.5707872226777824}, {"category": "Table", "position": [302.33647001170414, 221.34036505223997], "size": [22.510825059308065, 33.4743053046995], "angle": -1.5707872226777817}, {"category": "Nightstand", "position": [302.5624399040572, 297.7468848250154], "size": [17.462139034845165, 13.464122899944254], "angle": -1.570787222677784}, {"category": "Armchair", "position": [287.06309806541094, 220.63543827570095], "size": [17.242175471048448, 15.0907207217953], "angle": -0.8871788867457391}]}]}]}