{"seed": 1, "floorplan": [{"rooms": [{"category": "Bedroom", "corners": [[207.0, 193.0], [207.0, 307.0], [293.0, 307.0], [293.0, 193.0], [207.0, 193.0]], "objects": [{"category": "DoubleBed", "position": [257.82419507752417, 256.5484127815064], "size": [69.92433502752604, 62.957374016200504], "angle": -3.1415835494726787}, {"category": "Nightstand", "position": [284.9675334397101, 296.2620497155919], "size": [13.131059030886, 10.76925850646276], "angle": -1.5707872226777833}, {"category": "PendantLamp", "position": [248.85549999999995, 253.207], "size": [36.3618003845215, 9.378239822387712], "angle": 0.0}, {"category": "TVStand", "position": [214.75456683349606, 253.54899999997517], "size": [15.306259650907734, 66.75540969275228], "angle": -9.10411711348932e-06}]}]}]}