{"seed": 1, "floorplan": [{"rooms": [{"category": "Bedroom", "corners": [[213.0, 218.0], [213.0, 282.0], [287.0, 282.0], [287.0, 218.0], [213.0, 218.0]], "objects": [{"category": "DoubleBed", "position": [253.6026023184811, 250.15267212441114], "size": [41.03730010986334, 63.49680175781248], "angle": 0.0}, {"category": "Nightstand", "position": [226.9910564098833, 224.83857972707003], "size": [8.9198101043701, 7.339739799499512], "angle": 0.0}, {"category": "Nightstand", "position": [279.3009381155434, 224.82548066576993], "size": [8.919810104370185, 7.339739799499512], "angle": 0.0}]}]}]}