{"seed": 1, "floorplan": [{"rooms": [{"category": "Bedroom", "corners": [[217.0, 188.0], [217.0, 264.0], [216.0, 265.0], [200.0, 265.0], [200.0, 312.0], [247.0, 312.0], [247.0, 297.0], [248.0, 296.0], [300.0, 296.0], [300.0, 188.0], [217.0, 188.0]], "objects": [{"category": "DoubleBed", "position": [253.61470000000003, 261.328], "size": [57.45378919875045, 50.333902435110005], "angle": -3.1380693186962767}]}]}]}