{"seed": 1, "floorplan": [{"rooms": [{"category": "Bedroom", "corners": [[201.0, 216.0], [201.0, 284.0], [299.0, 284.0], [299.0, 216.0], [201.0, 216.0]], "objects": [{"category": "DoubleBed", "position": [251.42844124641232, 246.55764587651402], "size": [60.6597015380861, 58.292102050781295], "angle": 0.0}, {"category": "Cabinet", "position": [288.5977809716693, 222.93081297218163], "size": [17.563919448852403, 16.125000000000057], "angle": 0.0}, {"category": "PendantLamp", "position": [249.74050000000005, 248.30650000000003], "size": [5.71446018219001, 6.300600242614792], "angle": 0.0}]}]}]}