{"seed": 1, "floorplan": [{"rooms": [{"category": "Bedroom", "corners": [[203.0, 188.0], [203.0, 312.0], [297.0, 312.0], [297.0, 188.0], [203.0, 188.0]], "objects": [{"category": "DoubleBed", "position": [261.27475895448026, 257.74593892325976], "size": [65.97090090251072, 60.88765455058774], "angle": -3.1415835494726787}, {"category": "Cabinet", "position": [289.3263041106325, 219.06026234308297], "size": [9.241524146371981, 16.39211929870904], "angle": -3.1415835494726787}, {"category": "Cabinet", "position": [289.9816314557561, 296.5317228090106], "size": [9.241524146371924, 16.39211929870907], "angle": -3.1415835494726787}, {"category": "PendantLamp", "position": [253.6345, 253.23699999999997], "size": [31.66560058593751, 31.66560058593751], "angle": 0.0}]}]}]}