{"seed": 1, "floorplan": [{"rooms": [{"category": "Bedroom", "corners": [[206.0, 182.0], [206.0, 318.0], [294.0, 318.0], [294.0, 182.0], [206.0, 182.0]], "objects": [{"category": "DoubleBed", "position": [241.30699912537568, 259.4065], "size": [69.924335027526, 62.957374016200504], "angle": -9.104117114327984e-06}, {"category": "Nightstand", "position": [213.81249999999997, 219.90849999999998], "size": [14.547792128633704, 14.591353316237333], "angle": -9.104117113813811e-06}, {"category": "Nightstand", "position": [213.8125, 299.5795], "size": [14.547792128633732, 14.591353316237248], "angle": -9.104117113813794e-06}, {"category": "PendantLamp", "position": [249.0865, 256.8655], "size": [29.162729644775368, 29.162729644775368], "angle": 0.0}]}]}]}