{"seed": 1, "floorplan": [{"rooms": [{"category": "Bedroom", "corners": [[218.0, 209.0], [218.0, 291.0], [282.0, 291.0], [282.0, 209.0], [218.0, 209.0]], "objects": [{"category": "DoubleBed", "position": [251.2574505328445, 240.06102067848627], "size": [60.15990142822267, 62.516999816894554], "angle": 0.0}, {"category": "Table", "position": [270.371617900383, 283.96502117760525], "size": [27.0, 15.0], "angle": 3.141592653589793}, {"category": "Cabinet", "position": [222.7134967906818, 216.00133332145242], "size": [13.150469970703114, 10.51838951110841], "angle": 0.0}, {"category": "CeilingLamp", "position": [250.75345000000004, 248.32569999999998], "size": [21.654148864746105, 21.654148864746077], "angle": 0.0}]}]}]}