{"seed": 1, "floorplan": [{"rooms": [{"category": "Bedroom", "corners": [[199.0, 210.0], [199.0, 290.0], [301.0, 290.0], [301.0, 210.0], [199.0, 210.0]], "objects": [{"category": "DoubleBed", "position": [244.0703570501937, 257.1788353271209], "size": [60.887100219726534, 65.97030029296874], "angle": 3.141592653589793}, {"category": "Cabinet", "position": [280.3938178808065, 287.60635940527555], "size": [16.391970062255837, 9.24144001007079], "angle": 3.141592653589793}, {"category": "Cabinet", "position": [207.2906606377651, 283.5562403306579], "size": [16.391970062255893, 9.241440010070846], "angle": 3.141592653589793}, {"category": "CeilingLamp", "position": [243.50605000000002, 249.70315], "size": [16.553369522094727, 16.553369522094755], "angle": 0.0}]}]}]}