{"seed": 1, "floorplan": [{"rooms": [{"category": "Bedroom", "corners": [[209.0, 195.0], [209.0, 305.0], [291.0, 305.0], [291.0, 195.0], [209.0, 195.0]], "objects": [{"category": "DoubleBed", "position": [238.86574726880576, 259.250743823029], "size": [59.31804187191316, 48.39254262416228], "angle": -9.1041171141178e-06}, {"category": "Cabinet", "position": [213.26306314152848, 219.6730492893377], "size": [30.87538103943283, 11.175431332742539], "angle": -1.5708054309120112}, {"category": "Cabinet", "position": [213.61998938498866, 291.6140349092716], "size": [30.87538103943286, 11.175431332742539], "angle": -1.5708054309120112}, {"category": "PendantLamp", "position": [250.207, 250.978], "size": [15.000000000000028, 15.0], "angle": 0.0}]}]}]}