{"seed": 1, "floorplan": [{"rooms": [{"category": "Bedroom", "corners": [[213.0, 211.0], [213.0, 289.0], [287.0, 289.0], [287.0, 211.0], [213.0, 211.0]], "objects": [{"category": "DoubleBed", "position": [242.93398894275333, 245.24115050395795], "size": [58.29263275615256, 60.66025379865461], "angle": -9.104117114226597e-06}, {"category": "Cabinet", "position": [215.7322767221492, 215.15682650328688], "size": [10.319493593250204, 12.51605366066147], "angle": -9.104117113164315e-06}, {"category": "Cabinet", "position": [215.77887384199576, 276.459812711071], "size": [10.319493593250233, 12.516053660661441], "angle": -9.104117115918466e-06}, {"category": "PendantLamp", "position": [249.67149999999998, 245.695], "size": [11.426700210571283, 13.038090133666998], "angle": 0.0}]}]}]}