{"seed": 1, "floorplan": [{"rooms": [{"category": "Bedroom", "corners": [[212.0, 150.0], [212.0, 164.0], [211.0, 165.0], [204.0, 165.0], [204.0, 269.0], [211.0, 269.0], [212.0, 270.0], [212.0, 350.0], [296.0, 350.0], [296.0, 150.0], [212.0, 150.0]], "objects": [{"category": "PendantLamp", "position": [255.5095, 194.27890000000002], "size": [20.860109710693337, 20.860109710693365], "angle": 0.0}]}]}]}