{"seed": 1, "floorplan": [{"rooms": [{"category": "Bedroom", "corners": [[190.0, 176.0], [190.0, 296.0], [189.0, 297.0], [183.0, 297.0], [183.0, 324.0], [310.0, 324.0], [310.0, 238.0], [311.0, 237.0], [317.0, 237.0], [317.0, 201.0], [311.0, 201.0], [310.0, 200.0], [310.0, 176.0], [190.0, 176.0]], "objects": [{"category": "Cabinet", "position": [197.488, 234.23920000000004], "size": [7.530068669380051, 63.0305756714095], "angle": -9.104117116864647e-06}, {"category": "Table", "position": [253.54479999999998, 247.45480000000003], "size": [53.347385097115, 25.541662436467675], "angle": -1.5707872226777826}, {"category": "PendantLamp", "position": [249.95349999999996, 228.05200000000005], "size": [21.41567916870116, 20.470259857177723], "angle": 0.0}]}]}]}