{"seed": 1, "floorplan": [{"rooms": [{"category": "Bedroom", "corners": [[271.0, 166.0], [270.0, 167.0], [270.0, 173.0], [269.0, 174.0], [267.0, 174.0], [267.0, 227.0], [266.0, 228.0], [199.0, 228.0], [199.0, 301.0], [198.0, 302.0], [191.0, 302.0], [191.0, 334.0], [198.0, 334.0], [198.0, 319.0], [199.0, 318.0], [309.0, 318.0], [309.0, 174.0], [298.0, 174.0], [297.0, 173.0], [297.0, 166.0], [271.0, 166.0]], "objects": [{"category": "Cabinet", "position": [303.2933501525016, 200.52564999999998], "size": [50.703162415293995, 10.881848795418623], "angle": -1.5707872226777826}, {"category": "Table", "position": [226.5577, 264.60954999999996], "size": [36.04890060424805, 36.03929901123044], "angle": 0.0}, {"category": "PendantLamp", "position": [225.19390000000004, 262.18255], "size": [27.341940307617193, 27.559680175781267], "angle": 0.0}, {"category": "Cabinet", "position": [300.050000065823, 262.10454999999996], "size": [35.41352202579809, 17.052455129236723], "angle": -1.5707872226777821}]}]}]}