{"seed": 1, "floorplan": [{"rooms": [{"category": "Bedroom", "corners": [[212.0, 211.0], [212.0, 289.0], [288.0, 289.0], [288.0, 211.0], [212.0, 211.0]], "objects": [{"category": "Table", "position": [271.4565571579749, 250.57827176818506], "size": [31.2182834837808, 78.00071013083254], "angle": -3.1415835494726783}, {"category": "PendantLamp", "position": [249.8395, 250.13950000000003], "size": [20.423249816894526, 20.423220062255893], "angle": 0.0}]}]}]}