{"seed": 1, "floorplan": [{"rooms": [{"category": "Bedroom", "corners": [[222.0, 223.0], [222.0, 277.0], [278.0, 277.0], [278.0, 223.0], [222.0, 223.0]], "objects": [{"category": "CeilingLamp", "position": [249.09099999999998, 251.22999999999996], "size": [22.334490966796864, 20.57757110595702], "angle": 0.0}, {"category": "Armchair", "position": [237.6603733636848, 237.3314290005506], "size": [15.84677474945521, 13.530363050734593], "angle": -9.104117114351297e-06}, {"category": "Armchair", "position": [239.10933699446952, 265.5697446647132], "size": [15.84677474945521, 13.530363050734564], "angle": -9.104117114351297e-06}]}]}]}