{"seed": 1, "floorplan": [{"rooms": [{"category": "Bedroom", "corners": [[197.0, 198.0], [197.0, 302.0], [303.0, 302.0], [303.0, 198.0], [197.0, 198.0]], "objects": [{"category": "PendantLamp", "position": [249.9997, 250.00014999999993], "size": [13.847280120849575, 14.081729507446255], "angle": 0.0}, {"category": "Table", "position": [252.2221, 250.4798499999999], "size": [74.99669952392577, 29.99664001464842], "angle": 0.0}]}]}]}