{"seed": 1, "floorplan": [{"rooms": [{"category": "Bedroom", "corners": [[205.0, 136.0], [205.0, 364.0], [295.0, 364.0], [295.0, 136.0], [205.0, 136.0]], "objects": [{"category": "Table", "position": [253.10343967349843, 198.588516879652], "size": [47.64763532971282, 26.86803559596359], "angle": -1.5708054309120107}, {"category": "Nightstand", "position": [212.57649999999995, 276.466], "size": [11.738716948044628, 19.546137423790547], "angle": -9.10411711195661e-06}, {"category": "PendantLamp", "position": [252.34449999999995, 200.25400000000002], "size": [14.311739730834944, 14.345250320434559], "angle": 0.0}, {"category": "PendantLamp", "position": [252.34449999999998, 309.778], "size": [19.430490875244146, 18.138389968872104], "angle": 0.0}]}]}]}