{"seed": 1, "floorplan": [{"rooms": [{"category": "Bedroom", "corners": [[218.0, 185.0], [218.0, 315.0], [282.0, 315.0], [282.0, 185.0], [218.0, 185.0]], "objects": [{"category": "Cabinet", "position": [260.72979999999995, 305.74], "size": [39.783901977539045, 12.601979827880825], "angle": 3.141592653589793}, {"category": "PendantLamp", "position": [239.58699999999993, 249.99999999999997], "size": [12.000000000000028, 12.0], "angle": 0.0}, {"category": "Chair", "position": [239.66405731410268, 255.20672216635413], "size": [10.670797221872032, 25.80413507142145], "angle": -9.104117115340649e-06}, {"category": "Table", "position": [253.07417768038272, 249.2463514490334], "size": [41.13208331487207, 28.17433441605069], "angle": -0.7722854203379599}]}]}]}