{"seed": 1, "floorplan": [{"rooms": [{"category": "Bedroom", "corners": [[206.0, 208.0], [206.0, 209.0], [205.0, 210.0], [202.0, 210.0], [202.0, 292.0], [206.0, 292.0], [207.0, 291.0], [291.0, 291.0], [292.0, 290.0], [298.0, 290.0], [298.0, 267.0], [292.0, 267.0], [291.0, 266.0], [291.0, 208.0], [206.0, 208.0]], "objects": [{"category": "Table", "position": [244.41437840501533, 244.40521172322934], "size": [45.5093994140625, 45.34319915771479], "angle": 0.0}, {"category": "Cabinet", "position": [285.7469325262862, 237.49001241649162], "size": [29.704289597601377, 12.490283620138667], "angle": -1.5707872226777828}]}]}]}