{"seed": 1, "floorplan": [{"rooms": [{"category": "Bedroom", "corners": [[274.0, 204.0], [274.0, 224.0], [273.0, 225.0], [168.0, 225.0], [168.0, 296.0], [324.0, 296.0], [324.0, 259.0], [325.0, 258.0], [332.0, 258.0], [332.0, 225.0], [325.0, 225.0], [324.0, 224.0], [324.0, 204.0], [274.0, 204.0]], "objects": [{"category": "Sofa", "position": [220.33678107530534, 234.93297834722466], "size": [69.1304992675781, 14.96415023803712], "angle": 0.0}, {"category": "Cabinet", "position": [310.7423166505145, 210.23025830303953], "size": [24.124079132080055, 12.0], "angle": 0.0}, {"category": "Chair", "position": [240.92264078340924, 252.42295513881436], "size": [17.406930541992182, 16.33527030944822], "angle": 3.141592653589793}, {"category": "Chair", "position": [205.65807057028314, 250.78207413424465], "size": [17.406930541992182, 16.335270309448248], "angle": 3.141592653589793}]}]}]}