{"seed": 1, "floorplan": [{"rooms": [{"category": "Bedroom", "corners": [[258.0, 162.0], [258.0, 168.0], [257.0, 169.0], [189.0, 169.0], [189.0, 337.0], [283.0, 337.0], [284.0, 338.0], [311.0, 338.0], [311.0, 169.0], [280.0, 169.0], [279.0, 168.0], [279.0, 162.0], [258.0, 162.0]], "objects": [{"category": "Table", "position": [259.9253010401256, 228.21855126319565], "size": [60.0, 59.99999999999997], "angle": 0.0}]}]}]}