{"seed": 1, "floorplan": [{"rooms": [{"category": "Bedroom", "corners": [[190.0, 197.0], [189.0, 198.0], [189.0, 201.0], [190.0, 202.0], [190.0, 273.0], [189.0, 274.0], [183.0, 274.0], [183.0, 300.0], [189.0, 300.0], [190.0, 301.0], [190.0, 303.0], [317.0, 303.0], [317.0, 202.0], [313.0, 202.0], [312.0, 201.0], [306.0, 201.0], [305.0, 200.0], [305.0, 197.0], [190.0, 197.0]], "objects": [{"category": "Cabinet", "position": [307.75995286882875, 251.4630488785648], "size": [100.49911137097753, 13.483532256337604], "angle": -1.5707872226777826}, {"category": "Table", "position": [267.3589, 250.10005], "size": [62.39006691042871, 31.08718335223617], "angle": -1.570787222677783}]}]}]}