{"seed": 1, "floorplan": [{"rooms": [{"category": "Bedroom", "corners": [[180.0, 179.0], [180.0, 321.0], [320.0, 321.0], [320.0, 179.0], [180.0, 179.0]], "objects": [{"category": "Sofa", "position": [270.37755282780915, 211.072539767345], "size": [99.0105010986328, 62.13630065917968], "angle": 0.0}, {"category": "Table", "position": [257.0267249759584, 230.26833368090456], "size": [36.27539978027346, 22.68411026000976], "angle": 0.0}, {"category": "CornerSideTable", "position": [215.89416037452014, 188.09867095514244], "size": [17.229029846191395, 17.148210525512695], "angle": 0.0}, {"category": "PendantLamp", "position": [260.20090000000005, 230.2135], "size": [31.12740097045895, 31.12740097045898], "angle": 0.0}]}]}]}