{"seed": 1, "floorplan": [{"rooms": [{"category": "Bedroom", "corners": [[187.0, 196.0], [187.0, 304.0], [313.0, 304.0], [313.0, 230.0], [299.0, 230.0], [298.0, 229.0], [298.0, 207.0], [299.0, 206.0], [313.0, 206.0], [313.0, 196.0], [187.0, 196.0]], "objects": [{"category": "Table", "position": [249.6964, 263.64984999999996], "size": [71.26320190429686, 52.437899780273426], "angle": 0.0}, {"category": "PendantLamp", "position": [250.8988, 259.03554999999994], "size": [15.852209472656227, 13.939649963378912], "angle": 0.0}, {"category": "TVStand", "position": [208.98969999999997, 202.45373308715818], "size": [27.44400100708006, 12.195389556884749], "angle": 0.0}, {"category": "TVStand", "position": [290.4316, 199.3684799991331], "size": [27.444001007080033, 12.195389556884749], "angle": 0.0}]}]}]}