{"seed": 1, "floorplan": [{"rooms": [{"category": "Bedroom", "corners": [[178.0, 220.0], [178.0, 271.0], [183.0, 271.0], [184.0, 272.0], [184.0, 280.0], [322.0, 280.0], [322.0, 220.0], [178.0, 220.0]], "objects": [{"category": "Cabinet", "position": [284.48301597763725, 264.9477886198749], "size": [12.853467468614213, 30.580477841892023], "angle": -9.104117113830557e-06}, {"category": "CeilingLamp", "position": [304.183, 243.853], "size": [30.900000000000034, 20.700059509277366], "angle": 0.0}, {"category": "CeilingLamp", "position": [223.39899999999997, 243.853], "size": [26.244209289550753, 26.24420928955078], "angle": 0.0}]}]}]}