{"seed": 1, "floorplan": [{"rooms": [{"category": "Bedroom", "corners": [[195.0, 141.0], [195.0, 359.0], [230.0, 359.0], [230.0, 286.0], [231.0, 285.0], [305.0, 285.0], [305.0, 191.0], [224.0, 191.0], [223.0, 190.0], [223.0, 141.0], [195.0, 141.0]], "objects": [{"category": "CornerSideTable", "position": [257.63064999999995, 227.1772], "size": [14.400000000000034, 14.400000000000006], "angle": 0.0}, {"category": "Sofa", "position": [262.60285, 265.4185], "size": [67.58760223388674, 25.171620941162132], "angle": 3.141592653589793}, {"category": "CeilingLamp", "position": [212.47195, 325.8868], "size": [18.592169952392595, 18.503250503540016], "angle": 0.0}, {"category": "CeilingLamp", "position": [208.87195000000003, 161.0779], "size": [18.592169952392567, 18.503250503540045], "angle": 0.0}]}]}]}