{"seed": 1, "floorplan": [{"rooms": [{"category": "Bedroom", "corners": [[187.0, 189.0], [187.0, 311.0], [313.0, 311.0], [313.0, 228.0], [245.0, 228.0], [244.0, 227.0], [244.0, 190.0], [245.0, 189.0], [187.0, 189.0]], "objects": [{"category": "Cabinet", "position": [212.20150000000004, 195.12399999999997], "size": [35.098500823974604, 9.636060333251947], "angle": 0.0}]}]}]}