{"seed": 1, "floorplan": [{"rooms": [{"category": "Bedroom", "corners": [[219.0, 177.0], [218.0, 178.0], [180.0, 178.0], [180.0, 226.0], [179.0, 227.0], [173.0, 227.0], [173.0, 255.0], [179.0, 255.0], [180.0, 256.0], [180.0, 263.0], [220.0, 263.0], [221.0, 264.0], [221.0, 323.0], [326.0, 323.0], [326.0, 264.0], [327.0, 263.0], [327.0, 234.0], [286.0, 234.0], [285.0, 235.0], [254.0, 235.0], [253.0, 234.0], [253.0, 177.0], [219.0, 177.0]], "objects": [{"category": "Sofa", "position": [247.60517814931765, 279.23837596075157], "size": [37.36594077138688, 80.83093304118538], "angle": -9.104117114581846e-06}, {"category": "Table", "position": [207.36340895951196, 194.9200854606378], "size": [53.39069824218748, 29.56376953124999], "angle": 0.0}, {"category": "Cabinet", "position": [205.2424162778251, 255.49117896064973], "size": [52.96409912109374, 10.50002975463866], "angle": 3.141592653589793}]}]}]}