{"seed": 1, "floorplan": [{"rooms": [{"category": "Bedroom", "corners": [[215.0, 187.0], [215.0, 313.0], [285.0, 313.0], [285.0, 187.0], [215.0, 187.0]], "objects": [{"category": "Table", "position": [249.9551267427372, 247.5757580574537], "size": [22.640277226630655, 41.244973889453846], "angle": -3.141583549472679}, {"category": "PendantLamp", "position": [249.59199999999998, 241.84450000000004], "size": [4.012199878692627, 4.012199878692627], "angle": 0.0}]}]}]}