{"seed": 1, "floorplan": [{"rooms": [{"category": "Bedroom", "corners": [[212.0, 211.0], [212.0, 289.0], [288.0, 289.0], [288.0, 211.0], [212.0, 211.0]], "objects": [{"category": "Table", "position": [265.5936550805541, 251.94724514984364], "size": [41.99408349266954, 41.99408349266954], "angle": -1.5707872226777826}, {"category": "PendantLamp", "position": [249.8395, 250.13950000000003], "size": [12.70071029663086, 11.791289520263689], "angle": 0.0}]}]}]}