{"seed": 1, "floorplan": [{"rooms": [{"category": "Bedroom", "corners": [[193.0, 193.0], [193.0, 307.0], [307.0, 307.0], [307.0, 193.0], [193.0, 193.0]], "objects": [{"category": "Table", "position": [254.1091, 243.20035000000001], "size": [76.87500000000003, 76.875], "angle": 0.0}, {"category": "Cabinet", "position": [198.96545002614172, 222.90175000000005], "size": [12.082100048624064, 57.000518941762266], "angle": -9.104117115053428e-06}, {"category": "PendantLamp", "position": [250.0, 248.40865000000002], "size": [16.325880432128912, 16.325880432128884], "angle": 0.0}]}]}]}