{"seed": 1, "floorplan": [{"rooms": [{"category": "Bedroom", "corners": [[200.0, 190.0], [200.0, 310.0], [300.0, 310.0], [300.0, 261.0], [264.0, 261.0], [263.0, 260.0], [263.0, 190.0], [200.0, 190.0]], "objects": [{"category": "Table", "position": [240.105405445631, 226.08005830644174], "size": [75.00150146484376, 29.997631072998047], "angle": 0.0}, {"category": "PendantLamp", "position": [211.00149999999996, 217.1605], "size": [1.9530960559845028, 1.9530960559844743], "angle": 0.0}, {"category": "PendantLamp", "position": [225.22749999999996, 217.1605], "size": [1.9530960559845028, 1.9530960559844743], "angle": 0.0}]}]}]}