{"seed": 1, "floorplan": [{"rooms": [{"category": "Bedroom", "corners": [[210.0, 201.0], [210.0, 299.0], [290.0, 299.0], [290.0, 201.0], [210.0, 201.0]], "objects": [{"category": "Cabinet", "position": [245.41232676943235, 294.66895943575014], "size": [24.0, 9.59111995697026], "angle": 3.141592653589793}, {"category": "Cabinet", "position": [218.36351627059224, 227.5936358888672], "size": [45.720414414847404, 18.613609402657573], "angle": -1.570805430912011}, {"category": "Chair", "position": [230.14180222799274, 228.4935031079379], "size": [17.20311682498136, 16.10570655017074], "angle": -3.1415835494726787}, {"category": "Chair", "position": [232.06625002169213, 248.65392718018535], "size": [16.10570655017077, 17.20311682498136], "angle": -1.5707872226777824}]}]}]}