{"seed": 1, "floorplan": [{"rooms": [{"category": "Bedroom", "corners": [[191.0, 178.0], [190.0, 179.0], [167.0, 179.0], [167.0, 185.0], [166.0, 186.0], [157.0, 186.0], [157.0, 222.0], [175.0, 222.0], [176.0, 223.0], [176.0, 229.0], [200.0, 229.0], [200.0, 223.0], [201.0, 222.0], [211.0, 222.0], [212.0, 223.0], [212.0, 322.0], [213.0, 321.0], [285.0, 321.0], [286.0, 322.0], [286.0, 304.0], [288.0, 302.0], [293.0, 302.0], [293.0, 249.0], [287.0, 249.0], [286.0, 248.0], [286.0, 223.0], [287.0, 222.0], [343.0, 222.0], [343.0, 186.0], [338.0, 186.0], [337.0, 185.0], [337.0, 178.0], [336.0, 179.0], [298.0, 179.0], [298.0, 185.0], [297.0, 186.0], [192.0, 186.0], [191.0, 185.0], [191.0, 178.0]], "objects": [{"category": "Table", "position": [236.46579999999997, 271.4524], "size": [39.87306198528785, 39.87306198528779], "angle": -1.570787222677783}, {"category": "PendantLamp", "position": [243.86860000000001, 255.83770000000004], "size": [25.653112883503226, 23.097990133955896], "angle": -1.5707872226777833}]}]}]}