{"seed": 1, "floorplan": [{"rooms": [{"category": "Bedroom", "corners": [[271.0, 171.0], [271.0, 177.0], [270.0, 178.0], [269.0, 178.0], [269.0, 252.0], [268.0, 253.0], [251.0, 253.0], [250.0, 252.0], [250.0, 241.0], [204.0, 241.0], [204.0, 252.0], [203.0, 253.0], [194.0, 253.0], [194.0, 329.0], [299.0, 329.0], [299.0, 225.0], [300.0, 224.0], [306.0, 224.0], [306.0, 207.0], [305.0, 208.0], [300.0, 208.0], [299.0, 207.0], [299.0, 204.0], [300.0, 203.0], [306.0, 203.0], [306.0, 178.0], [297.0, 178.0], [296.0, 177.0], [296.0, 171.0], [271.0, 171.0]], "objects": [{"category": "Cabinet", "position": [301.38304000951086, 195.28238964271634], "size": [9.600042658091219, 33.00014663718861], "angle": -0.009725318891411212}, {"category": "Table", "position": [232.7701, 290.48785], "size": [60.00000000000003, 60.0], "angle": 0.0}]}]}]}