{"seed": 1, "floorplan": [{"rooms": [{"category": "Bedroom", "corners": [[137.0, 203.0], [137.0, 262.0], [211.0, 262.0], [212.0, 263.0], [212.0, 297.0], [363.0, 297.0], [363.0, 203.0], [137.0, 203.0]], "objects": [{"category": "CeilingLamp", "position": [175.9585, 232.0315], "size": [18.008009719848644, 18.008009719848644], "angle": 0.0}, {"category": "PendantLamp", "position": [302.5585, 250.1425], "size": [50.37989959716799, 9.570359802246088], "angle": 0.0}, {"category": "Table", "position": [301.02549999999997, 249.5965], "size": [87.78810424804686, 87.78810424804689], "angle": 0.0}, {"category": "Cabinet", "position": [165.34449999999998, 256.3858502869094], "size": [39.00000000000003, 11.38676948547365], "angle": 3.141592653589793}]}]}]}