{"seed": 1, "floorplan": [{"rooms": [{"category": "Bedroom", "corners": [[189.0, 208.0], [189.0, 292.0], [311.0, 292.0], [311.0, 208.0], [189.0, 208.0]], "objects": [{"category": "Table", "position": [257.04369999999994, 244.8154], "size": [33.60030590251252, 62.400568104666036], "angle": -9.104117114493362e-06}]}]}]}