{"seed": 1, "floorplan": [{"rooms": [{"category": "Bedroom", "corners": [[171.0, 178.0], [171.0, 322.0], [329.0, 322.0], [329.0, 284.0], [268.0, 284.0], [267.0, 283.0], [267.0, 178.0], [171.0, 178.0]], "objects": [{"category": "Table", "position": [220.27945, 246.63594999999998], "size": [60.00054625448656, 60.00054625448656], "angle": -1.5707872226777826}]}]}]}