{"seed": 1, "floorplan": [{"rooms": [{"category": "Bedroom", "corners": [[182.0, 179.0], [182.0, 286.0], [267.0, 286.0], [268.0, 287.0], [268.0, 321.0], [318.0, 321.0], [318.0, 179.0], [182.0, 179.0]], "objects": [{"category": "Cabinet", "position": [310.74103504125674, 244.06937236196742], "size": [100.49911137097756, 13.483532256337659], "angle": -1.570787222677782}, {"category": "PendantLamp", "position": [224.60795015021455, 232.29401443441685], "size": [15.0, 15.0], "angle": 0.0}, {"category": "Table", "position": [225.8776703747813, 241.1185590164236], "size": [62.389498901367176, 31.08690032958981], "angle": 0.0}]}]}]}