{"seed": 1, "floorplan": [{"rooms": [{"category": "Bedroom", "corners": [[192.0, 156.0], [192.0, 345.0], [193.0, 344.0], [200.0, 344.0], [201.0, 345.0], [203.0, 345.0], [204.0, 344.0], [217.0, 344.0], [218.0, 345.0], [220.0, 345.0], [221.0, 344.0], [221.0, 297.0], [222.0, 296.0], [308.0, 296.0], [308.0, 156.0], [192.0, 156.0]], "objects": [{"category": "PendantLamp", "position": [249.99984999999998, 195.2323], "size": [28.891500091552757, 23.217720794677717], "angle": 0.0}]}]}]}