{"seed": 1, "floorplan": [{"rooms": [{"category": "Bedroom", "corners": [[195.0, 210.0], [195.0, 290.0], [305.0, 290.0], [305.0, 210.0], [195.0, 210.0]], "objects": [{"category": "Cabinet", "position": [200.20056691630379, 249.99850000000004], "size": [10.622617156768232, 42.10028105374728], "angle": -9.104117114934015e-06}, {"category": "Table", "position": [248.87349999999998, 249.27550000000002], "size": [48.0, 30.0], "angle": 0.0}, {"category": "PendantLamp", "position": [254.98149999999998, 250.29250000000002], "size": [26.14548110961914, 23.667059326171852], "angle": 0.0}]}]}]}