{"seed": 1, "floorplan": [{"rooms": [{"category": "Bedroom", "corners": [[225.0, 205.0], [225.0, 208.0], [224.0, 209.0], [213.0, 209.0], [213.0, 279.0], [224.0, 279.0], [225.0, 280.0], [225.0, 295.0], [287.0, 295.0], [287.0, 205.0], [225.0, 205.0]], "objects": [{"category": "Table", "position": [265.4551572956418, 260.6601332513745], "size": [42.079499816894554, 23.8472694396973], "angle": 0.0}, {"category": "Chair", "position": [252.10056227539457, 237.82590798240045], "size": [19.418399047851608, 17.3404495239258], "angle": 0.0}, {"category": "Chair", "position": [276.4840616408376, 238.76400798240047], "size": [19.418399047851608, 17.3404495239258], "angle": 0.0}]}]}]}