{"seed": 1, "floorplan": [{"rooms": [{"category": "Bedroom", "corners": [[159.0, 206.0], [159.0, 238.0], [187.0, 238.0], [188.0, 239.0], [188.0, 259.0], [202.0, 259.0], [203.0, 260.0], [203.0, 294.0], [303.0, 294.0], [303.0, 276.0], [304.0, 275.0], [341.0, 275.0], [341.0, 206.0], [159.0, 206.0]], "objects": [{"category": "PendantLamp", "position": [248.80090000000004, 240.1024], "size": [13.452569961547795, 13.457130432128906], "angle": 0.0}, {"category": "Table", "position": [248.1910000000001, 240.26859999999996], "size": [67.00950164794921, 31.029000091552746], "angle": 0.0}, {"category": "Shelf", "position": [336.11620000000005, 266.6573449438123], "size": [108.24248325946452, 6.13163598543459], "angle": -1.5707872226777824}]}]}]}