{"seed": 1, "floorplan": [{"rooms": [{"category": "Bedroom", "corners": [[183.0, 182.0], [183.0, 318.0], [317.0, 318.0], [317.0, 182.0], [183.0, 182.0]], "objects": [{"category": "Cabinet", "position": [267.34058287863735, 215.35689311395862], "size": [98.79450073242185, 67.56119842529296], "angle": 0.0}, {"category": "Table", "position": [252.85493810723847, 263.2119021550286], "size": [41.244598388671875, 22.64007110595702], "angle": 0.0}, {"category": "Cabinet", "position": [189.52375, 235.36704999999998], "size": [12.383272376726364, 23.99007894415043], "angle": -9.10411711856258e-06}]}]}]}