{"seed": 1, "floorplan": [{"rooms": [{"category": "Bedroom", "corners": [[212.0, 211.0], [212.0, 289.0], [288.0, 289.0], [288.0, 211.0], [212.0, 211.0]], "objects": [{"category": "Table", "position": [276.73396977857817, 251.92955295154968], "size": [38.599849404989115, 17.862822080310146], "angle": -1.5707872226777828}, {"category": "PendantLamp", "position": [249.8395, 250.1395], "size": [16.78505973815919, 16.411380386352562], "angle": 0.0}]}]}]}