{"seed": 1, "floorplan": [{"rooms": [{"category": "Bedroom", "corners": [[283.0, 205.0], [283.0, 212.0], [282.0, 213.0], [174.0, 213.0], [174.0, 295.0], [285.0, 295.0], [285.0, 276.0], [286.0, 275.0], [326.0, 275.0], [326.0, 213.0], [310.0, 213.0], [308.0, 211.0], [308.0, 206.0], [309.0, 205.0], [283.0, 205.0]], "objects": [{"category": "PendantLamp", "position": [218.55204999999998, 251.69335], "size": [47.269798278808594, 30.862200164794956], "angle": 0.0}, {"category": "Table", "position": [220.38684999999998, 254.18904999999998], "size": [53.287197875976574, 24.310530853271473], "angle": 0.0}, {"category": "Cabinet", "position": [313.701950300363, 271.1293832061722], "size": [18.0, 7.110000228881802], "angle": 3.141592653589793}, {"category": "Cabinet", "position": [293.79404969963696, 271.1293832061722], "size": [18.0, 7.110000228881802], "angle": 3.141592653589793}]}]}]}