{"seed": 1, "floorplan": [{"rooms": [{"category": "Bedroom", "corners": [[197.0, 216.0], [197.0, 284.0], [303.0, 284.0], [303.0, 216.0], [197.0, 216.0]], "objects": [{"category": "Table", "position": [231.74739684178613, 231.93549206117567], "size": [48.00000000000003, 30.0], "angle": 0.0}, {"category": "Chair", "position": [221.42441963461442, 245.04357835129863], "size": [12.836926211415422, 14.631652352646173], "angle": -3.138912660006042}, {"category": "Chair", "position": [241.7143695690975, 245.04357835129863], "size": [12.836926211415394, 14.631652352646173], "angle": -3.138912660006042}, {"category": "Chair", "position": [269.27798948723785, 228.36249999999998], "size": [12.924720382690396, 15.359460067749012], "angle": 0.0}]}]}]}