{"seed": 1, "floorplan": [{"rooms": [{"category": "Bedroom", "corners": [[210.0, 211.0], [210.0, 222.0], [209.0, 223.0], [203.0, 223.0], [203.0, 275.0], [209.0, 275.0], [210.0, 276.0], [210.0, 289.0], [297.0, 289.0], [297.0, 211.0], [210.0, 211.0]], "objects": [{"category": "Table", "position": [250.73183085134826, 250.93318453900244], "size": [21.000191189070307, 45.00040969086496], "angle": -9.104117114324194e-06}, {"category": "Cabinet", "position": [288.88574755343996, 259.68706793413685], "size": [13.985827173548476, 53.77278875033072], "angle": -3.1415835494726787}, {"category": "PendantLamp", "position": [249.9355, 249.99999999999997], "size": [16.536990231284477, 16.68054164806257], "angle": -1.570787222677779}]}]}]}