{"seed": 1, "floorplan": [{"rooms": [{"category": "Bedroom", "corners": [[158.0, 173.0], [158.0, 327.0], [342.0, 327.0], [342.0, 173.0], [158.0, 173.0]], "objects": [{"category": "PendantLamp", "position": [302.7331, 265.97229999999996], "size": [31.620000457763695, 9.038940238952705], "angle": 0.0}]}]}]}