{"seed": 1, "floorplan": [{"rooms": [{"category": "Bedroom", "corners": [[222.0, 183.0], [222.0, 278.0], [221.0, 279.0], [188.0, 279.0], [188.0, 317.0], [312.0, 317.0], [312.0, 183.0], [222.0, 183.0]], "objects": [{"category": "Table", "position": [267.4600312452791, 243.03711841721747], "size": [43.855898538632104, 43.853499835153286], "angle": -1.5708054309120105}, {"category": "Cabinet", "position": [229.78149999999997, 216.44400000000002], "size": [64.20058449230062, 10.263843901425929], "angle": -1.5708054309120112}, {"category": "PendantLamp", "position": [268.3675, 228.81400000000002], "size": [40.38690032958985, 38.89080047607422], "angle": 0.0}, {"category": "PendantLamp", "position": [268.3675, 255.71500000000003], "size": [40.38690032958985, 38.89080047607422], "angle": 0.0}]}]}]}