{"seed": 1, "floorplan": [{"rooms": [{"category": "Bedroom", "corners": [[168.0, 203.0], [168.0, 240.0], [167.0, 241.0], [178.0, 241.0], [179.0, 242.0], [179.0, 263.0], [194.0, 263.0], [195.0, 264.0], [195.0, 296.0], [194.0, 297.0], [294.0, 297.0], [294.0, 279.0], [295.0, 278.0], [332.0, 278.0], [332.0, 204.0], [333.0, 203.0], [168.0, 203.0]], "objects": [{"category": "PendantLamp", "position": [239.47390000000001, 235.51420000000002], "size": [47.269798278808594, 30.862200164794928], "angle": 0.0}, {"category": "Table", "position": [239.1757, 237.01630000000003], "size": [53.28719787597652, 24.310530853271473], "angle": 0.0}]}]}]}