{"seed": 1, "floorplan": [{"rooms": [{"category": "Bedroom", "corners": [[137.0, 203.0], [137.0, 262.0], [212.0, 262.0], [213.0, 263.0], [213.0, 296.0], [212.0, 297.0], [363.0, 297.0], [363.0, 203.0], [137.0, 203.0]], "objects": [{"category": "CeilingLamp", "position": [175.9585, 232.0315], "size": [20.661660003662092, 20.7099609375], "angle": 0.0}, {"category": "PendantLamp", "position": [302.5585, 250.1425], "size": [31.665600585937455, 31.66560058593751], "angle": 0.0}, {"category": "Table", "position": [301.02549999999997, 249.5965], "size": [87.78810424804686, 87.78810424804689], "angle": 0.0}, {"category": "Cabinet", "position": [165.3445, 257.0185], "size": [31.80000000000001, 9.600029754638683], "angle": 3.141592653589793}]}]}]}