{"seed": 1, "floorplan": [{"rooms": [{"category": "Bedroom", "corners": [[194.0, 215.0], [194.0, 280.0], [193.0, 281.0], [193.0, 284.0], [306.0, 284.0], [307.0, 285.0], [307.0, 235.0], [303.0, 235.0], [302.0, 234.0], [302.0, 216.0], [195.0, 216.0], [194.0, 215.0]], "objects": [{"category": "Table", "position": [234.63874485832434, 248.80558840926156], "size": [60.0, 59.99999999999997], "angle": 0.0}]}]}]}