{"seed": 1, "floorplan": [{"rooms": [{"category": "Bedroom", "corners": [[184.0, 181.0], [166.0, 199.0], [165.0, 199.0], [122.0, 242.0], [121.0, 242.0], [105.0, 258.0], [107.0, 260.0], [107.0, 259.0], [106.0, 258.0], [107.0, 257.0], [108.0, 257.0], [109.0, 256.0], [110.0, 257.0], [110.0, 258.0], [111.0, 259.0], [111.0, 260.0], [113.0, 262.0], [113.0, 263.0], [114.0, 264.0], [114.0, 265.0], [116.0, 267.0], [116.0, 268.0], [118.0, 270.0], [118.0, 271.0], [119.0, 272.0], [119.0, 273.0], [121.0, 275.0], [121.0, 276.0], [123.0, 278.0], [123.0, 279.0], [124.0, 280.0], [124.0, 281.0], [126.0, 283.0], [126.0, 284.0], [128.0, 286.0], [128.0, 287.0], [129.0, 288.0], [129.0, 289.0], [131.0, 291.0], [131.0, 292.0], [133.0, 294.0], [133.0, 295.0], [134.0, 296.0], [134.0, 297.0], [136.0, 299.0], [136.0, 300.0], [138.0, 302.0], [138.0, 303.0], [139.0, 304.0], [139.0, 305.0], [141.0, 307.0], [141.0, 308.0], [143.0, 310.0], [143.0, 311.0], [144.0, 312.0], [144.0, 313.0], [146.0, 315.0], [146.0, 316.0], [148.0, 318.0], [148.0, 319.0], [346.0, 319.0], [346.0, 318.0], [350.0, 314.0], [350.0, 313.0], [353.0, 310.0], [353.0, 309.0], [357.0, 305.0], [357.0, 304.0], [361.0, 300.0], [361.0, 299.0], [364.0, 296.0], [364.0, 295.0], [368.0, 291.0], [368.0, 290.0], [371.0, 287.0], [371.0, 286.0], [375.0, 282.0], [375.0, 281.0], [379.0, 277.0], [379.0, 276.0], [382.0, 273.0], [382.0, 272.0], [386.0, 268.0], [386.0, 267.0], [389.0, 264.0], [389.0, 263.0], [391.0, 261.0], [391.0, 260.0], [394.0, 257.0], [394.0, 255.0], [391.0, 252.0], [390.0, 252.0], [385.0, 247.0], [384.0, 247.0], [380.0, 243.0], [379.0, 243.0], [374.0, 238.0], [373.0, 238.0], [368.0, 233.0], [367.0, 233.0], [363.0, 229.0], [362.0, 229.0], [357.0, 224.0], [356.0, 224.0], [352.0, 220.0], [351.0, 220.0], [346.0, 215.0], [345.0, 215.0], [341.0, 211.0], [340.0, 211.0], [335.0, 206.0], [334.0, 206.0], [329.0, 201.0], [328.0, 201.0], [324.0, 197.0], [323.0, 197.0], [318.0, 192.0], [317.0, 192.0], [313.0, 188.0], [310.0, 188.0], [309.0, 187.0], [309.0, 182.0], [227.0, 182.0], [226.0, 181.0], [184.0, 181.0]], "objects": [{"category": "PendantLamp", "position": [173.33819662617287, 297.19949610647643], "size": [20.219549560546852, 20.22011947631836], "angle": 0.0}, {"category": "PendantLamp", "position": [242.22230267206282, 244.48660078408545], "size": [16.021225495397317, 16.10294621009877], "angle": -9.104117113990887e-06}, {"category": "PendantLamp", "position": [319.3009103431084, 295.90880790003723], "size": [27.055320739746094, 27.46362075805655], "angle": 0.0}, {"category": "Table", "position": [213.8917299773574, 245.9716410341334], "size": [39.01859893798829, 27.910530853271496], "angle": 0.0}]}]}]}