{"seed": 1, "floorplan": [{"rooms": [{"category": "Bedroom", "corners": [[196.0, 207.0], [196.0, 213.0], [195.0, 214.0], [181.0, 214.0], [181.0, 234.0], [180.0, 235.0], [174.0, 235.0], [174.0, 262.0], [180.0, 262.0], [181.0, 263.0], [181.0, 286.0], [189.0, 286.0], [190.0, 287.0], [190.0, 293.0], [218.0, 293.0], [218.0, 287.0], [219.0, 286.0], [326.0, 286.0], [326.0, 214.0], [305.0, 214.0], [304.0, 213.0], [304.0, 207.0], [196.0, 207.0]], "objects": [{"category": "Table", "position": [285.58000000000004, 246.24505000000002], "size": [36.52710113525387, 36.326998901367176], "angle": 0.0}, {"category": "PendantLamp", "position": [250.00000000000003, 250.00015000000002], "size": [27.67229919433595, 32.7002998352051], "angle": 0.0}, {"category": "PendantLamp", "position": [298.9057, 250.00015000000002], "size": [47.2702286344651, 30.86248114171671], "angle": -1.5707872226777815}]}]}]}