{"seed": 1, "floorplan": [{"rooms": [{"category": "Bedroom", "corners": [[208.0, 224.0], [208.0, 275.0], [207.0, 276.0], [255.0, 276.0], [255.0, 265.0], [256.0, 264.0], [292.0, 264.0], [292.0, 225.0], [293.0, 224.0], [208.0, 224.0]], "objects": [{"category": "PendantLamp", "position": [258.91555000000005, 242.04880000000003], "size": [24.633270263671875, 24.633270263671875], "angle": 0.0}, {"category": "Table", "position": [257.95971922293677, 243.33744328359103], "size": [30.608100128173817, 30.313499450683565], "angle": 3.141592653589793}, {"category": "Shelf", "position": [286.9824695619929, 243.51995508026712], "size": [15.69650330079371, 7.853501675305762], "angle": -1.570787222677779}]}]}]}