{"seed": 1, "floorplan": [{"rooms": [{"category": "Bedroom", "corners": [[213.0, 220.0], [213.0, 280.0], [287.0, 280.0], [287.0, 220.0], [213.0, 220.0]], "objects": [{"category": "Table", "position": [235.16947807310243, 256.6448020980816], "size": [41.092799377441395, 22.868909454345697], "angle": 3.141592653589793}, {"category": "Chair", "position": [261.4798495705338, 262.5420607311281], "size": [14.73626976013179, 15.248040390014637], "angle": 3.141592653589793}, {"category": "Chair", "position": [279.40192486263504, 260.9560621206811], "size": [14.736403922689691, 15.248179211855865], "angle": -1.5707872226777801}, {"category": "PendantLamp", "position": [250.0, 250.0], "size": [4.325859447854971, 30.737380057708236], "angle": -9.10411711246853e-06}]}]}]}