{"seed": 1, "floorplan": [{"rooms": [{"category": "Bedroom", "corners": [[199.0, 198.0], [199.0, 302.0], [301.0, 302.0], [301.0, 198.0], [199.0, 198.0]], "objects": [{"category": "Cabinet", "position": [204.7536755110027, 289.4020839384219], "size": [10.53108763884391, 23.48820298244302], "angle": -0.0002636813270622689}, {"category": "Cabinet", "position": [295.3478359582592, 279.5130127439192], "size": [10.482275836964291, 44.33920524586188], "angle": -3.141583549472679}, {"category": "Table", "position": [250.32088810026713, 243.7898436630571], "size": [26.699792181924686, 42.4503864750493], "angle": -9.104117114039132e-06}]}]}]}