{"seed": 1, "floorplan": [{"rooms": [{"category": "Bedroom", "corners": [[199.0, 133.0], [199.0, 135.0], [198.0, 136.0], [198.0, 141.0], [197.0, 142.0], [192.0, 142.0], [192.0, 168.0], [193.0, 167.0], [195.0, 167.0], [196.0, 168.0], [197.0, 168.0], [198.0, 169.0], [198.0, 178.0], [210.0, 178.0], [211.0, 179.0], [211.0, 331.0], [210.0, 332.0], [209.0, 332.0], [208.0, 333.0], [206.0, 333.0], [205.0, 332.0], [205.0, 361.0], [210.0, 361.0], [211.0, 362.0], [211.0, 364.0], [212.0, 365.0], [212.0, 367.0], [241.0, 367.0], [241.0, 365.0], [242.0, 364.0], [302.0, 364.0], [302.0, 310.0], [248.0, 310.0], [247.0, 309.0], [247.0, 305.0], [248.0, 304.0], [302.0, 304.0], [302.0, 216.0], [303.0, 215.0], [308.0, 215.0], [308.0, 182.0], [303.0, 182.0], [302.0, 181.0], [302.0, 178.0], [301.0, 177.0], [301.0, 172.0], [273.0, 172.0], [273.0, 177.0], [272.0, 178.0], [230.0, 178.0], [229.0, 177.0], [229.0, 166.0], [230.0, 165.0], [232.0, 165.0], [233.0, 164.0], [245.0, 164.0], [246.0, 165.0], [247.0, 165.0], [247.0, 136.0], [226.0, 136.0], [225.0, 135.0], [225.0, 133.0], [199.0, 133.0]], "objects": [{"category": "PendantLamp", "position": [265.0, 266.60290000000003], "size": [12.0, 12.0], "angle": 0.0}, {"category": "Sofa", "position": [294.84358231276616, 263.429261123415], "size": [31.43248678890213, 10.989280040823694], "angle": -1.5707872226777808}, {"category": "Table", "position": [257.7045682559418, 264.86066959207466], "size": [50.16629791259763, 29.55005950927736], "angle": 0.0}]}]}]}