{"seed": 1, "floorplan": [{"rooms": [{"category": "Bedroom", "corners": [[179.0, 166.0], [179.0, 239.0], [178.0, 240.0], [178.0, 274.0], [196.0, 274.0], [197.0, 275.0], [197.0, 278.0], [198.0, 277.0], [217.0, 277.0], [218.0, 278.0], [218.0, 275.0], [219.0, 274.0], [223.0, 274.0], [224.0, 275.0], [224.0, 334.0], [322.0, 334.0], [322.0, 244.0], [290.0, 244.0], [289.0, 243.0], [289.0, 242.0], [288.0, 242.0], [287.0, 243.0], [216.0, 243.0], [215.0, 242.0], [215.0, 173.0], [205.0, 173.0], [204.0, 172.0], [204.0, 166.0], [179.0, 166.0]], "objects": [{"category": "Sofa", "position": [281.1416485310381, 267.3740573948264], "size": [32.04689133883739, 32.703898052752564], "angle": -3.141583549472679}, {"category": "Sofa", "position": [309.0681043245878, 303.00684389758135], "size": [26.86953478563786, 63.26667401229249], "angle": -3.1415835494726787}, {"category": "Sofa", "position": [309.5292327018951, 261.8794933641795], "size": [32.22869383628132, 26.594942747134123], "angle": -1.5707872226777833}, {"category": "Table", "position": [271.40125, 308.8048], "size": [39.3594602024422, 47.122030874116376], "angle": -1.5707872226777821}]}]}]}