{"seed": 1, "floorplan": [{"rooms": [{"category": "Livingroom", "corners": [[124.0, 186.0], [124.0, 272.0], [123.0, 273.0], [116.0, 273.0], [116.0, 297.0], [123.0, 297.0], [124.0, 298.0], [124.0, 307.0], [227.0, 307.0], [228.0, 308.0], [228.0, 314.0], [252.0, 314.0], [252.0, 308.0], [253.0, 307.0], [278.0, 307.0], [279.0, 308.0], [279.0, 309.0], [319.0, 309.0], [320.0, 310.0], [320.0, 312.0], [327.0, 312.0], [328.0, 313.0], [332.0, 313.0], [333.0, 312.0], [339.0, 312.0], [340.0, 313.0], [344.0, 313.0], [344.0, 310.0], [345.0, 309.0], [347.0, 309.0], [347.0, 304.0], [348.0, 303.0], [349.0, 303.0], [349.0, 270.0], [350.0, 269.0], [353.0, 269.0], [354.0, 270.0], [354.0, 273.0], [378.0, 273.0], [378.0, 270.0], [379.0, 269.0], [384.0, 269.0], [384.0, 233.0], [374.0, 233.0], [373.0, 232.0], [373.0, 229.0], [349.0, 229.0], [349.0, 232.0], [348.0, 233.0], [294.0, 233.0], [294.0, 270.0], [293.0, 271.0], [292.0, 271.0], [291.0, 270.0], [291.0, 186.0], [124.0, 186.0]], "objects": [{"category": "Mutli-SeatSofa", "position": [232.02175, 207.5371], "size": [74.71529846191407, 25.97222900390625], "angle": 0.0}, {"category": "CoffeeTable", "position": [227.19804999999997, 241.62490000000003], "size": [41.38140106201172, 39.6720016479492], "angle": 3.141592653589793}]}]}]}