{"seed": 1, "floorplan": [{"rooms": [{"category": "Livingroom", "corners": [[231.0, 186.0], [231.0, 311.0], [230.0, 312.0], [230.0, 314.0], [270.0, 314.0], [269.0, 313.0], [269.0, 207.0], [247.0, 207.0], [246.0, 206.0], [246.0, 186.0], [231.0, 186.0]], "objects": [{"category": "DiningChair", "position": [244.29865, 227.89524999999998], "size": [24.807077118391334, 23.04627934626688], "angle": -0.36400718820584493}, {"category": "DiningChair", "position": [244.52575000000002, 276.84805], "size": [23.046246783167188, 24.807042067383193], "angle": -1.183701658435313}]}]}]}