{"seed": 1, "floorplan": [{"rooms": [{"category": "Livingroom", "corners": [[182.0, 177.0], [182.0, 291.0], [281.0, 291.0], [282.0, 292.0], [282.0, 323.0], [318.0, 323.0], [318.0, 177.0], [182.0, 177.0]], "objects": [{"category": "TVStand", "position": [237.4567, 284.8759000376383], "size": [54.0, 12.42803993225101], "angle": 3.141592653589793}, {"category": "PendantLamp", "position": [236.4397, 228.4462], "size": [14.368740463256842, 14.368740463256842], "angle": 0.0}, {"category": "CoffeeTable", "position": [221.77840054603854, 261.48866422647797], "size": [41.38140106201172, 39.6720016479492], "angle": 0.0}, {"category": "Mutli-SeatSofa", "position": [232.16125157585162, 206.11039238510114], "size": [97.94939575195312, 48.242999267578114], "angle": 0.0}]}]}]}