{"seed": 1, "floorplan": [{"rooms": [{"category": "Livingroom", "corners": [[169.0, 124.0], [169.0, 237.0], [168.0, 238.0], [111.0, 238.0], [111.0, 304.0], [166.0, 304.0], [167.0, 305.0], [167.0, 307.0], [166.0, 308.0], [148.0, 308.0], [148.0, 370.0], [172.0, 370.0], [173.0, 371.0], [173.0, 376.0], [202.0, 376.0], [202.0, 371.0], [203.0, 370.0], [389.0, 370.0], [389.0, 304.0], [329.0, 304.0], [328.0, 303.0], [328.0, 238.0], [290.0, 238.0], [289.0, 237.0], [289.0, 124.0], [169.0, 124.0]], "objects": [{"category": "DiningTable", "position": [261.84169026450917, 295.3724881072202], "size": [64.02960205078125, 24.634439849853493], "angle": 0.0}, {"category": "DiningChair", "position": [246.55591415470963, 318.55694765710564], "size": [13.227540206909197, 14.217269897460938], "angle": 0.0}, {"category": "DiningChair", "position": [272.2328929047594, 318.89564765710566], "size": [13.227540206909225, 14.21726989746088], "angle": 0.0}]}]}]}