{"seed": 1, "floorplan": [{"rooms": [{"category": "Livingroom", "corners": [[230.0, 228.0], [230.0, 272.0], [270.0, 272.0], [270.0, 228.0], [230.0, 228.0]], "objects": [{"category": "CeilingLamp", "position": [249.41635987654544, 249.38319634488613], "size": [12.103620529174805, 12.139139556884743], "angle": 0.0}, {"category": "CornerSideTable", "position": [264.3380735554037, 244.14556949921183], "size": [30.48357754563386, 12.000109250897358], "angle": -1.570787222677781}]}]}]}