{"seed": 1, "floorplan": [{"rooms": [{"category": "Livingroom", "corners": [[231.0, 202.0], [231.0, 298.0], [269.0, 298.0], [269.0, 202.0], [231.0, 202.0]], "objects": [{"category": "Mutli-SeatSofa", "position": [255.23796654842576, 247.70545], "size": [28.057785654931703, 23.515803996393288], "angle": -3.141583549472679}, {"category": "Cabinet", "position": [250.52695, 292.54300010579345], "size": [27.008070373535134, 12.024929809570324], "angle": 3.141592653589793}]}]}]}