{"seed": 1, "floorplan": [{"rooms": [{"category": "Livingroom", "corners": [[225.0, 196.0], [225.0, 304.0], [275.0, 304.0], [275.0, 196.0], [225.0, 196.0]], "objects": [{"category": "LazySofa", "position": [250.7574983785136, 269.3250612343889], "size": [28.350760898597855, 26.954336725097953], "angle": -0.5826493545939945}, {"category": "CornerSideTable", "position": [249.66468010824582, 239.82738584072317], "size": [17.890902704002634, 17.890902704002606], "angle": -9.104117115537642e-06}]}]}]}