{"seed": 1, "floorplan": [{"rooms": [{"category": "Livingroom", "corners": [[205.0, 180.0], [205.0, 320.0], [295.0, 320.0], [295.0, 180.0], [205.0, 180.0]], "objects": [{"category": "PendantLamp", "position": [244.47400000000005, 245.221], "size": [23.534790802001964, 23.73261108398438], "angle": 0.0}, {"category": "TVStand", "position": [215.7011486796461, 218.40110657876653], "size": [60.00054625448659, 9.000081938172976], "angle": -1.570805430912011}, {"category": "Cabinet", "position": [211.43279799747287, 263.03927891190637], "size": [38.64035270342502, 36.00032775269196], "angle": -9.104117114039682e-06}]}]}]}