{"seed": 1, "floorplan": [{"rooms": [{"category": "Livingroom", "corners": [[220.0, 220.0], [220.0, 280.0], [280.0, 280.0], [280.0, 220.0], [220.0, 220.0]], "objects": [{"category": "Cabinet", "position": [249.97873525684173, 261.9597928978504], "size": [78.00071013083254, 58.80293403287567], "angle": -1.5707872226777821}, {"category": "DiningChair", "position": [268.14197400734315, 273.8212445969933], "size": [9.609510040283194, 11.558340454101536], "angle": -0.2544377421316375}, {"category": "PendantLamp", "position": [249.96694388980495, 246.94963700720058], "size": [23.026139831542963, 23.026139831542963], "angle": 0.0}, {"category": "PendantLamp", "position": [253.56005410858427, 265.20848233444093], "size": [37.080899047851545, 10.066799926757824], "angle": 3.141592653589793}]}]}]}