{"seed": 1, "floorplan": [{"rooms": [{"category": "Livingroom", "corners": [[189.0, 174.0], [189.0, 268.0], [222.0, 268.0], [223.0, 269.0], [223.0, 276.0], [224.0, 276.0], [226.0, 278.0], [227.0, 278.0], [228.0, 279.0], [229.0, 279.0], [230.0, 280.0], [231.0, 280.0], [233.0, 282.0], [234.0, 282.0], [235.0, 283.0], [236.0, 283.0], [237.0, 284.0], [238.0, 284.0], [240.0, 286.0], [241.0, 286.0], [242.0, 287.0], [243.0, 287.0], [244.0, 288.0], [245.0, 288.0], [247.0, 290.0], [248.0, 290.0], [249.0, 291.0], [250.0, 291.0], [251.0, 292.0], [252.0, 292.0], [254.0, 294.0], [255.0, 294.0], [256.0, 295.0], [257.0, 295.0], [258.0, 296.0], [259.0, 296.0], [261.0, 298.0], [262.0, 298.0], [263.0, 299.0], [264.0, 299.0], [265.0, 300.0], [266.0, 300.0], [268.0, 302.0], [269.0, 302.0], [270.0, 303.0], [271.0, 303.0], [272.0, 304.0], [273.0, 304.0], [275.0, 306.0], [276.0, 306.0], [277.0, 307.0], [278.0, 307.0], [279.0, 308.0], [280.0, 308.0], [281.0, 309.0], [282.0, 309.0], [284.0, 311.0], [285.0, 311.0], [286.0, 312.0], [287.0, 312.0], [288.0, 313.0], [289.0, 313.0], [291.0, 315.0], [292.0, 315.0], [293.0, 316.0], [294.0, 316.0], [295.0, 317.0], [296.0, 317.0], [298.0, 319.0], [299.0, 319.0], [300.0, 320.0], [301.0, 320.0], [302.0, 321.0], [303.0, 321.0], [305.0, 323.0], [306.0, 323.0], [307.0, 324.0], [308.0, 324.0], [309.0, 325.0], [310.0, 325.0], [311.0, 326.0], [311.0, 301.0], [311.0, 323.0], [310.0, 324.0], [309.0, 323.0], [309.0, 322.0], [308.0, 321.0], [308.0, 320.0], [307.0, 319.0], [307.0, 318.0], [306.0, 317.0], [306.0, 316.0], [305.0, 315.0], [305.0, 314.0], [304.0, 313.0], [304.0, 312.0], [303.0, 311.0], [303.0, 309.0], [302.0, 308.0], [302.0, 307.0], [301.0, 306.0], [301.0, 305.0], [300.0, 304.0], [300.0, 303.0], [299.0, 302.0], [299.0, 301.0], [298.0, 300.0], [298.0, 299.0], [297.0, 298.0], [297.0, 297.0], [296.0, 296.0], [296.0, 295.0], [295.0, 294.0], [295.0, 293.0], [294.0, 292.0], [294.0, 291.0], [293.0, 290.0], [293.0, 289.0], [292.0, 288.0], [292.0, 287.0], [291.0, 286.0], [291.0, 285.0], [290.0, 284.0], [290.0, 283.0], [289.0, 282.0], [289.0, 281.0], [288.0, 280.0], [288.0, 279.0], [287.0, 278.0], [287.0, 277.0], [288.0, 276.0], [311.0, 276.0], [311.0, 247.0], [276.0, 247.0], [275.0, 246.0], [275.0, 174.0], [189.0, 174.0]], "objects": [{"category": "Mutli-SeatSofa", "position": [201.8129968447075, 207.5227472649589], "size": [28.160295896062486, 53.106484771596], "angle": -9.104117114648963e-06}, {"category": "CoffeeTable", "position": [238.8559812939591, 204.96567086025777], "size": [41.26117429329253, 26.596171853783137], "angle": -1.5707872226777828}, {"category": "TVStand", "position": [269.9506283291379, 203.38789686129564], "size": [49.43025196176929, 13.09022957286445], "angle": -1.5707872226777824}, {"category": "CeilingLamp", "position": [232.99779999999998, 226.4914], "size": [18.09044952392577, 18.09044952392577], "angle": 0.0}]}]}]}