{"seed": 1, "floorplan": [{"rooms": [{"category": "Livingroom", "corners": [[185.0, 229.0], [185.0, 271.0], [315.0, 271.0], [315.0, 229.0], [185.0, 229.0]], "objects": [{"category": "DiningChair", "position": [270.9999889499792, 251.91700027379392], "size": [23.418873945225606, 26.284379311805193], "angle": -1.5707872226777844}, {"category": "DiningChair", "position": [219.2530110500208, 251.79400038070395], "size": [26.28437931180522, 23.418873945225606], "angle": -9.10411711397421e-06}, {"category": "CoffeeTable", "position": [245.22400000000002, 252.23199873911582], "size": [19.401628875732456, 11.235270309448225], "angle": 0.0}]}]}]}