{"seed": 1, "floorplan": [{"rooms": [{"category": "Livingroom", "corners": [[200.0, 234.0], [200.0, 266.0], [300.0, 266.0], [300.0, 234.0], [200.0, 234.0]], "objects": [{"category": "DiningChair", "position": [229.7342506556825, 250.54955845272957], "size": [23.410968251840554, 25.744010718837774], "angle": -0.9655984075277814}, {"category": "CoffeeTable", "position": [251.98464849075066, 251.74509996176732], "size": [19.179329681396496, 19.178039932250954], "angle": 0.0}]}]}]}