{"seed": 1, "floorplan": [{"rooms": [{"category": "Livingroom", "corners": [[168.0, 158.0], [168.0, 192.0], [210.0, 192.0], [211.0, 193.0], [211.0, 342.0], [332.0, 342.0], [332.0, 158.0], [168.0, 158.0]], "objects": [{"category": "CoffeeTable", "position": [276.781849311891, 267.9539117144459], "size": [11.630295779686733, 9.650097392759934], "angle": -1.5707872226777815}, {"category": "TVStand", "position": [219.3145, 272.12995], "size": [15.300139294894068, 54.000491629037974], "angle": -9.104117112785039e-06}, {"category": "Mutli-SeatSofa", "position": [303.22767945871317, 282.3065742411463], "size": [47.06112944075378, 108.26258842297388], "angle": -3.141583549472679}, {"category": "PendantLamp", "position": [267.9748, 268.12405], "size": [42.12360076904295, 42.64649963378909], "angle": 0.0}]}]}]}