{"seed": 1, "floorplan": [{"rooms": [{"category": "Livingroom", "corners": [[189.0, 178.0], [189.0, 184.0], [187.0, 186.0], [182.0, 186.0], [182.0, 322.0], [318.0, 322.0], [318.0, 185.0], [290.0, 185.0], [289.0, 186.0], [286.0, 186.0], [285.0, 185.0], [284.0, 186.0], [275.0, 186.0], [274.0, 185.0], [274.0, 178.0], [189.0, 178.0]], "objects": [{"category": "Mutli-SeatSofa", "position": [199.64544488211098, 238.25743665850445], "size": [29.87805140294506, 71.95145461799805], "angle": -9.104117113813769e-06}, {"category": "LazySofa", "position": [229.52985869719174, 302.4414013084957], "size": [19.227571105957026, 20.265600585937477], "angle": 3.141592653589793}, {"category": "CoffeeTable", "position": [246.89440000000002, 241.63599999999997], "size": [53.604188277377, 32.77769938383125], "angle": -1.5707872226777828}, {"category": "PendantLamp", "position": [249.98049999999995, 253.5985], "size": [24.56702957153317, 11.062020492553728], "angle": 0.0}]}]}]}