{"seed": 1, "floorplan": [{"rooms": [{"category": "Livingroom", "corners": [[216.0, 222.0], [216.0, 278.0], [284.0, 278.0], [284.0, 222.0], [216.0, 222.0]], "objects": [{"category": "Cabinet", "position": [275.1867700759888, 264.066324963379], "size": [27.827203416514255, 17.622520286241294], "angle": -1.5707872226777821}]}]}]}