{"seed": 1, "floorplan": [{"rooms": [{"category": "Livingroom", "corners": [[184.0, 157.0], [184.0, 247.0], [183.0, 248.0], [181.0, 248.0], [181.0, 343.0], [319.0, 343.0], [319.0, 252.0], [266.0, 252.0], [265.0, 251.0], [265.0, 157.0], [184.0, 157.0]], "objects": [{"category": "Cabinet", "position": [312.33878334795327, 311.20720000000006], "size": [13.748915150330893, 28.50551006799977], "angle": -3.1415835494726796}, {"category": "PendantLamp", "position": [292.18600000000004, 297.40600000000006], "size": [15.303210067749035, 15.08414955139159], "angle": 0.0}, {"category": "CeilingLamp", "position": [306.2002, 259.88740000000007], "size": [15.06000022888179, 3.9631732006428706], "angle": 3.141592653589793}]}]}]}