{"seed": 1, "floorplan": [{"rooms": [{"category": "Livingroom", "corners": [[199.0, 153.0], [199.0, 340.0], [240.0, 340.0], [241.0, 341.0], [241.0, 347.0], [241.0, 341.0], [242.0, 340.0], [250.0, 340.0], [250.0, 260.0], [233.0, 260.0], [232.0, 259.0], [233.0, 258.0], [301.0, 258.0], [301.0, 153.0], [199.0, 153.0]], "objects": [{"category": "Mutli-SeatSofa", "position": [257.62625717713746, 168.00170828347535], "size": [69.91230010986328, 25.319609069824224], "angle": 0.0}, {"category": "CoffeeTable", "position": [256.59400000000005, 206.79399999999998], "size": [36.0, 12.599999999999994], "angle": 0.0}, {"category": "CoffeeTable", "position": [212.8303438386154, 161.8255828751863], "size": [15.557040023803722, 14.703900146484358], "angle": 0.0}, {"category": "PendantLamp", "position": [274.909, 227.239], "size": [18.393779754638672, 18.18456001281737], "angle": 3.141592653589793}]}]}]}