{"seed": 1, "floorplan": [{"rooms": [{"category": "Livingroom", "corners": [[186.0, 194.0], [186.0, 306.0], [314.0, 306.0], [314.0, 194.0], [186.0, 194.0]], "objects": [{"category": "LoungeChair", "position": [217.4060456480478, 286.1575542640542], "size": [57.84172685660015, 41.68267776451605], "angle": -9.10411711372401e-06}, {"category": "Mutli-SeatSofa", "position": [202.82335980604284, 243.6576282119149], "size": [29.030814685661415, 59.7812434156336], "angle": -9.10411711423675e-06}, {"category": "TVStand", "position": [307.70500000000004, 245.91700000000003], "size": [9.05849254227901, 68.33342241128108], "angle": -3.141583549472681}, {"category": "DiningTable", "position": [248.31574114953736, 240.75122512701586], "size": [38.0712465700441, 55.64930729929687], "angle": -9.104117114341724e-06}]}]}]}