{"seed": 1, "floorplan": [{"rooms": [{"category": "Livingroom", "corners": [[232.0, 180.0], [232.0, 319.0], [231.0, 320.0], [268.0, 320.0], [268.0, 181.0], [269.0, 180.0], [232.0, 180.0]], "objects": [{"category": "LazySofa", "position": [249.45825791792004, 230.53119999999998], "size": [25.890328131156174, 31.561139016560276], "angle": -1.4326443147947499}]}]}]}