{"seed": 1, "floorplan": [{"rooms": [{"category": "Livingroom", "corners": [[132.0, 155.0], [132.0, 187.0], [133.0, 188.0], [191.0, 188.0], [192.0, 189.0], [192.0, 345.0], [318.0, 345.0], [318.0, 193.0], [319.0, 192.0], [368.0, 192.0], [368.0, 155.0], [132.0, 155.0]], "objects": [{"category": "DiningChair", "position": [269.58300216876995, 239.20671904442946], "size": [18.60066244538411, 17.174048557485456], "angle": -0.3640831119319309}]}]}]}