{"seed": 1, "floorplan": [{"rooms": [{"category": "Livingroom", "corners": [[297.0, 185.0], [296.0, 186.0], [207.0, 186.0], [207.0, 249.0], [206.0, 250.0], [200.0, 250.0], [200.0, 276.0], [206.0, 276.0], [207.0, 277.0], [207.0, 280.0], [206.0, 281.0], [204.0, 281.0], [206.0, 281.0], [207.0, 282.0], [207.0, 315.0], [208.0, 314.0], [300.0, 314.0], [300.0, 218.0], [298.0, 218.0], [297.0, 217.0], [297.0, 185.0]], "objects": [{"category": "Armchair", "position": [264.20417362721594, 269.32297446858354], "size": [14.446049880981434, 17.1132900238037], "angle": 0.0}, {"category": "Armchair", "position": [248.01903410566806, 269.5820907693394], "size": [14.446049880981434, 17.1132900238037], "angle": 0.0}, {"category": "DiningTable", "position": [255.95469084219292, 285.25382157422536], "size": [53.287197875976545, 24.310530853271473], "angle": 0.0}, {"category": "PendantLamp", "position": [254.17182209487433, 285.667001952117], "size": [27.67229919433595, 32.700299835205044], "angle": 0.0}]}]}]}