{"seed": 1, "floorplan": [{"rooms": [{"category": "Livingroom", "corners": [[195.0, 119.0], [195.0, 125.0], [194.0, 126.0], [182.0, 126.0], [182.0, 163.0], [190.0, 163.0], [191.0, 164.0], [191.0, 169.0], [190.0, 170.0], [124.0, 170.0], [124.0, 381.0], [233.0, 381.0], [233.0, 279.0], [234.0, 278.0], [376.0, 278.0], [376.0, 244.0], [223.0, 244.0], [222.0, 243.0], [222.0, 126.0], [221.0, 126.0], [220.0, 125.0], [220.0, 119.0], [195.0, 119.0]], "objects": [{"category": "PendantLamp", "position": [182.89974999999998, 323.93395000000004], "size": [28.676669311523483, 23.29923019409182], "angle": 0.0}, {"category": "PendantLamp", "position": [150.86965, 207.03145], "size": [4.53022131663754, 29.161525714542513], "angle": -3.141583549472682}, {"category": "Cabinet", "position": [188.43708008564408, 150.96853461538635], "size": [13.074388516779726, 48.60044246613415], "angle": -9.10411711539823e-06}]}]}]}