{"seed": 1, "floorplan": [{"rooms": [{"category": "Livingroom", "corners": [[229.0, 203.0], [229.0, 297.0], [264.0, 297.0], [264.0, 282.0], [265.0, 281.0], [271.0, 281.0], [271.0, 207.0], [265.0, 207.0], [264.0, 206.0], [264.0, 203.0], [229.0, 203.0]], "objects": [{"category": "LazySofa", "position": [247.00453577231664, 260.8312771510118], "size": [24.597719516500025, 24.11358532061585], "angle": -0.6100440950401724}, {"category": "LazySofa", "position": [246.4265371370189, 224.03588348685713], "size": [24.113749655946304, 24.597887151230058], "angle": -0.9750255115385585}, {"category": "CornerSideTable", "position": [240.2312338508155, 242.6205345239968], "size": [15.237599945068325, 15.30827980041505], "angle": 0.0}]}]}]}