{"seed": 1, "floorplan": [{"rooms": [{"category": "Livingroom", "corners": [[216.0, 214.0], [215.0, 215.0], [215.0, 286.0], [282.0, 286.0], [283.0, 285.0], [283.0, 284.0], [285.0, 282.0], [285.0, 214.0], [216.0, 214.0]], "objects": [{"category": "CeilingLamp", "position": [240.21715, 241.48870000000002], "size": [17.46887969970703, 17.425529479980497], "angle": 3.141592653589793}, {"category": "DiningTable", "position": [256.93015, 247.9948], "size": [24.489103110148342, 54.03589081606385], "angle": -9.104117113693077e-06}]}]}]}