{"seed": 1, "floorplan": [{"rooms": [{"category": "Livingroom", "corners": [[182.0, 195.0], [182.0, 305.0], [318.0, 305.0], [318.0, 195.0], [182.0, 195.0]], "objects": [{"category": "TVStand", "position": [249.4168, 205.9219], "size": [66.4259994506836, 16.764450073242188], "angle": 0.0}]}]}]}