{"seed": 1, "floorplan": [{"rooms": [{"category": "Livingroom", "corners": [[197.0, 137.0], [197.0, 187.0], [196.0, 188.0], [146.0, 188.0], [145.0, 187.0], [144.0, 188.0], [111.0, 188.0], [111.0, 261.0], [161.0, 261.0], [161.0, 253.0], [162.0, 252.0], [260.0, 252.0], [261.0, 253.0], [261.0, 363.0], [389.0, 363.0], [389.0, 137.0], [261.0, 137.0], [261.0, 146.0], [260.0, 147.0], [255.0, 147.0], [254.0, 146.0], [254.0, 137.0], [197.0, 137.0]], "objects": [{"category": "PendantLamp", "position": [322.79695, 285.541], "size": [21.95703048706048, 21.39011993408201], "angle": 0.0}, {"category": "PendantLamp", "position": [274.9192940544117, 266.6722], "size": [21.957030487060536, 21.390119934082065], "angle": 0.0}]}]}]}