{"seed": 1, "floorplan": [{"rooms": [{"category": "Livingroom", "corners": [[235.0, 225.0], [235.0, 275.0], [265.0, 275.0], [265.0, 225.0], [235.0, 225.0]], "objects": [{"category": "CeilingLamp", "position": [250.24449999999996, 249.87399999999997], "size": [16.48986053466794, 16.493489456176775], "angle": 0.0}]}]}]}