{"seed": 1, "floorplan": [{"rooms": [{"category": "Livingroom", "corners": [[214.0, 114.0], [214.0, 173.0], [213.0, 174.0], [178.0, 174.0], [178.0, 237.0], [179.0, 236.0], [213.0, 236.0], [214.0, 237.0], [214.0, 387.0], [215.0, 386.0], [321.0, 386.0], [322.0, 387.0], [322.0, 243.0], [306.0, 243.0], [305.0, 242.0], [305.0, 238.0], [306.0, 237.0], [305.0, 236.0], [305.0, 114.0], [214.0, 114.0]], "objects": [{"category": "CoffeeTable", "position": [228.08672880482078, 367.91939459449304], "size": [30.16943501138026, 39.45840403571774], "angle": -0.022260330042664665}, {"category": "CoffeeTable", "position": [282.4093407269832, 324.2188710682448], "size": [30.169200897216797, 39.458097839355446], "angle": 0.0}, {"category": "Mutli-SeatSofa", "position": [230.70823951280124, 319.4057064890794], "size": [28.469630224742456, 70.12264005558268], "angle": -9.104117114576136e-06}]}]}]}