{"seed": 1, "floorplan": [{"rooms": [{"category": "Livingroom", "corners": [[204.0, 189.0], [204.0, 312.0], [205.0, 311.0], [222.0, 311.0], [223.0, 312.0], [228.0, 312.0], [229.0, 311.0], [246.0, 311.0], [247.0, 312.0], [252.0, 312.0], [253.0, 311.0], [270.0, 311.0], [271.0, 312.0], [276.0, 312.0], [277.0, 311.0], [292.0, 311.0], [293.0, 312.0], [296.0, 312.0], [297.0, 311.0], [296.0, 310.0], [297.0, 309.0], [297.0, 308.0], [296.0, 307.0], [296.0, 290.0], [297.0, 289.0], [297.0, 284.0], [296.0, 283.0], [296.0, 266.0], [297.0, 265.0], [297.0, 260.0], [296.0, 259.0], [296.0, 242.0], [297.0, 241.0], [297.0, 236.0], [296.0, 235.0], [296.0, 218.0], [297.0, 217.0], [297.0, 212.0], [296.0, 211.0], [296.0, 194.0], [297.0, 193.0], [297.0, 189.0], [204.0, 189.0]], "objects": [{"category": "PendantLamp", "position": [250.00030000000004, 250.0], "size": [16.57877998357454, 16.5787799835746], "angle": -1.5685363248710387}, {"category": "Cabinet", "position": [211.01037491461358, 307.629972728728], "size": [11.774832600543098, 17.141773454115018], "angle": -1.5639762279328282}, {"category": "Cabinet", "position": [290.5822907495019, 307.5619362503249], "size": [11.774832600543098, 17.141773454115018], "angle": -1.5639762279328282}]}]}]}