{"seed": 1, "floorplan": [{"rooms": [{"category": "Livingroom", "corners": [[139.0, 172.0], [139.0, 293.0], [138.0, 294.0], [271.0, 294.0], [272.0, 295.0], [272.0, 328.0], [302.0, 328.0], [302.0, 295.0], [303.0, 294.0], [361.0, 294.0], [361.0, 173.0], [362.0, 172.0], [139.0, 172.0]], "objects": [{"category": "PendantLamp", "position": [205.1602, 231.91210000000004], "size": [25.626660919189476, 25.626660919189447], "angle": 3.141592653589793}, {"category": "CoffeeTable", "position": [219.02004749467227, 233.81214287066723], "size": [29.153730010986322, 28.26077957153322], "angle": 0.0}, {"category": "Mutli-SeatSofa", "position": [204.15031032297517, 204.039188413229], "size": [95.4945007324219, 63.18479919433594], "angle": 0.0}, {"category": "CornerSideTable", "position": [278.59090000000003, 189.11800000000002], "size": [17.93754043579105, 17.937540435790993], "angle": 0.0}]}]}]}