{"seed": 1, "floorplan": [{"rooms": [{"category": "Livingroom", "corners": [[200.0, 171.0], [200.0, 329.0], [300.0, 329.0], [300.0, 210.0], [244.0, 210.0], [243.0, 209.0], [243.0, 204.0], [244.0, 203.0], [260.0, 203.0], [260.0, 171.0], [200.0, 171.0]], "objects": [{"category": "DiningTable", "position": [259.6262107989962, 298.9983861355762], "size": [53.404801940917935, 52.02180175781251], "angle": 3.141592653589793}]}]}]}