{"seed": 1, "floorplan": [{"rooms": [{"category": "Livingroom", "corners": [[207.0, 195.0], [207.0, 305.0], [293.0, 305.0], [293.0, 195.0], [207.0, 195.0]], "objects": [{"category": "Mutli-SeatSofa", "position": [249.80700183317003, 263.524434289921], "size": [83.92636832701119, 80.05872447279017], "angle": -1.5708054309120105}, {"category": "CoffeeTable", "position": [257.0748259693287, 246.27413908121494], "size": [14.998066308567646, 14.998066308567646], "angle": -1.5707872226777826}, {"category": "TVStand", "position": [286.58739348394806, 255.3053706035521], "size": [17.53608914047174, 91.98383304086937], "angle": -3.1415835494726796}, {"category": "PendantLamp", "position": [249.9625, 251.56], "size": [58.4504299080949, 3.6000327752692076], "angle": -1.570805430912011}]}]}]}