{"seed": 1, "floorplan": [{"rooms": [{"category": "Livingroom", "corners": [[215.0, 112.0], [215.0, 266.0], [214.0, 267.0], [166.0, 267.0], [166.0, 297.0], [165.0, 298.0], [164.0, 298.0], [163.0, 297.0], [163.0, 267.0], [125.0, 267.0], [124.0, 266.0], [124.0, 219.0], [88.0, 219.0], [87.0, 218.0], [87.0, 209.0], [71.0, 209.0], [71.0, 323.0], [156.0, 323.0], [157.0, 324.0], [157.0, 357.0], [165.0, 357.0], [166.0, 358.0], [166.0, 388.0], [246.0, 388.0], [246.0, 351.0], [247.0, 350.0], [332.0, 350.0], [333.0, 351.0], [429.0, 351.0], [429.0, 210.0], [250.0, 210.0], [249.0, 209.0], [249.0, 112.0], [215.0, 112.0]], "objects": [{"category": "LazySofa", "position": [316.9357, 299.02599999999995], "size": [33.754807126010654, 38.700352334143815], "angle": -9.104117114976332e-06}, {"category": "PendantLamp", "position": [369.30699999999996, 291.0199], "size": [25.094970703125, 24.92837905883789], "angle": 0.0}, {"category": "Cabinet", "position": [252.98979999999997, 230.8126], "size": [64.55398584204681, 34.50031409632979], "angle": -3.141583549472679}]}]}]}