{"seed": 1, "floorplan": [{"rooms": [{"category": "Livingroom", "corners": [[203.0, 211.0], [203.0, 289.0], [297.0, 289.0], [297.0, 211.0], [203.0, 211.0]], "objects": [{"category": "Mutli-SeatSofa", "position": [237.8948329472226, 275.3905], "size": [68.97209930419922, 26.94611892700192], "angle": 3.141592653589793}, {"category": "CoffeeTable", "position": [235.00029999999998, 241.7806], "size": [42.09419860839844, 24.773069000244135], "angle": 0.0}]}]}]}