{"seed": 1, "floorplan": [{"rooms": [{"category": "Livingroom", "corners": [[185.0, 173.0], [185.0, 327.0], [297.0, 327.0], [297.0, 203.0], [298.0, 202.0], [315.0, 202.0], [315.0, 173.0], [185.0, 173.0]], "objects": [{"category": "CoffeeTable", "position": [236.36319999999998, 225.4846], "size": [12.633324625775828, 14.308720585633408], "angle": -9.104117114934807e-06}, {"category": "Mutli-SeatSofa", "position": [200.34999999999997, 226.98999999999998], "size": [27.008975447217626, 71.51855272757186], "angle": -9.104117115046444e-06}]}]}]}