{"seed": 1, "floorplan": [{"rooms": [{"category": "Livingroom", "corners": [[183.0, 140.0], [183.0, 190.0], [201.0, 190.0], [203.0, 192.0], [203.0, 197.0], [202.0, 198.0], [183.0, 198.0], [183.0, 359.0], [184.0, 360.0], [318.0, 360.0], [318.0, 359.0], [317.0, 358.0], [317.0, 198.0], [286.0, 198.0], [285.0, 197.0], [285.0, 191.0], [286.0, 190.0], [303.0, 190.0], [302.0, 189.0], [301.0, 189.0], [291.0, 179.0], [290.0, 179.0], [286.0, 175.0], [285.0, 175.0], [281.0, 171.0], [280.0, 171.0], [278.0, 169.0], [277.0, 169.0], [276.0, 168.0], [275.0, 168.0], [273.0, 166.0], [272.0, 166.0], [270.0, 164.0], [269.0, 164.0], [267.0, 162.0], [266.0, 162.0], [265.0, 161.0], [264.0, 161.0], [263.0, 160.0], [262.0, 160.0], [261.0, 159.0], [260.0, 159.0], [259.0, 158.0], [258.0, 158.0], [257.0, 157.0], [256.0, 157.0], [255.0, 156.0], [254.0, 156.0], [253.0, 155.0], [252.0, 155.0], [251.0, 154.0], [249.0, 154.0], [248.0, 153.0], [247.0, 153.0], [246.0, 152.0], [244.0, 152.0], [243.0, 151.0], [242.0, 151.0], [241.0, 150.0], [239.0, 150.0], [238.0, 149.0], [236.0, 149.0], [235.0, 148.0], [232.0, 148.0], [231.0, 147.0], [229.0, 147.0], [228.0, 146.0], [225.0, 146.0], [224.0, 145.0], [221.0, 145.0], [220.0, 144.0], [216.0, 144.0], [215.0, 143.0], [211.0, 143.0], [210.0, 142.0], [203.0, 142.0], [202.0, 141.0], [185.0, 141.0], [184.0, 140.0], [183.0, 140.0]], "objects": [{"category": "Mutli-SeatSofa", "position": [281.10041558243154, 306.32421151366157], "size": [103.84804933094281, 71.99195333875566], "angle": -1.5707872226777826}, {"category": "CeilingLamp", "position": [245.73970000000003, 275.5192466306213], "size": [18.766850620177607, 17.502218898029653], "angle": -1.5707872226777835}, {"category": "CoffeeTable", "position": [265.05353878458936, 314.5386010980661], "size": [27.07299041748047, 27.16238937377932], "angle": 0.0}]}]}]}