{"seed": 1, "floorplan": [{"rooms": [{"category": "Livingroom", "corners": [[202.0, 176.0], [202.0, 324.0], [298.0, 324.0], [298.0, 176.0], [202.0, 176.0]], "objects": [{"category": "Mutli-SeatSofa", "position": [270.6710545153317, 233.38356946881794], "size": [91.74743257321238, 52.01867274395939], "angle": -1.5707872226777826}, {"category": "TVStand", "position": [209.2557333068848, 248.94549999999998], "size": [13.886046373160486, 64.95269247486492], "angle": -9.104117114006533e-06}, {"category": "CoffeeTable", "position": [252.4529658251755, 248.49949727045566], "size": [26.027068009241383, 27.655302437437996], "angle": -9.104117113742008e-06}, {"category": "CeilingLamp", "position": [249.99099999999999, 249.8965], "size": [18.392610168457026, 18.392610168457054], "angle": 0.0}]}]}]}