{"seed": 1, "floorplan": [{"rooms": [{"category": "Livingroom", "corners": [[212.0, 224.0], [212.0, 276.0], [288.0, 276.0], [288.0, 224.0], [212.0, 224.0]], "objects": [{"category": "Cabinet", "position": [230.5190004146811, 270.35799999999995], "size": [37.1028007507324, 10.15943984985347], "angle": 3.141592653589793}, {"category": "Armchair", "position": [227.42019999999997, 239.71179999999993], "size": [19.213851296086197, 18.747710786476624], "angle": -0.6123624100271228}]}]}]}