{"seed": 1, "floorplan": [{"rooms": [{"category": "Livingroom", "corners": [[248.0, 174.0], [248.0, 175.0], [285.0, 175.0], [286.0, 176.0], [285.0, 177.0], [282.0, 177.0], [281.0, 178.0], [279.0, 178.0], [278.0, 179.0], [275.0, 179.0], [274.0, 180.0], [272.0, 180.0], [271.0, 181.0], [268.0, 181.0], [267.0, 182.0], [264.0, 182.0], [263.0, 183.0], [261.0, 183.0], [260.0, 184.0], [257.0, 184.0], [256.0, 185.0], [254.0, 185.0], [253.0, 186.0], [250.0, 186.0], [249.0, 187.0], [248.0, 186.0], [248.0, 185.0], [241.0, 185.0], [241.0, 188.0], [240.0, 189.0], [239.0, 189.0], [238.0, 190.0], [236.0, 190.0], [235.0, 191.0], [232.0, 191.0], [231.0, 192.0], [229.0, 192.0], [228.0, 193.0], [225.0, 193.0], [224.0, 194.0], [221.0, 194.0], [220.0, 195.0], [218.0, 195.0], [217.0, 196.0], [214.0, 196.0], [213.0, 197.0], [211.0, 197.0], [210.0, 198.0], [207.0, 198.0], [206.0, 199.0], [203.0, 199.0], [202.0, 200.0], [200.0, 200.0], [199.0, 201.0], [196.0, 201.0], [195.0, 202.0], [193.0, 202.0], [192.0, 203.0], [189.0, 203.0], [188.0, 204.0], [185.0, 204.0], [184.0, 205.0], [182.0, 205.0], [181.0, 206.0], [178.0, 206.0], [177.0, 207.0], [174.0, 207.0], [173.0, 208.0], [148.0, 208.0], [145.0, 211.0], [155.0, 211.0], [156.0, 210.0], [159.0, 210.0], [160.0, 211.0], [159.0, 212.0], [157.0, 212.0], [156.0, 213.0], [153.0, 213.0], [152.0, 214.0], [150.0, 214.0], [149.0, 215.0], [148.0, 215.0], [148.0, 326.0], [313.0, 326.0], [313.0, 308.0], [314.0, 307.0], [315.0, 307.0], [316.0, 308.0], [316.0, 309.0], [319.0, 312.0], [319.0, 313.0], [320.0, 314.0], [352.0, 314.0], [355.0, 311.0], [355.0, 310.0], [352.0, 307.0], [352.0, 215.0], [247.0, 215.0], [246.0, 214.0], [246.0, 213.0], [247.0, 212.0], [248.0, 212.0], [253.0, 207.0], [254.0, 207.0], [259.0, 202.0], [260.0, 202.0], [265.0, 197.0], [266.0, 197.0], [271.0, 192.0], [272.0, 192.0], [276.0, 188.0], [277.0, 188.0], [282.0, 183.0], [283.0, 183.0], [288.0, 178.0], [289.0, 178.0], [292.0, 175.0], [293.0, 175.0], [294.0, 174.0], [316.0, 174.0], [317.0, 175.0], [320.0, 175.0], [319.0, 174.0], [248.0, 174.0]], "objects": [{"category": "Mutli-SeatSofa", "position": [225.62917460700183, 310.9040612525229], "size": [76.60319824218749, 29.56119003295896], "angle": 3.141592653589793}, {"category": "CoffeeTable", "position": [222.5443721526603, 279.4614268476113], "size": [40.67699890136717, 28.528740692138683], "angle": 3.141592653589793}, {"category": "DiningTable", "position": [292.32010917477976, 288.7451100894242], "size": [29.129816136302708, 29.129816136302708], "angle": -3.1415835494726796}, {"category": "Armchair", "position": [306.8070973008192, 300.4483658285265], "size": [15.658462793334081, 15.093707743267275], "angle": -1.5707872226777828}, {"category": "Armchair", "position": [307.1872227209127, 275.82828884957445], "size": [15.658462793334081, 15.093707743267332], "angle": -1.5707872226777793}, {"category": "Armchair", "position": [282.03542403894295, 275.85315011558424], "size": [15.093707743267275, 15.658462793334026], "angle": -9.104117115475388e-06}, {"category": "Armchair", "position": [280.79423320589956, 300.9093001614254], "size": [15.658462793334081, 15.093707743267275], "angle": -1.570805430912014}, {"category": "TVStand", "position": [227.32140674629454, 220.89081509776315], "size": [42.0, 13.2347396850586], "angle": 0.0}, {"category": "PendantLamp", "position": [313.94350000000003, 245.01250000000002], "size": [6.240056581582672, 6.240116663611585], "angle": -1.570787222677789}]}]}]}