{"seed": 1, "floorplan": [{"rooms": [{"category": "Livingroom", "corners": [[192.0, 224.0], [192.0, 258.0], [197.0, 258.0], [198.0, 259.0], [198.0, 276.0], [308.0, 276.0], [308.0, 233.0], [296.0, 233.0], [295.0, 232.0], [295.0, 224.0], [192.0, 224.0]], "objects": [{"category": "Armchair", "position": [223.21442285067428, 252.74677011498733], "size": [19.715442882377445, 19.34881341325156], "angle": -0.5024882707112377}, {"category": "CornerSideTable", "position": [247.96719043906478, 247.35683053849394], "size": [16.419989349195347, 18.915171977842952], "angle": -3.141583549472679}, {"category": "Armchair", "position": [270.30863228626424, 252.9146422037436], "size": [19.715450023616395, 19.348820421691617], "angle": -2.356202436945298}]}]}]}