{"seed": 1, "floorplan": [{"rooms": [{"category": "Livingroom", "corners": [[172.0, 214.0], [172.0, 286.0], [328.0, 286.0], [328.0, 214.0], [172.0, 214.0]], "objects": [{"category": "Mutli-SeatSofa", "position": [203.8348337809245, 227.80088373819984], "size": [62.70270080566408, 27.751590728759766], "angle": 0.0}, {"category": "TVStand", "position": [206.28600107828777, 278.1392664998372], "size": [66.75480194091796, 15.306120300292946], "angle": 3.141592653589793}, {"category": "DiningTable", "position": [316.73177977068656, 258.9253477627374], "size": [17.86258099333499, 38.59932843910284], "angle": -0.001602464524583162}]}]}]}