{"seed": 1, "floorplan": [{"rooms": [{"category": "Livingroom", "corners": [[202.0, 231.0], [202.0, 269.0], [298.0, 269.0], [298.0, 231.0], [202.0, 231.0]], "objects": [{"category": "Shelf", "position": [292.18958352763104, 253.06185028489716], "size": [11.517824510369065, 30.117873685202106], "angle": -3.1415835494726823}, {"category": "Shelf", "position": [209.70024999999998, 250.01995], "size": [9.136672994952091, 35.22542064288311], "angle": -9.104117111541367e-06}, {"category": "Armchair", "position": [259.0973655531348, 249.5267446486666], "size": [19.630640191925682, 20.479789075917502], "angle": -0.7854061101504021}, {"category": "CornerSideTable", "position": [238.19246645083206, 258.74503306510013], "size": [15.237692742249726, 15.23427210267539], "angle": -0.36128204810125525}]}]}]}