{"seed": 1, "floorplan": [{"rooms": [{"category": "Livingroom", "corners": [[200.0, 237.0], [200.0, 263.0], [300.0, 263.0], [300.0, 237.0], [200.0, 237.0]], "objects": [{"category": "CornerSideTable", "position": [245.07815086546327, 254.30368575253078], "size": [16.992689895629866, 16.992689895629837], "angle": 0.0}, {"category": "CeilingLamp", "position": [250.02250000000004, 249.77049999999997], "size": [15.15128974914549, 15.15128974914552], "angle": 0.0}, {"category": "LazySofa", "position": [267.4879279949921, 252.62738746969228], "size": [22.460866592460434, 20.925476648734588], "angle": -2.2409714728327343}]}]}]}