{"seed": 1, "floorplan": [{"rooms": [{"category": "Livingroom", "corners": [[196.0, 166.0], [196.0, 334.0], [304.0, 334.0], [304.0, 166.0], [196.0, 166.0]], "objects": [{"category": "PendantLamp", "position": [252.29680000000002, 206.57710000000003], "size": [20.584621268072997, 20.981340445549495], "angle": -1.5630789591503929}, {"category": "DiningTable", "position": [221.06186242138574, 295.54137522846054], "size": [48.05285108931014, 24.03794746889493], "angle": -0.0014799989194037404}, {"category": "DiningChair", "position": [211.28156958765834, 276.8864490841729], "size": [13.25595016480287, 14.53802947998919], "angle": -0.0014800005402984095}, {"category": "DiningChair", "position": [231.21291439787078, 277.1634376108229], "size": [13.25595016480287, 14.53802947998919], "angle": -0.0014800005402984095}]}]}]}