{"seed": 1, "floorplan": [{"rooms": [{"category": "Livingroom", "corners": [[197.0, 187.0], [197.0, 313.0], [303.0, 313.0], [303.0, 187.0], [197.0, 187.0]], "objects": [{"category": "Cabinet", "position": [204.52971261226452, 228.55272379089988], "size": [55.66250474610868, 13.25727020190518], "angle": -1.5708054309120105}, {"category": "CoffeeTable", "position": [249.22899999999998, 227.64250000000004], "size": [34.23181265893017, 46.90422493609845], "angle": -9.104117113681525e-06}, {"category": "Mutli-SeatSofa", "position": [288.4629160400747, 228.30455434681414], "size": [26.60597781493649, 69.28182195313252], "angle": -0.012735015578679903}, {"category": "PendantLamp", "position": [249.541, 230.21350000000004], "size": [5.242920112609852, 5.4006002426147575], "angle": 0.0}]}]}]}