{"seed": 1, "floorplan": [{"rooms": [{"category": "Livingroom", "corners": [[220.0, 190.0], [220.0, 308.0], [222.0, 308.0], [223.0, 309.0], [223.0, 310.0], [278.0, 310.0], [278.0, 309.0], [279.0, 308.0], [280.0, 308.0], [280.0, 190.0], [224.0, 190.0], [224.0, 191.0], [223.0, 192.0], [222.0, 191.0], [222.0, 190.0], [220.0, 190.0]], "objects": [{"category": "DiningTable", "position": [261.7973951561659, 227.30404596957857], "size": [29.422290802001925, 14.706990051269514], "angle": 0.0}]}]}]}