{"seed": 1, "floorplan": [{"rooms": [{"category": "Livingroom", "corners": [[271.0, 77.0], [271.0, 194.0], [270.0, 195.0], [144.0, 195.0], [143.0, 194.0], [143.0, 188.0], [118.0, 188.0], [118.0, 194.0], [117.0, 195.0], [116.0, 195.0], [116.0, 227.0], [117.0, 227.0], [118.0, 228.0], [118.0, 230.0], [143.0, 230.0], [143.0, 228.0], [144.0, 227.0], [152.0, 227.0], [153.0, 228.0], [153.0, 230.0], [178.0, 230.0], [178.0, 228.0], [179.0, 227.0], [245.0, 227.0], [246.0, 228.0], [246.0, 348.0], [257.0, 348.0], [258.0, 349.0], [258.0, 354.0], [257.0, 355.0], [152.0, 355.0], [152.0, 386.0], [219.0, 386.0], [220.0, 387.0], [222.0, 387.0], [223.0, 388.0], [226.0, 388.0], [227.0, 389.0], [229.0, 389.0], [230.0, 390.0], [233.0, 390.0], [234.0, 391.0], [236.0, 391.0], [237.0, 392.0], [240.0, 392.0], [241.0, 393.0], [243.0, 393.0], [244.0, 394.0], [247.0, 394.0], [248.0, 395.0], [250.0, 395.0], [251.0, 396.0], [254.0, 396.0], [255.0, 397.0], [257.0, 397.0], [258.0, 398.0], [261.0, 398.0], [262.0, 399.0], [264.0, 399.0], [265.0, 400.0], [268.0, 400.0], [269.0, 401.0], [271.0, 401.0], [272.0, 402.0], [275.0, 402.0], [276.0, 403.0], [278.0, 403.0], [279.0, 404.0], [282.0, 404.0], [283.0, 405.0], [285.0, 405.0], [286.0, 406.0], [289.0, 406.0], [290.0, 407.0], [292.0, 407.0], [293.0, 408.0], [296.0, 408.0], [297.0, 409.0], [299.0, 409.0], [300.0, 410.0], [302.0, 410.0], [303.0, 411.0], [306.0, 411.0], [307.0, 412.0], [309.0, 412.0], [310.0, 413.0], [313.0, 413.0], [314.0, 414.0], [316.0, 414.0], [317.0, 415.0], [320.0, 415.0], [321.0, 416.0], [323.0, 416.0], [324.0, 417.0], [327.0, 417.0], [328.0, 418.0], [330.0, 418.0], [331.0, 419.0], [334.0, 419.0], [335.0, 420.0], [337.0, 420.0], [338.0, 421.0], [341.0, 421.0], [342.0, 422.0], [344.0, 422.0], [345.0, 423.0], [357.0, 423.0], [357.0, 355.0], [348.0, 355.0], [347.0, 354.0], [347.0, 349.0], [348.0, 348.0], [377.0, 348.0], [377.0, 221.0], [378.0, 220.0], [384.0, 220.0], [384.0, 190.0], [378.0, 190.0], [377.0, 189.0], [377.0, 158.0], [378.0, 157.0], [384.0, 157.0], [384.0, 99.0], [378.0, 99.0], [377.0, 98.0], [377.0, 94.0], [339.0, 94.0], [338.0, 93.0], [338.0, 77.0], [271.0, 77.0]], "objects": [{"category": "PendantLamp", "position": [311.57078210316195, 284.22935217694993], "size": [24.710579681396496, 24.710609436035156], "angle": 0.0}, {"category": "DiningChair", "position": [328.6131565108708, 182.11572038976885], "size": [14.535869979858376, 17.575320053100597], "angle": 3.141592653589793}, {"category": "DiningChair", "position": [304.80125461683133, 131.23760790752272], "size": [17.575480063057775, 14.53600231792826], "angle": -9.10411711370317e-06}, {"category": "DiningChair", "position": [304.1713507415618, 154.4192298399149], "size": [14.536002317928288, 17.57548006305783], "angle": -1.5708054309120092}, {"category": "DiningChair", "position": [357.7953958941285, 133.4984986822992], "size": [17.57531097685039, 14.53586247324161], "angle": -0.7854061101504035}, {"category": "PendantLamp", "position": [329.8267658653022, 144.80801771188783], "size": [24.7108344073897, 24.71080465248012], "angle": -9.104117113228286e-06}, {"category": "Mutli-SeatSofa", "position": [274.37618459971054, 272.8480604923152], "size": [48.24343848349137, 97.95028750690128], "angle": -9.104117113826481e-06}, {"category": "CoffeeTable", "position": [329.9996881967304, 273.22861656968803], "size": [31.702489704815157, 46.205520149686315], "angle": -9.104117113997992e-06}, {"category": "TVStand", "position": [368.82878321447083, 287.88170686152006], "size": [54.00049162903791, 12.428153080127169], "angle": -1.5707872226777837}, {"category": "Shelf", "position": [260.257025890886, 326.7862878722608], "size": [7.134244829530946, 7.137575090563118], "angle": -9.104117116897404e-06}, {"category": "Mutli-SeatSofa", "position": [305.5350514125472, 331.50873036201233], "size": [24.02519989013672, 20.818801116943405], "angle": 0.0}, {"category": "Cabinet", "position": [350.484679497251, 378.5592593609871], "size": [33.04980116528824, 11.889767746452856], "angle": -1.5707872226777821}, {"category": "Cabinet", "position": [368.21064263313406, 325.769419157854], "size": [16.59612124752781, 14.00055699820287], "angle": -1.5707872226777815}, {"category": "CoffeeTable", "position": [291.6149956885428, 384.9179269151972], "size": [18.898320007324287, 18.89832000732423], "angle": 0.0}, {"category": "DiningChair", "position": [313.7681399557207, 391.185319123534], "size": [14.535768555415505, 17.575197420809033], "angle": -1.3233617554879564}, {"category": "DiningChair", "position": [268.73579485584776, 376.44354509603755], "size": [14.535872447421497, 17.57532303663113], "angle": -1.2346844967467485}, {"category": "Cabinet", "position": [278.3281, 145.08055420878776], "size": [33.049801165288294, 11.889767746452797], "angle": -1.5708054309120112}, {"category": "DiningTable", "position": [328.68821831031596, 143.7581466403463], "size": [28.800262202153547, 54.600497091582795], "angle": -3.1415835494726787}]}]}]}