{"seed": 1, "floorplan": [{"rooms": [{"category": "Livingroom", "corners": [[218.0, 129.0], [218.0, 247.0], [217.0, 248.0], [174.0, 248.0], [174.0, 282.0], [244.0, 282.0], [245.0, 283.0], [245.0, 347.0], [246.0, 347.0], [247.0, 348.0], [247.0, 371.0], [285.0, 371.0], [285.0, 345.0], [286.0, 344.0], [326.0, 344.0], [326.0, 129.0], [218.0, 129.0]], "objects": [{"category": "PendantLamp", "position": [271.2774999999999, 188.35899999999998], "size": [18.14547042846681, 6.308460044860851], "angle": 0.0}, {"category": "PendantLamp", "position": [285.72249999999997, 297.15999999999997], "size": [28.904788970947266, 28.904788970947266], "angle": 0.0}]}]}]}