{"seed": 1, "floorplan": [{"rooms": [{"category": "Livingroom", "corners": [[185.0, 168.0], [185.0, 332.0], [215.0, 332.0], [215.0, 302.0], [216.0, 301.0], [315.0, 301.0], [315.0, 168.0], [185.0, 168.0]], "objects": [{"category": "CornerSideTable", "position": [276.6007, 188.42559999999997], "size": [14.251739501953125, 14.284080505371094], "angle": 0.0}, {"category": "CoffeeTable", "position": [265.5931, 227.43369999999996], "size": [33.3858050482955, 16.873443871193945], "angle": -1.570805430912011}, {"category": "Mutli-SeatSofa", "position": [299.02092193018666, 227.20405980820865], "size": [30.8585809597244, 62.89107092233224], "angle": -3.1415835494726787}]}]}]}