{"seed": 1, "floorplan": [{"rooms": [{"category": "Livingroom", "corners": [[259.0, 126.0], [259.0, 250.0], [258.0, 251.0], [203.0, 251.0], [203.0, 374.0], [297.0, 374.0], [297.0, 126.0], [259.0, 126.0]], "objects": [{"category": "CoffeeTable", "position": [271.350000362255, 338.20643598935993], "size": [25.283630149556664, 36.83433497941505], "angle": -9.104117114768112e-06}, {"category": "Mutli-SeatSofa", "position": [227.31982589961427, 334.87701293385373], "size": [38.81615386449354, 61.704861697602375], "angle": -9.10411711349408e-06}, {"category": "CeilingLamp", "position": [252.31749999999997, 315.68199999999996], "size": [20.95261079983628, 21.000671845301742], "angle": -1.5707872226777821}, {"category": "TVStand", "position": [291.0900541129181, 310.3705994351533], "size": [68.1657191632927, 12.721376269697128], "angle": -1.5707872226777824}]}]}]}