{"seed": 1, "floorplan": [{"rooms": [{"category": "Livingroom", "corners": [[177.0, 180.0], [177.0, 188.0], [176.0, 189.0], [168.0, 189.0], [168.0, 258.0], [169.0, 257.0], [175.0, 257.0], [177.0, 259.0], [177.0, 321.0], [178.0, 320.0], [185.0, 320.0], [186.0, 321.0], [188.0, 321.0], [189.0, 320.0], [206.0, 320.0], [207.0, 321.0], [212.0, 321.0], [213.0, 320.0], [230.0, 320.0], [231.0, 321.0], [236.0, 321.0], [237.0, 320.0], [254.0, 320.0], [255.0, 321.0], [260.0, 321.0], [261.0, 320.0], [279.0, 320.0], [280.0, 321.0], [284.0, 321.0], [285.0, 320.0], [303.0, 320.0], [304.0, 321.0], [308.0, 321.0], [309.0, 320.0], [327.0, 320.0], [328.0, 321.0], [332.0, 321.0], [332.0, 180.0], [177.0, 180.0]], "objects": [{"category": "CoffeeTable", "position": [238.6639, 239.8333], "size": [11.630189895629883, 9.65000953674317], "angle": 0.0}, {"category": "Mutli-SeatSofa", "position": [238.07954030629355, 193.7899436957277], "size": [113.23350219726564, 28.221510314941384], "angle": 0.0}]}]}]}