{"seed": 1, "floorplan": [{"rooms": [{"category": "Livingroom", "corners": [[233.0, 178.0], [233.0, 180.0], [232.0, 181.0], [228.0, 181.0], [228.0, 270.0], [227.0, 271.0], [195.0, 271.0], [194.0, 272.0], [192.0, 272.0], [192.0, 296.0], [194.0, 296.0], [195.0, 297.0], [195.0, 319.0], [196.0, 320.0], [196.0, 322.0], [223.0, 322.0], [223.0, 320.0], [224.0, 319.0], [309.0, 319.0], [308.0, 318.0], [308.0, 302.0], [309.0, 301.0], [308.0, 300.0], [308.0, 278.0], [309.0, 277.0], [308.0, 276.0], [308.0, 254.0], [309.0, 253.0], [308.0, 252.0], [308.0, 230.0], [309.0, 229.0], [308.0, 228.0], [308.0, 206.0], [309.0, 205.0], [308.0, 204.0], [308.0, 182.0], [309.0, 181.0], [306.0, 181.0], [305.0, 180.0], [305.0, 178.0], [233.0, 178.0]], "objects": [{"category": "PendantLamp", "position": [268.0025641781835, 222.07302692578853], "size": [14.727120208740189, 4.37306985855102], "angle": 0.0}, {"category": "DiningTable", "position": [269.06265612093915, 228.33260364569327], "size": [41.24497388945382, 22.640277226630655], "angle": -1.5708054309120112}]}]}]}