{"seed": 1, "floorplan": [{"rooms": [{"category": "Livingroom", "corners": [[192.0, 229.0], [192.0, 271.0], [308.0, 271.0], [308.0, 229.0], [192.0, 229.0]], "objects": [{"category": "CeilingLamp", "position": [251.81199999999995, 251.5435], "size": [9.888209912136583, 9.917310213691414], "angle": -9.104117116233986e-06}]}]}]}