{"seed": 1, "floorplan": [{"rooms": [{"category": "Livingroom", "corners": [[206.0, 211.0], [207.0, 212.0], [207.0, 227.0], [206.0, 228.0], [206.0, 235.0], [207.0, 236.0], [207.0, 251.0], [206.0, 252.0], [206.0, 259.0], [207.0, 260.0], [207.0, 275.0], [206.0, 276.0], [206.0, 283.0], [207.0, 284.0], [207.0, 287.0], [206.0, 288.0], [206.0, 289.0], [294.0, 289.0], [293.0, 288.0], [293.0, 285.0], [294.0, 284.0], [294.0, 283.0], [293.0, 282.0], [293.0, 267.0], [294.0, 266.0], [294.0, 259.0], [293.0, 258.0], [293.0, 243.0], [294.0, 242.0], [294.0, 235.0], [293.0, 234.0], [293.0, 219.0], [294.0, 218.0], [294.0, 211.0], [206.0, 211.0]], "objects": [{"category": "DiningTable", "position": [253.5355990883627, 248.18298207592738], "size": [17.986573893611812, 18.00016387634595], "angle": -9.104117113289743e-06}, {"category": "Cabinet", "position": [209.93153773375212, 249.84978719332508], "size": [9.868349654421317, 9.868349654421317], "angle": -1.5708054309120107}, {"category": "PendantLamp", "position": [249.60250000000002, 249.99099999999999], "size": [58.44989776611328, 3.6000000000000227], "angle": 0.0}]}]}]}