{"seed": 1, "floorplan": [{"rooms": [{"category": "Livingroom", "corners": [[117.0, 62.0], [117.0, 438.0], [383.0, 438.0], [383.0, 62.0], [117.0, 62.0]], "objects": [{"category": "Armchair", "position": [201.02755, 81.24340000000001], "size": [14.479144359956127, 14.53131423361045], "angle": -0.4097012543812292}, {"category": "PendantLamp", "position": [167.70864999999998, 103.50039999999998], "size": [25.597439575195267, 25.59699096679691], "angle": 0.0}]}]}]}