{"seed": 1, "floorplan": [{"rooms": [{"category": "Livingroom", "corners": [[210.0, 212.0], [210.0, 288.0], [290.0, 288.0], [290.0, 212.0], [210.0, 212.0]], "objects": [{"category": "LazySofa", "position": [238.13278375034767, 281.1448685136342], "size": [17.983890151977505, 20.014139556884743], "angle": 3.141592653589793}, {"category": "Cabinet", "position": [267.92514285078903, 275.97591337489746], "size": [23.700215770522103, 15.25498850846798], "angle": -1.570787222677781}, {"category": "Cabinet", "position": [234.47224278962733, 210.60913608755789], "size": [9.784530258178734, 3.9125699043273983], "angle": 0.0}, {"category": "Cabinet", "position": [214.20994861886038, 243.97800007602405], "size": [14.924445795785509, 26.955844622929988], "angle": -9.104117114651566e-06}]}]}]}