{"seed": 1, "floorplan": [{"rooms": [{"category": "Livingroom", "corners": [[133.0, 155.0], [133.0, 159.0], [132.0, 160.0], [122.0, 160.0], [122.0, 193.0], [132.0, 193.0], [133.0, 194.0], [133.0, 201.0], [132.0, 202.0], [113.0, 202.0], [113.0, 312.0], [132.0, 312.0], [133.0, 313.0], [133.0, 336.0], [316.0, 336.0], [325.0, 345.0], [359.0, 345.0], [359.0, 344.0], [364.0, 339.0], [364.0, 338.0], [366.0, 336.0], [376.0, 336.0], [376.0, 311.0], [377.0, 310.0], [387.0, 310.0], [387.0, 155.0], [133.0, 155.0]], "objects": [{"category": "PendantLamp", "position": [210.62751037576368, 244.184385419466], "size": [42.64350128173831, 9.622109985351557], "angle": 0.0}, {"category": "PendantLamp", "position": [337.37981122128326, 275.84558935946893], "size": [42.643501281738224, 9.622109985351585], "angle": 0.0}]}]}]}