{"seed": 1, "floorplan": [{"rooms": [{"category": "Livingroom", "corners": [[187.0, 214.0], [187.0, 286.0], [313.0, 286.0], [313.0, 214.0], [187.0, 214.0]], "objects": [{"category": "CoffeeTable", "position": [250.04870962344285, 242.53266798380355], "size": [34.23419952392581, 31.573800659179682], "angle": 0.0}, {"category": "Mutli-SeatSofa", "position": [261.98808518198257, 253.09122559437333], "size": [93.9906005859375, 63.758999633789045], "angle": 3.141592653589793}]}]}]}