{"seed": 1, "floorplan": [{"rooms": [{"category": "Livingroom", "corners": [[205.0, 164.0], [205.0, 210.0], [204.0, 211.0], [196.0, 211.0], [195.0, 212.0], [195.0, 336.0], [305.0, 336.0], [305.0, 212.0], [304.0, 211.0], [250.0, 211.0], [249.0, 210.0], [249.0, 209.0], [250.0, 208.0], [261.0, 208.0], [262.0, 207.0], [262.0, 167.0], [250.0, 167.0], [249.0, 166.0], [249.0, 164.0], [205.0, 164.0]], "objects": [{"category": "Mutli-SeatSofa", "position": [278.7314947967826, 278.9077357281849], "size": [81.12193605673392, 44.80660909834864], "angle": -1.5707872226777826}, {"category": "CoffeeTable", "position": [254.21589533108482, 276.5270074427435], "size": [32.40209400503188, 19.154784831313467], "angle": -1.5708054309120112}, {"category": "TVStand", "position": [200.68328347514105, 277.0765722683109], "size": [12.79406636934554, 55.48250585395225], "angle": -9.104117114226734e-06}, {"category": "Cabinet", "position": [256.57230828718446, 186.31655640679946], "size": [10.15416272708987, 39.0369536041816], "angle": -3.1415835494726796}]}]}]}