{"seed": 1, "floorplan": [{"rooms": [{"category": "Livingroom", "corners": [[197.0, 189.0], [197.0, 311.0], [303.0, 311.0], [303.0, 189.0], [197.0, 189.0]], "objects": [{"category": "CoffeeTable", "position": [267.5792221443849, 240.5690783316893], "size": [25.283630149556664, 36.834334979415026], "angle": -9.104117113643998e-06}, {"category": "PendantLamp", "position": [252.16899999999995, 252.90550000000005], "size": [54.35130157470704, 1.971149969100935], "angle": 0.0}, {"category": "Mutli-SeatSofa", "position": [221.26299999999998, 240.5695], "size": [38.81615386449354, 61.704861697602425], "angle": -9.10411711349408e-06}, {"category": "TVStand", "position": [296.12737530841116, 239.02492074208521], "size": [12.721376269697128, 68.16571916329272], "angle": -3.141583549472677}]}]}]}