{"seed": 1, "floorplan": [{"rooms": [{"category": "Livingroom", "corners": [[192.0, 133.0], [192.0, 367.0], [193.0, 366.0], [194.0, 366.0], [195.0, 367.0], [209.0, 367.0], [210.0, 366.0], [281.0, 366.0], [282.0, 367.0], [283.0, 367.0], [284.0, 366.0], [286.0, 366.0], [286.0, 292.0], [287.0, 291.0], [308.0, 291.0], [308.0, 133.0], [307.0, 134.0], [306.0, 134.0], [305.0, 133.0], [287.0, 133.0], [286.0, 134.0], [193.0, 134.0], [192.0, 133.0]], "objects": [{"category": "TVStand", "position": [198.57081489890732, 197.51362812223417], "size": [10.049715530908498, 48.43988580059949], "angle": -3.1399901890652098}, {"category": "CeilingLamp", "position": [250.01246506842688, 190.74425573452623], "size": [24.0, 24.0], "angle": 0.0}, {"category": "PendantLamp", "position": [228.9454, 329.13505], "size": [24.917280578613287, 58.87140197753905], "angle": 0.0}, {"category": "DiningTable", "position": [237.5437, 322.65055], "size": [54.00049162903791, 24.00021850179466], "angle": -1.5708054309120107}]}]}]}