{"seed": 1, "floorplan": [{"rooms": [{"category": "Livingroom", "corners": [[207.0, 195.0], [207.0, 218.0], [206.0, 219.0], [147.0, 219.0], [146.0, 218.0], [146.0, 216.0], [146.0, 218.0], [145.0, 219.0], [116.0, 219.0], [116.0, 260.0], [177.0, 260.0], [178.0, 261.0], [178.0, 305.0], [384.0, 305.0], [384.0, 195.0], [207.0, 195.0]], "objects": [{"category": "DiningTable", "position": [236.0575, 282.415], "size": [22.667006290777078, 42.7986882910638], "angle": -9.104117113594909e-06}, {"category": "CoffeeTable", "position": [310.77729999999997, 255.9364], "size": [38.980201721191406, 10.475939941406239], "angle": 0.0}, {"category": "CornerSideTable", "position": [158.9131, 221.4985], "size": [24.098849487304705, 31.462200164794922], "angle": 0.0}]}]}]}