{"seed": 1, "floorplan": [{"rooms": [{"category": "Livingroom", "corners": [[182.0, 180.0], [182.0, 248.0], [181.0, 249.0], [173.0, 249.0], [173.0, 320.0], [327.0, 320.0], [327.0, 180.0], [182.0, 180.0]], "objects": [{"category": "Mutli-SeatSofa", "position": [243.9608378398558, 197.88059272391462], "size": [68.04330139160152, 33.53879928588867], "angle": 0.0}, {"category": "LazySofa", "position": [194.32364383650406, 234.14561602591942], "size": [22.01074371260301, 22.821700193539478], "angle": -0.000942711881661282}, {"category": "DiningTable", "position": [239.40878794243406, 235.75235314113473], "size": [32.410198974609386, 21.794039154052825], "angle": 0.0}, {"category": "PendantLamp", "position": [235.78577366058911, 230.19033971837843], "size": [19.397760772705084, 15.217560195922943], "angle": 0.0}]}]}]}