{"seed": 1, "floorplan": [{"rooms": [{"category": "Livingroom", "corners": [[254.0, 196.0], [253.0, 197.0], [196.0, 197.0], [196.0, 304.0], [304.0, 304.0], [304.0, 286.0], [303.0, 285.0], [303.0, 196.0], [254.0, 196.0]], "objects": [{"category": "TVStand", "position": [295.82410000000004, 256.23130000000003], "size": [57.18114549494372, 16.669241841538692], "angle": -1.5769155314100896}]}]}]}