{"seed": 1, "floorplan": [{"rooms": [{"category": "Livingroom", "corners": [[202.0, 191.0], [202.0, 309.0], [298.0, 309.0], [298.0, 191.0], [202.0, 191.0]], "objects": [{"category": "DiningTable", "position": [244.19436023593283, 243.2089351092544], "size": [42.79868829106357, 22.66700629077705], "angle": -1.5707872226777855}, {"category": "DiningChair", "position": [264.6747391509473, 252.04895127749182], "size": [14.741234517815617, 14.268550313300619], "angle": -1.5707872226777704}, {"category": "DiningChair", "position": [264.6859966002413, 231.6702610711007], "size": [14.741234517815617, 14.268550313300619], "angle": -1.570787222677786}, {"category": "Cabinet", "position": [207.35782919727944, 236.28607517331199], "size": [13.917696441580965, 38.502651559635005], "angle": -9.104117106651595e-06}]}]}]}