{"seed": 1, "floorplan": [{"rooms": [{"category": "Livingroom", "corners": [[183.0, 189.0], [183.0, 310.0], [182.0, 311.0], [317.0, 311.0], [317.0, 190.0], [318.0, 189.0], [183.0, 189.0]], "objects": [{"category": "Cabinet", "position": [310.13034999999996, 266.45815], "size": [24.319030913590726, 54.00889166889211], "angle": -3.1415835494726765}, {"category": "Mutli-SeatSofa", "position": [287.14615, 253.13635], "size": [10.815179443359398, 13.83503952026365], "angle": 0.0}]}]}]}