{"seed": 1, "floorplan": [{"rooms": [{"category": "Livingroom", "corners": [[198.0, 228.0], [199.0, 229.0], [199.0, 250.0], [198.0, 251.0], [198.0, 272.0], [302.0, 272.0], [302.0, 228.0], [198.0, 228.0]], "objects": [{"category": "LazySofa", "position": [225.5395920476741, 249.21977193637366], "size": [29.817369042604934, 32.22870302347864], "angle": -1.033479772471884}, {"category": "LazySofa", "position": [277.5935118252058, 249.23788517313707], "size": [32.22844635738453, 29.81713158012794], "angle": -0.5711510004438194}]}]}]}