{"seed": 1, "floorplan": [{"rooms": [{"category": "Livingroom", "corners": [[171.0, 160.0], [171.0, 293.0], [170.0, 294.0], [122.0, 294.0], [122.0, 324.0], [162.0, 324.0], [163.0, 325.0], [163.0, 340.0], [216.0, 340.0], [216.0, 294.0], [203.0, 294.0], [202.0, 293.0], [202.0, 288.0], [203.0, 287.0], [378.0, 287.0], [378.0, 250.0], [278.0, 250.0], [277.0, 249.0], [277.0, 160.0], [171.0, 160.0]], "objects": [{"category": "Mutli-SeatSofa", "position": [246.1726861422395, 211.3411442939542], "size": [76.32639679191531, 27.220718250201752], "angle": -1.5707872226777826}, {"category": "LazySofa", "position": [217.9435, 174.01299999999998], "size": [13.40042953491212, 16.32302970886232], "angle": 0.0}, {"category": "CoffeeTable", "position": [216.9572786108715, 212.40422321768003], "size": [24.00021850179463, 36.00032775269196], "angle": -3.141583549472679}, {"category": "TVStand", "position": [177.5395, 215.29600000000002], "size": [12.00010925089733, 54.00049162903794], "angle": -9.104117112970783e-06}]}]}]}