{"seed": 1, "floorplan": [{"rooms": [{"category": "Livingroom", "corners": [[230.0, 228.0], [230.0, 272.0], [270.0, 272.0], [270.0, 228.0], [230.0, 228.0]], "objects": [{"category": "Cabinet", "position": [264.8562446627915, 244.12793501483554], "size": [28.941191176453508, 29.999856143859247], "angle": -0.000980609659381203}, {"category": "CeilingLamp", "position": [249.4162482564829, 249.38329885297395], "size": [11.94446983337403, 11.941259765625006], "angle": 0.0}]}]}]}