{"seed": 1, "floorplan": [{"rooms": [{"category": "Livingroom", "corners": [[182.0, 204.0], [182.0, 265.0], [181.0, 266.0], [175.0, 266.0], [175.0, 267.0], [176.0, 268.0], [176.0, 270.0], [177.0, 271.0], [177.0, 273.0], [178.0, 274.0], [178.0, 276.0], [179.0, 277.0], [179.0, 279.0], [180.0, 280.0], [180.0, 282.0], [181.0, 283.0], [181.0, 285.0], [182.0, 286.0], [182.0, 288.0], [181.0, 289.0], [175.0, 289.0], [175.0, 290.0], [181.0, 290.0], [182.0, 291.0], [182.0, 296.0], [325.0, 296.0], [325.0, 204.0], [182.0, 204.0]], "objects": [{"category": "Mutli-SeatSofa", "position": [228.2588845602123, 217.92331998768555], "size": [53.10600128173829, 28.160039520263695], "angle": 0.0}, {"category": "DiningTable", "position": [283.37672227717474, 288.37958204778636], "size": [36.00270080566406, 18.00197982788086], "angle": 3.141592653589793}, {"category": "DiningChair", "position": [282.86392959479144, 274.02078169414494], "size": [22.466340637206997, 22.59770965576172], "angle": 0.0}, {"category": "DiningTable", "position": [235.3808017237116, 251.10502949007838], "size": [31.17810058593747, 34.377900695800804], "angle": 0.0}]}]}]}