{"seed": 1, "floorplan": [{"rooms": [{"category": "Livingroom", "corners": [[199.0, 197.0], [199.0, 303.0], [301.0, 303.0], [301.0, 197.0], [199.0, 197.0]], "objects": [{"category": "Mutli-SeatSofa", "position": [213.55725442859972, 243.00811784467885], "size": [29.18801673941243, 66.4410055852503], "angle": -9.104117114711129e-06}, {"category": "CornerSideTable", "position": [213.74775760898072, 288.4311065939817], "size": [10.500606005676138, 10.49997543047733], "angle": -9.10411711365767e-06}, {"category": "TVStand", "position": [293.8735, 241.1665], "size": [67.60711422414919, 13.689665114449191], "angle": -1.570787222677782}, {"category": "CoffeeTable", "position": [248.81402432185166, 244.15166184954234], "size": [27.41263055038033, 18.04924459967393], "angle": -1.5707872226777826}]}]}]}