{"seed": 1, "floorplan": [{"rooms": [{"category": "Livingroom", "corners": [[128.0, 203.0], [128.0, 297.0], [372.0, 297.0], [372.0, 203.0], [128.0, 203.0]], "objects": [{"category": "PendantLamp", "position": [187.35399999999996, 250.26100000000002], "size": [18.14547042846681, 6.308460044860823], "angle": 0.0}, {"category": "PendantLamp", "position": [332.22099999999995, 228.46300000000002], "size": [28.905052127124897, 28.905052127124897], "angle": -9.104117114509201e-06}]}]}]}