{"seed": 1, "floorplan": [{"rooms": [{"category": "Livingroom", "corners": [[166.0, 197.0], [166.0, 303.0], [327.0, 303.0], [327.0, 296.0], [328.0, 295.0], [334.0, 295.0], [334.0, 205.0], [328.0, 205.0], [327.0, 204.0], [327.0, 197.0], [166.0, 197.0]], "objects": [{"category": "Cabinet", "position": [173.76150782877207, 294.228325944842], "size": [11.775136957352561, 17.142216536038333], "angle": -9.104117112738337e-06}, {"category": "Mutli-SeatSofa", "position": [183.85542092247198, 248.69357230232868], "size": [35.26112195668301, 66.64110506323769], "angle": -9.104117115442315e-06}]}]}]}