{"seed": 1, "floorplan": [{"rooms": [{"category": "Livingroom", "corners": [[193.0, 179.0], [193.0, 321.0], [307.0, 321.0], [307.0, 179.0], [193.0, 179.0]], "objects": [{"category": "CoffeeTable", "position": [250.3222, 253.9393], "size": [31.532987429217684, 17.93440323736748], "angle": -1.5707872226777835}, {"category": "TVStand", "position": [300.2798610799207, 254.63746070525147], "size": [78.80172145168697, 12.621954817063125], "angle": -1.5707872226777824}, {"category": "Mutli-SeatSofa", "position": [208.7155687956966, 246.13212147678516], "size": [93.27984703725193, 32.24189357193236], "angle": -1.5708054309120107}, {"category": "PendantLamp", "position": [249.99370000000005, 250.7143], "size": [20.2568389892578, 20.2568389892578], "angle": 0.0}]}]}]}