{"seed": 1, "floorplan": [{"rooms": [{"category": "Livingroom", "corners": [[177.0, 171.0], [177.0, 327.0], [176.0, 328.0], [176.0, 329.0], [323.0, 329.0], [323.0, 206.0], [221.0, 206.0], [220.0, 205.0], [220.0, 171.0], [177.0, 171.0]], "objects": [{"category": "Mutli-SeatSofa", "position": [257.89849482218204, 311.837349979479], "size": [66.69989776611328, 29.08767013549806], "angle": 3.141592653589793}, {"category": "CoffeeTable", "position": [210.1516, 313.76725000000005], "size": [19.257833380079084, 12.704986952143463], "angle": -1.3071648324607357}, {"category": "LazySofa", "position": [296.1008349558072, 272.3891175835475], "size": [19.365444144631006, 24.476386235913786], "angle": -0.5896959226005511}, {"category": "CoffeeTable", "position": [258.234557418842, 272.7607904428729], "size": [33.57030029296874, 22.57830047607422], "angle": 0.0}]}]}]}