{"seed": 1, "floorplan": [{"rooms": [{"category": "Livingroom", "corners": [[184.0, 149.0], [184.0, 150.0], [181.0, 153.0], [181.0, 154.0], [178.0, 157.0], [178.0, 158.0], [175.0, 161.0], [175.0, 162.0], [172.0, 165.0], [172.0, 166.0], [169.0, 169.0], [169.0, 170.0], [166.0, 173.0], [166.0, 174.0], [163.0, 177.0], [163.0, 178.0], [160.0, 181.0], [160.0, 182.0], [157.0, 185.0], [157.0, 186.0], [154.0, 189.0], [154.0, 190.0], [151.0, 193.0], [151.0, 194.0], [148.0, 197.0], [148.0, 198.0], [145.0, 201.0], [145.0, 202.0], [142.0, 205.0], [142.0, 206.0], [139.0, 209.0], [139.0, 210.0], [136.0, 213.0], [136.0, 214.0], [133.0, 217.0], [133.0, 218.0], [130.0, 221.0], [130.0, 222.0], [127.0, 225.0], [127.0, 226.0], [124.0, 229.0], [124.0, 230.0], [121.0, 233.0], [121.0, 234.0], [118.0, 237.0], [118.0, 238.0], [114.0, 242.0], [113.0, 241.0], [111.0, 241.0], [110.0, 240.0], [109.0, 240.0], [108.0, 239.0], [108.0, 250.0], [109.0, 251.0], [111.0, 251.0], [112.0, 252.0], [114.0, 252.0], [116.0, 254.0], [116.0, 351.0], [347.0, 351.0], [348.0, 350.0], [349.0, 350.0], [350.0, 349.0], [352.0, 349.0], [353.0, 350.0], [353.0, 351.0], [392.0, 351.0], [392.0, 240.0], [354.0, 240.0], [353.0, 241.0], [348.0, 241.0], [347.0, 240.0], [272.0, 240.0], [271.0, 239.0], [271.0, 238.0], [267.0, 234.0], [267.0, 233.0], [264.0, 230.0], [264.0, 229.0], [260.0, 225.0], [260.0, 224.0], [257.0, 221.0], [257.0, 220.0], [253.0, 216.0], [253.0, 215.0], [250.0, 212.0], [250.0, 211.0], [247.0, 208.0], [247.0, 207.0], [245.0, 205.0], [245.0, 204.0], [243.0, 202.0], [243.0, 201.0], [241.0, 199.0], [241.0, 198.0], [238.0, 195.0], [238.0, 194.0], [236.0, 192.0], [236.0, 191.0], [234.0, 189.0], [234.0, 188.0], [232.0, 186.0], [232.0, 185.0], [230.0, 183.0], [230.0, 182.0], [228.0, 180.0], [228.0, 179.0], [226.0, 177.0], [226.0, 176.0], [223.0, 173.0], [223.0, 172.0], [221.0, 170.0], [221.0, 169.0], [219.0, 167.0], [219.0, 166.0], [217.0, 164.0], [217.0, 149.0], [184.0, 149.0]], "objects": [{"category": "Cabinet", "position": [289.4728, 247.15], "size": [57.28379974365231, 11.333309555053717], "angle": 0.0}, {"category": "Mutli-SeatSofa", "position": [288.33046928936034, 336.4265729943902], "size": [76.0580978393555, 29.69117889404299], "angle": 3.141592653589793}, {"category": "CoffeeTable", "position": [289.4404, 299.7742], "size": [37.99924655541371, 16.0930469805703], "angle": -1.5708054309120125}, {"category": "CornerSideTable", "position": [338.0233542692828, 345.19242821056275], "size": [22.26705093383788, 12.315179443359341], "angle": 3.141592653589793}, {"category": "DiningTable", "position": [156.90845097977274, 276.4782529366697], "size": [30.500077787407434, 30.604478609715308], "angle": -9.104117112740984e-06}, {"category": "ConsoleTable", "position": [159.9529, 345.6463], "size": [41.99999999999997, 9.0], "angle": 3.141592653589793}, {"category": "DiningChair", "position": [171.1035620239015, 265.5340950132281], "size": [10.669866808738306, 10.31232380446456], "angle": -3.1415835494726796}, {"category": "DiningChair", "position": [170.15772148755394, 292.5083089950214], "size": [10.669866808738306, 10.312323804464617], "angle": -3.1415835494726796}, {"category": "DiningChair", "position": [144.21369633586104, 292.4063569588074], "size": [10.669866808738306, 10.312323804464617], "angle": -9.104117113729411e-06}, {"category": "DiningChair", "position": [142.858029789614, 265.89290388063665], "size": [10.312323804464617, 10.669866808738306], "angle": -1.5708054309120116}, {"category": "Cabinet", "position": [187.2652, 346.0759645446152], "size": [10.53587951660154, 10.535879516601597], "angle": 0.0}, {"category": "CornerSideTable", "position": [356.8085694122892, 270.1074821664135], "size": [13.384319686889683, 13.384319686889626], "angle": 0.0}, {"category": "PendantLamp", "position": [289.54240000000004, 298.3411], "size": [5.714460182189953, 6.300600242614735], "angle": 0.0}, {"category": "CeilingLamp", "position": [149.9155, 302.47450000000003], "size": [14.639999771118141, 15.172650146484386], "angle": 0.0}]}]}]}