{"seed": 1, "floorplan": [{"rooms": [{"category": "Livingroom", "corners": [[144.0, 110.0], [144.0, 301.0], [164.0, 301.0], [165.0, 302.0], [165.0, 307.0], [164.0, 308.0], [144.0, 308.0], [144.0, 390.0], [261.0, 390.0], [261.0, 302.0], [262.0, 301.0], [290.0, 301.0], [290.0, 242.0], [291.0, 241.0], [356.0, 241.0], [356.0, 110.0], [144.0, 110.0]], "objects": [{"category": "PendantLamp", "position": [304.9474, 170.74150000000003], "size": [4.83836975097654, 4.838369750976568], "angle": 0.0}, {"category": "PendantLamp", "position": [200.73880000000003, 342.29589999999996], "size": [4.83836975097654, 4.838369750976597], "angle": 0.0}]}]}]}