{"seed": 1, "floorplan": [{"rooms": [{"category": "Livingroom", "corners": [[179.0, 197.0], [179.0, 295.0], [178.0, 296.0], [176.0, 296.0], [176.0, 303.0], [324.0, 303.0], [317.0, 296.0], [317.0, 197.0], [179.0, 197.0]], "objects": [{"category": "Mutli-SeatSofa", "position": [254.28535, 282.39108337231505], "size": [69.99419860839842, 27.24011993408203], "angle": 3.141592653589793}, {"category": "CoffeeTable", "position": [254.66305, 248.43685], "size": [30.0, 30.0], "angle": 0.0}]}]}]}