{"seed": 1, "floorplan": [{"rooms": [{"category": "Livingroom", "corners": [[158.0, 162.0], [158.0, 338.0], [193.0, 338.0], [193.0, 331.0], [194.0, 330.0], [204.0, 330.0], [204.0, 300.0], [195.0, 300.0], [194.0, 299.0], [194.0, 298.0], [195.0, 297.0], [342.0, 297.0], [342.0, 205.0], [194.0, 205.0], [193.0, 204.0], [193.0, 162.0], [158.0, 162.0]], "objects": [{"category": "Mutli-SeatSofa", "position": [228.77679530050995, 220.5871777630987], "size": [62.80199890136717, 30.88379974365236], "angle": 0.0}, {"category": "CoffeeTable", "position": [229.360867880553, 251.46456010365], "size": [11.630189895629883, 9.65000953674317], "angle": 0.0}, {"category": "TVStand", "position": [229.6015, 289.77416666666664], "size": [63.0, 13.500000000000057], "angle": 3.141592653589793}, {"category": "PendantLamp", "position": [229.73950000000002, 250.8505], "size": [23.70623931884768, 21.171869659423805], "angle": 0.0}]}]}]}