{"seed": 1, "floorplan": [{"rooms": [{"category": "Livingroom", "corners": [[185.0, 234.0], [185.0, 266.0], [315.0, 266.0], [315.0, 234.0], [185.0, 234.0]], "objects": [{"category": "Cabinet", "position": [308.2555, 245.84090996941075], "size": [30.000273127243307, 44.10040149704761], "angle": -9.104117113918169e-06}, {"category": "CeilingLamp", "position": [240.53650000000002, 249.76], "size": [12.132060241699207, 12.799829864501959], "angle": 0.0}]}]}]}