{"seed": 1, "floorplan": [{"rooms": [{"category": "Livingroom", "corners": [[209.0, 238.0], [209.0, 262.0], [291.0, 262.0], [291.0, 238.0], [209.0, 238.0]], "objects": [{"category": "CornerSideTable", "position": [250.85410000000002, 249.9316], "size": [16.856999588012712, 16.856999588012684], "angle": 0.0}]}]}]}