{"seed": 1, "floorplan": [{"rooms": [{"category": "Livingroom", "corners": [[202.0, 79.0], [201.0, 80.0], [200.0, 80.0], [199.0, 81.0], [197.0, 81.0], [196.0, 82.0], [195.0, 82.0], [194.0, 83.0], [193.0, 83.0], [192.0, 84.0], [191.0, 84.0], [190.0, 85.0], [189.0, 85.0], [187.0, 87.0], [186.0, 87.0], [183.0, 90.0], [182.0, 90.0], [180.0, 92.0], [179.0, 92.0], [179.0, 93.0], [178.0, 94.0], [177.0, 94.0], [173.0, 98.0], [173.0, 99.0], [168.0, 104.0], [168.0, 105.0], [166.0, 107.0], [157.0, 107.0], [157.0, 235.0], [181.0, 235.0], [182.0, 236.0], [183.0, 236.0], [186.0, 239.0], [187.0, 239.0], [189.0, 241.0], [190.0, 241.0], [193.0, 244.0], [194.0, 244.0], [197.0, 247.0], [198.0, 247.0], [200.0, 249.0], [201.0, 249.0], [204.0, 252.0], [205.0, 252.0], [207.0, 254.0], [208.0, 254.0], [211.0, 257.0], [212.0, 257.0], [215.0, 260.0], [215.0, 414.0], [217.0, 414.0], [218.0, 415.0], [218.0, 421.0], [247.0, 421.0], [247.0, 414.0], [248.0, 413.0], [343.0, 413.0], [343.0, 350.0], [342.0, 349.0], [342.0, 259.0], [341.0, 258.0], [341.0, 233.0], [241.0, 233.0], [239.0, 231.0], [239.0, 107.0], [236.0, 107.0], [235.0, 106.0], [235.0, 99.0], [225.0, 89.0], [224.0, 89.0], [221.0, 86.0], [220.0, 86.0], [219.0, 85.0], [218.0, 85.0], [217.0, 84.0], [216.0, 84.0], [215.0, 83.0], [213.0, 83.0], [212.0, 82.0], [211.0, 82.0], [210.0, 81.0], [208.0, 81.0], [207.0, 80.0], [204.0, 80.0], [203.0, 79.0], [202.0, 79.0]], "objects": [{"category": "PendantLamp", "position": [278.5642316313332, 336.05357159476375], "size": [20.29197006225587, 20.291819000244175], "angle": 0.0}, {"category": "CoffeeTable", "position": [266.79825829332424, 344.8438811341143], "size": [27.207593667368982, 28.44271123593482], "angle": -0.009838039231398388}, {"category": "Mutli-SeatSofa", "position": [295.85160655695825, 347.5845769397689], "size": [87.44020635630125, 27.87193776289702], "angle": -1.5806343660262936}, {"category": "PendantLamp", "position": [197.99364999999997, 169.68129999999996], "size": [25.894679260253895, 25.894679260253923], "angle": 0.0}]}]}]}