{"seed": 1, "floorplan": [{"rooms": [{"category": "Livingroom", "corners": [[292.0, 136.0], [292.0, 153.0], [291.0, 154.0], [175.0, 154.0], [175.0, 297.0], [176.0, 296.0], [291.0, 296.0], [292.0, 297.0], [292.0, 306.0], [291.0, 307.0], [285.0, 307.0], [285.0, 344.0], [291.0, 344.0], [292.0, 345.0], [292.0, 356.0], [293.0, 357.0], [293.0, 363.0], [295.0, 363.0], [296.0, 364.0], [301.0, 364.0], [302.0, 363.0], [305.0, 363.0], [306.0, 364.0], [323.0, 364.0], [323.0, 357.0], [324.0, 356.0], [325.0, 356.0], [325.0, 136.0], [321.0, 136.0], [320.0, 137.0], [319.0, 136.0], [306.0, 136.0], [305.0, 137.0], [302.0, 137.0], [301.0, 136.0], [295.0, 136.0], [294.0, 137.0], [293.0, 137.0], [292.0, 136.0]], "objects": [{"category": "Mutli-SeatSofa", "position": [228.71869822550985, 265.3733066220375], "size": [90.88019714355471, 60.85079956054685], "angle": 3.141592653589793}, {"category": "Armchair", "position": [277.74399061904984, 243.10385904415153], "size": [24.71015795295771, 23.095360389804593], "angle": -0.25116996444288336}, {"category": "CoffeeTable", "position": [236.39828515056394, 248.35071207454843], "size": [35.08529891967777, 19.49282913208009], "angle": 3.141592653589793}, {"category": "Cabinet", "position": [287.6221691719949, 289.00763117637376], "size": [16.595970153808594, 14.000429534912087], "angle": 3.141592653589793}]}]}]}