{"seed": 1, "floorplan": [{"rooms": [{"category": "Livingroom", "corners": [[236.0, 211.0], [236.0, 289.0], [264.0, 289.0], [264.0, 211.0], [236.0, 211.0]], "objects": [{"category": "CeilingLamp", "position": [249.85660000000001, 248.0233], "size": [14.201109666351357, 14.192019541479135], "angle": -9.104117113754553e-06}]}]}]}