{"seed": 1, "floorplan": [{"rooms": [{"category": "Livingroom", "corners": [[313.0, 170.0], [313.0, 176.0], [312.0, 177.0], [141.0, 177.0], [141.0, 330.0], [246.0, 330.0], [246.0, 208.0], [247.0, 207.0], [255.0, 207.0], [256.0, 208.0], [256.0, 214.0], [280.0, 214.0], [280.0, 208.0], [281.0, 207.0], [359.0, 207.0], [359.0, 177.0], [338.0, 177.0], [337.0, 176.0], [337.0, 170.0], [313.0, 170.0]], "objects": [{"category": "CoffeeTable", "position": [196.7430029126332, 259.89092435854525], "size": [34.26391133983356, 43.86669728196504], "angle": -9.104117113401213e-06}, {"category": "TVStand", "position": [239.57925663621614, 261.3905736835144], "size": [54.00049162903791, 13.500122907259478], "angle": -1.5707872226777821}, {"category": "Mutli-SeatSofa", "position": [172.17222926750728, 268.81867199967996], "size": [60.47395144334879, 119.83939059736016], "angle": -9.104117114005716e-06}, {"category": "PendantLamp", "position": [193.90015, 268.59985], "size": [24.09501113891602, 6.322829818725609], "angle": 0.0}]}]}]}