{"seed": 1, "floorplan": [{"rooms": [{"category": "Livingroom", "corners": [[142.0, 189.0], [142.0, 311.0], [354.0, 311.0], [354.0, 303.0], [355.0, 302.0], [358.0, 302.0], [358.0, 274.0], [355.0, 274.0], [354.0, 273.0], [354.0, 189.0], [142.0, 189.0]], "objects": [{"category": "Mutli-SeatSofa", "position": [206.38805084523028, 202.31163597315816], "size": [70.78800201416016, 26.46365890502929], "angle": 0.0}, {"category": "LazySofa", "position": [163.623863088983, 247.22868348874363], "size": [25.258970196044707, 33.82590762683644], "angle": -9.104117114219435e-06}, {"category": "PendantLamp", "position": [211.1323, 239.10129999999998], "size": [15.303196009641379, 15.08413569452122], "angle": -0.49877237648990025}, {"category": "CornerSideTable", "position": [161.4580689892932, 272.09554409546354], "size": [15.358769989013751, 14.863650512695358], "angle": 0.0}]}]}]}