{"seed": 1, "floorplan": [{"rooms": [{"category": "Livingroom", "corners": [[166.0, 190.0], [166.0, 310.0], [334.0, 310.0], [334.0, 190.0], [166.0, 190.0]], "objects": [{"category": "Cabinet", "position": [257.7096395889266, 197.2498518443899], "size": [57.414898681640636, 12.221190261840803], "angle": 0.0}, {"category": "PendantLamp", "position": [247.1956, 250.00000000000003], "size": [31.986900329589844, 28.807589721679676], "angle": 0.0}, {"category": "Mutli-SeatSofa", "position": [200.94400000000002, 252.034], "size": [19.889010113228967, 19.922521007917044], "angle": -9.104117114713048e-06}, {"category": "Cabinet", "position": [199.08046492778828, 197.47357190405359], "size": [54.69000091552735, 14.86847991943361], "angle": 0.0}]}]}]}