{"seed": 1, "floorplan": [{"rooms": [{"category": "Livingroom", "corners": [[270.0, 156.0], [270.0, 162.0], [269.0, 163.0], [175.0, 163.0], [175.0, 167.0], [174.0, 168.0], [168.0, 168.0], [168.0, 202.0], [174.0, 202.0], [175.0, 203.0], [175.0, 337.0], [197.0, 337.0], [198.0, 338.0], [198.0, 343.0], [197.0, 344.0], [232.0, 344.0], [232.0, 338.0], [233.0, 337.0], [332.0, 337.0], [332.0, 163.0], [324.0, 163.0], [323.0, 162.0], [323.0, 156.0], [270.0, 156.0]], "objects": [{"category": "DiningTable", "position": [254.80599999999998, 285.89875], "size": [22.850758879217132, 40.500368721778464], "angle": -9.104117114860972e-06}, {"category": "PendantLamp", "position": [253.60000000000002, 278.25235], "size": [9.272910118103027, 9.276029777526844], "angle": 0.0}, {"category": "Cabinet", "position": [325.9927, 249.42055000000002], "size": [36.300330483964345, 24.13677980366414], "angle": -1.5707872226777821}, {"category": "Cabinet", "position": [220.92389923852, 168.9825344023704], "size": [37.80720062255858, 12.055230331420915], "angle": 0.0}]}]}]}