{"seed": 1, "floorplan": [{"rooms": [{"category": "Livingroom", "corners": [[178.0, 172.0], [178.0, 328.0], [322.0, 328.0], [322.0, 172.0], [178.0, 172.0]], "objects": [{"category": "TVStand", "position": [250.35865, 181.61785], "size": [52.281600952148466, 15.41946029663086], "angle": 0.0}, {"category": "Mutli-SeatSofa", "position": [251.53044999999997, 283.41385], "size": [122.68476562500004, 81.22391967773439], "angle": 3.141592653589793}, {"category": "PendantLamp", "position": [246.52675, 249.99985000000004], "size": [11.705820465087868, 11.765969467163075], "angle": 0.0}]}]}]}