{"seed": 1, "floorplan": [{"rooms": [{"category": "Livingroom", "corners": [[205.0, 214.0], [205.0, 286.0], [295.0, 286.0], [295.0, 214.0], [205.0, 214.0]], "objects": [{"category": "Cabinet", "position": [229.10860000000002, 247.41129999999998], "size": [47.58149871826171, 14.50346946716309], "angle": -2.000000000136197e-05}, {"category": "DiningChair", "position": [280.3963, 277.6372], "size": [14.312100219726574, 15.673649597167923], "angle": 3.141592653589793}]}]}]}