{"seed": 1, "floorplan": [{"rooms": [{"category": "Livingroom", "corners": [[152.0, 148.0], [152.0, 240.0], [151.0, 241.0], [144.0, 241.0], [144.0, 265.0], [151.0, 265.0], [152.0, 266.0], [152.0, 345.0], [156.0, 345.0], [157.0, 346.0], [157.0, 352.0], [253.0, 352.0], [253.0, 346.0], [254.0, 345.0], [260.0, 345.0], [260.0, 248.0], [261.0, 247.0], [356.0, 247.0], [356.0, 214.0], [260.0, 214.0], [259.0, 213.0], [259.0, 148.0], [152.0, 148.0]], "objects": [{"category": "DiningChair", "position": [185.05990000000003, 306.0469], "size": [14.488242254817173, 14.45176159127054], "angle": -1.5707872226777828}, {"category": "PendantLamp", "position": [205.52500000000003, 246.39999999999998], "size": [28.33193893432619, 27.93806991577148], "angle": 0.0}, {"category": "PendantLamp", "position": [273.463, 232.423], "size": [26.16789093017576, 26.16789093017576], "angle": 0.0}, {"category": "PendantLamp", "position": [340.4095, 232.423], "size": [26.16789093017576, 26.16789093017576], "angle": 0.0}]}]}]}