{"seed": 1, "floorplan": [{"rooms": [{"category": "Livingroom", "corners": [[232.0, 140.0], [231.0, 141.0], [176.0, 141.0], [175.0, 142.0], [172.0, 142.0], [172.0, 177.0], [171.0, 178.0], [104.0, 178.0], [104.0, 200.0], [103.0, 201.0], [103.0, 255.0], [192.0, 255.0], [193.0, 256.0], [193.0, 352.0], [205.0, 352.0], [206.0, 353.0], [206.0, 360.0], [207.0, 359.0], [216.0, 359.0], [217.0, 360.0], [223.0, 360.0], [224.0, 359.0], [231.0, 359.0], [232.0, 360.0], [236.0, 360.0], [236.0, 353.0], [237.0, 352.0], [238.0, 352.0], [238.0, 281.0], [239.0, 280.0], [361.0, 280.0], [361.0, 250.0], [362.0, 249.0], [397.0, 249.0], [397.0, 210.0], [362.0, 210.0], [361.0, 209.0], [361.0, 178.0], [233.0, 178.0], [232.0, 177.0], [232.0, 140.0]], "objects": [{"category": "PendantLamp", "position": [147.51955000000004, 213.16375000000002], "size": [33.08069915771486, 7.101089859008795], "angle": 3.141592653589793}]}]}]}