{"seed": 1, "floorplan": [{"rooms": [{"category": "Livingroom", "corners": [[192.0, 115.0], [192.0, 120.0], [191.0, 121.0], [188.0, 121.0], [188.0, 143.0], [191.0, 143.0], [192.0, 144.0], [192.0, 148.0], [206.0, 148.0], [207.0, 149.0], [207.0, 175.0], [206.0, 176.0], [204.0, 176.0], [204.0, 198.0], [206.0, 198.0], [207.0, 199.0], [207.0, 204.0], [231.0, 204.0], [232.0, 205.0], [232.0, 252.0], [231.0, 253.0], [206.0, 253.0], [206.0, 259.0], [205.0, 260.0], [203.0, 260.0], [203.0, 283.0], [205.0, 283.0], [206.0, 284.0], [206.0, 381.0], [225.0, 381.0], [226.0, 382.0], [226.0, 385.0], [288.0, 385.0], [288.0, 382.0], [289.0, 381.0], [312.0, 381.0], [312.0, 249.0], [295.0, 249.0], [294.0, 248.0], [294.0, 241.0], [295.0, 240.0], [295.0, 237.0], [296.0, 236.0], [302.0, 236.0], [302.0, 211.0], [301.0, 212.0], [300.0, 212.0], [299.0, 211.0], [295.0, 211.0], [294.0, 210.0], [294.0, 197.0], [295.0, 196.0], [295.0, 188.0], [294.0, 187.0], [294.0, 173.0], [295.0, 172.0], [295.0, 164.0], [294.0, 163.0], [294.0, 149.0], [295.0, 148.0], [295.0, 139.0], [294.0, 138.0], [294.0, 125.0], [295.0, 124.0], [295.0, 116.0], [294.0, 115.0], [192.0, 115.0]], "objects": [{"category": "CeilingLamp", "position": [258.94030000000004, 317.3353], "size": [20.952420043945295, 21.00048065185547], "angle": 0.0}, {"category": "Mutli-SeatSofa", "position": [287.4782604358751, 331.0718557054482], "size": [82.64114849628326, 34.87921769241258], "angle": -1.570787222677782}, {"category": "TVStand", "position": [261.46084251148255, 318.2339838100466], "size": [12.721376269697156, 68.1657191632927], "angle": -3.141583549472677}]}]}]}