{"seed": 1, "floorplan": [{"rooms": [{"category": "Livingroom", "corners": [[226.0, 204.0], [226.0, 296.0], [274.0, 296.0], [274.0, 204.0], [226.0, 204.0]], "objects": [{"category": "LazySofa", "position": [256.1075519682141, 226.13447848926407], "size": [27.10120670750737, 22.077349133473167], "angle": -0.7853902166444954}, {"category": "CeilingLamp", "position": [252.66782857812336, 250.00372774286916], "size": [14.999999999999972, 15.000000000000028], "angle": 0.0}]}]}]}