{"seed": 1, "floorplan": [{"rooms": [{"category": "Livingroom", "corners": [[194.0, 180.0], [194.0, 187.0], [193.0, 188.0], [192.0, 188.0], [192.0, 299.0], [191.0, 300.0], [191.0, 312.0], [198.0, 312.0], [199.0, 313.0], [199.0, 318.0], [198.0, 319.0], [198.0, 320.0], [253.0, 320.0], [253.0, 313.0], [254.0, 312.0], [306.0, 312.0], [306.0, 311.0], [307.0, 310.0], [308.0, 310.0], [308.0, 286.0], [309.0, 285.0], [309.0, 283.0], [307.0, 283.0], [306.0, 282.0], [306.0, 218.0], [307.0, 217.0], [308.0, 217.0], [308.0, 193.0], [309.0, 192.0], [309.0, 190.0], [307.0, 190.0], [306.0, 189.0], [306.0, 188.0], [230.0, 188.0], [229.0, 187.0], [229.0, 180.0], [194.0, 180.0]], "objects": [{"category": "Mutli-SeatSofa", "position": [216.18654926741138, 254.1703], "size": [46.465321709296845, 61.481658676757206], "angle": -9.104117114176961e-06}, {"category": "TVStand", "position": [299.66605, 249.3496], "size": [29.600550249821577, 5.2433575202937694], "angle": -1.5707872226777828}]}]}]}