{"seed": 1, "floorplan": [{"rooms": [{"category": "Livingroom", "corners": [[366.0, 192.0], [359.0, 199.0], [359.0, 299.0], [358.0, 300.0], [357.0, 300.0], [356.0, 299.0], [355.0, 299.0], [354.0, 298.0], [353.0, 298.0], [352.0, 297.0], [351.0, 297.0], [350.0, 296.0], [349.0, 296.0], [348.0, 295.0], [347.0, 295.0], [346.0, 294.0], [345.0, 294.0], [344.0, 293.0], [343.0, 293.0], [342.0, 292.0], [341.0, 292.0], [340.0, 291.0], [339.0, 291.0], [337.0, 289.0], [336.0, 289.0], [335.0, 288.0], [334.0, 288.0], [333.0, 287.0], [332.0, 287.0], [331.0, 286.0], [330.0, 286.0], [328.0, 284.0], [328.0, 281.0], [327.0, 280.0], [327.0, 265.0], [326.0, 264.0], [326.0, 249.0], [325.0, 248.0], [325.0, 233.0], [324.0, 232.0], [324.0, 216.0], [323.0, 215.0], [323.0, 204.0], [329.0, 198.0], [329.0, 197.0], [159.0, 197.0], [159.0, 198.0], [160.0, 199.0], [159.0, 200.0], [158.0, 200.0], [157.0, 199.0], [144.0, 199.0], [143.0, 198.0], [134.0, 198.0], [134.0, 264.0], [134.0, 200.0], [135.0, 199.0], [136.0, 199.0], [142.0, 205.0], [143.0, 205.0], [149.0, 211.0], [150.0, 211.0], [157.0, 218.0], [158.0, 218.0], [164.0, 224.0], [165.0, 224.0], [171.0, 230.0], [172.0, 230.0], [178.0, 236.0], [179.0, 236.0], [185.0, 242.0], [186.0, 242.0], [193.0, 249.0], [194.0, 249.0], [200.0, 255.0], [201.0, 255.0], [207.0, 261.0], [208.0, 261.0], [209.0, 262.0], [209.0, 263.0], [212.0, 266.0], [212.0, 274.0], [214.0, 276.0], [214.0, 280.0], [215.0, 281.0], [215.0, 285.0], [216.0, 286.0], [216.0, 290.0], [217.0, 291.0], [217.0, 295.0], [212.0, 300.0], [211.0, 299.0], [211.0, 288.0], [211.0, 301.0], [213.0, 301.0], [214.0, 300.0], [328.0, 300.0], [329.0, 301.0], [329.0, 297.0], [328.0, 296.0], [328.0, 289.0], [329.0, 288.0], [330.0, 289.0], [331.0, 289.0], [332.0, 290.0], [333.0, 290.0], [334.0, 291.0], [335.0, 291.0], [336.0, 292.0], [337.0, 292.0], [338.0, 293.0], [339.0, 293.0], [340.0, 294.0], [341.0, 294.0], [342.0, 295.0], [343.0, 295.0], [345.0, 297.0], [346.0, 297.0], [347.0, 298.0], [348.0, 298.0], [349.0, 299.0], [350.0, 299.0], [351.0, 300.0], [352.0, 300.0], [353.0, 301.0], [354.0, 301.0], [355.0, 302.0], [356.0, 302.0], [357.0, 303.0], [358.0, 303.0], [360.0, 305.0], [361.0, 305.0], [362.0, 306.0], [363.0, 306.0], [364.0, 307.0], [365.0, 307.0], [366.0, 308.0], [366.0, 192.0]], "objects": [{"category": "Cabinet", "position": [148.32112907562924, 262.8571778555747], "size": [24.359999084472662, 9.445739936828659], "angle": 3.141592653589793}, {"category": "CoffeeTable", "position": [224.0034055291885, 287.87066977897484], "size": [25.24208908081053, 25.25747909545896], "angle": 0.0}, {"category": "CoffeeTable", "position": [312.8374944708115, 287.73322347323625], "size": [25.24208908081056, 25.25747909545902], "angle": 0.0}, {"category": "CoffeeTable", "position": [268.23744999999997, 251.33365000000003], "size": [53.60370025634765, 32.77740097045901], "angle": 0.0}, {"category": "TVStand", "position": [269.57005, 204.34775908467265], "size": [53.99999999999997, 12.0], "angle": 0.0}, {"category": "DiningTable", "position": [148.52622652083272, 237.67597017413914], "size": [32.99995356117701, 74.9998944572204], "angle": -0.008430162914715504}, {"category": "Armchair", "position": [172.00562998653234, 210.5111050852032], "size": [20.86105036542543, 20.526337387725476], "angle": -1.5707872226777815}, {"category": "Armchair", "position": [150.1889958400269, 223.48248884901307], "size": [20.86086044311523, 20.526150512695295], "angle": 3.141592653589793}, {"category": "PendantLamp", "position": [268.10335, 247.16575], "size": [26.74337997436527, 26.743531036376964], "angle": 0.0}]}]}]}