{"seed": 1, "floorplan": [{"rooms": [{"category": "Livingroom", "corners": [[236.0, 203.0], [236.0, 297.0], [237.0, 296.0], [254.0, 296.0], [255.0, 297.0], [260.0, 297.0], [261.0, 296.0], [263.0, 296.0], [264.0, 297.0], [264.0, 203.0], [263.0, 204.0], [261.0, 204.0], [260.0, 203.0], [255.0, 203.0], [254.0, 204.0], [237.0, 204.0], [236.0, 203.0]], "objects": [{"category": "LazySofa", "position": [247.62495802522284, 219.29807658006135], "size": [24.02265014648438, 27.612751007080078], "angle": 0.0}, {"category": "LazySofa", "position": [249.9367737294345, 271.4881309936294], "size": [20.544126245967163, 20.47395730269456], "angle": -1.5707872226777817}, {"category": "DiningChair", "position": [250.2003362985997, 248.6285885884778], "size": [17.043389511108415, 17.043389511108387], "angle": 0.0}]}]}]}