{"seed": 1, "floorplan": [{"rooms": [{"category": "Livingroom", "corners": [[232.0, 197.0], [232.0, 303.0], [268.0, 303.0], [268.0, 197.0], [232.0, 197.0]], "objects": [{"category": "CeilingLamp", "position": [249.03152741836288, 253.22550552335042], "size": [18.20874023437497, 17.849999999999994], "angle": 0.0}]}]}]}