{"seed": 1, "floorplan": [{"rooms": [{"category": "Livingroom", "corners": [[217.0, 207.0], [217.0, 224.0], [215.0, 226.0], [193.0, 226.0], [193.0, 293.0], [307.0, 293.0], [307.0, 207.0], [217.0, 207.0]], "objects": [{"category": "DiningTable", "position": [220.7569427188875, 211.41858721974953], "size": [13.499999999999972, 12.95150985717774], "angle": 0.0}, {"category": "TVStand", "position": [240.22863230430454, 286.5387877805771], "size": [60.30359802246093, 12.0], "angle": 3.141592653589793}, {"category": "PendantLamp", "position": [250.00015000000002, 250.0], "size": [20.423249816894554, 20.423220062255837], "angle": 0.0}]}]}]}