{"seed": 1, "floorplan": [{"rooms": [{"category": "Livingroom", "corners": [[184.0, 204.0], [184.0, 296.0], [316.0, 296.0], [316.0, 204.0], [184.0, 204.0]], "objects": [{"category": "Cabinet", "position": [245.42200000000003, 287.7219999996135], "size": [60.00059967041011, 15.0], "angle": 3.141592653589793}, {"category": "CeilingLamp", "position": [244.14100000000002, 252.27100000000002], "size": [16.891679763793945, 16.993230056762712], "angle": 0.0}, {"category": "Mutli-SeatSofa", "position": [250.88268094000512, 218.83557789000037], "size": [66.867301940918, 27.609690856933582], "angle": 0.0}, {"category": "CoffeeTable", "position": [251.026, 252.83500000000004], "size": [37.80004430239169, 19.08896353809624], "angle": -1.570787222677782}]}]}]}