{"seed": 1, "floorplan": [{"rooms": [{"category": "Livingroom", "corners": [[225.0, 124.0], [225.0, 188.0], [224.0, 189.0], [218.0, 189.0], [218.0, 216.0], [224.0, 216.0], [225.0, 217.0], [225.0, 233.0], [224.0, 234.0], [97.0, 234.0], [97.0, 369.0], [243.0, 369.0], [244.0, 370.0], [244.0, 376.0], [287.0, 376.0], [287.0, 370.0], [288.0, 369.0], [292.0, 369.0], [292.0, 291.0], [293.0, 290.0], [399.0, 290.0], [399.0, 288.0], [400.0, 287.0], [403.0, 287.0], [403.0, 209.0], [400.0, 209.0], [399.0, 208.0], [399.0, 206.0], [265.0, 206.0], [264.0, 205.0], [264.0, 160.0], [265.0, 159.0], [271.0, 159.0], [271.0, 132.0], [265.0, 132.0], [264.0, 131.0], [264.0, 124.0], [225.0, 124.0]], "objects": [{"category": "CeilingLamp", "position": [200.1646, 301.8997], "size": [15.538049697875948, 15.501539611816384], "angle": 0.0}, {"category": "PendantLamp", "position": [352.5013, 248.0497], "size": [27.5712890625, 28.05788955688473], "angle": 0.0}]}]}]}