{"seed": 1, "floorplan": [{"rooms": [{"category": "Livingroom", "corners": [[206.0, 162.0], [206.0, 338.0], [239.0, 338.0], [239.0, 297.0], [240.0, 296.0], [294.0, 296.0], [294.0, 229.0], [240.0, 229.0], [239.0, 228.0], [239.0, 162.0], [206.0, 162.0]], "objects": [{"category": "CeilingLamp", "position": [220.77955000000003, 195.72969999999998], "size": [13.188240051269503, 13.188210296630842], "angle": 0.0}, {"category": "Mutli-SeatSofa", "position": [280.72383372791427, 258.2045846957814], "size": [73.77757292783907, 25.456941053578518], "angle": -1.5707872226777826}, {"category": "CoffeeTable", "position": [251.32135000000002, 263.7967], "size": [39.025521873668254, 18.011258707898175], "angle": -1.5660864859789239}]}]}]}