{"seed": 1, "floorplan": [{"rooms": [{"category": "Livingroom", "corners": [[204.0, 179.0], [204.0, 321.0], [231.0, 321.0], [231.0, 257.0], [232.0, 256.0], [233.0, 256.0], [234.0, 257.0], [234.0, 271.0], [296.0, 271.0], [296.0, 179.0], [204.0, 179.0]], "objects": [{"category": "Mutli-SeatSofa", "position": [279.51422489302263, 210.70386967599336], "size": [21.819469735558574, 61.81166351222826], "angle": -3.141583549472679}, {"category": "CoffeeTable", "position": [247.32805, 211.7461], "size": [26.21246856190354, 26.160747662561466], "angle": -1.5707872226777821}, {"category": "Armchair", "position": [265.85424083245675, 259.68144219898363], "size": [21.712019348144526, 22.354019165039034], "angle": -0.25870546614360973}, {"category": "CeilingLamp", "position": [219.04495000000003, 302.8963], "size": [20.952360534667974, 21.00048065185547], "angle": 0.0}]}]}]}