{"seed": 1, "floorplan": [{"rooms": [{"category": "Livingroom", "corners": [[222.0, 219.0], [222.0, 281.0], [278.0, 281.0], [278.0, 219.0], [222.0, 219.0]], "objects": [{"category": "Cabinet", "position": [250.37349999999998, 273.8503897399902], "size": [37.5, 31.5], "angle": 3.141592653589793}]}]}]}