{"seed": 1, "floorplan": [{"rooms": [{"category": "Livingroom", "corners": [[186.0, 194.0], [186.0, 306.0], [314.0, 306.0], [314.0, 194.0], [186.0, 194.0]], "objects": [{"category": "Mutli-SeatSofa", "position": [202.85883381582016, 243.64207627938967], "size": [29.030814685661415, 59.7812434156336], "angle": -9.10411711423675e-06}, {"category": "TVStand", "position": [307.70500000000004, 245.91700000000003], "size": [9.05849254227901, 68.33342241128108], "angle": -3.141583549472681}, {"category": "DiningTable", "position": [248.29637297240492, 240.69112104717863], "size": [55.64930729929687, 38.07124657004413], "angle": -1.5708054309120105}]}]}]}