{"seed": 1, "floorplan": [{"rooms": [{"category": "Livingroom", "corners": [[194.0, 187.0], [194.0, 313.0], [306.0, 313.0], [306.0, 187.0], [194.0, 187.0]], "objects": [{"category": "LazySofa", "position": [277.03972056488385, 207.59882667060933], "size": [25.46266766720784, 25.60840581216051], "angle": -0.785406110150403}, {"category": "LazySofa", "position": [265.6774, 291.673], "size": [25.608341956080867, 25.462604174534857], "angle": -0.7853927101735388}, {"category": "CoffeeTable", "position": [238.9465, 247.70979999999997], "size": [21.00043151718601, 38.9805566063594], "angle": -9.104117113596788e-06}, {"category": "Cabinet", "position": [200.41270000000003, 245.53119999999996], "size": [55.28024113408422, 88.23422920173307], "angle": -9.104117114429108e-06}]}]}]}