{"seed": 1, "floorplan": [{"rooms": [{"category": "Livingroom", "corners": [[313.0, 198.0], [312.0, 199.0], [132.0, 199.0], [132.0, 302.0], [133.0, 301.0], [313.0, 301.0], [314.0, 302.0], [315.0, 301.0], [360.0, 301.0], [361.0, 302.0], [361.0, 292.0], [362.0, 291.0], [368.0, 291.0], [368.0, 267.0], [362.0, 267.0], [361.0, 266.0], [361.0, 252.0], [314.0, 252.0], [313.0, 251.0], [313.0, 198.0]], "objects": [{"category": "Mutli-SeatSofa", "position": [218.4138731453825, 276.426346650293], "size": [76.65870208740233, 43.691999816894565], "angle": 3.141592653589793}, {"category": "CoffeeTable", "position": [220.01815666248172, 241.13066954142357], "size": [41.34120025634763, 38.633097839355486], "angle": 0.0}, {"category": "TVStand", "position": [215.46235000000001, 204.9931], "size": [54.599999999999966, 12.600029754638683], "angle": 0.0}]}]}]}