{"seed": 1, "floorplan": [{"rooms": [{"category": "Livingroom", "corners": [[184.0, 178.0], [184.0, 322.0], [316.0, 322.0], [316.0, 178.0], [184.0, 178.0]], "objects": [{"category": "CoffeeTable", "position": [233.41922058830417, 242.11394362635684], "size": [36.68281080486492, 18.341405402432464], "angle": -1.856616985821957}, {"category": "TVStand", "position": [307.9093483700434, 250.15239885780088], "size": [139.3809686534696, 9.86432930837121], "angle": -1.5707872226777824}, {"category": "Mutli-SeatSofa", "position": [214.49543644902815, 250.12292235160675], "size": [81.12115648370515, 44.806178511682894], "angle": -1.5665390317815726}]}]}]}