{"seed": 1, "floorplan": [{"rooms": [{"category": "Livingroom", "corners": [[314.0, 182.0], [314.0, 198.0], [313.0, 199.0], [187.0, 199.0], [186.0, 198.0], [186.0, 187.0], [179.0, 187.0], [179.0, 211.0], [185.0, 211.0], [186.0, 212.0], [186.0, 318.0], [314.0, 318.0], [314.0, 219.0], [315.0, 218.0], [321.0, 218.0], [321.0, 182.0], [314.0, 182.0]], "objects": [{"category": "Mutli-SeatSofa", "position": [204.37549261697654, 267.03590351386856], "size": [82.40234932514741, 32.68139647460363], "angle": -1.5708054309120107}, {"category": "TVStand", "position": [307.2397, 269.41435], "size": [54.00049162903791, 12.000109250897358], "angle": -1.5707872226777815}, {"category": "CoffeeTable", "position": [261.18460000000005, 266.40115000000003], "size": [36.68310012817386, 18.341550064086903], "angle": 0.0}, {"category": "PendantLamp", "position": [257.3815, 271.78824999999995], "size": [29.335350036621094, 29.06976013183595], "angle": 0.0}]}]}]}