{"seed": 1, "floorplan": [{"rooms": [{"category": "Livingroom", "corners": [[200.0, 183.0], [200.0, 317.0], [296.0, 317.0], [296.0, 225.0], [297.0, 224.0], [300.0, 224.0], [300.0, 183.0], [200.0, 183.0]], "objects": [{"category": "Mutli-SeatSofa", "position": [217.8973909294344, 274.81555727954463], "size": [33.602706894830476, 67.50961425202131], "angle": -9.104117114317657e-06}, {"category": "CoffeeTable", "position": [258.0085, 273.82750000000004], "size": [32.727296855866896, 27.276787944018736], "angle": -1.5708054309120112}, {"category": "TVStand", "position": [290.22199253274425, 272.3836408790871], "size": [68.3334224112811, 9.05849254227901], "angle": -1.5707872226777824}, {"category": "PendantLamp", "position": [244.1035, 274.2835], "size": [13.038208835587522, 11.42680424200892], "angle": -9.104117113530187e-06}]}]}]}