{"seed": 1, "floorplan": [{"rooms": [{"category": "Livingroom", "corners": [[189.0, 230.0], [189.0, 270.0], [311.0, 270.0], [311.0, 230.0], [189.0, 230.0]], "objects": [{"category": "CornerSideTable", "position": [249.70569999999998, 253.01034999999996], "size": [15.101100540161156, 14.075370025634754], "angle": 0.0}, {"category": "CeilingLamp", "position": [246.31119999999993, 251.81425], "size": [19.468080139160122, 19.468080139160122], "angle": 0.0}]}]}]}