{"seed": 1, "floorplan": [{"rooms": [{"category": "Livingroom", "corners": [[126.0, 193.0], [126.0, 307.0], [375.0, 307.0], [374.0, 306.0], [374.0, 303.0], [375.0, 302.0], [375.0, 301.0], [374.0, 300.0], [374.0, 280.0], [375.0, 279.0], [375.0, 274.0], [374.0, 273.0], [374.0, 253.0], [375.0, 252.0], [375.0, 247.0], [374.0, 246.0], [374.0, 226.0], [375.0, 225.0], [375.0, 220.0], [374.0, 219.0], [374.0, 199.0], [375.0, 198.0], [375.0, 193.0], [126.0, 193.0]], "objects": [{"category": "CoffeeTable", "position": [185.27110000000002, 256.4917], "size": [36.0, 24.0], "angle": 0.0}, {"category": "Mutli-SeatSofa", "position": [184.3989651417234, 292.6849747377053], "size": [80.73420410156248, 26.654159545898438], "angle": 3.141592653589793}, {"category": "DiningTable", "position": [334.2745, 248.91490000000002], "size": [79.66440124511718, 29.72346038818361], "angle": 0.0}, {"category": "ConsoleTable", "position": [273.9796, 300.2931997146618], "size": [53.11230010986327, 13.231560516357376], "angle": 3.141592653589793}]}]}]}