{"seed": 1, "floorplan": [{"rooms": [{"category": "Livingroom", "corners": [[231.0, 200.0], [231.0, 300.0], [269.0, 300.0], [269.0, 200.0], [231.0, 200.0]], "objects": [{"category": "Cabinet", "position": [250.5257181206622, 210.4615], "size": [39.00210113525392, 12.510059738159157], "angle": 0.0}, {"category": "Armchair", "position": [251.73699999999997, 282.0175], "size": [19.522200813159458, 19.52220081315947], "angle": -1.0064191357317134}]}]}]}