{"seed": 1, "floorplan": [{"rooms": [{"category": "Livingroom", "corners": [[169.0, 185.0], [169.0, 315.0], [331.0, 315.0], [331.0, 185.0], [169.0, 185.0]], "objects": [{"category": "TVStand", "position": [247.43621007666104, 307.4499178837034], "size": [69.67320098876951, 13.216829681396462], "angle": 3.141592653589793}, {"category": "CoffeeTable", "position": [249.55255, 253.7437], "size": [36.48479919433589, 28.766249084472634], "angle": 0.0}]}]}]}