{"seed": 1, "floorplan": [{"rooms": [{"category": "Livingroom", "corners": [[258.0, 231.0], [257.0, 232.0], [194.0, 232.0], [194.0, 269.0], [306.0, 269.0], [306.0, 231.0], [258.0, 231.0]], "objects": [{"category": "Armchair", "position": [270.45365908537957, 251.0398539482114], "size": [32.86918392289771, 24.9513481985977], "angle": -0.7854061101504025}, {"category": "CornerSideTable", "position": [244.02374045512758, 247.55672789131117], "size": [20.89365005493164, 20.893739318847622], "angle": 0.0}]}]}]}