{"seed": 1, "floorplan": [{"rooms": [{"category": "Livingroom", "corners": [[234.0, 223.0], [234.0, 277.0], [266.0, 277.0], [266.0, 223.0], [234.0, 223.0]], "objects": [{"category": "CeilingLamp", "position": [250.35700000000003, 250.3], "size": [7.439999771118153, 21.01604919433595], "angle": 0.0}]}]}]}