{"seed": 1, "floorplan": [{"rooms": [{"category": "Livingroom", "corners": [[162.0, 198.0], [162.0, 202.0], [161.0, 203.0], [155.0, 203.0], [155.0, 291.0], [154.0, 292.0], [154.0, 296.0], [161.0, 296.0], [162.0, 297.0], [162.0, 302.0], [309.0, 302.0], [310.0, 303.0], [311.0, 302.0], [312.0, 303.0], [313.0, 302.0], [318.0, 302.0], [319.0, 303.0], [321.0, 303.0], [322.0, 302.0], [327.0, 302.0], [328.0, 303.0], [329.0, 303.0], [330.0, 302.0], [332.0, 302.0], [333.0, 303.0], [334.0, 302.0], [340.0, 302.0], [341.0, 303.0], [342.0, 303.0], [343.0, 302.0], [344.0, 302.0], [345.0, 303.0], [346.0, 302.0], [346.0, 198.0], [162.0, 198.0]], "objects": [{"category": "PendantLamp", "position": [351.0400222589127, 309.692121954621], "size": [31.986900329589844, 28.807589721679733], "angle": 0.0}, {"category": "Mutli-SeatSofa", "position": [397.80456032631884, 329.20998812470384], "size": [104.36591491699221, 62.38495788574215], "angle": 0.0}, {"category": "CoffeeTable", "position": [352.5020561181998, 308.8759175206835], "size": [37.50929946899413, 29.072339630126976], "angle": 0.0}, {"category": "TVStand", "position": [372.14597697091295, 273.35459576155034], "size": [67.31159820556638, 16.00808944702152], "angle": 3.141592653589793}]}]}]}