{"seed": 1, "floorplan": [{"rooms": [{"category": "Livingroom", "corners": [[108.0, 184.0], [108.0, 316.0], [250.0, 316.0], [250.0, 219.0], [251.0, 218.0], [392.0, 218.0], [392.0, 184.0], [108.0, 184.0]], "objects": [{"category": "Mutli-SeatSofa", "position": [144.77467143379096, 248.060134227932], "size": [71.5689529666971, 118.99608152813913], "angle": -9.104117114015366e-06}, {"category": "CoffeeTable", "position": [156.42081165460323, 261.51672713233353], "size": [23.247572642019033, 14.078168102125538], "angle": -1.570787222677784}, {"category": "CeilingLamp", "position": [181.45, 254.39499999999998], "size": [20.952390289306663, 21.00048065185544], "angle": 0.0}]}]}]}