{"seed": 1, "floorplan": [{"rooms": [{"category": "Livingroom", "corners": [[266.0, 150.0], [266.0, 221.0], [265.0, 222.0], [200.0, 222.0], [200.0, 350.0], [300.0, 350.0], [300.0, 150.0], [266.0, 150.0]], "objects": [{"category": "Mutli-SeatSofa", "position": [213.298, 319.597], "size": [53.787487675656024, 20.382875235676035], "angle": -1.570805430912011}, {"category": "TVStand", "position": [293.1545419254577, 311.81370473234426], "size": [14.400131101076774, 66.00060087993528], "angle": -3.141583549472678}, {"category": "PendantLamp", "position": [247.94800000000004, 290.719], "size": [24.09501113891605, 6.322829818725609], "angle": 0.0}]}]}]}