{"seed": 1, "floorplan": [{"rooms": [{"category": "Livingroom", "corners": [[225.0, 204.0], [225.0, 296.0], [275.0, 296.0], [275.0, 204.0], [225.0, 204.0]], "objects": [{"category": "DiningChair", "position": [252.954279984389, 267.1239946000699], "size": [17.476742546243617, 16.143182896224964], "angle": -0.6240786430694922}]}]}]}