{"seed": 1, "floorplan": [{"rooms": [{"category": "Livingroom", "corners": [[188.0, 229.0], [188.0, 271.0], [312.0, 271.0], [312.0, 229.0], [188.0, 229.0]], "objects": [{"category": "DiningChair", "position": [267.8708231752015, 249.20829331277463], "size": [18.30345039367677, 23.52396011352539], "angle": 3.141592653589793}, {"category": "DiningChair", "position": [230.66637682479853, 249.35747457805212], "size": [18.30345039367677, 23.523960113525362], "angle": 3.141592653589793}, {"category": "CornerSideTable", "position": [248.99980000000005, 248.36688021296655], "size": [15.121830368041998, 20.99999999999997], "angle": 0.0}]}]}]}