{"seed": 1, "floorplan": [{"rooms": [{"category": "Livingroom", "corners": [[208.0, 199.0], [208.0, 211.0], [207.0, 212.0], [199.0, 212.0], [199.0, 218.0], [200.0, 219.0], [200.0, 278.0], [208.0, 278.0], [209.0, 279.0], [209.0, 301.0], [233.0, 301.0], [233.0, 293.0], [234.0, 292.0], [300.0, 292.0], [301.0, 291.0], [301.0, 199.0], [208.0, 199.0]], "objects": [{"category": "CeilingLamp", "position": [255.0752543827905, 250.50901038645958], "size": [24.84450073242192, 10.0152603149414], "angle": 0.0}, {"category": "Mutli-SeatSofa", "position": [255.04621926973607, 223.6440998974224], "size": [44.425502014160145, 23.48136062622072], "angle": 0.0}]}]}]}