{"seed": 1, "floorplan": [{"rooms": [{"category": "Livingroom", "corners": [[203.0, 167.0], [203.0, 333.0], [241.0, 333.0], [241.0, 311.0], [242.0, 310.0], [297.0, 310.0], [297.0, 167.0], [203.0, 167.0]], "objects": [{"category": "Mutli-SeatSofa", "position": [222.0405452228792, 204.96060769399466], "size": [26.7105634591873, 55.61510746401038], "angle": -9.104117114025471e-06}, {"category": "CoffeeTable", "position": [253.68485722622026, 203.80778790302136], "size": [14.308590316772467, 12.633209609985357], "angle": 0.0}, {"category": "Shelf", "position": [211.1033872619629, 240.2521], "size": [12.574859619140625, 12.574859619140625], "angle": 0.0}]}]}]}