{"seed": 1, "floorplan": [{"rooms": [{"category": "Livingroom", "corners": [[254.0, 186.0], [253.0, 187.0], [162.0, 187.0], [162.0, 314.0], [338.0, 314.0], [338.0, 307.0], [339.0, 306.0], [339.0, 304.0], [338.0, 303.0], [338.0, 286.0], [339.0, 285.0], [339.0, 280.0], [338.0, 279.0], [338.0, 262.0], [339.0, 261.0], [339.0, 256.0], [338.0, 255.0], [338.0, 238.0], [339.0, 237.0], [339.0, 232.0], [338.0, 231.0], [338.0, 214.0], [339.0, 213.0], [339.0, 208.0], [338.0, 207.0], [338.0, 191.0], [339.0, 190.0], [339.0, 186.0], [254.0, 186.0]], "objects": [{"category": "TVStand", "position": [261.304, 306.76345000000003], "size": [60.000065711963984, 13.500014785191905], "angle": -0.0014799989194039542}, {"category": "TVStand", "position": [166.95999999999998, 208.76245], "size": [33.17160174317418, 36.02522803431968], "angle": -9.104117114367057e-06}]}]}]}