{"seed": 1, "floorplan": [{"rooms": [{"category": "Livingroom", "corners": [[186.0, 192.0], [186.0, 290.0], [282.0, 290.0], [283.0, 291.0], [283.0, 308.0], [314.0, 308.0], [314.0, 192.0], [186.0, 192.0]], "objects": [{"category": "CeilingLamp", "position": [259.39255766071375, 241.34606796267803], "size": [21.614430999755882, 6.424889945983892], "angle": 0.0}, {"category": "DiningChair", "position": [298.207473537927, 283.11752519056995], "size": [18.319739913940452, 20.358718872070312], "angle": 0.0}]}]}]}