{"seed": 1, "floorplan": [{"rooms": [{"category": "Livingroom", "corners": [[235.0, 236.0], [235.0, 264.0], [265.0, 264.0], [265.0, 236.0], [235.0, 236.0]], "objects": [{"category": "LazySofa", "position": [249.44050000000001, 250.453], "size": [23.45817031860355, 28.23186035156249], "angle": 0.0}]}]}]}