{"seed": 1, "floorplan": [{"rooms": [{"category": "Livingroom", "corners": [[175.0, 190.0], [175.0, 310.0], [325.0, 310.0], [325.0, 190.0], [175.0, 190.0]], "objects": [{"category": "Mutli-SeatSofa", "position": [258.17165306377177, 229.9531497900841], "size": [68.02559967041017, 28.292850494384794], "angle": 0.0}, {"category": "LazySofa", "position": [301.5925, 267.70750000000004], "size": [25.60865218209513, 25.46291263504435], "angle": -1.5707872226777806}, {"category": "CoffeeTable", "position": [264.1454988471272, 262.9084578065415], "size": [20.607929992675736, 20.62047042846683], "angle": 0.0}, {"category": "TVStand", "position": [318.2728999656856, 228.3775], "size": [31.24768362327052, 12.853797061458707], "angle": -1.5707872226777821}]}]}]}