{"seed": 1, "floorplan": [{"rooms": [{"category": "Livingroom", "corners": [[245.0, 140.0], [245.0, 166.0], [244.0, 167.0], [134.0, 167.0], [134.0, 349.0], [207.0, 349.0], [208.0, 350.0], [208.0, 360.0], [236.0, 360.0], [236.0, 350.0], [237.0, 349.0], [366.0, 349.0], [366.0, 289.0], [282.0, 289.0], [281.0, 288.0], [282.0, 287.0], [282.0, 285.0], [281.0, 284.0], [281.0, 278.0], [282.0, 277.0], [282.0, 261.0], [281.0, 260.0], [281.0, 255.0], [282.0, 254.0], [282.0, 241.0], [281.0, 240.0], [281.0, 225.0], [282.0, 224.0], [284.0, 224.0], [285.0, 225.0], [285.0, 239.0], [321.0, 239.0], [321.0, 223.0], [322.0, 222.0], [365.0, 222.0], [365.0, 140.0], [245.0, 140.0]], "objects": [{"category": "Mutli-SeatSofa", "position": [146.63491887656443, 242.79264824107491], "size": [24.15601063060008, 83.71666487975183], "angle": -9.104117113418638e-06}, {"category": "Mutli-SeatSofa", "position": [186.55519860286932, 313.32300718967895], "size": [88.85340270996093, 57.27240142822268], "angle": 0.0}]}]}]}