{"seed": 1, "floorplan": [{"rooms": [{"category": "Livingroom", "corners": [[187.0, 139.0], [187.0, 361.0], [313.0, 361.0], [313.0, 184.0], [230.0, 184.0], [229.0, 183.0], [229.0, 176.0], [230.0, 175.0], [234.0, 175.0], [235.0, 174.0], [236.0, 175.0], [237.0, 174.0], [237.0, 140.0], [230.0, 140.0], [229.0, 139.0], [187.0, 139.0]], "objects": [{"category": "DiningTable", "position": [306.48764850115685, 239.2803580545702], "size": [16.285407893231515, 12.416422779240882], "angle": -1.570787222677783}, {"category": "DiningTable", "position": [306.47876530709226, 318.37544194542977], "size": [16.285407893231543, 12.416422779240882], "angle": -1.5707872226777795}, {"category": "CeilingLamp", "position": [245.86809999999997, 275.0599], "size": [10.134330368041958, 10.134330368042015], "angle": 0.0}]}]}]}