{"seed": 1, "floorplan": [{"rooms": [{"category": "Livingroom", "corners": [[309.0, 172.0], [308.0, 173.0], [191.0, 173.0], [191.0, 326.0], [190.0, 327.0], [191.0, 328.0], [192.0, 327.0], [309.0, 327.0], [309.0, 174.0], [310.0, 173.0], [309.0, 172.0]], "objects": [{"category": "Mutli-SeatSofa", "position": [220.26269963056396, 231.27014060778663], "size": [56.96452007886664, 86.67048510676047], "angle": -9.104117113941278e-06}, {"category": "DiningTable", "position": [229.285, 321.277], "size": [24.08177947998047, 12.243929672241222], "angle": 3.141592653589793}, {"category": "CoffeeTable", "position": [252.02628551368835, 244.4689703683987], "size": [27.649319458007824, 27.6493789672852], "angle": 0.0}]}]}]}