{"seed": 1, "floorplan": [{"rooms": [{"category": "Livingroom", "corners": [[180.0, 231.0], [179.0, 232.0], [162.0, 232.0], [162.0, 269.0], [163.0, 269.0], [164.0, 268.0], [336.0, 268.0], [337.0, 269.0], [338.0, 269.0], [338.0, 232.0], [337.0, 231.0], [180.0, 231.0]], "objects": [{"category": "DiningChair", "position": [250.93526355659822, 247.23664686367468], "size": [14.51656703802063, 16.484213294934758], "angle": -1.064767531249688}, {"category": "DiningChair", "position": [212.06177341807927, 245.86008124772925], "size": [16.484118677698664, 14.516483714817602], "angle": -0.3583657096783297}, {"category": "CornerSideTable", "position": [232.03064512595648, 243.97679986212958], "size": [18.240771525365492, 17.611371954865827], "angle": -0.41272198357274353}]}]}]}