{"seed": 1, "floorplan": [{"rooms": [{"category": "Livingroom", "corners": [[195.0, 180.0], [195.0, 312.0], [229.0, 312.0], [230.0, 313.0], [230.0, 320.0], [298.0, 320.0], [298.0, 313.0], [299.0, 312.0], [305.0, 312.0], [305.0, 182.0], [306.0, 181.0], [306.0, 180.0], [195.0, 180.0]], "objects": [{"category": "CoffeeTable", "position": [253.35823100574305, 230.93019503161815], "size": [12.36281244314141, 35.92172672581644], "angle": -9.104117114026286e-06}, {"category": "TVStand", "position": [299.51068340290476, 234.03805000000003], "size": [54.00049162903794, 12.30281166800299], "angle": -1.5707872226777826}, {"category": "PendantLamp", "position": [250.0, 240.91944999999998], "size": [19.618050384521467, 22.346669769287104], "angle": 0.0}, {"category": "Mutli-SeatSofa", "position": [219.22905958838138, 248.18461647827638], "size": [27.82798391068058, 83.83306608597127], "angle": -9.104117113446734e-06}]}]}]}