{"seed": 1, "floorplan": [{"rooms": [{"category": "Livingroom", "corners": [[177.0, 186.0], [177.0, 205.0], [176.0, 206.0], [169.0, 206.0], [169.0, 294.0], [176.0, 294.0], [177.0, 295.0], [177.0, 314.0], [331.0, 314.0], [331.0, 186.0], [177.0, 186.0]], "objects": [{"category": "Mutli-SeatSofa", "position": [248.19489999999996, 277.5151], "size": [99.99870300292966, 49.69709930419921], "angle": 3.141592653589793}, {"category": "CoffeeTable", "position": [248.19489999999996, 220.31800069580083], "size": [23.19611892700189, 22.181309509277355], "angle": 3.141592653589793}, {"category": "Cabinet", "position": [323.82820000001306, 285.66659997974557], "size": [54.929600124410065, 15.000136563621654], "angle": -1.5707872226777826}, {"category": "CeilingLamp", "position": [254.34999999999997, 250.0], "size": [14.639999771118141, 15.17265014648433], "angle": 0.0}]}]}]}