{"seed": 1, "floorplan": [{"rooms": [{"category": "Livingroom", "corners": [[118.0, 126.0], [118.0, 374.0], [235.0, 374.0], [235.0, 261.0], [236.0, 260.0], [382.0, 260.0], [382.0, 221.0], [224.0, 221.0], [223.0, 220.0], [223.0, 126.0], [118.0, 126.0]], "objects": [{"category": "CornerSideTable", "position": [127.61896734459373, 358.7121255851174], "size": [15.39115956325427, 15.205607947205172], "angle": -9.104117109051804e-06}, {"category": "CornerSideTable", "position": [124.70353973426819, 268.1324801440063], "size": [15.39115956325427, 15.205607947205117], "angle": -9.104117116438305e-06}, {"category": "TVStand", "position": [228.71448612226035, 318.81751147035374], "size": [16.061696750084508, 52.65557887204365], "angle": -3.141583549472678}]}]}]}