{"seed": 1, "floorplan": [{"rooms": [{"category": "Livingroom", "corners": [[228.0, 218.0], [228.0, 282.0], [272.0, 282.0], [272.0, 218.0], [228.0, 218.0]], "objects": [{"category": "CornerSideTable", "position": [250.00000000000003, 272.80299999999994], "size": [33.28980102539066, 13.094190216064419], "angle": 3.141592653589793}]}]}]}