{"seed": 1, "floorplan": [{"rooms": [{"category": "Livingroom", "corners": [[213.0, 191.0], [213.0, 309.0], [287.0, 309.0], [287.0, 191.0], [213.0, 191.0]], "objects": [{"category": "CeilingLamp", "position": [246.05860000000007, 249.46059999999989], "size": [19.345049285888763, 19.345049285888763], "angle": 0.0}, {"category": "Mutli-SeatSofa", "position": [259.78622139996844, 277.9224744556906], "size": [90.88019714355482, 60.85079956054665], "angle": 3.141592653589793}, {"category": "TVStand", "position": [246.23860000000002, 197.168633295689], "size": [53.99999999999977, 12.428039932251068], "angle": 0.0}]}]}]}