{"seed": 1, "floorplan": [{"rooms": [{"category": "Livingroom", "corners": [[218.0, 161.0], [218.0, 339.0], [278.0, 339.0], [278.0, 257.0], [279.0, 256.0], [279.0, 237.0], [280.0, 236.0], [280.0, 218.0], [281.0, 217.0], [281.0, 199.0], [282.0, 198.0], [282.0, 193.0], [276.0, 187.0], [276.0, 163.0], [277.0, 162.0], [277.0, 161.0], [218.0, 161.0]], "objects": [{"category": "DiningChair", "position": [270.17501089665313, 285.48160000000007], "size": [15.730462807964528, 15.680423061012847], "angle": -9.10411711550261e-06}, {"category": "Mutli-SeatSofa", "position": [233.91610237492023, 254.1922073154939], "size": [31.59058835645769, 70.72954407946834], "angle": -9.104117113801317e-06}]}]}]}