{"seed": 1, "floorplan": [{"rooms": [{"category": "Livingroom", "corners": [[193.0, 159.0], [193.0, 341.0], [307.0, 341.0], [307.0, 159.0], [193.0, 159.0]], "objects": [{"category": "PendantLamp", "position": [252.40150000000006, 282.7975], "size": [18.14547042846681, 6.308460044860851], "angle": 0.0}, {"category": "PendantLamp", "position": [258.0715, 184.8175], "size": [28.904788970947237, 28.904788970947237], "angle": 0.0}]}]}]}