{"seed": 1, "floorplan": [{"rooms": [{"category": "Livingroom", "corners": [[189.0, 147.0], [189.0, 182.0], [251.0, 182.0], [252.0, 183.0], [252.0, 191.0], [251.0, 192.0], [189.0, 192.0], [189.0, 319.0], [188.0, 320.0], [182.0, 320.0], [181.0, 319.0], [181.0, 261.0], [105.0, 261.0], [105.0, 353.0], [340.0, 353.0], [340.0, 352.0], [341.0, 351.0], [343.0, 351.0], [343.0, 280.0], [317.0, 280.0], [316.0, 279.0], [316.0, 276.0], [317.0, 275.0], [317.0, 273.0], [316.0, 272.0], [316.0, 262.0], [317.0, 261.0], [317.0, 255.0], [316.0, 254.0], [316.0, 244.0], [317.0, 243.0], [317.0, 237.0], [316.0, 236.0], [316.0, 226.0], [317.0, 225.0], [317.0, 219.0], [316.0, 218.0], [316.0, 208.0], [317.0, 207.0], [317.0, 201.0], [316.0, 200.0], [316.0, 190.0], [317.0, 189.0], [317.0, 183.0], [318.0, 182.0], [395.0, 182.0], [395.0, 147.0], [189.0, 147.0]], "objects": [{"category": "DiningTable", "position": [211.18959999999998, 297.04720000000003], "size": [45.0, 22.5], "angle": 0.0}, {"category": "CeilingLamp", "position": [261.4405, 237.72400000000005], "size": [19.372169494628906, 1.6560749530792407], "angle": 0.0}, {"category": "TVStand", "position": [309.7525, 237.27700000000004], "size": [72.00065550538389, 11.041750535002912], "angle": -1.5707872226777828}]}]}]}