{"seed": 1, "floorplan": [{"rooms": [{"category": "Livingroom", "corners": [[237.0, 231.0], [237.0, 269.0], [263.0, 269.0], [263.0, 231.0], [237.0, 231.0]], "objects": [{"category": "Cabinet", "position": [247.55471857927967, 238.39315170362102], "size": [29.99999999999997, 15.0], "angle": 0.0}, {"category": "CeilingLamp", "position": [249.7047808005072, 249.82586929398917], "size": [14.99622001647947, 14.998109436035179], "angle": 0.0}]}]}]}