{"seed": 1, "floorplan": [{"rooms": [{"category": "Livingroom", "corners": [[296.0, 151.0], [296.0, 251.0], [295.0, 252.0], [168.0, 252.0], [168.0, 349.0], [332.0, 349.0], [332.0, 151.0], [296.0, 151.0]], "objects": [{"category": "DiningTable", "position": [234.94257579574776, 293.9283225800294], "size": [19.199339675903275, 21.59534912109376], "angle": 0.0}, {"category": "TVStand", "position": [231.18880000000004, 258.57280000000003], "size": [63.00000000000006, 13.5], "angle": 0.0}, {"category": "Mutli-SeatSofa", "position": [231.1402786636586, 318.79941909615206], "size": [109.75859985351565, 24.702930450439453], "angle": 3.141592653589793}]}]}]}