{"seed": 1, "floorplan": [{"rooms": [{"category": "Livingroom", "corners": [[203.0, 177.0], [203.0, 323.0], [297.0, 323.0], [297.0, 177.0], [203.0, 177.0]], "objects": [{"category": "TVStand", "position": [211.58531056146202, 223.72873093300058], "size": [66.75540969275232, 15.306259650907734], "angle": -1.570805430912011}, {"category": "PendantLamp", "position": [249.01600000000002, 219.05799999999996], "size": [18.14547042846678, 6.308460044860823], "angle": 0.0}, {"category": "CoffeeTable", "position": [252.1769145427976, 215.13324896617925], "size": [35.514900970458996, 35.514900970458996], "angle": 0.0}, {"category": "CornerSideTable", "position": [205.9574785282726, 304.7830096081341], "size": [24.00024825670418, 7.68937016088478], "angle": -1.5708054309120105}]}]}]}