{"seed": 1, "floorplan": [{"rooms": [{"category": "Livingroom", "corners": [[261.0, 119.0], [261.0, 124.0], [260.0, 125.0], [257.0, 125.0], [257.0, 207.0], [256.0, 208.0], [200.0, 208.0], [200.0, 255.0], [199.0, 256.0], [197.0, 256.0], [197.0, 289.0], [199.0, 289.0], [200.0, 290.0], [200.0, 381.0], [303.0, 381.0], [303.0, 125.0], [291.0, 125.0], [290.0, 124.0], [290.0, 119.0], [261.0, 119.0]], "objects": [{"category": "Mutli-SeatSofa", "position": [272.7468833328346, 332.36199999999997], "size": [60.00054625448656, 60.00054625448656], "angle": -1.5707872226777826}, {"category": "Cabinet", "position": [205.91541685895226, 336.7582], "size": [60.384549384301074, 12.03322989850227], "angle": -1.570805430912011}]}]}]}