{"seed": 1, "floorplan": [{"rooms": [{"category": "Livingroom", "corners": [[213.0, 145.0], [213.0, 216.0], [212.0, 217.0], [144.0, 217.0], [144.0, 355.0], [356.0, 355.0], [356.0, 254.0], [355.0, 253.0], [265.0, 253.0], [264.0, 252.0], [264.0, 145.0], [213.0, 145.0]], "objects": [{"category": "PendantLamp", "position": [172.52724999999998, 253.83595000000003], "size": [4.83836975097654, 4.838369750976568], "angle": 0.0}, {"category": "PendantLamp", "position": [206.68794999999994, 229.61973301995042], "size": [24.710579681396496, 24.710609436035156], "angle": 0.0}, {"category": "DiningChair", "position": [175.67574999999997, 323.49145], "size": [22.544526428968886, 20.540585257981903], "angle": -1.3282409902939463}, {"category": "Cabinet", "position": [219.58794999999998, 156.11819997557683], "size": [11.953848377460453, 22.529035063962006], "angle": -9.104117116049414e-06}]}]}]}