{"seed": 1, "floorplan": [{"rooms": [{"category": "Livingroom", "corners": [[197.0, 206.0], [197.0, 294.0], [303.0, 294.0], [303.0, 206.0], [197.0, 206.0]], "objects": [{"category": "TVStand", "position": [220.2958, 252.34165000000004], "size": [17.99993930997706, 77.99960807378092], "angle": -0.0002353933849559777}, {"category": "Mutli-SeatSofa", "position": [288.80759553430653, 251.02234248417213], "size": [24.426913060317688, 58.12402770552044], "angle": -3.141583549472677}, {"category": "CornerSideTable", "position": [251.13301815274068, 249.51784987170544], "size": [60.73225152444579, 30.935680508086456], "angle": -1.5708054309120107}, {"category": "Mutli-SeatSofa", "position": [256.82445335043997, 285.1584691762478], "size": [41.08650054931644, 21.476639556884777], "angle": 0.0}]}]}]}