{"seed": 1, "floorplan": [{"rooms": [{"category": "Livingroom", "corners": [[0.0, 0.0], [0.0, 499.0], [0.0, 316.0], [5.0, 311.0], [6.0, 311.0], [11.0, 306.0], [12.0, 306.0], [18.0, 300.0], [19.0, 300.0], [24.0, 295.0], [25.0, 295.0], [30.0, 290.0], [31.0, 290.0], [36.0, 285.0], [37.0, 285.0], [42.0, 280.0], [43.0, 280.0], [48.0, 275.0], [49.0, 275.0], [54.0, 270.0], [55.0, 270.0], [60.0, 265.0], [61.0, 265.0], [66.0, 260.0], [67.0, 260.0], [72.0, 255.0], [73.0, 255.0], [78.0, 250.0], [79.0, 250.0], [84.0, 245.0], [85.0, 245.0], [90.0, 240.0], [91.0, 240.0], [96.0, 235.0], [97.0, 235.0], [102.0, 230.0], [103.0, 230.0], [108.0, 225.0], [109.0, 225.0], [114.0, 220.0], [115.0, 220.0], [120.0, 215.0], [121.0, 215.0], [127.0, 209.0], [128.0, 209.0], [133.0, 204.0], [134.0, 204.0], [139.0, 199.0], [140.0, 199.0], [145.0, 194.0], [146.0, 194.0], [151.0, 189.0], [152.0, 189.0], [154.0, 187.0], [155.0, 188.0], [155.0, 325.0], [162.0, 332.0], [162.0, 321.0], [161.0, 320.0], [161.0, 301.0], [160.0, 300.0], [160.0, 282.0], [161.0, 281.0], [162.0, 282.0], [162.0, 286.0], [162.0, 246.0], [159.0, 246.0], [158.0, 245.0], [158.0, 239.0], [157.0, 238.0], [157.0, 218.0], [156.0, 217.0], [156.0, 198.0], [155.0, 197.0], [155.0, 186.0], [157.0, 184.0], [158.0, 184.0], [162.0, 180.0], [159.0, 180.0], [158.0, 181.0], [157.0, 181.0], [151.0, 187.0], [150.0, 187.0], [144.0, 193.0], [143.0, 193.0], [137.0, 199.0], [136.0, 199.0], [130.0, 205.0], [129.0, 205.0], [124.0, 210.0], [123.0, 210.0], [117.0, 216.0], [116.0, 216.0], [110.0, 222.0], [109.0, 222.0], [103.0, 228.0], [102.0, 228.0], [96.0, 234.0], [95.0, 234.0], [90.0, 239.0], [89.0, 239.0], [83.0, 245.0], [82.0, 245.0], [76.0, 251.0], [75.0, 251.0], [69.0, 257.0], [68.0, 257.0], [63.0, 262.0], [62.0, 262.0], [56.0, 268.0], [55.0, 268.0], [49.0, 274.0], [48.0, 274.0], [42.0, 280.0], [41.0, 280.0], [36.0, 285.0], [35.0, 285.0], [29.0, 291.0], [28.0, 291.0], [22.0, 297.0], [21.0, 297.0], [15.0, 303.0], [14.0, 303.0], [9.0, 308.0], [8.0, 308.0], [2.0, 314.0], [1.0, 314.0], [0.0, 313.0], [0.0, 1.0], [1.0, 0.0], [147.0, 0.0], [148.0, 1.0], [148.0, 115.0], [306.0, 115.0], [306.0, 1.0], [307.0, 0.0], [499.0, 0.0], [0.0, 0.0]], "objects": [{"category": "Mutli-SeatSofa", "position": [203.68600000000004, 5.269000000000027], "size": [69.27693228288281, 98.37149800670745], "angle": -3.141583549472679}, {"category": "DiningChair", "position": [211.81000000000006, -56.896999999999984], "size": [15.819534129748174, 17.184546328153843], "angle": -3.1415835494726787}, {"category": "DiningChair", "position": [180.98200000000008, -59.623999999999995], "size": [8.94347150609562, 8.94347150609564], "angle": -1.5707872226777828}, {"category": "CoffeeTable", "position": [170.09800000000004, -16.80499999999998], "size": [49.5991499838187, 16.523910659691296], "angle": -1.570787222677782}, {"category": "DiningChair", "position": [162.58300000000006, -59.443999999999974], "size": [8.94347150609562, 8.943471506095612], "angle": -1.570787222677786}, {"category": "DiningTable", "position": [282.631, 14.458000000000034], "size": [101.2355987548828, 45.24570007324219], "angle": 0.0}, {"category": "DiningChair", "position": [272.28100000000006, -7.312999999999981], "size": [16.105559921264614, 17.202960205078128], "angle": 0.0}, {"category": "DiningChair", "position": [292.60900000000004, -7.312999999999981], "size": [16.105559921264614, 17.202960205078128], "angle": 0.0}, {"category": "DiningChair", "position": [272.539, 36.22900000000006], "size": [16.105559921264614, 17.2029602050781], "angle": 3.141592653589793}, {"category": "DiningChair", "position": [293.101, 36.22900000000006], "size": [16.105559921264614, 17.2029602050781], "angle": 3.141592653589793}, {"category": "PendantLamp", "position": [281.69800000000004, 13.243000000000016], "size": [4.5, 4.500000000000014], "angle": 0.0}, {"category": "PendantLamp", "position": [184.474, 74.62300000000003], "size": [5.714460182189953, 6.300600242614735], "angle": 0.0}, {"category": "Shelf", "position": [253.7350000000001, -78.98899999999996], "size": [12.964200210571306, 13.653300476074222], "angle": 0.0}, {"category": "Shelf", "position": [270.328, 108.15100000000001], "size": [12.732119750976608, 12.73211975097658], "angle": 0.0}, {"category": "PendantLamp", "position": [194.33200000000002, 2.575000000000024], "size": [5.714460182189953, 6.300600242614749], "angle": 0.0}, {"category": "Cabinet", "position": [267.343, -83.4448444480247], "size": [18.11262016296382, 12.676530075073245], "angle": 0.0}]}]}]}