{"seed": 1, "floorplan": [{"rooms": [{"category": "Livingroom", "corners": [[213.0, 187.0], [213.0, 313.0], [248.0, 313.0], [248.0, 257.0], [249.0, 256.0], [287.0, 256.0], [287.0, 187.0], [213.0, 187.0]], "objects": [{"category": "DiningTable", "position": [280.8982946483952, 251.37205299092835], "size": [14.309519577026379, 15.001920318603538], "angle": 0.0}]}]}]}