{"seed": 1, "floorplan": [{"rooms": [{"category": "Livingroom", "corners": [[231.0, 186.0], [231.0, 314.0], [269.0, 314.0], [269.0, 186.0], [231.0, 186.0]], "objects": [{"category": "LazySofa", "position": [249.04474694592065, 224.22150078217072], "size": [18.945740261808513, 19.469720322635325], "angle": -0.7854061101504021}, {"category": "CoffeeTable", "position": [238.88130282963164, 250.639770244809], "size": [15.075407329465062, 15.017596973438474], "angle": -3.1415835494726796}, {"category": "LazySofa", "position": [248.75629272766656, 278.9815933380879], "size": [19.469671773732234, 18.945693019480746], "angle": -0.7853927101735376}]}]}]}