{"seed": 1, "floorplan": [{"rooms": [{"category": "Livingroom", "corners": [[157.0, 172.0], [157.0, 328.0], [335.0, 328.0], [335.0, 316.0], [336.0, 315.0], [343.0, 315.0], [343.0, 287.0], [336.0, 287.0], [335.0, 286.0], [335.0, 172.0], [157.0, 172.0]], "objects": [{"category": "Mutli-SeatSofa", "position": [248.66045638143936, 187.5139], "size": [78.7262969970703, 29.340630340576183], "angle": 0.0}, {"category": "DiningTable", "position": [236.39005000000003, 223.9102], "size": [42.577798461914114, 27.0832489013672], "angle": 0.0}, {"category": "DiningTable", "position": [195.88433563334868, 189.74020000000002], "size": [17.959619522094727, 17.959589767456066], "angle": 0.0}]}]}]}