{"seed": 1, "floorplan": [{"rooms": [{"category": "Livingroom", "corners": [[255.0, 195.0], [255.0, 217.0], [254.0, 218.0], [231.0, 218.0], [231.0, 305.0], [268.0, 305.0], [268.0, 268.0], [269.0, 267.0], [269.0, 257.0], [268.0, 256.0], [268.0, 244.0], [269.0, 243.0], [269.0, 227.0], [268.0, 226.0], [268.0, 220.0], [269.0, 219.0], [269.0, 195.0], [255.0, 195.0]], "objects": [{"category": "CoffeeTable", "position": [245.88786213336635, 261.4656136695377], "size": [42.92969970703132, 29.338680267334013], "angle": 0.0}, {"category": "DiningChair", "position": [251.02900543766327, 233.9144411307369], "size": [24.31614074707028, 25.414139556884777], "angle": 0.0}, {"category": "DiningChair", "position": [252.96702197814983, 288.94470143194883], "size": [24.31614074707028, 25.41413955688472], "angle": 3.141592653589793}]}]}]}