{"seed": 1, "floorplan": [{"rooms": [{"category": "Livingroom", "corners": [[177.0, 191.0], [177.0, 303.0], [207.0, 303.0], [208.0, 304.0], [208.0, 309.0], [273.0, 309.0], [273.0, 304.0], [274.0, 303.0], [323.0, 303.0], [323.0, 191.0], [177.0, 191.0]], "objects": [{"category": "Mutli-SeatSofa", "position": [294.2728268263368, 240.82424132407255], "size": [63.43917924491684, 28.038044416854717], "angle": -1.5707872226777824}, {"category": "LazySofa", "position": [238.56980278718916, 284.3409927625988], "size": [18.811490743697053, 18.17968026697979], "angle": -1.991322682789695}, {"category": "CoffeeTable", "position": [248.39524118210664, 240.0325709605642], "size": [16.873443871193945, 33.3858050482955], "angle": -9.104117114893592e-06}, {"category": "CornerSideTable", "position": [292.93759121872716, 195.20208382153982], "size": [15.581640243530273, 11.899350357055653], "angle": 0.0}]}]}]}