{"seed": 1, "floorplan": [{"rooms": [{"category": "Livingroom", "corners": [[180.0, 169.0], [180.0, 331.0], [283.0, 331.0], [283.0, 234.0], [284.0, 233.0], [320.0, 233.0], [320.0, 169.0], [180.0, 169.0]], "objects": [{"category": "CoffeeTable", "position": [226.16319999999996, 281.8759], "size": [32.693396858515264, 42.40838627577826], "angle": -3.1415835494726787}, {"category": "TVStand", "position": [275.0512, 278.6218], "size": [74.88068355667058, 11.898978035382875], "angle": -1.570787222677783}]}]}]}