{"seed": 1, "floorplan": [{"rooms": [{"category": "Livingroom", "corners": [[226.0, 232.0], [226.0, 268.0], [274.0, 268.0], [274.0, 232.0], [226.0, 232.0]], "objects": [{"category": "Cabinet", "position": [264.54303972625735, 250.339], "size": [32.46839481006094, 19.112094547024437], "angle": -1.5707872226777821}]}]}]}