{"seed": 1, "floorplan": [{"rooms": [{"category": "Livingroom", "corners": [[263.0, 169.0], [263.0, 201.0], [278.0, 201.0], [279.0, 202.0], [279.0, 266.0], [278.0, 267.0], [192.0, 267.0], [192.0, 331.0], [308.0, 331.0], [308.0, 169.0], [263.0, 169.0]], "objects": [{"category": "PendantLamp", "position": [247.6771, 298.4593], "size": [28.953749084472634, 25.294260406494118], "angle": 0.0}, {"category": "CeilingLamp", "position": [294.39279999999997, 288.265], "size": [16.891679763793945, 16.993230056762684], "angle": 0.0}, {"category": "CeilingLamp", "position": [287.2999, 184.59279999999995], "size": [16.891679763793945, 16.993230056762684], "angle": 0.0}]}]}]}