{"seed": 1, "floorplan": [{"rooms": [{"category": "Livingroom", "corners": [[200.0, 181.0], [200.0, 319.0], [300.0, 319.0], [300.0, 181.0], [200.0, 181.0]], "objects": [{"category": "Mutli-SeatSofa", "position": [285.14425308131825, 274.8204281183028], "size": [77.85611042570204, 29.577238422596775], "angle": -1.570787222677783}, {"category": "CoffeeTable", "position": [246.65663617454064, 276.03016020542856], "size": [19.154784831313467, 32.40209400503182], "angle": -3.141583549472679}, {"category": "LazySofa", "position": [257.523926005709, 221.12502953523475], "size": [25.879351631019613, 27.209795355669566], "angle": -1.0939695621396515}, {"category": "CornerSideTable", "position": [293.5497988650948, 227.11603519062942], "size": [14.514479827880848, 17.229150009155262], "angle": 0.0}]}]}]}