{"seed": 1, "floorplan": [{"rooms": [{"category": "Livingroom", "corners": [[228.0, 219.0], [228.0, 281.0], [272.0, 281.0], [272.0, 219.0], [228.0, 219.0]], "objects": [{"category": "Cabinet", "position": [233.26, 236.01550000026177], "size": [31.50958633726421, 36.085227665038495], "angle": -9.104117114669848e-06}, {"category": "CeilingLamp", "position": [250.54899999999998, 249.89350000000002], "size": [15.286049652099592, 1.5000060081482047], "angle": 0.0}]}]}]}