{"seed": 1, "floorplan": [{"rooms": [{"category": "Livingroom", "corners": [[200.0, 203.0], [200.0, 297.0], [300.0, 297.0], [300.0, 203.0], [200.0, 203.0]], "objects": [{"category": "Mutli-SeatSofa", "position": [274.9687347449046, 235.57246526319136], "size": [118.1755784526803, 46.428123494661776], "angle": -1.5707872226777828}, {"category": "CoffeeTable", "position": [220.4039082257622, 262.1549090314263], "size": [16.523910659691296, 49.59914998381867], "angle": -3.141583549472681}, {"category": "TVStand", "position": [249.9602378366987, 209.02516595156015], "size": [98.14410095214848, 13.677930450439447], "angle": 0.0}]}]}]}