{"seed": 1, "floorplan": [{"rooms": [{"category": "Livingroom", "corners": [[185.0, 225.0], [185.0, 275.0], [315.0, 275.0], [315.0, 225.0], [185.0, 225.0]], "objects": [{"category": "CeilingLamp", "position": [250.0, 251.80014999999997], "size": [18.208740234375, 17.849999999999994], "angle": 0.0}, {"category": "DiningChair", "position": [205.8257597616226, 240.72438937659467], "size": [20.798981785787824, 35.10901818696093], "angle": -0.8280996373537426}, {"category": "Shelf", "position": [309.8053, 264.12925], "size": [9.909809687641818, 9.887040315306665], "angle": -1.5707872226777868}]}]}]}