{"seed": 1, "floorplan": [{"rooms": [{"category": "Livingroom", "corners": [[226.0, 208.0], [226.0, 262.0], [243.0, 262.0], [244.0, 263.0], [244.0, 292.0], [274.0, 292.0], [274.0, 208.0], [226.0, 208.0]], "objects": [{"category": "LazySofa", "position": [253.22275132801389, 225.4857853034589], "size": [21.33928799118556, 23.124588277716068], "angle": -0.7853902166444955}]}]}]}