{"seed": 1, "floorplan": [{"rooms": [{"category": "Livingroom", "corners": [[293.0, 191.0], [292.0, 192.0], [215.0, 192.0], [215.0, 258.0], [214.0, 259.0], [207.0, 259.0], [207.0, 285.0], [214.0, 285.0], [215.0, 286.0], [215.0, 299.0], [214.0, 300.0], [214.0, 301.0], [215.0, 302.0], [215.0, 307.0], [214.0, 308.0], [243.0, 308.0], [243.0, 302.0], [244.0, 301.0], [293.0, 301.0], [293.0, 191.0]], "objects": [{"category": "Mutli-SeatSofa", "position": [228.07364283367792, 225.43613595742642], "size": [67.81021665916347, 27.106656237642056], "angle": -1.5708054309120107}, {"category": "CoffeeTable", "position": [260.26336355868955, 225.65424693054314], "size": [14.766960525512673, 14.766960525512701], "angle": 3.141592653589793}, {"category": "PendantLamp", "position": [253.89999999999998, 246.09999999999997], "size": [24.316740417480446, 24.316740417480446], "angle": 0.0}]}]}]}