{"seed": 1, "floorplan": [{"rooms": [{"category": "Livingroom", "corners": [[232.0, 183.0], [231.0, 184.0], [138.0, 184.0], [138.0, 317.0], [139.0, 316.0], [354.0, 316.0], [355.0, 317.0], [355.0, 298.0], [356.0, 297.0], [362.0, 297.0], [362.0, 235.0], [356.0, 235.0], [355.0, 234.0], [355.0, 215.0], [233.0, 215.0], [232.0, 214.0], [232.0, 183.0]], "objects": [{"category": "Mutli-SeatSofa", "position": [288.8424132591499, 290.72887263483483], "size": [81.12119750976564, 44.80620117187499], "angle": 3.141592653589793}, {"category": "PendantLamp", "position": [290.0962, 269.45709999999997], "size": [37.48499908447263, 37.48499908447263], "angle": 0.0}, {"category": "CeilingLamp", "position": [177.4315, 245.36949999999996], "size": [21.0, 21.0], "angle": 0.0}, {"category": "CoffeeTable", "position": [277.95585293498533, 265.2806873935163], "size": [32.40179901123054, 19.154640197753906], "angle": 3.141592653589793}]}]}]}