{"seed": 1, "floorplan": [{"rooms": [{"category": "Livingroom", "corners": [[227.0, 208.0], [227.0, 292.0], [273.0, 292.0], [273.0, 208.0], [227.0, 208.0]], "objects": [{"category": "DiningChair", "position": [245.074, 231.60699999999997], "size": [17.327760715955268, 18.69384084095408], "angle": -2.247578845676001}, {"category": "DiningChair", "position": [247.528, 260.71], "size": [15.00002975463866, 15.0], "angle": 0.0}]}]}]}