{"seed": 1, "floorplan": [{"rooms": [{"category": "Livingroom", "corners": [[229.0, 166.0], [229.0, 167.0], [228.0, 168.0], [226.0, 168.0], [226.0, 195.0], [228.0, 195.0], [229.0, 196.0], [229.0, 199.0], [228.0, 200.0], [122.0, 200.0], [122.0, 326.0], [257.0, 326.0], [258.0, 327.0], [258.0, 334.0], [295.0, 334.0], [295.0, 327.0], [296.0, 326.0], [306.0, 326.0], [306.0, 263.0], [298.0, 263.0], [297.0, 262.0], [298.0, 261.0], [310.0, 261.0], [311.0, 262.0], [311.0, 265.0], [376.0, 265.0], [376.0, 262.0], [377.0, 261.0], [378.0, 261.0], [378.0, 200.0], [298.0, 200.0], [297.0, 199.0], [297.0, 166.0], [229.0, 166.0]], "objects": [{"category": "DiningTable", "position": [325.5067, 222.9620505088679], "size": [52.96852727781615, 45.24041279141853], "angle": -9.10411711433208e-06}, {"category": "PendantLamp", "position": [331.13169999999997, 222.31615], "size": [9.04274246755243, 9.105353091585608], "angle": -1.570787222677779}]}]}]}