{"seed": 1, "floorplan": [{"rooms": [{"category": "Livingroom", "corners": [[193.0, 178.0], [193.0, 322.0], [307.0, 322.0], [307.0, 178.0], [193.0, 178.0]], "objects": [{"category": "Cabinet", "position": [248.80630000000002, 195.33025000000004], "size": [54.0386993408203, 12.00819053649903], "angle": 0.0}, {"category": "Mutli-SeatSofa", "position": [250.11589853488078, 253.90585000000002], "size": [113.65770263671874, 72.6222015380859], "angle": 3.141592653589793}, {"category": "PendantLamp", "position": [250.0, 246.40375], "size": [12.412799835205078, 12.412799835205078], "angle": 0.0}]}]}]}