{"seed": 1, "floorplan": [{"rooms": [{"category": "Livingroom", "corners": [[170.0, 217.0], [170.0, 283.0], [330.0, 283.0], [330.0, 217.0], [170.0, 217.0]], "objects": [{"category": "CoffeeTable", "position": [283.52139999999997, 248.35450000000003], "size": [17.575689491844333, 41.61997730354435], "angle": -9.104117114863193e-06}, {"category": "CoffeeTable", "position": [214.97259999999997, 248.35450000000003], "size": [17.575689491844333, 41.61997730354435], "angle": -9.104117114863193e-06}, {"category": "CoffeeTable", "position": [249.385, 273.5686], "size": [41.619598388671875, 17.575529479980446], "angle": 3.141592653589793}, {"category": "CoffeeTable", "position": [248.0731, 225.68140000000002], "size": [41.6195983886719, 17.575529479980446], "angle": 3.141592653589793}]}]}]}