{"seed": 1, "floorplan": [{"rooms": [{"category": "Livingroom", "corners": [[241.0, 204.0], [241.0, 221.0], [240.0, 222.0], [238.0, 222.0], [237.0, 221.0], [236.0, 221.0], [235.0, 222.0], [235.0, 223.0], [233.0, 225.0], [233.0, 226.0], [230.0, 229.0], [230.0, 230.0], [228.0, 232.0], [228.0, 233.0], [225.0, 236.0], [225.0, 237.0], [223.0, 239.0], [223.0, 240.0], [222.0, 241.0], [223.0, 241.0], [225.0, 243.0], [223.0, 245.0], [210.0, 245.0], [210.0, 246.0], [209.0, 247.0], [208.0, 247.0], [208.0, 275.0], [209.0, 275.0], [210.0, 276.0], [210.0, 296.0], [284.0, 296.0], [284.0, 246.0], [285.0, 245.0], [292.0, 245.0], [292.0, 221.0], [285.0, 221.0], [284.0, 220.0], [284.0, 218.0], [283.0, 218.0], [282.0, 217.0], [282.0, 204.0], [241.0, 204.0]], "objects": [{"category": "DiningChair", "position": [250.18110225130323, 269.02531820648915], "size": [14.004877182187865, 15.356989482877351], "angle": -3.141583549472677}, {"category": "DiningChair", "position": [227.84704487702575, 268.1296426509677], "size": [14.004877182187865, 15.356989482877351], "angle": -9.104117112088264e-06}]}]}]}