{"seed": 1, "floorplan": [{"rooms": [{"category": "Livingroom", "corners": [[147.0, 191.0], [147.0, 309.0], [353.0, 309.0], [353.0, 191.0], [147.0, 191.0]], "objects": [{"category": "PendantLamp", "position": [328.1395, 229.9165], "size": [14.311739730834915, 14.345250320434587], "angle": 3.141592653589793}, {"category": "PendantLamp", "position": [195.1015, 261.69460000000004], "size": [11.419603553894099, 26.420910858765215], "angle": -9.104117112332565e-06}, {"category": "DiningTable", "position": [186.69699999999997, 281.9485000000001], "size": [24.000307766523306, 42.000382378140614], "angle": -9.104117113546433e-06}]}]}]}