{"seed": 1, "floorplan": [{"rooms": [{"category": "Livingroom", "corners": [[316.0, 195.0], [315.0, 196.0], [184.0, 196.0], [184.0, 305.0], [185.0, 304.0], [316.0, 304.0], [316.0, 195.0]], "objects": [{"category": "PendantLamp", "position": [250.0, 253.1038], "size": [47.269798278808594, 30.862200164794956], "angle": 0.0}, {"category": "DiningChair", "position": [226.37079999999997, 259.6192], "size": [10.775040435790999, 10.920690536498995], "angle": 0.0}, {"category": "DiningChair", "position": [274.51210000000003, 258.9886], "size": [10.775040435791027, 10.920690536499023], "angle": 0.0}, {"category": "CoffeeTable", "position": [250.14100000000002, 257.4028], "size": [39.025857311752915, 18.01141352100086], "angle": -1.5707872226777828}]}]}]}