{"seed": 1, "floorplan": [{"rooms": [{"category": "Livingroom", "corners": [[226.0, 187.0], [226.0, 295.0], [246.0, 295.0], [247.0, 296.0], [247.0, 313.0], [274.0, 313.0], [274.0, 187.0], [226.0, 187.0]], "objects": [{"category": "DiningTable", "position": [246.50719964227576, 236.69820390668923], "size": [23.155620574951115, 23.15573959350587], "angle": 3.141592653589793}, {"category": "CoffeeTable", "position": [246.60369412233968, 256.8656361470501], "size": [14.249700164794888, 14.249700164794945], "angle": 3.141592653589793}, {"category": "DiningChair", "position": [247.14390056322907, 275.65572284315124], "size": [27.68765945434569, 23.339279937744095], "angle": 3.141592653589793}, {"category": "DiningChair", "position": [246.716886754384, 209.7730629686735], "size": [27.68765945434569, 23.339279937744152], "angle": 0.0}]}]}]}