{"seed": 1, "floorplan": [{"rooms": [{"category": "Livingroom", "corners": [[220.0, 234.0], [220.0, 266.0], [280.0, 266.0], [280.0, 234.0], [220.0, 234.0]], "objects": [{"category": "CeilingLamp", "position": [249.28000000000003, 251.82999999999998], "size": [16.039709472656256, 16.039709472656284], "angle": 0.0}]}]}]}