{"seed": 1, "floorplan": [{"rooms": [{"category": "Livingroom", "corners": [[118.0, 104.0], [118.0, 262.0], [244.0, 262.0], [245.0, 263.0], [245.0, 396.0], [382.0, 396.0], [382.0, 159.0], [381.0, 159.0], [380.0, 158.0], [378.0, 158.0], [377.0, 157.0], [376.0, 157.0], [375.0, 156.0], [373.0, 156.0], [372.0, 155.0], [371.0, 155.0], [370.0, 154.0], [368.0, 154.0], [367.0, 153.0], [366.0, 153.0], [365.0, 152.0], [363.0, 152.0], [362.0, 151.0], [360.0, 151.0], [359.0, 150.0], [358.0, 150.0], [357.0, 149.0], [355.0, 149.0], [354.0, 148.0], [353.0, 148.0], [352.0, 147.0], [350.0, 147.0], [349.0, 146.0], [348.0, 146.0], [347.0, 145.0], [345.0, 145.0], [344.0, 144.0], [342.0, 144.0], [341.0, 143.0], [340.0, 143.0], [339.0, 142.0], [337.0, 142.0], [336.0, 141.0], [335.0, 141.0], [334.0, 140.0], [332.0, 140.0], [331.0, 139.0], [330.0, 139.0], [329.0, 138.0], [327.0, 138.0], [326.0, 137.0], [324.0, 137.0], [323.0, 136.0], [322.0, 136.0], [321.0, 135.0], [319.0, 135.0], [318.0, 134.0], [317.0, 134.0], [316.0, 133.0], [314.0, 133.0], [313.0, 132.0], [312.0, 132.0], [311.0, 131.0], [309.0, 131.0], [308.0, 130.0], [306.0, 130.0], [305.0, 129.0], [304.0, 129.0], [303.0, 128.0], [301.0, 128.0], [300.0, 127.0], [299.0, 127.0], [298.0, 126.0], [296.0, 126.0], [295.0, 125.0], [294.0, 125.0], [293.0, 124.0], [291.0, 124.0], [290.0, 123.0], [288.0, 123.0], [287.0, 122.0], [286.0, 122.0], [285.0, 121.0], [283.0, 121.0], [282.0, 120.0], [281.0, 120.0], [280.0, 119.0], [278.0, 119.0], [277.0, 118.0], [276.0, 118.0], [275.0, 117.0], [273.0, 117.0], [272.0, 116.0], [270.0, 116.0], [269.0, 115.0], [268.0, 115.0], [267.0, 114.0], [265.0, 114.0], [264.0, 113.0], [263.0, 113.0], [262.0, 112.0], [260.0, 112.0], [259.0, 111.0], [258.0, 111.0], [257.0, 110.0], [255.0, 110.0], [254.0, 109.0], [252.0, 109.0], [251.0, 108.0], [250.0, 108.0], [249.0, 107.0], [247.0, 107.0], [246.0, 106.0], [245.0, 106.0], [245.0, 182.0], [244.0, 183.0], [238.0, 183.0], [237.0, 182.0], [237.0, 104.0], [118.0, 104.0]], "objects": [{"category": "Mutli-SeatSofa", "position": [352.8449851498948, 347.05248960014285], "size": [57.272922849993314, 88.85421165279226], "angle": -3.1415835494726787}, {"category": "TVStand", "position": [251.60058570496489, 332.48288646889165], "size": [10.882209287592207, 55.0421011486372], "angle": -9.10411711301413e-06}, {"category": "LazySofa", "position": [334.62878598425857, 259.38700150938377], "size": [26.164582731661902, 20.215936517699387], "angle": -1.1439821836528734}, {"category": "CornerSideTable", "position": [370.49111170006734, 264.34226046938215], "size": [15.481079864501964, 11.200079727172863], "angle": 0.0}, {"category": "DiningTable", "position": [327.63135192502534, 319.19640158979416], "size": [19.19933967590333, 21.59534912109376], "angle": 0.0}, {"category": "PendantLamp", "position": [313.5594040524146, 320.525159975668], "size": [49.578900146484386, 30.568199157714844], "angle": 0.0}, {"category": "PendantLamp", "position": [313.5594080111583, 206.51764585766037], "size": [49.578900146484386, 30.568199157714844], "angle": 0.0}, {"category": "PendantLamp", "position": [183.90279999999998, 178.99105], "size": [49.578900146484386, 30.568199157714844], "angle": 0.0}]}]}]}