{"seed": 1, "floorplan": [{"rooms": [{"category": "Livingroom", "corners": [[163.0, 223.0], [163.0, 277.0], [337.0, 277.0], [337.0, 223.0], [163.0, 223.0]], "objects": [{"category": "LazySofa", "position": [222.91600000000005, 246.304], "size": [19.133514648652696, 19.90647166746539], "angle": -1.5708054309120096}, {"category": "LazySofa", "position": [281.56, 246.48100000000002], "size": [19.13351464865264, 19.90647166746539], "angle": -1.5707872226777837}, {"category": "CeilingLamp", "position": [258.646, 249.934], "size": [11.99802017211914, 13.824629974365223], "angle": 0.0}]}]}]}