{"seed": 1, "floorplan": [{"rooms": [{"category": "Livingroom", "corners": [[202.0, 233.0], [202.0, 267.0], [298.0, 267.0], [298.0, 233.0], [202.0, 233.0]], "objects": [{"category": "DiningChair", "position": [233.43737550101042, 247.884300113998], "size": [22.19213891699973, 21.811912497276523], "angle": -1.3022127582812013}, {"category": "DiningChair", "position": [266.5700937213942, 248.71264878163697], "size": [21.811223644627216, 22.191438056234343], "angle": -0.4119315398230827}, {"category": "Armchair", "position": [247.23762427958283, 254.4708334989993], "size": [14.233200073242188, 16.68125953674314], "angle": 0.0}, {"category": "CeilingLamp", "position": [247.99900000000002, 249.12550000000002], "size": [17.12232055664063, 17.12232055664066], "angle": 0.0}]}]}]}