{"seed": 1, "floorplan": [{"rooms": [{"category": "Livingroom", "corners": [[205.0, 220.0], [205.0, 280.0], [295.0, 280.0], [295.0, 220.0], [205.0, 220.0]], "objects": [{"category": "Mutli-SeatSofa", "position": [221.26516654459635, 247.6631674601237], "size": [32.67569726500228, 62.84067068320706], "angle": -9.10411711407392e-06}, {"category": "CoffeeTable", "position": [255.8965, 251.599], "size": [38.90855430288976, 20.709938912778533], "angle": -1.5707872226777821}, {"category": "TVStand", "position": [287.2735, 254.92079836726532], "size": [66.75540969275232, 15.306259650907762], "angle": -1.5707872226777821}, {"category": "PendantLamp", "position": [253.8295, 250.17699999999996], "size": [18.145470428466837, 6.308460044860851], "angle": 0.0}]}]}]}