{"seed": 1, "floorplan": [{"rooms": [{"category": "Livingroom", "corners": [[202.0, 151.0], [201.0, 152.0], [201.0, 349.0], [298.0, 349.0], [299.0, 348.0], [299.0, 151.0], [202.0, 151.0]], "objects": [{"category": "LazySofa", "position": [244.01142729996195, 281.28247705504765], "size": [40.21649780273435, 37.71029891967771], "angle": 3.141592653589793}, {"category": "Cabinet", "position": [215.4979583368172, 272.08713760157764], "size": [14.126368112754692, 14.126368112754633], "angle": -1.5506960187213228}]}]}]}