{"seed": 1, "floorplan": [{"rooms": [{"category": "Livingroom", "corners": [[216.0, 198.0], [216.0, 204.0], [215.0, 205.0], [195.0, 205.0], [195.0, 269.0], [205.0, 269.0], [206.0, 270.0], [206.0, 271.0], [204.0, 273.0], [202.0, 273.0], [202.0, 297.0], [204.0, 297.0], [205.0, 298.0], [205.0, 299.0], [224.0, 299.0], [225.0, 300.0], [225.0, 302.0], [297.0, 302.0], [297.0, 300.0], [298.0, 299.0], [300.0, 299.0], [299.0, 298.0], [299.0, 297.0], [300.0, 296.0], [299.0, 295.0], [299.0, 294.0], [300.0, 293.0], [305.0, 293.0], [305.0, 281.0], [306.0, 280.0], [306.0, 278.0], [305.0, 277.0], [305.0, 275.0], [306.0, 274.0], [305.0, 273.0], [300.0, 273.0], [299.0, 272.0], [299.0, 263.0], [300.0, 262.0], [300.0, 260.0], [299.0, 259.0], [299.0, 246.0], [300.0, 245.0], [300.0, 241.0], [299.0, 240.0], [299.0, 228.0], [300.0, 227.0], [300.0, 223.0], [299.0, 222.0], [299.0, 210.0], [300.0, 209.0], [300.0, 206.0], [299.0, 205.0], [246.0, 205.0], [245.0, 204.0], [245.0, 198.0], [216.0, 198.0]], "objects": [{"category": "Mutli-SeatSofa", "position": [284.48949999999996, 238.67733329923527], "size": [66.54240573937042, 26.938204539236136], "angle": -1.5707872226777824}, {"category": "CoffeeTable", "position": [249.61870000000002, 240.1051], "size": [31.702489704815186, 46.205520149686315], "angle": -3.141583549472679}, {"category": "TVStand", "position": [201.45010000000002, 237.325], "size": [10.500095594535125, 42.000382378140586], "angle": -9.10411711432422e-06}]}]}]}