{"seed": 1, "floorplan": [{"rooms": [{"category": "Livingroom", "corners": [[192.0, 217.0], [192.0, 283.0], [308.0, 283.0], [308.0, 217.0], [192.0, 217.0]], "objects": [{"category": "Mutli-SeatSofa", "position": [208.41882129557064, 239.2396788830203], "size": [31.524284104736203, 26.855236680722733], "angle": -0.7853902166444956}, {"category": "Mutli-SeatSofa", "position": [257.00014542065367, 231.19508083640827], "size": [31.524300384521496, 26.855250549316395], "angle": 0.0}, {"category": "CoffeeTable", "position": [231.64409500625817, 230.13310675713726], "size": [19.239239501953108, 19.239239501953108], "angle": 0.0}, {"category": "PendantLamp", "position": [247.414, 253.47850000000005], "size": [19.9885208129883, 19.98852081298827], "angle": 0.0}]}]}]}