{"seed": 1, "floorplan": [{"rooms": [{"category": "Livingroom", "corners": [[227.0, 204.0], [227.0, 296.0], [273.0, 296.0], [273.0, 204.0], [227.0, 204.0]], "objects": [{"category": "Armchair", "position": [251.361045669699, 267.2138906143832], "size": [23.161758110411558, 26.76487419603636], "angle": -0.5948899849190665}]}]}]}