{"seed": 1, "floorplan": [{"rooms": [{"category": "Livingroom", "corners": [[137.0, 162.0], [137.0, 338.0], [363.0, 338.0], [363.0, 162.0], [137.0, 162.0]], "objects": [{"category": "PendantLamp", "position": [180.2539, 266.08285], "size": [20.013329315185615, 20.01332931518556], "angle": 0.0}, {"category": "PendantLamp", "position": [295.89610000000005, 195.94915], "size": [20.013329315185615, 20.01332931518556], "angle": 0.0}]}]}]}