{"seed": 1, "floorplan": [{"rooms": [{"category": "Livingroom", "corners": [[276.0, 164.0], [276.0, 214.0], [275.0, 215.0], [198.0, 215.0], [198.0, 336.0], [302.0, 336.0], [302.0, 164.0], [276.0, 164.0]], "objects": [{"category": "Cabinet", "position": [227.8488854142384, 223.60263159257732], "size": [49.19999999999999, 18.000630569457996], "angle": 0.0}, {"category": "DiningTable", "position": [210.2950273419728, 318.29143720892347], "size": [13.400762108864171, 16.05782632300186], "angle": -9.104117111180275e-06}, {"category": "DiningTable", "position": [212.53450048681952, 243.17931838486047], "size": [13.400762108864171, 16.0578263230018], "angle": -9.104117115422081e-06}, {"category": "TVStand", "position": [295.4505169118245, 277.40650000000005], "size": [13.320090826934699, 62.33576648931124], "angle": -3.1415835494726814}]}]}]}