{"seed": 1, "floorplan": [{"rooms": [{"category": "Livingroom", "corners": [[304.0, 62.0], [303.0, 63.0], [209.0, 63.0], [209.0, 69.0], [208.0, 70.0], [183.0, 70.0], [183.0, 191.0], [182.0, 192.0], [176.0, 192.0], [175.0, 191.0], [175.0, 186.0], [176.0, 185.0], [152.0, 185.0], [152.0, 191.0], [151.0, 192.0], [110.0, 192.0], [109.0, 191.0], [109.0, 185.0], [85.0, 185.0], [85.0, 191.0], [84.0, 192.0], [74.0, 192.0], [74.0, 199.0], [73.0, 200.0], [67.0, 200.0], [67.0, 224.0], [73.0, 224.0], [74.0, 225.0], [74.0, 308.0], [73.0, 309.0], [67.0, 309.0], [67.0, 333.0], [73.0, 333.0], [74.0, 334.0], [74.0, 359.0], [119.0, 359.0], [119.0, 311.0], [120.0, 310.0], [126.0, 310.0], [126.0, 286.0], [120.0, 286.0], [119.0, 285.0], [119.0, 277.0], [120.0, 276.0], [291.0, 276.0], [292.0, 277.0], [292.0, 438.0], [293.0, 437.0], [432.0, 437.0], [433.0, 438.0], [433.0, 276.0], [432.0, 275.0], [432.0, 274.0], [431.0, 273.0], [431.0, 272.0], [430.0, 271.0], [430.0, 269.0], [429.0, 268.0], [429.0, 267.0], [428.0, 266.0], [428.0, 265.0], [427.0, 264.0], [427.0, 263.0], [426.0, 262.0], [426.0, 261.0], [425.0, 260.0], [425.0, 259.0], [424.0, 258.0], [424.0, 257.0], [423.0, 256.0], [423.0, 255.0], [422.0, 254.0], [422.0, 252.0], [421.0, 251.0], [421.0, 250.0], [420.0, 249.0], [420.0, 248.0], [419.0, 247.0], [419.0, 246.0], [418.0, 245.0], [418.0, 244.0], [417.0, 243.0], [417.0, 242.0], [416.0, 241.0], [416.0, 240.0], [415.0, 239.0], [415.0, 237.0], [414.0, 236.0], [414.0, 235.0], [413.0, 234.0], [413.0, 233.0], [412.0, 232.0], [412.0, 231.0], [411.0, 230.0], [411.0, 229.0], [410.0, 228.0], [410.0, 227.0], [409.0, 226.0], [409.0, 225.0], [408.0, 224.0], [408.0, 223.0], [407.0, 222.0], [407.0, 220.0], [406.0, 219.0], [406.0, 218.0], [405.0, 217.0], [405.0, 216.0], [404.0, 215.0], [404.0, 214.0], [403.0, 213.0], [403.0, 212.0], [402.0, 211.0], [402.0, 210.0], [401.0, 209.0], [401.0, 208.0], [400.0, 207.0], [400.0, 206.0], [399.0, 205.0], [399.0, 203.0], [398.0, 202.0], [398.0, 201.0], [397.0, 200.0], [397.0, 199.0], [396.0, 198.0], [396.0, 197.0], [395.0, 196.0], [395.0, 195.0], [394.0, 194.0], [394.0, 193.0], [393.0, 192.0], [380.0, 192.0], [379.0, 191.0], [379.0, 185.0], [351.0, 185.0], [351.0, 191.0], [350.0, 192.0], [332.0, 192.0], [331.0, 191.0], [331.0, 70.0], [305.0, 70.0], [304.0, 69.0], [304.0, 62.0]], "objects": [{"category": "Mutli-SeatSofa", "position": [404.73502266784305, 380.8142245790922], "size": [112.75392264775375, 25.47830278980719], "angle": -1.5707872226777821}, {"category": "CoffeeTable", "position": [369.517009420455, 323.0482684351596], "size": [12.963718563910469, 38.142347070869974], "angle": -3.141583549472678}, {"category": "TVStand", "position": [297.3084881549513, 320.829111121502], "size": [58.702733230494914, 12.848516709430406], "angle": -1.5708054309120112}, {"category": "DiningTable", "position": [261.1071999999999, 128.7754001098608], "size": [41.745680352261715, 21.900229137797147], "angle": -1.5707872226777828}, {"category": "DiningChair", "position": [241.35521067202848, 121.8517046397441], "size": [26.01530795344555, 12.836996981750245], "angle": -9.104117113924327e-06}, {"category": "DiningChair", "position": [241.26401067202846, 136.9227945464195], "size": [26.01530795344555, 12.836996981750245], "angle": -9.104117113924327e-06}, {"category": "DiningChair", "position": [280.97408932797146, 122.1220044587204], "size": [12.836996981750273, 26.01530795344558], "angle": -1.5707872226777808}, {"category": "DiningChair", "position": [280.8828893279715, 137.19309436539586], "size": [12.836996981750245, 26.01530795344558], "angle": -1.5707872226777808}]}]}]}