{"seed": 1, "floorplan": [{"rooms": [{"category": "Livingroom", "corners": [[210.0, 208.0], [210.0, 292.0], [290.0, 292.0], [290.0, 208.0], [210.0, 208.0]], "objects": [{"category": "DiningTable", "position": [237.95719464443766, 248.13968074503623], "size": [54.80500742174416, 32.340964049466095], "angle": -2.133093523275082}, {"category": "Mutli-SeatSofa", "position": [241.2786971863606, 219.19073408900866], "size": [60.53339996337891, 24.969870758056658], "angle": 0.0}, {"category": "TVStand", "position": [244.72093493518287, 285.027842779808], "size": [63.34680175781253, 17.946569824218784], "angle": 3.141592653589793}, {"category": "PendantLamp", "position": [254.54469999999998, 250.0], "size": [22.167089080810513, 23.470049285888678], "angle": 0.0}]}]}]}