{"seed": 1, "floorplan": [{"rooms": [{"category": "Livingroom", "corners": [[212.0, 203.0], [212.0, 297.0], [288.0, 297.0], [288.0, 203.0], [212.0, 203.0]], "objects": [{"category": "Mutli-SeatSofa", "position": [276.32050527020476, 240.5578420149973], "size": [62.938175233013304, 23.40003222095317], "angle": -1.5707872226777826}, {"category": "CoffeeTable", "position": [247.62707660541264, 237.96958663561213], "size": [35.58392381520011, 20.80626928807653], "angle": -3.1415835494726783}, {"category": "CeilingLamp", "position": [252.23650000000004, 247.59999999999994], "size": [18.98714338198345, 18.384827336268824], "angle": -3.1415835494726814}]}]}]}