{"seed": 1, "floorplan": [{"rooms": [{"category": "Livingroom", "corners": [[92.0, 147.0], [92.0, 160.0], [98.0, 160.0], [99.0, 161.0], [99.0, 164.0], [98.0, 165.0], [92.0, 165.0], [92.0, 321.0], [227.0, 321.0], [228.0, 322.0], [228.0, 353.0], [408.0, 353.0], [408.0, 217.0], [128.0, 217.0], [127.0, 216.0], [127.0, 195.0], [128.0, 194.0], [130.0, 194.0], [131.0, 195.0], [131.0, 210.0], [174.0, 210.0], [174.0, 165.0], [128.0, 165.0], [127.0, 164.0], [127.0, 147.0], [92.0, 147.0]], "objects": [{"category": "DiningTable", "position": [213.9475, 278.6044], "size": [27.21669675973207, 60.249246943990045], "angle": -3.1415835494726805}, {"category": "PendantLamp", "position": [213.2227, 278.8822], "size": [33.685198974609364, 2.369753980636574], "angle": 0.0}, {"category": "PendantLamp", "position": [333.07480000000004, 282.95079999999996], "size": [28.891500091552757, 9.024120140075695], "angle": 0.0}]}]}]}