{"seed": 1, "floorplan": [{"rooms": [{"category": "Livingroom", "corners": [[231.0, 170.0], [231.0, 176.0], [230.0, 177.0], [223.0, 177.0], [222.0, 178.0], [221.0, 178.0], [220.0, 177.0], [220.0, 191.0], [219.0, 192.0], [177.0, 192.0], [177.0, 330.0], [323.0, 330.0], [323.0, 177.0], [308.0, 177.0], [307.0, 176.0], [307.0, 170.0], [231.0, 170.0]], "objects": [{"category": "Mutli-SeatSofa", "position": [297.88352837604367, 256.3177623513281], "size": [91.90013476910144, 49.50645199632671], "angle": -1.5707872226777826}, {"category": "DiningTable", "position": [315.5482812828289, 203.61056907813006], "size": [12.951627770850596, 13.500122907259563], "angle": -3.1415835494726783}, {"category": "DiningTable", "position": [315.76583442021627, 310.4382388592381], "size": [13.500122907259563, 12.951627770850482], "angle": -1.5707872226777764}, {"category": "CoffeeTable", "position": [248.07294325737462, 256.3132393726779], "size": [27.000545652453816, 54.00079375581194], "angle": -9.104117114149665e-06}]}]}]}