{"seed": 1, "floorplan": [{"rooms": [{"category": "Livingroom", "corners": [[185.0, 148.0], [185.0, 352.0], [315.0, 352.0], [315.0, 148.0], [185.0, 148.0]], "objects": [{"category": "DiningChair", "position": [288.6235003098602, 160.11553389534103], "size": [13.945327308371306, 26.395619185634708], "angle": -1.5707872226777824}, {"category": "DiningChair", "position": [288.75249969013987, 178.05546610465896], "size": [13.945327308371334, 26.39561918563465], "angle": -1.5707872226777824}, {"category": "DiningChair", "position": [255.32650000000007, 160.40949999999998], "size": [26.395619185634708, 13.945327308371334], "angle": -9.104117114500194e-06}]}]}]}