{"seed": 1, "floorplan": [{"rooms": [{"category": "Livingroom", "corners": [[226.0, 179.0], [226.0, 222.0], [225.0, 223.0], [193.0, 223.0], [193.0, 321.0], [307.0, 321.0], [307.0, 179.0], [226.0, 179.0]], "objects": [{"category": "Mutli-SeatSofa", "position": [278.13553517233163, 247.39882630165738], "size": [101.19121972282294, 22.769878168501105], "angle": -1.5707872226777824}, {"category": "LazySofa", "position": [254.85568764435124, 304.9698825934353], "size": [22.492498678530158, 22.49132906739948], "angle": -0.4775779568736859}, {"category": "CoffeeTable", "position": [253.3741963126459, 266.52388774510956], "size": [42.49598472953848, 11.251722920867946], "angle": -1.5707872226777828}, {"category": "TVStand", "position": [202.2745, 270.72849999999994], "size": [13.181190331405528, 75.07688285266572], "angle": -9.104117113979032e-06}]}]}]}