{"seed": 1, "floorplan": [{"rooms": [{"category": "Livingroom", "corners": [[217.0, 337.0], [217.0, 499.0], [362.0, 499.0], [362.0, 338.0], [361.0, 337.0], [217.0, 337.0]], "objects": [{"category": "CoffeeTable", "position": [280.0374999999999, 444.27549999999997], "size": [13.800125638531949, 36.06542920598156], "angle": -9.104117115854107e-06}, {"category": "PendantLamp", "position": [288.65649999999994, 427.2054999999999], "size": [15.357569503784191, 15.299940490722634], "angle": 0.0}]}]}]}