{"seed": 1, "floorplan": [{"rooms": [{"category": "Livingroom", "corners": [[210.0, 225.0], [210.0, 231.0], [209.0, 232.0], [194.0, 232.0], [194.0, 275.0], [306.0, 275.0], [306.0, 232.0], [296.0, 232.0], [295.0, 231.0], [295.0, 225.0], [210.0, 225.0]], "objects": [{"category": "LazySofa", "position": [280.1855046256575, 252.58941851429813], "size": [26.962185721738006, 21.867638893142978], "angle": -0.35749724887655204}, {"category": "CornerSideTable", "position": [254.33164371272, 253.9002509403393], "size": [14.934210205078159, 15.277980422973599], "angle": 0.0}]}]}]}