{"seed": 1, "floorplan": [{"rooms": [{"category": "Livingroom", "corners": [[197.0, 230.0], [197.0, 269.0], [196.0, 270.0], [303.0, 270.0], [303.0, 231.0], [304.0, 230.0], [197.0, 230.0]], "objects": [{"category": "Armchair", "position": [231.9253742347944, 248.48399874528417], "size": [21.976259248500078, 22.89968626352358], "angle": -1.1063460930102784}, {"category": "CornerSideTable", "position": [253.17908247823704, 248.88648654635762], "size": [13.605030441284157, 13.604220199584972], "angle": 0.0}, {"category": "Armchair", "position": [272.71839905789216, 247.3038985544969], "size": [22.89984401950518, 21.976410642991237], "angle": -0.4177532741142247}, {"category": "PendantLamp", "position": [250.99926210184583, 252.1725388703437], "size": [4.799999999999983, 4.800000000000011], "angle": 0.0}]}]}]}