{"seed": 1, "floorplan": [{"rooms": [{"category": "Livingroom", "corners": [[204.0, 190.0], [204.0, 310.0], [296.0, 310.0], [296.0, 190.0], [204.0, 190.0]], "objects": [{"category": "CoffeeTable", "position": [259.3559612396057, 230.36660443971], "size": [12.518993674610451, 21.13051311528787], "angle": -9.104117113982753e-06}, {"category": "CeilingLamp", "position": [248.41730002515504, 246.6680163854733], "size": [33.04739913940429, 32.97089996337894], "angle": 0.0}, {"category": "Mutli-SeatSofa", "position": [220.21950967892195, 229.72530225404222], "size": [29.087934956669955, 66.70050501808674], "angle": -9.104117114002049e-06}]}]}]}