{"seed": 1, "floorplan": [{"rooms": [{"category": "Livingroom", "corners": [[164.0, 142.0], [164.0, 358.0], [223.0, 358.0], [223.0, 272.0], [224.0, 271.0], [336.0, 271.0], [336.0, 142.0], [164.0, 142.0]], "objects": [{"category": "CoffeeTable", "position": [284.29870000000005, 203.54635], "size": [46.47672470617795, 31.444787010748556], "angle": -1.5707872226777826}]}]}]}