{"seed": 1, "floorplan": [{"rooms": [{"category": "Livingroom", "corners": [[190.0, 222.0], [190.0, 278.0], [310.0, 278.0], [310.0, 222.0], [190.0, 222.0]], "objects": [{"category": "PendantLamp", "position": [283.957, 265.68805], "size": [9.119999885559082, 9.119999885559082], "angle": 0.0}, {"category": "Shelf", "position": [302.51181585424644, 235.18902803146437], "size": [21.900258892706727, 14.562612362436429], "angle": -1.5707872226777833}, {"category": "Shelf", "position": [302.51181585424644, 261.97925622643214], "size": [21.900258892706727, 14.562612362436429], "angle": -1.5707872226777833}, {"category": "DiningChair", "position": [279.0850350282055, 250.19216952129972], "size": [45.15178940765443, 20.524525663825553], "angle": -1.10248906628729}]}]}]}