{"seed": 1, "floorplan": [{"rooms": [{"category": "Livingroom", "corners": [[107.0, 84.0], [107.0, 189.0], [132.0, 189.0], [133.0, 190.0], [133.0, 195.0], [132.0, 196.0], [107.0, 196.0], [107.0, 278.0], [106.0, 279.0], [99.0, 279.0], [99.0, 282.0], [100.0, 283.0], [100.0, 284.0], [99.0, 285.0], [99.0, 300.0], [100.0, 301.0], [99.0, 302.0], [99.0, 310.0], [106.0, 310.0], [107.0, 311.0], [107.0, 394.0], [352.0, 394.0], [352.0, 393.0], [353.0, 392.0], [353.0, 391.0], [356.0, 388.0], [358.0, 390.0], [359.0, 390.0], [361.0, 392.0], [362.0, 392.0], [363.0, 393.0], [364.0, 393.0], [366.0, 395.0], [367.0, 395.0], [369.0, 397.0], [370.0, 397.0], [372.0, 399.0], [373.0, 399.0], [374.0, 400.0], [375.0, 400.0], [377.0, 402.0], [378.0, 402.0], [380.0, 404.0], [381.0, 404.0], [383.0, 406.0], [384.0, 406.0], [385.0, 407.0], [386.0, 407.0], [388.0, 409.0], [389.0, 409.0], [391.0, 411.0], [392.0, 411.0], [393.0, 412.0], [394.0, 412.0], [396.0, 414.0], [397.0, 414.0], [399.0, 416.0], [401.0, 416.0], [401.0, 409.0], [400.0, 408.0], [400.0, 406.0], [401.0, 405.0], [401.0, 391.0], [400.0, 390.0], [400.0, 388.0], [401.0, 387.0], [401.0, 372.0], [400.0, 371.0], [400.0, 370.0], [401.0, 369.0], [401.0, 354.0], [400.0, 353.0], [400.0, 352.0], [401.0, 351.0], [401.0, 336.0], [400.0, 335.0], [400.0, 334.0], [401.0, 333.0], [401.0, 318.0], [400.0, 317.0], [400.0, 316.0], [401.0, 315.0], [401.0, 300.0], [400.0, 299.0], [400.0, 298.0], [401.0, 297.0], [401.0, 282.0], [400.0, 281.0], [400.0, 280.0], [401.0, 279.0], [401.0, 264.0], [400.0, 263.0], [400.0, 262.0], [401.0, 261.0], [401.0, 246.0], [400.0, 245.0], [400.0, 244.0], [401.0, 243.0], [401.0, 228.0], [400.0, 227.0], [400.0, 226.0], [401.0, 225.0], [401.0, 213.0], [234.0, 213.0], [233.0, 212.0], [233.0, 207.0], [234.0, 206.0], [296.0, 206.0], [296.0, 102.0], [295.0, 101.0], [295.0, 84.0], [107.0, 84.0]], "objects": [{"category": "Cabinet", "position": [154.44571911622873, 363.17633491767924], "size": [95.51010131835938, 61.1964019775391], "angle": 3.141592653589793}, {"category": "Cabinet", "position": [391.8041273456763, 277.1348938060912], "size": [127.92116278349398, 17.410658463618887], "angle": -1.5707872226777826}, {"category": "Mutli-SeatSofa", "position": [279.3168602267747, 133.91080866598725], "size": [11.242567294538759, 13.697329932738299], "angle": -2.846083858828241}, {"category": "Mutli-SeatSofa", "position": [327.95521204731745, 284.501283455253], "size": [79.16352284128727, 25.48559274265066], "angle": -1.5707872226777828}, {"category": "CoffeeTable", "position": [291.29478981002444, 284.1198148190564], "size": [32.26799926757809, 30.315900421142544], "angle": 0.0}, {"category": "DiningTable", "position": [144.36203241989602, 92.21440842044811], "size": [30.94560012817385, 15.479610443115291], "angle": 0.0}, {"category": "DiningChair", "position": [149.79249254966012, 108.21589481956553], "size": [12.166379928588867, 13.914599990844692], "angle": 3.141592653589793}, {"category": "TVStand", "position": [285.1396212745377, 220.76872774805133], "size": [48.91710205078124, 15.018539428710938], "angle": 0.0}, {"category": "Shelf", "position": [114.58160528356296, 273.51645706723696], "size": [9.488426380476094, 9.7127989981512], "angle": -9.104117113090287e-06}, {"category": "Shelf", "position": [226.0420463751312, 206.6018456812738], "size": [10.228530120849598, 11.737080001831032], "angle": 0.0}, {"category": "LazySofa", "position": [250.41261348578612, 254.41662602529723], "size": [21.95054439981228, 23.53974338975229], "angle": -2.650621932324451}, {"category": "LazySofa", "position": [250.3810399655917, 301.5342661973442], "size": [21.950550179319777, 23.53974958769077], "angle": -0.294430213303833}]}]}]}