{"seed": 1, "floorplan": [{"rooms": [{"category": "Livingroom", "corners": [[170.0, 191.0], [170.0, 242.0], [202.0, 242.0], [203.0, 243.0], [203.0, 307.0], [239.0, 307.0], [240.0, 308.0], [240.0, 309.0], [330.0, 309.0], [330.0, 191.0], [170.0, 191.0]], "objects": [{"category": "CoffeeTable", "position": [281.22400000000005, 267.4], "size": [20.608117612246055, 20.620658162208244], "angle": -1.5707872226777813}, {"category": "Mutli-SeatSofa", "position": [314.57500000000005, 271.204], "size": [61.093155689080774, 24.22768105238609], "angle": -1.5707872226777821}]}]}]}