{"seed": 1, "floorplan": [{"rooms": [{"category": "Livingroom", "corners": [[266.0, 130.0], [266.0, 183.0], [265.0, 184.0], [149.0, 184.0], [149.0, 204.0], [148.0, 205.0], [144.0, 205.0], [143.0, 204.0], [143.0, 184.0], [104.0, 184.0], [104.0, 304.0], [105.0, 303.0], [142.0, 303.0], [143.0, 304.0], [259.0, 304.0], [259.0, 293.0], [260.0, 292.0], [264.0, 292.0], [265.0, 293.0], [265.0, 350.0], [264.0, 351.0], [254.0, 351.0], [254.0, 370.0], [303.0, 370.0], [303.0, 304.0], [304.0, 303.0], [396.0, 303.0], [396.0, 221.0], [340.0, 221.0], [339.0, 220.0], [339.0, 164.0], [304.0, 164.0], [303.0, 163.0], [303.0, 130.0], [266.0, 130.0]], "objects": [{"category": "PendantLamp", "position": [326.98, 244.65099999999995], "size": [15.538161405122413, 7.321446698641399], "angle": -1.5707872226777815}, {"category": "PendantLamp", "position": [205.267, 244.65099999999998], "size": [10.243650054931635, 10.263900375366234], "angle": 0.0}]}]}]}