{"seed": 1, "floorplan": [{"rooms": [{"category": "Livingroom", "corners": [[192.0, 176.0], [191.0, 177.0], [191.0, 324.0], [308.0, 324.0], [309.0, 323.0], [309.0, 176.0], [192.0, 176.0]], "objects": [{"category": "Cabinet", "position": [197.46994972728956, 249.94480000000004], "size": [12.300171491988898, 78.00071013083252], "angle": -9.104117116569402e-06}, {"category": "DiningTable", "position": [249.9644567661898, 203.92565599035908], "size": [24.000218501794603, 48.0343392897801], "angle": -9.104117115339258e-06}, {"category": "DiningChair", "position": [271.21274231137227, 201.6035536989534], "size": [17.642802105068707, 18.283692354118777], "angle": -0.5438402225870321}]}]}]}