{"seed": 1, "floorplan": [{"rooms": [{"category": "Livingroom", "corners": [[222.0, 219.0], [222.0, 281.0], [278.0, 281.0], [278.0, 219.0], [222.0, 219.0]], "objects": [{"category": "Cabinet", "position": [250.37349999999998, 273.99699999999996], "size": [42.93060150146485, 11.293679809570278], "angle": 3.141592653589793}]}]}]}