{"seed": 1, "floorplan": [{"rooms": [{"category": "Bedroom", "corners": [[314.0, 195.0], [313.0, 196.0], [186.0, 196.0], [186.0, 305.0], [187.0, 304.0], [266.0, 304.0], [267.0, 305.0], [268.0, 304.0], [314.0, 304.0], [314.0, 195.0]], "objects": [{"category": "DoubleBed", "position": [256.933, 231.14256235007934], "size": [64.02810058593752, 70.63289794921877], "angle": 0.0}, {"category": "Cabinet", "position": [195.325, 231.44500000000002], "size": [18.500808540495555, 69.1212271299669], "angle": -9.104117113670962e-06}, {"category": "Nightstand", "position": [217.10065317248808, 203.37778007704668], "size": [15.20289001464846, 15.71714973449707], "angle": 0.0}, {"category": "Nightstand", "position": [295.076346827512, 203.37778007704668], "size": [15.202890014648403, 15.71714973449707], "angle": 0.0}]}]}]}