{"seed": 1, "floorplan": [{"rooms": [{"category": "Bedroom", "corners": [[196.0, 205.0], [196.0, 295.0], [304.0, 295.0], [304.0, 205.0], [196.0, 205.0]], "objects": [{"category": "Nightstand", "position": [211.29597432840734, 289.8846104819388], "size": [17.675070190429693, 13.361519622802746], "angle": 3.141592653589793}, {"category": "DoubleBed", "position": [250.95300179755776, 261.3148135717748], "size": [58.972499084472645, 66.36629791259764], "angle": 3.141592653589793}, {"category": "Nightstand", "position": [290.0945583148588, 289.90764145809356], "size": [17.675070190429665, 13.361519622802746], "angle": 3.141592653589793}]}]}]}