{"seed": 1, "floorplan": [{"rooms": [{"category": "Bedroom", "corners": [[201.0, 203.0], [201.0, 297.0], [299.0, 297.0], [299.0, 203.0], [201.0, 203.0]], "objects": [{"category": "PendantLamp", "position": [248.07730000000004, 250.3759], "size": [15.538019943237316, 7.321380043029819], "angle": 0.0}, {"category": "DoubleBed", "position": [238.00352534963804, 255.11164140338838], "size": [62.86286394593591, 73.16035716042703], "angle": -1.5621690198550964}]}]}]}