{"seed": 1, "floorplan": [{"rooms": [{"category": "Bedroom", "corners": [[262.0, 163.0], [262.0, 195.0], [261.0, 196.0], [195.0, 196.0], [194.0, 197.0], [194.0, 337.0], [306.0, 337.0], [306.0, 163.0], [262.0, 163.0]], "objects": [{"category": "DoubleBed", "position": [234.0253, 274.4233], "size": [75.23498670906042, 83.90806676878931], "angle": -9.104117114157622e-06}, {"category": "TVStand", "position": [296.97043339436846, 272.8396], "size": [17.012854777864074, 69.80163493583551], "angle": -3.1415835494726787}]}]}]}