{"seed": 1, "floorplan": [{"rooms": [{"category": "Bedroom", "corners": [[253.0, 183.0], [253.0, 188.0], [252.0, 189.0], [202.0, 189.0], [202.0, 318.0], [203.0, 317.0], [297.0, 317.0], [298.0, 318.0], [298.0, 189.0], [278.0, 189.0], [277.0, 188.0], [277.0, 183.0], [253.0, 183.0]], "objects": [{"category": "DoubleBed", "position": [262.7775024812455, 275.5751342898257], "size": [65.97090090251066, 60.88765455058777], "angle": -3.1415835494726787}, {"category": "Cabinet", "position": [295.2925958209719, 239.47221549318647], "size": [16.39211929870907, 9.241524146371924], "angle": -1.5707872226777857}, {"category": "Cabinet", "position": [292.6981, 309.2173], "size": [16.392119298709012, 9.241524146371924], "angle": -1.5707872226777821}]}]}]}