{"seed": 1, "floorplan": [{"rooms": [{"category": "Bedroom", "corners": [[233.0, 182.0], [233.0, 215.0], [232.0, 216.0], [205.0, 216.0], [205.0, 318.0], [295.0, 318.0], [295.0, 182.0], [233.0, 182.0]], "objects": [{"category": "DoubleBed", "position": [260.1442434383834, 269.9421128486847], "size": [69.7716374093153, 69.58893310922765], "angle": -1.5707872226777824}, {"category": "Nightstand", "position": [290.06895261476774, 310.2340497402334], "size": [18.800600698561812, 14.105558640799975], "angle": -1.5707872226777826}, {"category": "Table", "position": [290.8030699108592, 221.45410782614817], "size": [28.042754847922847, 12.471293121318375], "angle": -1.5707872226777826}]}]}]}