{"seed": 1, "floorplan": [{"rooms": [{"category": "Bedroom", "corners": [[192.0, 188.0], [192.0, 312.0], [308.0, 312.0], [308.0, 188.0], [192.0, 188.0]], "objects": [{"category": "DoubleBed", "position": [230.83731372230272, 256.831], "size": [65.97090090251069, 60.88765455058771], "angle": -9.104117113960183e-06}, {"category": "Nightstand", "position": [199.83642369783215, 219.6369257700548], "size": [10.761907899380537, 15.000856403549196], "angle": -9.104117115004524e-06}, {"category": "Nightstand", "position": [199.70375549366568, 295.06307422994513], "size": [10.761907899380537, 15.000856403549196], "angle": -9.104117115004524e-06}]}]}]}