{"seed": 1, "floorplan": [{"rooms": [{"category": "Bedroom", "corners": [[233.0, 190.0], [233.0, 281.0], [232.0, 282.0], [178.0, 282.0], [178.0, 310.0], [322.0, 310.0], [322.0, 190.0], [233.0, 190.0]], "objects": [{"category": "Cabinet", "position": [315.04511642400473, 201.9498738517243], "size": [16.762772773905006, 12.541793946274582], "angle": -1.5707872226777808}, {"category": "DoubleBed", "position": [288.1610907700439, 238.03421117930446], "size": [37.980345321322154, 67.75741771655942], "angle": -1.570787222677782}, {"category": "PendantLamp", "position": [268.9534, 227.76639999999998], "size": [17.625090408325207, 17.564459609985363], "angle": 0.0}]}]}]}