{"seed": 1, "floorplan": [{"rooms": [{"category": "Bedroom", "corners": [[184.0, 172.0], [184.0, 286.0], [203.0, 286.0], [204.0, 287.0], [204.0, 288.0], [205.0, 289.0], [205.0, 290.0], [206.0, 291.0], [206.0, 293.0], [207.0, 294.0], [207.0, 295.0], [208.0, 296.0], [208.0, 297.0], [209.0, 298.0], [209.0, 300.0], [210.0, 301.0], [210.0, 302.0], [211.0, 303.0], [211.0, 304.0], [212.0, 305.0], [212.0, 307.0], [213.0, 308.0], [213.0, 309.0], [214.0, 310.0], [214.0, 311.0], [215.0, 312.0], [215.0, 314.0], [216.0, 315.0], [216.0, 316.0], [217.0, 317.0], [217.0, 319.0], [218.0, 320.0], [218.0, 321.0], [219.0, 322.0], [219.0, 323.0], [220.0, 324.0], [220.0, 326.0], [221.0, 327.0], [221.0, 328.0], [285.0, 328.0], [285.0, 326.0], [286.0, 325.0], [286.0, 324.0], [287.0, 323.0], [287.0, 322.0], [288.0, 321.0], [288.0, 319.0], [289.0, 318.0], [289.0, 317.0], [290.0, 316.0], [290.0, 315.0], [291.0, 314.0], [291.0, 313.0], [292.0, 312.0], [292.0, 310.0], [293.0, 309.0], [293.0, 308.0], [294.0, 307.0], [294.0, 306.0], [295.0, 305.0], [295.0, 304.0], [296.0, 303.0], [296.0, 301.0], [297.0, 300.0], [297.0, 299.0], [298.0, 298.0], [298.0, 297.0], [299.0, 296.0], [299.0, 294.0], [300.0, 293.0], [300.0, 292.0], [301.0, 291.0], [301.0, 290.0], [302.0, 289.0], [302.0, 288.0], [304.0, 286.0], [316.0, 286.0], [316.0, 172.0], [184.0, 172.0]], "objects": [{"category": "Table", "position": [253.70323769424962, 300.77198882181017], "size": [43.72559967041016, 20.379810333251953], "angle": 0.0}, {"category": "CeilingLamp", "position": [250.00014999999996, 226.65385000000003], "size": [22.690230560302723, 22.689090728759766], "angle": 0.0}, {"category": "DoubleBed", "position": [275.98986011570724, 237.2095472121835], "size": [45.69821725231167, 78.0118064232612], "angle": -1.5707872226777824}]}]}]}