{"seed": 1, "floorplan": [{"rooms": [{"category": "Bedroom", "corners": [[223.0, 205.0], [223.0, 266.0], [222.0, 267.0], [185.0, 267.0], [185.0, 295.0], [315.0, 295.0], [315.0, 205.0], [223.0, 205.0]], "objects": [{"category": "DoubleBed", "position": [266.395471630669, 250.91890130120134], "size": [71.59589996337894, 88.98930358886719], "angle": 0.0}, {"category": "Nightstand", "position": [302.7814960564567, 211.25190597391838], "size": [13.80717155893481, 17.42774529253027], "angle": -0.017170838274978496}, {"category": "Nightstand", "position": [230.76982788240687, 211.23439803051937], "size": [13.807171558934836, 17.42774529253024], "angle": -0.01717083827497846}, {"category": "PendantLamp", "position": [299.9326, 211.06828303731257], "size": [11.705820465087925, 11.765969467163103], "angle": 0.0}]}]}]}