{"seed": 1, "floorplan": [{"rooms": [{"category": "Bedroom", "corners": [[184.0, 203.0], [184.0, 297.0], [298.0, 297.0], [298.0, 251.0], [299.0, 250.0], [316.0, 250.0], [316.0, 203.0], [184.0, 203.0]], "objects": [{"category": "DoubleBed", "position": [236.88240479425474, 239.26653335326154], "size": [68.92799835205079, 72.46979827880855], "angle": 0.0}, {"category": "CeilingLamp", "position": [241.33450000000005, 250.13799999999998], "size": [16.79720993041994, 17.99856033325193], "angle": 0.0}]}]}]}