{"seed": 1, "floorplan": [{"rooms": [{"category": "Bedroom", "corners": [[203.0, 190.0], [203.0, 310.0], [297.0, 310.0], [297.0, 190.0], [203.0, 190.0]], "objects": [{"category": "Nightstand", "position": [210.43133333159972, 216.18400000000003], "size": [14.400131101076774, 17.280156863524287], "angle": -9.104117115339251e-06}, {"category": "Nightstand", "position": [210.4153333318681, 296.461], "size": [14.400131101076802, 17.280156863524287], "angle": -9.104117115339233e-06}, {"category": "DoubleBed", "position": [236.6638345942655, 254.88400000000001], "size": [67.017312406746, 56.59611309934279], "angle": -9.104117114458268e-06}]}]}]}