{"seed": 1, "floorplan": [{"rooms": [{"category": "Bedroom", "corners": [[205.0, 162.0], [205.0, 317.0], [234.0, 317.0], [235.0, 318.0], [235.0, 338.0], [295.0, 338.0], [295.0, 180.0], [237.0, 180.0], [236.0, 179.0], [236.0, 162.0], [205.0, 162.0]], "objects": [{"category": "DoubleBed", "position": [258.60842771685367, 238.38850000000002], "size": [72.42995934059192, 24.27985056421082], "angle": -1.5707872226777828}, {"category": "Sofa", "position": [277.5715, 320.81649999999996], "size": [22.524706656538104, 25.846188453050623], "angle": -1.0333307365967437}, {"category": "CeilingLamp", "position": [243.4825, 238.83849999999998], "size": [14.544060516357433, 15.192480468750034], "angle": 0.0}]}]}]}