{"seed": 1, "floorplan": [{"rooms": [{"category": "Bedroom", "corners": [[202.0, 191.0], [202.0, 308.0], [201.0, 309.0], [298.0, 309.0], [298.0, 192.0], [299.0, 191.0], [202.0, 191.0]], "objects": [{"category": "DoubleBed", "position": [237.09109261533285, 258.2694110826176], "size": [60.67075041521354, 70.71484515414308], "angle": -1.5708054309120105}, {"category": "Nightstand", "position": [208.65926064976924, 222.57835230334405], "size": [10.765778326463217, 12.606625316538983], "angle": -9.104117116490955e-06}, {"category": "Nightstand", "position": [208.30570158869398, 294.129622104981], "size": [12.606625316538954, 10.765778326463245], "angle": -1.57080543091201}, {"category": "CeilingLamp", "position": [252.5275, 255.10750000000002], "size": [24.905429077148426, 28.041570281982388], "angle": 0.0}]}]}]}