{"seed": 1, "floorplan": [{"rooms": [{"category": "Bedroom", "corners": [[182.0, 196.0], [182.0, 304.0], [318.0, 304.0], [318.0, 196.0], [182.0, 196.0]], "objects": [{"category": "DoubleBed", "position": [258.5250704039387, 231.94213584649236], "size": [58.57679901123049, 71.77949981689451], "angle": 0.0}, {"category": "Nightstand", "position": [215.29784129899275, 200.058539797518], "size": [36.01920089721682, 12.653400421142578], "angle": 0.0}, {"category": "Nightstand", "position": [302.2445773255042, 200.10453785682301], "size": [36.01920089721682, 12.653400421142578], "angle": 0.0}]}]}]}