{"seed": 1, "floorplan": [{"rooms": [{"category": "Bedroom", "corners": [[197.0, 189.0], [197.0, 311.0], [303.0, 311.0], [303.0, 189.0], [197.0, 189.0]], "objects": [{"category": "DoubleBed", "position": [265.80229853400203, 257.56274782156726], "size": [62.517568986755165, 60.16044913849048], "angle": -3.1415835494726787}, {"category": "Cabinet", "position": [297.43626857190327, 219.14874466438798], "size": [13.150589695756828, 10.518485273066098], "angle": -1.5707872226777837}, {"category": "Cabinet", "position": [297.2178695836193, 295.13973883627887], "size": [13.150589695756857, 10.518485273066098], "angle": -1.5707872226777837}, {"category": "CeilingLamp", "position": [250.402, 256.069], "size": [21.654148864746105, 21.654148864746077], "angle": 0.0}]}]}]}