{"seed": 1, "floorplan": [{"rooms": [{"category": "Bedroom", "corners": [[255.0, 181.0], [254.0, 182.0], [173.0, 182.0], [173.0, 231.0], [193.0, 231.0], [194.0, 232.0], [194.0, 235.0], [217.0, 235.0], [217.0, 232.0], [218.0, 231.0], [225.0, 231.0], [226.0, 232.0], [226.0, 319.0], [227.0, 318.0], [327.0, 318.0], [327.0, 200.0], [256.0, 200.0], [255.0, 199.0], [255.0, 181.0]], "objects": [{"category": "Table", "position": [240.78969999999998, 300.54985], "size": [11.134961222474976, 29.396156909500046], "angle": -9.104117112840777e-06}, {"category": "SingleBed", "position": [302.01599985758025, 283.47151664630246], "size": [49.74120025634767, 65.69160003662114], "angle": 3.141592653589793}, {"category": "Cabinet", "position": [300.412166341133, 206.36036691487737], "size": [50.97810058593751, 13.566270446777338], "angle": 0.0}]}]}]}