{"seed": 1, "floorplan": [{"rooms": [{"category": "Bedroom", "corners": [[200.0, 192.0], [200.0, 308.0], [300.0, 308.0], [300.0, 192.0], [200.0, 192.0]], "objects": [{"category": "DoubleBed", "position": [232.34291465643037, 256.32421709649515], "size": [65.0282928335527, 60.53065056794495], "angle": -9.104117113948643e-06}, {"category": "Nightstand", "position": [206.43787239964553, 220.31022349094894], "size": [12.037879675331645, 14.97997646797159], "angle": -9.104117114809402e-06}, {"category": "Nightstand", "position": [206.63068612409108, 293.1146311949891], "size": [12.037879675331673, 14.97997646797156], "angle": -9.104117112448357e-06}, {"category": "PendantLamp", "position": [247.70799999999997, 254.443], "size": [14.311739730834944, 14.345250320434587], "angle": 0.0}]}]}]}