{"seed": 1, "floorplan": [{"rooms": [{"category": "Bedroom", "corners": [[214.0, 169.0], [214.0, 278.0], [213.0, 279.0], [193.0, 279.0], [193.0, 331.0], [244.0, 331.0], [244.0, 308.0], [245.0, 307.0], [307.0, 307.0], [307.0, 169.0], [214.0, 169.0]], "objects": [{"category": "DoubleBed", "position": [249.3676938850589, 245.02958154088225], "size": [60.15864553320296, 70.60594218513408], "angle": -1.5708054309120105}, {"category": "Nightstand", "position": [220.83481945711992, 203.4455864028741], "size": [10.810868458650635, 13.790315673732152], "angle": -9.104117115523721e-06}, {"category": "Sofa", "position": [211.70200000000006, 292.31350000000003], "size": [26.2674591064453, 25.85457000732424], "angle": 0.0}, {"category": "CeilingLamp", "position": [265.2250298005521, 235.48391076321994], "size": [21.28251113891605, 21.06587905883788], "angle": 0.0}]}]}]}