{"seed": 1, "floorplan": [{"rooms": [{"category": "Bedroom", "corners": [[230.0, 205.0], [230.0, 265.0], [228.0, 267.0], [155.0, 267.0], [155.0, 295.0], [345.0, 295.0], [345.0, 205.0], [230.0, 205.0]], "objects": [{"category": "Nightstand", "position": [255.52851950433455, 209.67880985974452], "size": [24.000000000000057, 13.839030075073254], "angle": 0.0}, {"category": "Cabinet", "position": [315.0298106773713, 209.2489503926251], "size": [60.0, 12.000029754638717], "angle": 0.0}, {"category": "Chair", "position": [337.497082266175, 233.08578669289182], "size": [21.747539520263672, 23.76123046875], "angle": 3.141592653589793}, {"category": "DoubleBed", "position": [291.334526662823, 245.6056143262483], "size": [80.78700256347656, 79.6377044677734], "angle": 0.0}]}]}]}