{"seed": 1, "floorplan": [{"rooms": [{"category": "Bedroom", "corners": [[222.0, 173.0], [222.0, 321.0], [220.0, 323.0], [219.0, 323.0], [218.0, 324.0], [217.0, 324.0], [213.0, 320.0], [121.0, 320.0], [128.0, 327.0], [214.0, 327.0], [215.0, 326.0], [216.0, 326.0], [217.0, 325.0], [218.0, 325.0], [219.0, 324.0], [220.0, 324.0], [221.0, 323.0], [222.0, 323.0], [223.0, 322.0], [224.0, 322.0], [225.0, 321.0], [226.0, 321.0], [227.0, 320.0], [323.0, 320.0], [323.0, 273.0], [324.0, 272.0], [325.0, 272.0], [326.0, 271.0], [327.0, 271.0], [328.0, 270.0], [329.0, 270.0], [330.0, 269.0], [331.0, 269.0], [332.0, 268.0], [333.0, 268.0], [334.0, 267.0], [335.0, 267.0], [336.0, 266.0], [337.0, 266.0], [338.0, 265.0], [339.0, 265.0], [340.0, 264.0], [342.0, 264.0], [343.0, 263.0], [344.0, 263.0], [345.0, 262.0], [346.0, 262.0], [347.0, 261.0], [348.0, 261.0], [349.0, 260.0], [350.0, 260.0], [351.0, 259.0], [352.0, 259.0], [353.0, 258.0], [354.0, 258.0], [355.0, 257.0], [356.0, 257.0], [357.0, 256.0], [358.0, 256.0], [359.0, 255.0], [360.0, 255.0], [361.0, 254.0], [362.0, 254.0], [363.0, 253.0], [364.0, 253.0], [365.0, 252.0], [366.0, 252.0], [367.0, 251.0], [368.0, 251.0], [369.0, 250.0], [370.0, 250.0], [371.0, 249.0], [372.0, 249.0], [373.0, 248.0], [374.0, 248.0], [375.0, 247.0], [376.0, 247.0], [377.0, 246.0], [378.0, 246.0], [379.0, 245.0], [379.0, 219.0], [378.0, 220.0], [377.0, 220.0], [375.0, 222.0], [374.0, 222.0], [372.0, 224.0], [371.0, 224.0], [369.0, 226.0], [368.0, 226.0], [366.0, 228.0], [365.0, 228.0], [363.0, 230.0], [362.0, 230.0], [361.0, 231.0], [360.0, 231.0], [358.0, 233.0], [357.0, 233.0], [355.0, 235.0], [354.0, 235.0], [352.0, 237.0], [351.0, 237.0], [349.0, 239.0], [348.0, 239.0], [346.0, 241.0], [345.0, 241.0], [343.0, 243.0], [342.0, 243.0], [340.0, 245.0], [339.0, 245.0], [338.0, 246.0], [337.0, 246.0], [335.0, 248.0], [334.0, 248.0], [332.0, 250.0], [331.0, 250.0], [329.0, 252.0], [328.0, 252.0], [326.0, 254.0], [325.0, 254.0], [324.0, 255.0], [323.0, 254.0], [323.0, 173.0], [222.0, 173.0]], "objects": [{"category": "DoubleBed", "position": [256.73933418140314, 251.10578353215277], "size": [69.1251273119591, 56.30931239256058], "angle": -9.104117114173648e-06}, {"category": "Cabinet", "position": [230.26384831287703, 289.70677691624473], "size": [15.404960119194596, 12.901887861833746], "angle": -1.57080543091201}, {"category": "Cabinet", "position": [227.9943067684337, 217.25337491334125], "size": [12.901887861833773, 15.404960119194596], "angle": -9.104117112986961e-06}, {"category": "Table", "position": [232.49229844911017, 194.84705342836065], "size": [43.72599775882682, 20.379995875965808], "angle": -1.5708054309120107}, {"category": "TVStand", "position": [314.79795063212265, 257.3716118278635], "size": [52.66608006628098, 11.728966493063988], "angle": -1.5707872226777826}, {"category": "PendantLamp", "position": [276.139, 245.8555], "size": [26.209680175781273, 25.121910095214844], "angle": 0.0}]}]}]}