{"seed": 1, "floorplan": [{"rooms": [{"category": "Bedroom", "corners": [[204.0, 174.0], [204.0, 326.0], [296.0, 326.0], [296.0, 174.0], [204.0, 174.0]], "objects": [{"category": "Nightstand", "position": [211.06515983802353, 281.896855809096], "size": [14.724253619810693, 15.871374048728526], "angle": -9.10411711491397e-06}, {"category": "Nightstand", "position": [211.06515983802356, 201.21014419090403], "size": [14.724253619810662, 15.871374048728498], "angle": -9.104117112983722e-06}, {"category": "DoubleBed", "position": [239.5810440131396, 241.55349999999999], "size": [55.32050181556526, 66.04770061293792], "angle": -1.5708054309120105}]}]}]}