{"seed": 1, "floorplan": [{"rooms": [{"category": "Bedroom", "corners": [[196.0, 204.0], [196.0, 296.0], [304.0, 296.0], [304.0, 204.0], [196.0, 204.0]], "objects": [{"category": "CeilingLamp", "position": [251.701, 244.00900000000001], "size": [18.592169952392567, 18.503250503540045], "angle": 0.0}, {"category": "DoubleBed", "position": [259.07687746753123, 253.81414009181043], "size": [70.74749908447268, 81.78839721679691], "angle": 3.141592653589793}, {"category": "Nightstand", "position": [295.95129988071346, 291.00829805840976], "size": [19.663288879394543, 14.095230102539062], "angle": 3.141592653589793}, {"category": "Nightstand", "position": [224.31532294804367, 291.1229061540002], "size": [19.663288879394543, 14.095230102539062], "angle": 3.141592653589793}]}]}]}