{"seed": 1, "floorplan": [{"rooms": [{"category": "Bedroom", "corners": [[172.0, 193.0], [172.0, 306.0], [171.0, 307.0], [329.0, 307.0], [328.0, 306.0], [328.0, 257.0], [273.0, 257.0], [272.0, 256.0], [272.0, 193.0], [172.0, 193.0]], "objects": [{"category": "PendantLamp", "position": [221.55835, 249.99999999999997], "size": [27.055320739746094, 27.463620758056607], "angle": 0.0}, {"category": "DoubleBed", "position": [213.44754999999995, 225.72819999999993], "size": [60.53009948730471, 65.0277008056641], "angle": 0.0}, {"category": "Table", "position": [222.02884346667634, 297.8782227231642], "size": [25.66625976562503, 18.17364006042476], "angle": 3.141592653589793}, {"category": "Chair", "position": [203.41742740261475, 286.6457958787118], "size": [12.248669815063437, 12.605400466918923], "angle": 0.0}]}]}]}