{"seed": 1, "floorplan": [{"rooms": [{"category": "Bedroom", "corners": [[200.0, 190.0], [200.0, 196.0], [199.0, 197.0], [199.0, 278.0], [198.0, 279.0], [198.0, 310.0], [302.0, 310.0], [301.0, 309.0], [301.0, 197.0], [228.0, 197.0], [227.0, 196.0], [227.0, 190.0], [200.0, 190.0]], "objects": [{"category": "DoubleBed", "position": [264.2884593610855, 261.70797622791827], "size": [65.31299238595172, 73.28976636274729], "angle": -1.5707872226777824}, {"category": "Nightstand", "position": [296.6054212881215, 224.04363972355793], "size": [18.80060069856184, 14.105558640800032], "angle": -1.5707872226777795}, {"category": "Nightstand", "position": [296.7869486730964, 299.19466730077073], "size": [18.800600698561812, 14.105558640799975], "angle": -1.5707872226777826}, {"category": "PendantLamp", "position": [250.10502945724363, 262.5917648812341], "size": [14.368740463256813, 14.368740463256842], "angle": 0.0}]}]}]}