{"seed": 1, "floorplan": [{"rooms": [{"category": "Bedroom", "corners": [[271.0, 150.0], [271.0, 218.0], [270.0, 219.0], [200.0, 219.0], [200.0, 350.0], [300.0, 350.0], [300.0, 150.0], [271.0, 150.0]], "objects": [{"category": "DoubleBed", "position": [237.59860143995064, 291.3505458486375], "size": [68.92862588918999, 72.47045806134946], "angle": -1.5708054309120105}, {"category": "Cabinet", "position": [212.9220566202457, 250.4543258783268], "size": [9.786719348868141, 13.299121626628358], "angle": -9.104117115022305e-06}, {"category": "Cabinet", "position": [216.09731870261308, 325.1487919926165], "size": [9.786719348868111, 13.29912162662833], "angle": -9.104117112118222e-06}]}]}]}