{"seed": 1, "floorplan": [{"rooms": [{"category": "Bedroom", "corners": [[202.0, 197.0], [202.0, 303.0], [298.0, 303.0], [298.0, 197.0], [202.0, 197.0]], "objects": [{"category": "DoubleBed", "position": [264.62799366508943, 258.39498943279244], "size": [60.53425320084161, 63.58047844392483], "angle": -1.5707872226777824}, {"category": "CornerSideTable", "position": [207.94055536421462, 258.41042842729377], "size": [40.500368775038446, 12.000109266678068], "angle": -1.5708619999969526}, {"category": "CeilingLamp", "position": [250.48909254328458, 257.29890680830596], "size": [18.239999771118164, 18.179999542236374], "angle": 0.0}]}]}]}