{"seed": 1, "floorplan": [{"rooms": [{"category": "Bedroom", "corners": [[257.0, 160.0], [257.0, 223.0], [256.0, 224.0], [203.0, 224.0], [203.0, 340.0], [297.0, 340.0], [297.0, 160.0], [257.0, 160.0]], "objects": [{"category": "PendantLamp", "position": [250.00300000000001, 286.4185], "size": [58.44989776611325, 3.6000000000000227], "angle": 0.0}, {"category": "DoubleBed", "position": [237.18221781028058, 289.9040791881048], "size": [60.88765455058768, 65.97090090251066], "angle": -1.570805430912011}, {"category": "Cabinet", "position": [212.72267242944537, 327.04661092642107], "size": [9.241524146371924, 16.39211929870907], "angle": -9.104117114469108e-06}, {"category": "Cabinet", "position": [212.8010455095349, 251.77821145649318], "size": [9.241524146371924, 16.39211929870904], "angle": -9.104117114469108e-06}]}]}]}