{"seed": 1, "floorplan": [{"rooms": [{"category": "Bedroom", "corners": [[204.0, 205.0], [204.0, 295.0], [296.0, 295.0], [296.0, 205.0], [204.0, 205.0]], "objects": [{"category": "DoubleBed", "position": [260.08135000000004, 239.18381762285088], "size": [71.4171020507813, 68.56770172119138], "angle": 0.0}, {"category": "Table", "position": [280.5498533140387, 287.86041841848845], "size": [30.0, 15.502890014648415], "angle": 3.141592653589793}, {"category": "CoffeeTable", "position": [275.7170806720382, 281.0430744431029], "size": [13.687259674072266, 13.687259674072266], "angle": 0.0}]}]}]}