{"seed": 1, "floorplan": [{"rooms": [{"category": "Bedroom", "corners": [[197.0, 187.0], [197.0, 313.0], [303.0, 313.0], [303.0, 187.0], [197.0, 187.0]], "objects": [{"category": "PendantLamp", "position": [247.5762463314456, 250.02272153349304], "size": [47.269798278808594, 30.862200164794956], "angle": 0.0}, {"category": "PendantLamp", "position": [287.61432391457856, 276.33613622075814], "size": [27.67255112962909, 32.70059754663003], "angle": -1.5707872226777828}, {"category": "PendantLamp", "position": [285.85816675821235, 202.29700000000003], "size": [27.67255112962909, 32.70059754663003], "angle": -1.5707872226777808}, {"category": "DoubleBed", "position": [268.525, 241.51300000000003], "size": [81.86054446571227, 62.889574021497225], "angle": -1.5707872226777826}]}]}]}