{"seed": 1, "floorplan": [{"rooms": [{"category": "Bedroom", "corners": [[222.0, 165.0], [222.0, 206.0], [221.0, 207.0], [195.0, 207.0], [195.0, 335.0], [305.0, 335.0], [305.0, 207.0], [286.0, 207.0], [285.0, 206.0], [285.0, 165.0], [222.0, 165.0]], "objects": [{"category": "DoubleBed", "position": [270.13200087467663, 272.284], "size": [62.957374016200504, 69.92433502752604], "angle": -1.5707872226777821}, {"category": "TVStand", "position": [202.55590016698557, 270.55], "size": [66.75540969275232, 15.306259650907734], "angle": -1.5708054309120105}, {"category": "Nightstand", "position": [297.84980017586406, 229.27], "size": [14.591353316237305, 14.547792128633732], "angle": -1.5707872226777844}, {"category": "Nightstand", "position": [297.84980017586406, 315.298], "size": [14.591353316237305, 14.547792128633732], "angle": -1.5707872226777844}]}]}]}