{"seed": 1, "floorplan": [{"rooms": [{"category": "Bedroom", "corners": [[189.0, 199.0], [189.0, 301.0], [311.0, 301.0], [311.0, 199.0], [189.0, 199.0]], "objects": [{"category": "DoubleBed", "position": [258.60098069129094, 235.98606625814716], "size": [58.576799011230435, 71.77949981689451], "angle": 0.0}, {"category": "Nightstand", "position": [223.85116229244855, 203.8127115071147], "size": [36.01920089721679, 12.653400421142578], "angle": 0.0}, {"category": "Nightstand", "position": [292.7217995279669, 203.7926036263492], "size": [36.01920089721682, 12.653400421142578], "angle": 0.0}, {"category": "PendantLamp", "position": [250.00000000000006, 250.0], "size": [24.56967086791991, 24.569609069824196], "angle": 0.0}]}]}]}