{"seed": 1, "floorplan": [{"rooms": [{"category": "Bedroom", "corners": [[273.0, 163.0], [273.0, 213.0], [272.0, 214.0], [199.0, 214.0], [199.0, 313.0], [208.0, 322.0], [208.0, 323.0], [222.0, 337.0], [301.0, 337.0], [301.0, 163.0], [300.0, 164.0], [299.0, 164.0], [298.0, 163.0], [273.0, 163.0]], "objects": [{"category": "DoubleBed", "position": [234.98541316617536, 270.17783277322985], "size": [56.53371476514517, 51.27406757628405], "angle": -9.104117113524944e-06}, {"category": "PendantLamp", "position": [249.34935039726605, 266.17422384973077], "size": [17.625090408325235, 17.564459609985363], "angle": 0.0}]}]}]}