{"seed": 1, "floorplan": [{"rooms": [{"category": "Bedroom", "corners": [[201.0, 203.0], [201.0, 297.0], [299.0, 297.0], [299.0, 203.0], [201.0, 203.0]], "objects": [{"category": "Cabinet", "position": [207.97583105855875, 208.66377889093866], "size": [19.494779205322345, 16.006740188598656], "angle": 0.0}, {"category": "DoubleBed", "position": [242.3125475348334, 234.05233840299286], "size": [51.62070007324212, 60.673498535156256], "angle": 0.0}, {"category": "CeilingLamp", "position": [251.61699999999996, 249.67000000000002], "size": [18.592169952392595, 18.503250503540016], "angle": 0.0}]}]}]}