{"seed": 1, "floorplan": [{"rooms": [{"category": "Bedroom", "corners": [[186.0, 138.0], [186.0, 362.0], [237.0, 362.0], [237.0, 290.0], [238.0, 289.0], [314.0, 289.0], [314.0, 138.0], [186.0, 138.0]], "objects": [{"category": "DoubleBed", "position": [279.8940417445986, 209.342778877584], "size": [64.53868724085181, 69.04412987044398], "angle": -1.5707872226777821}, {"category": "Nightstand", "position": [304.531, 164.13399999999996], "size": [16.562130841027898, 16.49081976699585], "angle": -1.5707872226777835}, {"category": "Nightstand", "position": [306.04351687113444, 254.49399999999997], "size": [16.562130841027898, 16.490819766995905], "angle": -1.5707872226777801}, {"category": "PendantLamp", "position": [252.955, 205.009], "size": [23.713259124755893, 21.437729644775374], "angle": 0.0}]}]}]}