{"seed": 1, "floorplan": [{"rooms": [{"category": "Bedroom", "corners": [[238.0, 193.0], [238.0, 211.0], [237.0, 212.0], [204.0, 212.0], [204.0, 307.0], [296.0, 307.0], [296.0, 193.0], [238.0, 193.0]], "objects": [{"category": "DoubleBed", "position": [259.461456483645, 257.2172841058707], "size": [72.47045806134946, 68.92862588918995], "angle": -3.141583549472679}, {"category": "Nightstand", "position": [290.1565935733244, 292.5255367125693], "size": [18.00016387634595, 13.500122907259506], "angle": -1.5707872226777837}, {"category": "PendantLamp", "position": [252.6658, 259.7554], "size": [12.70071029663086, 11.791289520263717], "angle": 0.0}]}]}]}