{"seed": 1, "floorplan": [{"rooms": [{"category": "Bedroom", "corners": [[162.0, 194.0], [162.0, 306.0], [338.0, 306.0], [338.0, 274.0], [287.0, 274.0], [286.0, 273.0], [286.0, 194.0], [162.0, 194.0]], "objects": [{"category": "DoubleBed", "position": [221.50750000000002, 229.31149912532337], "size": [62.95680084228519, 69.923698425293], "angle": 0.0}, {"category": "Nightstand", "position": [176.92450000000008, 201.52736649071363], "size": [14.591220474243158, 14.54765968322755], "angle": 0.0}, {"category": "TVStand", "position": [225.2425, 298.01559983303457], "size": [66.75480194091796, 15.306120300292946], "angle": 3.141592653589793}]}]}]}