{"seed": 1, "floorplan": [{"rooms": [{"category": "Bedroom", "corners": [[204.0, 183.0], [204.0, 317.0], [296.0, 317.0], [296.0, 183.0], [204.0, 183.0]], "objects": [{"category": "DoubleBed", "position": [260.428, 255.1465], "size": [59.98284437213444, 49.602752616715264], "angle": -3.1415835494726787}, {"category": "PendantLamp", "position": [252.469, 253.0825], "size": [12.70071029663086, 11.79128952026366], "angle": 0.0}]}]}]}