{"seed": 1, "floorplan": [{"rooms": [{"category": "Bedroom", "corners": [[195.0, 203.0], [195.0, 297.0], [305.0, 297.0], [305.0, 203.0], [195.0, 203.0]], "objects": [{"category": "DoubleBed", "position": [233.57368128877835, 248.01825089998152], "size": [58.88273670032977, 51.19636606321304], "angle": -9.104117114862507e-06}, {"category": "Cabinet", "position": [204.20902782535768, 212.67698411363745], "size": [12.79922655731593, 16.35521863316967], "angle": -9.104117114105402e-06}, {"category": "Cabinet", "position": [204.170688536285, 283.23134821621466], "size": [12.79922655731593, 16.35521863316967], "angle": -9.104117111884822e-06}, {"category": "PendantLamp", "position": [247.38099999999997, 246.95500000000004], "size": [25.894679260253895, 25.894679260253895], "angle": 0.0}]}]}]}