{"seed": 1, "floorplan": [{"rooms": [{"category": "Bedroom", "corners": [[187.0, 178.0], [187.0, 322.0], [313.0, 322.0], [313.0, 178.0], [187.0, 178.0]], "objects": [{"category": "DoubleBed", "position": [266.5378, 249.87370000000004], "size": [76.5327951553737, 60.644350943911554], "angle": -1.5707872226777824}]}]}]}