{"seed": 1, "floorplan": [{"rooms": [{"category": "Bedroom", "corners": [[206.0, 192.0], [206.0, 308.0], [294.0, 308.0], [294.0, 192.0], [206.0, 192.0]], "objects": [{"category": "DoubleBed", "position": [261.64, 238.3405], "size": [56.533714765145234, 51.27406757628399], "angle": -3.1415835494726796}, {"category": "CeilingLamp", "position": [250.558, 251.11149999999998], "size": [23.99999999999997, 23.99999999999997], "angle": 0.0}]}]}]}