{"seed": 1, "floorplan": [{"rooms": [{"category": "Bedroom", "corners": [[200.0, 192.0], [200.0, 300.0], [199.0, 301.0], [215.0, 301.0], [216.0, 302.0], [216.0, 307.0], [215.0, 308.0], [287.0, 308.0], [287.0, 302.0], [288.0, 301.0], [300.0, 301.0], [300.0, 193.0], [301.0, 192.0], [200.0, 192.0]], "objects": [{"category": "DoubleBed", "position": [233.7772096154781, 248.56267789342408], "size": [68.56832597810306, 71.41775224932147], "angle": -9.104117114376163e-06}]}]}]}