{"seed": 1, "floorplan": [{"rooms": [{"category": "Bedroom", "corners": [[278.0, 196.0], [277.0, 197.0], [277.0, 212.0], [276.0, 213.0], [197.0, 213.0], [197.0, 304.0], [303.0, 304.0], [303.0, 196.0], [278.0, 196.0]], "objects": [{"category": "DoubleBed", "position": [244.05653027690883, 267.56771703914274], "size": [71.41710205078124, 68.56770172119138], "angle": 3.141592653589793}, {"category": "Nightstand", "position": [206.6172408985933, 296.2932414306147], "size": [18.644549560546892, 17.997809600830067], "angle": 3.141592653589793}, {"category": "CeilingLamp", "position": [243.2545, 256.651], "size": [18.38465995788576, 18.986970520019526], "angle": 0.0}]}]}]}