{"seed": 1, "floorplan": [{"rooms": [{"category": "Bedroom", "corners": [[203.0, 184.0], [202.0, 185.0], [202.0, 315.0], [203.0, 316.0], [297.0, 316.0], [298.0, 315.0], [298.0, 185.0], [297.0, 184.0], [203.0, 184.0]], "objects": [{"category": "DoubleBed", "position": [236.21200000000002, 259.2685], "size": [60.67405092133613, 51.6211700405591], "angle": -9.104117114536476e-06}, {"category": "Cabinet", "position": [210.5803001029495, 299.3905], "size": [16.006885917826, 19.494956690499013], "angle": -9.104117112930071e-06}, {"category": "Cabinet", "position": [210.579633436294, 219.14950000000005], "size": [16.00688591782603, 19.494956690499013], "angle": -9.104117114705647e-06}, {"category": "PendantLamp", "position": [250.012, 259.0045], "size": [12.023690016727786, 12.02182919046042], "angle": -9.104117114721732e-06}]}]}]}