{"seed": 1, "floorplan": [{"rooms": [{"category": "Bedroom", "corners": [[192.0, 198.0], [192.0, 302.0], [308.0, 302.0], [308.0, 198.0], [192.0, 198.0]], "objects": [{"category": "Cabinet", "position": [262.72502430263006, 207.0874542963574], "size": [79.64969787597656, 17.33361053466797], "angle": 0.0}, {"category": "DoubleBed", "position": [254.473826311228, 268.24081767587444], "size": [51.27360076904296, 56.5332000732422], "angle": 3.141592653589793}]}]}]}