{"seed": 1, "floorplan": [{"rooms": [{"category": "Bedroom", "corners": [[269.0, 167.0], [269.0, 214.0], [268.0, 215.0], [194.0, 215.0], [194.0, 333.0], [306.0, 333.0], [306.0, 167.0], [269.0, 167.0]], "objects": [{"category": "DoubleBed", "position": [228.81579999999994, 282.0865], "size": [68.56832597810309, 71.4177522493215], "angle": -9.10411711437616e-06}]}]}]}