{"seed": 1, "floorplan": [{"rooms": [{"category": "Bedroom", "corners": [[262.0, 159.0], [262.0, 222.0], [261.0, 223.0], [195.0, 223.0], [195.0, 341.0], [196.0, 342.0], [305.0, 342.0], [305.0, 159.0], [262.0, 159.0]], "objects": [{"category": "DoubleBed", "position": [235.02155387881794, 295.05017075673544], "size": [68.92862588918999, 72.47045806134946], "angle": -1.5708054309120105}, {"category": "Cabinet", "position": [206.18149474984153, 251.6756545205713], "size": [9.78671934886817, 13.299121626628358], "angle": -9.10411711211817e-06}, {"category": "Cabinet", "position": [210.40173000816435, 333.1680793006877], "size": [9.786719348868141, 13.299121626628386], "angle": -9.104117106309977e-06}]}]}]}