{"seed": 1, "floorplan": [{"rooms": [{"category": "Bedroom", "corners": [[201.0, 169.0], [201.0, 201.0], [207.0, 201.0], [208.0, 202.0], [208.0, 331.0], [299.0, 331.0], [299.0, 169.0], [201.0, 169.0]], "objects": [{"category": "DoubleBed", "position": [245.09903246891145, 261.64889654940987], "size": [72.47045806134946, 68.92862588918995], "angle": -9.104117114185384e-06}, {"category": "Nightstand", "position": [216.27891486772813, 305.221252458634], "size": [11.781677315358937, 18.900172070163276], "angle": -9.104117115706731e-06}, {"category": "Nightstand", "position": [215.49673464977397, 217.41739370031235], "size": [11.78167731535891, 18.900172070163276], "angle": -9.104117113294388e-06}, {"category": "PendantLamp", "position": [258.7645, 261.019], "size": [11.805509948730503, 11.805509948730503], "angle": 0.0}]}]}]}