{"seed": 1, "floorplan": [{"rooms": [{"category": "Bedroom", "corners": [[222.0, 193.0], [222.0, 274.0], [221.0, 275.0], [171.0, 275.0], [171.0, 307.0], [329.0, 307.0], [329.0, 193.0], [222.0, 193.0]], "objects": [{"category": "DoubleBed", "position": [283.91319944241354, 229.72157629256108], "size": [68.92799835205079, 72.46979827880858], "angle": 0.0}, {"category": "CeilingLamp", "position": [284.65, 249.925], "size": [16.79720993041991, 17.99856033325193], "angle": 0.0}]}]}]}