{"seed": 1, "floorplan": [{"rooms": [{"category": "Bedroom", "corners": [[187.0, 205.0], [187.0, 295.0], [313.0, 295.0], [313.0, 205.0], [187.0, 205.0]], "objects": [{"category": "DoubleBed", "position": [260.55850000000004, 237.5995], "size": [62.449800109863304, 62.84909820556646], "angle": 0.0}]}]}]}