{"seed": 1, "floorplan": [{"rooms": [{"category": "Bedroom", "corners": [[184.0, 202.0], [184.0, 298.0], [316.0, 298.0], [316.0, 202.0], [184.0, 202.0]], "objects": [{"category": "DoubleBed", "position": [218.08024101814644, 260.4501974285888], "size": [64.08658198956, 56.0060091551656], "angle": -9.104117114170388e-06}]}]}]}