{"seed": 1, "floorplan": [{"rooms": [{"category": "Bedroom", "corners": [[264.0, 172.0], [264.0, 209.0], [263.0, 210.0], [198.0, 210.0], [198.0, 328.0], [302.0, 328.0], [302.0, 172.0], [264.0, 172.0]], "objects": [{"category": "Nightstand", "position": [204.05076089994355, 240.3519583033243], "size": [11.613765783003583, 12.000109250897301], "angle": -9.104117115767452e-06}, {"category": "DoubleBed", "position": [231.0709420727469, 276.40329999999994], "size": [62.822671251759246, 63.52407686842424], "angle": -9.104117113905509e-06}, {"category": "Nightstand", "position": [204.1464119335469, 314.83844169667566], "size": [11.613765783003611, 12.000109250897301], "angle": -9.10411711576743e-06}, {"category": "PendantLamp", "position": [224.3325834147135, 240.2242], "size": [49.578900146484386, 30.568199157714844], "angle": 0.0}]}]}]}