{"seed": 1, "floorplan": [{"rooms": [{"category": "Bedroom", "corners": [[206.0, 174.0], [206.0, 326.0], [294.0, 326.0], [294.0, 200.0], [241.0, 200.0], [240.0, 199.0], [240.0, 174.0], [206.0, 174.0]], "objects": [{"category": "DoubleBed", "position": [259.48961699456663, 251.68352221879974], "size": [71.41775224932147, 68.56832597810309], "angle": -1.5707872226777824}, {"category": "Nightstand", "position": [286.94506354676946, 296.9770130700751], "size": [17.99797345723412, 18.64471930502766], "angle": -3.1415835494726823}, {"category": "Nightstand", "position": [286.91180863413166, 206.20392998065998], "size": [17.99797345723412, 18.64471930502769], "angle": -3.141583549472679}, {"category": "CeilingLamp", "position": [249.361, 250.53100000000003], "size": [18.38465995788573, 18.986970520019526], "angle": 0.0}]}]}]}