{"seed": 1, "floorplan": [{"rooms": [{"category": "Bedroom", "corners": [[208.0, 179.0], [208.0, 321.0], [292.0, 321.0], [292.0, 179.0], [208.0, 179.0]], "objects": [{"category": "DoubleBed", "position": [242.98999818576897, 254.08394772934005], "size": [69.92433502752604, 62.95737401620056], "angle": -9.104117113515052e-06}, {"category": "Nightstand", "position": [215.23149999999998, 297.1735], "size": [14.547792128633732, 14.591353316237361], "angle": -9.104117113813794e-06}, {"category": "Nightstand", "position": [215.3287650449589, 211.8708062315069], "size": [14.547792128633732, 14.591353316237305], "angle": -9.104117113813794e-06}, {"category": "PendantLamp", "position": [248.83750000000003, 251.9575], "size": [24.96362915039063, 24.979140472412126], "angle": 0.0}]}]}]}