{"seed": 1, "floorplan": [{"rooms": [{"category": "Bedroom", "corners": [[166.0, 201.0], [166.0, 299.0], [334.0, 299.0], [334.0, 201.0], [166.0, 201.0]], "objects": [{"category": "DoubleBed", "position": [213.96927625939261, 264.0570457846136], "size": [60.659701538085926, 58.29210205078127], "angle": 3.141592653589793}, {"category": "Nightstand", "position": [174.26169794258422, 292.9131213176276], "size": [16.043009948730457, 10.843620300292969], "angle": 3.141592653589793}, {"category": "Nightstand", "position": [254.49541389981175, 292.9131213176276], "size": [16.043009948730457, 10.843620300292969], "angle": 3.141592653589793}, {"category": "PendantLamp", "position": [238.93030000000002, 247.21750000000003], "size": [23.250841104392855, 7.498928439890546], "angle": -1.57080543091201}]}]}]}