{"seed": 1, "floorplan": [{"rooms": [{"category": "Bedroom", "corners": [[196.0, 180.0], [196.0, 207.0], [197.0, 206.0], [221.0, 206.0], [223.0, 208.0], [223.0, 319.0], [222.0, 320.0], [304.0, 320.0], [304.0, 180.0], [196.0, 180.0]], "objects": [{"category": "Nightstand", "position": [295.6414111953826, 215.66307464727947], "size": [23.70996622550283, 14.70226359722232], "angle": -1.570787222677783}, {"category": "Nightstand", "position": [295.9878625499938, 297.0671906226303], "size": [23.7099662255028, 14.70226359722232], "angle": -1.570787222677783}, {"category": "DoubleBed", "position": [270.6957778661301, 255.07456958307216], "size": [46.193219927839856, 66.40410491971092], "angle": -1.5707872226777824}, {"category": "PendantLamp", "position": [263.2645, 255.26950000000002], "size": [20.291970062255814, 20.291819000244175], "angle": 0.0}]}]}]}