{"seed": 1, "floorplan": [{"rooms": [{"category": "Bedroom", "corners": [[197.0, 156.0], [197.0, 344.0], [238.0, 344.0], [238.0, 273.0], [239.0, 272.0], [302.0, 272.0], [303.0, 271.0], [303.0, 156.0], [197.0, 156.0]], "objects": [{"category": "DoubleBed", "position": [270.87585386395153, 208.7368007426195], "size": [65.52179860824577, 62.71317318455899], "angle": -1.5707872226777826}, {"category": "Nightstand", "position": [297.1219472541537, 245.18389669926333], "size": [9.316194664135855, 9.37151533532548], "angle": -1.5707872226777813}, {"category": "Nightstand", "position": [294.61651790697965, 174.16042312179644], "size": [9.316194664135827, 9.37151533532548], "angle": -1.5707872226777813}]}]}]}