{"seed": 1, "floorplan": [{"rooms": [{"category": "Bedroom", "corners": [[206.0, 187.0], [206.0, 313.0], [294.0, 313.0], [294.0, 187.0], [206.0, 187.0]], "objects": [{"category": "DoubleBed", "position": [238.03300000000002, 233.39500000000004], "size": [56.533714765145234, 51.27406757628405], "angle": -9.104117114027673e-06}, {"category": "CeilingLamp", "position": [253.147, 241.23700000000005], "size": [18.38465995788573, 18.986970520019497], "angle": 0.0}]}]}]}