{"seed": 1, "floorplan": [{"rooms": [{"category": "Bedroom", "corners": [[202.0, 179.0], [202.0, 320.0], [201.0, 321.0], [299.0, 321.0], [298.0, 320.0], [298.0, 206.0], [234.0, 206.0], [233.0, 205.0], [233.0, 179.0], [202.0, 179.0]], "objects": [{"category": "Nightstand", "position": [291.3219708404182, 235.03454851332512], "size": [18.64471930502769, 17.997973457234178], "angle": -1.5707872226777793}, {"category": "Nightstand", "position": [291.34760360640536, 310.76036910500335], "size": [18.64471930502766, 17.99797345723412], "angle": -1.5707872226777824}, {"category": "DoubleBed", "position": [264.0031256761888, 273.2579915280438], "size": [68.56832597810309, 71.41775224932147], "angle": -3.1415835494726787}]}]}]}