{"seed": 1, "floorplan": [{"rooms": [{"category": "Bedroom", "corners": [[168.0, 203.0], [168.0, 246.0], [205.0, 246.0], [206.0, 247.0], [206.0, 297.0], [333.0, 297.0], [333.0, 203.0], [168.0, 203.0]], "objects": [{"category": "DoubleBed", "position": [269.98960766409175, 260.7640542418043], "size": [58.576799011230435, 71.77949981689449], "angle": 3.141592653589793}, {"category": "Nightstand", "position": [312.9777498043211, 292.58611146854287], "size": [36.01920089721682, 12.653400421142578], "angle": 3.141592653589793}, {"category": "Nightstand", "position": [228.10332531264498, 292.60129301668803], "size": [36.01920089721682, 12.653400421142578], "angle": 3.141592653589793}, {"category": "PendantLamp", "position": [274.0456, 252.74800000000005], "size": [20.219549560546852, 20.220119476318388], "angle": 0.0}]}]}]}