{"seed": 1, "floorplan": [{"rooms": [{"category": "Bedroom", "corners": [[208.0, 174.0], [208.0, 326.0], [292.0, 326.0], [292.0, 174.0], [208.0, 174.0]], "objects": [{"category": "DoubleBed", "position": [241.63213411213633, 258.7177599113761], "size": [37.980345321322154, 67.75741771655944], "angle": -1.5708054309120105}, {"category": "Cabinet", "position": [214.7359131224875, 212.8460637494901], "size": [12.54179394627461, 16.762772773905006], "angle": -9.104117113291407e-06}, {"category": "Cabinet", "position": [214.58427648241496, 304.3375148608681], "size": [16.76277277390512, 12.54179394627464], "angle": -1.5708054309120107}, {"category": "PendantLamp", "position": [250.2965494326712, 254.37507462755966], "size": [17.625090408325207, 17.564459609985363], "angle": 0.0}]}]}]}