{"seed": 1, "floorplan": [{"rooms": [{"category": "Bedroom", "corners": [[194.0, 198.0], [194.0, 302.0], [306.0, 302.0], [306.0, 198.0], [194.0, 198.0]], "objects": [{"category": "DoubleBed", "position": [230.32132888402015, 242.71860211069313], "size": [71.56385343296543, 72.42995934059189], "angle": -9.104117114463543e-06}, {"category": "Nightstand", "position": [199.23887819299455, 204.7240130385057], "size": [13.736315090549574, 18.620059351515618], "angle": -9.104117114723846e-06}, {"category": "Cabinet", "position": [299.06033168995384, 222.14471945506077], "size": [27.146706345916936, 11.27932288832894], "angle": -1.5707872226777833}, {"category": "Chair", "position": [285.58811883997294, 214.9728224884092], "size": [14.181608756390135, 14.146418998150729], "angle": -9.104117115839795e-06}]}]}]}