{"seed": 1, "floorplan": [{"rooms": [{"category": "Bedroom", "corners": [[208.0, 178.0], [208.0, 296.0], [207.0, 297.0], [200.0, 297.0], [200.0, 320.0], [207.0, 320.0], [208.0, 321.0], [208.0, 322.0], [240.0, 322.0], [240.0, 293.0], [241.0, 292.0], [300.0, 292.0], [300.0, 178.0], [208.0, 178.0]], "objects": [{"category": "Table", "position": [292.30140630893516, 262.4757150883353], "size": [24.000218501794603, 18.000163876345894], "angle": -1.5707872226777837}, {"category": "PendantLamp", "position": [252.69475, 230.43055], "size": [15.14253044128418, 14.73606033325197], "angle": 3.141592653589793}, {"category": "DoubleBed", "position": [263.9686806335301, 216.49410951099645], "size": [63.88048117519724, 70.06743783182148], "angle": -1.5707872226777821}]}]}]}