{"seed": 1, "floorplan": [{"rooms": [{"category": "Bedroom", "corners": [[202.0, 193.0], [202.0, 307.0], [298.0, 307.0], [298.0, 202.0], [228.0, 202.0], [227.0, 201.0], [227.0, 193.0], [202.0, 193.0]], "objects": [{"category": "CeilingLamp", "position": [252.4519, 258.02559999999994], "size": [16.573769760131825, 16.583159637451132], "angle": 0.0}, {"category": "DoubleBed", "position": [258.48916507460143, 261.72024344462915], "size": [72.88356149271878, 76.80100133251689], "angle": -1.5707872226777826}]}]}]}