{"seed": 1, "floorplan": [{"rooms": [{"category": "Bedroom", "corners": [[168.0, 201.0], [168.0, 299.0], [169.0, 300.0], [170.0, 299.0], [184.0, 299.0], [185.0, 300.0], [188.0, 300.0], [189.0, 299.0], [207.0, 299.0], [208.0, 300.0], [212.0, 300.0], [213.0, 299.0], [231.0, 299.0], [232.0, 300.0], [236.0, 300.0], [237.0, 299.0], [255.0, 299.0], [256.0, 300.0], [261.0, 300.0], [262.0, 299.0], [279.0, 299.0], [280.0, 300.0], [285.0, 300.0], [286.0, 299.0], [303.0, 299.0], [304.0, 300.0], [309.0, 300.0], [310.0, 299.0], [326.0, 299.0], [327.0, 300.0], [331.0, 300.0], [331.0, 267.0], [265.0, 267.0], [264.0, 266.0], [264.0, 264.0], [265.0, 263.0], [282.0, 263.0], [282.0, 201.0], [168.0, 201.0]], "objects": [{"category": "DoubleBed", "position": [215.72280959229238, 235.63927669060183], "size": [65.74319915771486, 33.273300933837874], "angle": 0.0}, {"category": "CornerSideTable", "position": [178.47048234160278, 210.71158833639845], "size": [14.0973823224845, 14.0973823224845], "angle": -0.7853902166444943}, {"category": "Sofa", "position": [219.38116211354543, 274.0911894020548], "size": [39.40895863892363, 36.45393219365799], "angle": -1.5707872226777821}]}]}]}