{"seed": 1, "floorplan": [{"rooms": [{"category": "Bedroom", "corners": [[181.0, 137.0], [181.0, 180.0], [198.0, 180.0], [199.0, 181.0], [199.0, 363.0], [319.0, 363.0], [319.0, 230.0], [234.0, 230.0], [233.0, 229.0], [233.0, 137.0], [181.0, 137.0]], "objects": [{"category": "DoubleBed", "position": [285.6110343325737, 304.1619356869578], "size": [66.04770061293792, 55.3205018155652], "angle": -3.141583549472679}, {"category": "TVStand", "position": [206.33890016682943, 305.179], "size": [15.306259650907734, 66.75540969275232], "angle": -9.10411711348932e-06}, {"category": "PendantLamp", "position": [259.58349999999996, 295.813], "size": [23.4588592529297, 23.4588592529297], "angle": 0.0}]}]}]}