{"seed": 1, "floorplan": [{"rooms": [{"category": "Bedroom", "corners": [[201.0, 193.0], [201.0, 258.0], [200.0, 259.0], [179.0, 259.0], [179.0, 307.0], [235.0, 307.0], [235.0, 295.0], [230.0, 295.0], [229.0, 294.0], [229.0, 290.0], [230.0, 289.0], [321.0, 289.0], [321.0, 193.0], [201.0, 193.0]], "objects": [{"category": "CeilingLamp", "position": [258.025, 241.1875], "size": [18.592759221989485, 18.595279233945725], "angle": -1.5707872226777821}, {"category": "DoubleBed", "position": [266.3399845315967, 237.1791782837584], "size": [78.73500366210934, 85.96409912109377], "angle": 0.0}, {"category": "Nightstand", "position": [310.1059324258543, 198.98134919553615], "size": [15.779999542236396, 15.4799995422363], "angle": 0.0}, {"category": "Nightstand", "position": [223.69829121906298, 198.94856355526437], "size": [15.77999954223634, 15.479999542236328], "angle": 0.0}]}]}]}