{"seed": 1, "floorplan": [{"rooms": [{"category": "Bedroom", "corners": [[188.0, 204.0], [188.0, 296.0], [298.0, 296.0], [298.0, 235.0], [299.0, 234.0], [312.0, 234.0], [312.0, 204.0], [188.0, 204.0]], "objects": [{"category": "CeilingLamp", "position": [244.5775, 249.80200000000002], "size": [22.71608963012693, 22.761000823974655], "angle": 0.0}, {"category": "DoubleBed", "position": [232.85167306599965, 262.2342129494681], "size": [75.18630065917966, 67.79339904785155], "angle": 3.141592653589793}, {"category": "Nightstand", "position": [196.70511109194427, 292.21120835081734], "size": [22.799999999999983, 10.92000045776365], "angle": 3.141592653589793}, {"category": "Nightstand", "position": [271.1872628931029, 293.43880353461753], "size": [22.80000000000001, 10.92000045776365], "angle": 3.141592653589793}]}]}]}