{"seed": 1, "floorplan": [{"rooms": [{"category": "Bedroom", "corners": [[191.0, 199.0], [191.0, 301.0], [309.0, 301.0], [309.0, 199.0], [191.0, 199.0]], "objects": [{"category": "PendantLamp", "position": [243.03909999999996, 248.85625], "size": [15.0, 15.0], "angle": 0.0}, {"category": "DoubleBed", "position": [244.28997211793592, 234.58278678391486], "size": [48.39210205078123, 59.31750183105473], "angle": 0.0}, {"category": "CoffeeTable", "position": [205.40671668014195, 210.0370245480149], "size": [13.687259674072266, 13.687259674072266], "angle": 0.0}, {"category": "CoffeeTable", "position": [279.6322926735131, 206.1596657129448], "size": [13.687259674072266, 13.687259674072266], "angle": 0.0}]}]}]}