{"seed": 1, "floorplan": [{"rooms": [{"category": "Bedroom", "corners": [[201.0, 149.0], [201.0, 330.0], [227.0, 330.0], [228.0, 331.0], [228.0, 351.0], [274.0, 351.0], [274.0, 331.0], [275.0, 330.0], [299.0, 330.0], [299.0, 213.0], [234.0, 213.0], [233.0, 212.0], [233.0, 149.0], [201.0, 149.0]], "objects": [{"category": "DoubleBed", "position": [265.09585786795265, 261.6508327147235], "size": [63.52407686842421, 62.82267125175922], "angle": -1.570787222677783}, {"category": "Nightstand", "position": [293.0192185386508, 222.45963983920413], "size": [12.00010925089733, 11.613765783003553], "angle": -1.5707872226777837}, {"category": "CeilingLamp", "position": [249.99985000000004, 271.85425], "size": [17.48873977661134, 2.074805974960327], "angle": 0.0}, {"category": "Chair", "position": [275.44832410944866, 304.0863863388542], "size": [17.11404550319766, 16.1839173299631], "angle": -9.104117116654427e-06}]}]}]}