{"seed": 1, "floorplan": [{"rooms": [{"category": "Bedroom", "corners": [[191.0, 207.0], [191.0, 293.0], [309.0, 293.0], [309.0, 260.0], [308.0, 259.0], [293.0, 259.0], [292.0, 258.0], [292.0, 207.0], [191.0, 207.0]], "objects": [{"category": "DoubleBed", "position": [231.92736522234452, 240.76020122783473], "size": [48.486598205566395, 66.6765014648438], "angle": 0.0}, {"category": "Nightstand", "position": [197.17314310633623, 210.19729786369368], "size": [16.417469787597668, 10.5], "angle": 0.0}, {"category": "Nightstand", "position": [263.5881299665018, 210.03022691740387], "size": [16.417469787597668, 10.500000000000028], "angle": 0.0}, {"category": "PendantLamp", "position": [240.22900000000004, 250.38099999999997], "size": [24.56702957153317, 11.062020492553728], "angle": 0.0}]}]}]}