{"seed": 1, "floorplan": [{"rooms": [{"category": "Bedroom", "corners": [[205.0, 186.0], [205.0, 314.0], [295.0, 314.0], [295.0, 186.0], [205.0, 186.0]], "objects": [{"category": "DoubleBed", "position": [259.2034335962377, 257.02349477398883], "size": [72.03875552266261, 61.468159103171345], "angle": -1.5707872226777826}, {"category": "Cabinet", "position": [286.77897123128787, 217.1832689478739], "size": [13.593753596724254, 15.82931433963839], "angle": -1.5707872226777806}, {"category": "Cabinet", "position": [286.78440317108675, 296.54732532843923], "size": [13.593753596724282, 15.82931433963839], "angle": -1.5707872226777806}, {"category": "PendantLamp", "position": [252.08350000000002, 253.909], "size": [3.6639301300048714, 3.6970198631286735], "angle": 0.0}]}]}]}