{"seed": 1, "floorplan": [{"rooms": [{"category": "Bedroom", "corners": [[200.0, 169.0], [200.0, 331.0], [300.0, 331.0], [300.0, 222.0], [240.0, 222.0], [239.0, 221.0], [239.0, 169.0], [200.0, 169.0]], "objects": [{"category": "DoubleBed", "position": [265.3248342081795, 275.8555], "size": [62.957374016200504, 69.924335027526], "angle": -1.5707872226777826}, {"category": "Nightstand", "position": [291.412, 232.85949999999997], "size": [14.591353316237276, 14.547792128633732], "angle": -1.5707872226777804}, {"category": "Nightstand", "position": [291.42999999999995, 319.6885], "size": [14.591353316237305, 14.547792128633732], "angle": -1.5707872226777804}, {"category": "PendantLamp", "position": [247.474, 275.8015], "size": [29.162729644775368, 29.162729644775368], "angle": 0.0}]}]}]}