{"seed": 1, "floorplan": [{"rooms": [{"category": "Bedroom", "corners": [[208.0, 199.0], [208.0, 301.0], [292.0, 301.0], [292.0, 199.0], [208.0, 199.0]], "objects": [{"category": "DoubleBed", "position": [259.03330081386423, 248.11780000000002], "size": [56.0060091551656, 64.08658198956006], "angle": -1.570787222677782}, {"category": "Nightstand", "position": [284.155, 212.35060000000004], "size": [12.000168760716457, 9.665757630548056], "angle": -1.5707872226777797}, {"category": "Nightstand", "position": [284.155, 284.73339999999996], "size": [12.000168760716457, 9.665757630548056], "angle": -1.5707872226777797}, {"category": "PendantLamp", "position": [250.24539999999996, 249.69819999999999], "size": [25.09367980957029, 25.092210388183588], "angle": 3.141592653589793}]}]}]}