{"seed": 1, "floorplan": [{"rooms": [{"category": "Bedroom", "corners": [[184.0, 175.0], [184.0, 325.0], [316.0, 325.0], [316.0, 175.0], [184.0, 175.0]], "objects": [{"category": "DoubleBed", "position": [216.18219267641575, 243.67032552937738], "size": [64.08658198956, 56.0060091551656], "angle": -9.104117114170388e-06}, {"category": "PendantLamp", "position": [254.8204, 250.71550000000002], "size": [12.700825926963871, 11.7913968710104], "angle": -1.570805430912011}, {"category": "Cabinet", "position": [215.61441074637025, 316.00095970618025], "size": [39.84210205078125, 16.471079635620185], "angle": 3.141592653589793}, {"category": "Cabinet", "position": [264.305564127965, 318.9163807888457], "size": [36.02159957885743, 12.010919952392555], "angle": 0.0}]}]}]}