{"seed": 1, "floorplan": [{"rooms": [{"category": "Bedroom", "corners": [[198.0, 196.0], [198.0, 304.0], [302.0, 304.0], [302.0, 196.0], [198.0, 196.0]], "objects": [{"category": "DoubleBed", "position": [264.5422957757383, 265.5248345593635], "size": [74.23387591021871, 55.22780382807341], "angle": -3.141583549472679}, {"category": "Nightstand", "position": [296.3685823767631, 229.15764353322191], "size": [24.08199872631521, 12.244041143933128], "angle": -1.5707872226777833}, {"category": "Cabinet", "position": [205.03216093466125, 260.4073224131844], "size": [12.887607794081639, 36.221729457088884], "angle": -9.104117113118009e-06}, {"category": "PendantLamp", "position": [244.1605, 259.288], "size": [26.62626113891602, 26.387310791015608], "angle": 0.0}]}]}]}