{"seed": 1, "floorplan": [{"rooms": [{"category": "Bedroom", "corners": [[195.0, 209.0], [195.0, 291.0], [305.0, 291.0], [305.0, 209.0], [195.0, 209.0]], "objects": [{"category": "DoubleBed", "position": [243.04324154299755, 258.84792547744814], "size": [51.620700073242176, 60.67349853515623], "angle": 3.141592653589793}, {"category": "Cabinet", "position": [281.0490280904963, 284.8798143668457], "size": [19.49477920532229, 16.0067401885986], "angle": 3.141592653589793}, {"category": "Cabinet", "position": [209.20299999999997, 282.97053322855635], "size": [19.49477920532226, 16.006740188598656], "angle": 3.141592653589793}, {"category": "PendantLamp", "position": [246.29199999999997, 253.78450000000004], "size": [12.021719741821272, 12.023580551147461], "angle": 0.0}]}]}]}