{"seed": 1, "floorplan": [{"rooms": [{"category": "Bedroom", "corners": [[202.0, 194.0], [202.0, 306.0], [298.0, 306.0], [298.0, 194.0], [202.0, 194.0]], "objects": [{"category": "DoubleBed", "position": [266.50682135998056, 256.0548917761836], "size": [63.52407686842424, 62.82267125175922], "angle": -1.5707872226777826}, {"category": "Nightstand", "position": [292.1808256499894, 292.4508605650358], "size": [12.000109250897358, 11.613765783003611], "angle": -1.5707872226777837}, {"category": "PendantLamp", "position": [253.5412, 255.3175], "size": [49.57890014648436, 30.568199157714844], "angle": 0.0}, {"category": "Nightstand", "position": [291.5341499200305, 218.1082301613992], "size": [12.000109250897301, 11.613765783003611], "angle": -1.5707872226777788}]}]}]}