{"seed": 1, "floorplan": [{"rooms": [{"category": "Bedroom", "corners": [[183.0, 204.0], [183.0, 296.0], [317.0, 296.0], [317.0, 267.0], [281.0, 267.0], [280.0, 266.0], [280.0, 204.0], [183.0, 204.0]], "objects": [{"category": "DoubleBed", "position": [254.55299957275392, 233.66500000000002], "size": [51.27360076904296, 56.5332000732422], "angle": 0.0}, {"category": "Table", "position": [210.7096767840012, 215.85026870865113], "size": [39.578398132324196, 25.179389190673817], "angle": 0.0}, {"category": "Armchair", "position": [209.59610732537806, 224.01718511500525], "size": [14.41094970703125, 15.124859619140636], "angle": 3.141592653589793}]}]}]}