{"seed": 1, "floorplan": [{"rooms": [{"category": "Bedroom", "corners": [[262.0, 165.0], [262.0, 220.0], [260.0, 222.0], [196.0, 222.0], [196.0, 335.0], [297.0, 335.0], [297.0, 192.0], [298.0, 191.0], [304.0, 191.0], [304.0, 167.0], [298.0, 167.0], [297.0, 166.0], [297.0, 165.0], [262.0, 165.0]], "objects": [{"category": "DoubleBed", "position": [233.95189651695483, 279.152082310668], "size": [75.23498670906048, 83.90806676878934], "angle": -9.104117114535386e-06}, {"category": "Table", "position": [204.34097205274102, 239.08207731043254], "size": [15.835403796322852, 38.635253169693385], "angle": -9.10411711394414e-06}]}]}]}