{"seed": 1, "floorplan": [{"rooms": [{"category": "Bedroom", "corners": [[197.0, 204.0], [197.0, 296.0], [303.0, 296.0], [303.0, 204.0], [197.0, 204.0]], "objects": [{"category": "DoubleBed", "position": [238.16659920502926, 257.94928712433466], "size": [51.27360076904296, 56.53320007324217], "angle": 3.141592653589793}, {"category": "CeilingLamp", "position": [243.44950000000006, 248.308], "size": [11.960579681396496, 11.939429855346702], "angle": 0.0}]}]}]}