{"seed": 1, "floorplan": [{"rooms": [{"category": "Bedroom", "corners": [[201.0, 198.0], [201.0, 302.0], [299.0, 302.0], [299.0, 198.0], [201.0, 198.0]], "objects": [{"category": "DoubleBed", "position": [268.344265081055, 264.7384549314961], "size": [52.932780187232275, 58.61183427061219], "angle": -1.5707872226777826}, {"category": "Nightstand", "position": [290.70343509823124, 230.1938614944283], "size": [20.247904677048666, 13.433732837501738], "angle": -1.5707872226777815}, {"category": "PendantLamp", "position": [249.9235, 249.886], "size": [13.452569961547852, 13.45713043212885], "angle": 0.0}, {"category": "TVStand", "position": [207.50349999999997, 265.159], "size": [5.2433575202937694, 29.600550249821577], "angle": -9.104117110041548e-06}]}]}]}