{"seed": 1, "floorplan": [{"rooms": [{"category": "Bedroom", "corners": [[181.0, 199.0], [181.0, 301.0], [319.0, 301.0], [319.0, 199.0], [181.0, 199.0]], "objects": [{"category": "Cabinet", "position": [208.7307737066664, 295.4540221297675], "size": [19.96736984252928, 14.81679039001466], "angle": 0.0}, {"category": "Table", "position": [291.91756155216535, 293.97487054133956], "size": [36.83190078735356, 14.080800247192371], "angle": 3.141592653589793}, {"category": "Chair", "position": [287.5273288487705, 293.3012553841111], "size": [12.248669815063465, 12.605400466918923], "angle": 0.0}, {"category": "DoubleBed", "position": [248.84663533280312, 266.2134018281591], "size": [60.659701538085926, 58.29210205078121], "angle": 3.141592653589793}]}]}]}