{"seed": 1, "floorplan": [{"rooms": [{"category": "Bedroom", "corners": [[203.0, 187.0], [203.0, 313.0], [297.0, 313.0], [297.0, 187.0], [203.0, 187.0]], "objects": [{"category": "DoubleBed", "position": [263.78466650343285, 247.6825], "size": [60.88765455058771, 65.97090090251066], "angle": -1.5707872226777826}, {"category": "DoubleBed", "position": [209.26749999999998, 205.43949999999998], "size": [0.754509904723141, 14.925226289951805], "angle": -9.104117164416967e-06}, {"category": "CeilingLamp", "position": [249.99849999999998, 253.88049999999998], "size": [22.474649047851557, 21.465808868408203], "angle": 0.0}]}]}]}