{"seed": 1, "floorplan": [{"rooms": [{"category": "Bedroom", "corners": [[294.0, 201.0], [293.0, 202.0], [206.0, 202.0], [206.0, 299.0], [294.0, 299.0], [294.0, 201.0]], "objects": [{"category": "DoubleBed", "position": [260.4516795302764, 257.14146433227967], "size": [65.34018803247186, 66.45648863608089], "angle": -1.56713519242844}, {"category": "PendantLamp", "position": [250.0045, 254.815], "size": [10.608390426635765, 10.608390426635765], "angle": 0.0}]}]}]}