{"seed": 1, "floorplan": [{"rooms": [{"category": "Bedroom", "corners": [[288.0, 177.0], [287.0, 178.0], [212.0, 178.0], [212.0, 323.0], [213.0, 322.0], [288.0, 322.0], [288.0, 177.0]], "objects": [{"category": "DoubleBed", "position": [246.79471427749274, 262.25219740144155], "size": [80.55223482516168, 79.735329804921], "angle": -3.1415835494726796}, {"category": "Nightstand", "position": [281.6022963724948, 218.37156686624866], "size": [13.000550641120348, 15.000658419475766], "angle": -0.34556217534865946}, {"category": "Nightstand", "position": [283.9860015772947, 307.75300246699715], "size": [13.000618085030185, 15.000736239491374], "angle": -3.1415835494726783}, {"category": "PendantLamp", "position": [250.09, 257.10400000000004], "size": [26.74337997436524, 26.743531036376964], "angle": 0.0}]}]}]}