{"seed": 1, "floorplan": [{"rooms": [{"category": "Bedroom", "corners": [[199.0, 176.0], [199.0, 324.0], [301.0, 324.0], [301.0, 176.0], [199.0, 176.0]], "objects": [{"category": "DoubleBed", "position": [249.424, 290.2685192507173], "size": [60.659701538085926, 58.29210205078124], "angle": 3.141592653589793}, {"category": "Table", "position": [209.3001716118742, 205.9384371910638], "size": [14.139549047299973, 31.70728940061199], "angle": -9.104117112276924e-06}, {"category": "Armchair", "position": [223.78762008215526, 208.9011287444288], "size": [18.33951231107228, 17.66409996738986], "angle": -3.102823178037667}]}]}]}