{"seed": 1, "floorplan": [{"rooms": [{"category": "Bedroom", "corners": [[215.0, 188.0], [215.0, 277.0], [214.0, 278.0], [162.0, 278.0], [162.0, 312.0], [338.0, 312.0], [338.0, 188.0], [215.0, 188.0]], "objects": [{"category": "DoubleBed", "position": [295.7212356610422, 228.33653743723167], "size": [79.73460388183591, 80.55150146484374], "angle": 0.0}, {"category": "Nightstand", "position": [250.6117449570292, 194.26723424337314], "size": [15.000599670410168, 13.000499725341797], "angle": 0.0}, {"category": "TVStand", "position": [270.48366703287763, 304.3632164204916], "size": [130.20119934082032, 16.00461044311527], "angle": 3.141592653589793}, {"category": "CeilingLamp", "position": [290.779, 250.92400000000004], "size": [16.651829910278366, 16.48935012817384], "angle": 0.0}]}]}]}