{"seed": 1, "floorplan": [{"rooms": [{"category": "Bedroom", "corners": [[190.0, 207.0], [190.0, 293.0], [310.0, 293.0], [310.0, 207.0], [190.0, 207.0]], "objects": [{"category": "DoubleBed", "position": [236.72430284027672, 242.48913052971733], "size": [62.95680084228513, 69.92369842529297], "angle": 0.0}, {"category": "Nightstand", "position": [196.2947279897492, 212.62466951732574], "size": [14.59122047424313, 14.547659683227522], "angle": 0.0}, {"category": "Table", "position": [279.07286635802296, 212.12925199893942], "size": [32.089498901367165, 14.059530258178711], "angle": 0.0}]}]}]}