{"seed": 1, "floorplan": [{"rooms": [{"category": "Bedroom", "corners": [[204.0, 175.0], [203.0, 176.0], [201.0, 176.0], [201.0, 197.0], [203.0, 197.0], [204.0, 198.0], [204.0, 325.0], [299.0, 325.0], [299.0, 229.0], [236.0, 229.0], [235.0, 228.0], [235.0, 175.0], [204.0, 175.0]], "objects": [{"category": "DoubleBed", "position": [257.50021584964355, 285.26884448360397], "size": [70.74814318678577, 81.78914183811236], "angle": -1.5707872226777826}, {"category": "Nightstand", "position": [294.8486678754275, 316.9955232299171], "size": [19.663467898724033, 14.095358428917075], "angle": -1.5707872226777813}, {"category": "Nightstand", "position": [295.0075034554162, 254.2005752651791], "size": [19.663467898724033, 14.095358428917132], "angle": -1.5707872226777813}, {"category": "TVStand", "position": [210.4317999628143, 284.9403936149591], "size": [54.00049162903791, 12.428153080127197], "angle": -1.5708054309120107}]}]}]}