{"seed": 1, "floorplan": [{"rooms": [{"category": "Bedroom", "corners": [[198.0, 164.0], [198.0, 336.0], [302.0, 336.0], [302.0, 228.0], [232.0, 228.0], [231.0, 227.0], [231.0, 164.0], [198.0, 164.0]], "objects": [{"category": "DoubleBed", "position": [266.4365205925741, 296.274484418923], "size": [69.9233259749972, 62.956465501340304], "angle": -0.01677823155840531}, {"category": "Nightstand", "position": [294.7804595411883, 254.7896810039087], "size": [14.591353316237276, 14.547792128633732], "angle": -1.5707872226777844}, {"category": "TVStand", "position": [205.55190016681, 292.1905], "size": [15.306259650907705, 66.75540969275232], "angle": -9.104117113489336e-06}]}]}]}