{"seed": 1, "floorplan": [{"rooms": [{"category": "Bedroom", "corners": [[271.0, 165.0], [271.0, 210.0], [270.0, 211.0], [198.0, 211.0], [198.0, 335.0], [302.0, 335.0], [302.0, 165.0], [271.0, 165.0]], "objects": [{"category": "DoubleBed", "position": [234.14799999999997, 276.295], "size": [61.41715918817641, 67.39621142515038], "angle": -9.10411711412823e-06}, {"category": "Nightstand", "position": [204.202, 319.66], "size": [11.29201335725856, 14.399531425207055], "angle": -9.104117110160016e-06}, {"category": "Cabinet", "position": [295.2035944399489, 275.6874038314997], "size": [13.200149930896586, 90.12081864316745], "angle": -3.141583549472679}]}]}]}