{"seed": 1, "floorplan": [{"rooms": [{"category": "Bedroom", "corners": [[199.0, 160.0], [199.0, 340.0], [301.0, 340.0], [301.0, 194.0], [237.0, 194.0], [237.0, 212.0], [236.0, 213.0], [235.0, 213.0], [234.0, 212.0], [234.0, 160.0], [199.0, 160.0]], "objects": [{"category": "DoubleBed", "position": [268.3615873303345, 263.73010817591313], "size": [65.13989205513609, 70.65244224226707], "angle": -3.1415835494726783}, {"category": "Table", "position": [293.31270801683934, 312.5776116072835], "size": [35.10031955887464, 13.11053958748189], "angle": -1.5707872226777817}, {"category": "Chair", "position": [282.37822979190577, 313.6841655911901], "size": [14.408381421138944, 15.763904760742575], "angle": -0.8124901756155114}, {"category": "TVStand", "position": [206.46054975891116, 265.22950000000003], "size": [15.23092823082563, 57.42622472175204], "angle": -9.104117112857213e-06}]}]}]}