{"seed": 1, "floorplan": [{"rooms": [{"category": "Bedroom", "corners": [[204.0, 184.0], [204.0, 316.0], [296.0, 316.0], [296.0, 211.0], [261.0, 211.0], [260.0, 210.0], [260.0, 184.0], [204.0, 184.0]], "objects": [{"category": "DoubleBed", "position": [238.42240016135656, 258.7892949473338], "size": [75.18698517341406, 67.79401625532473], "angle": -1.5708054309120103}, {"category": "Nightstand", "position": [207.75111875577937, 213.13823425783292], "size": [10.920099876084404, 22.800207576704896], "angle": -9.104117114341355e-06}, {"category": "Nightstand", "position": [207.96940069947118, 305.6962742925838], "size": [10.920099876084404, 22.800207576704896], "angle": -9.104117114341355e-06}, {"category": "PendantLamp", "position": [250.00900000000001, 260.971], "size": [26.258969879150385, 25.08237075805664], "angle": 0.0}]}]}]}