{"seed": 1, "floorplan": [{"rooms": [{"category": "Bedroom", "corners": [[188.0, 201.0], [188.0, 299.0], [312.0, 299.0], [312.0, 201.0], [188.0, 201.0]], "objects": [{"category": "DoubleBed", "position": [248.44300000000004, 234.84850000000003], "size": [66.9230987548828, 65.8019989013672], "angle": 0.0}, {"category": "Nightstand", "position": [207.223, 208.3735], "size": [14.099999999999994, 10.52999954223634], "angle": 0.0}, {"category": "TVStand", "position": [248.401, 291.29650000000004], "size": [57.42570190429686, 15.230789566040073], "angle": 3.141592653589793}, {"category": "PendantLamp", "position": [245.236, 250.91050000000004], "size": [29.80242004394529, 9.1073101043701], "angle": 0.0}]}]}]}