{"seed": 1, "floorplan": [{"rooms": [{"category": "Bedroom", "corners": [[200.0, 204.0], [200.0, 296.0], [300.0, 296.0], [300.0, 204.0], [200.0, 204.0]], "objects": [{"category": "DoubleBed", "position": [241.23634302780286, 249.92212644229693], "size": [57.2537194891277, 69.89283602249238], "angle": -1.5708054309120107}, {"category": "Nightstand", "position": [213.37254573910792, 210.80809809799905], "size": [17.728721280577837, 17.689391012230526], "angle": -9.104117112940593e-06}, {"category": "Nightstand", "position": [210.38693841679412, 289.66336439808276], "size": [17.728721280577837, 17.689391012230526], "angle": -9.104117116146884e-06}]}]}]}