{"seed": 1, "floorplan": [{"rooms": [{"category": "Bedroom", "corners": [[172.0, 206.0], [172.0, 294.0], [328.0, 294.0], [328.0, 206.0], [172.0, 206.0]], "objects": [{"category": "DoubleBed", "position": [273.9412260511509, 239.66560043114868], "size": [58.972499084472645, 66.3662979125977], "angle": 0.0}, {"category": "Cabinet", "position": [314.03095, 212.8567], "size": [10.661460113525322, 6.310260200500494], "angle": 0.0}, {"category": "CeilingLamp", "position": [251.84425000000002, 250.1647], "size": [30.560700988769526, 30.509099578857388], "angle": 0.0}, {"category": "Table", "position": [221.65446324750815, 223.03437736887176], "size": [71.45970153808597, 29.898479461669922], "angle": 0.0}]}]}]}