{"seed": 1, "floorplan": [{"rooms": [{"category": "Bedroom", "corners": [[196.0, 203.0], [196.0, 297.0], [304.0, 297.0], [304.0, 203.0], [196.0, 203.0]], "objects": [{"category": "DoubleBed", "position": [251.53058918004024, 261.6798237009229], "size": [62.95680084228513, 69.92369842529297], "angle": 3.141592653589793}, {"category": "Nightstand", "position": [290.22033375313106, 291.1107868279528], "size": [14.59122047424313, 14.54765968322755], "angle": 3.141592653589793}, {"category": "Nightstand", "position": [211.2947267281586, 291.02680211257365], "size": [14.591220474243187, 14.547659683227494], "angle": 3.141592653589793}, {"category": "PendantLamp", "position": [286.4959190177918, 262.1785], "size": [23.506834035578976, 26.254768599109376], "angle": -1.5707872226777828}]}]}]}