{"seed": 1, "floorplan": [{"rooms": [{"category": "Bedroom", "corners": [[270.0, 186.0], [269.0, 187.0], [269.0, 190.0], [268.0, 191.0], [201.0, 191.0], [201.0, 314.0], [299.0, 314.0], [299.0, 191.0], [296.0, 191.0], [295.0, 190.0], [295.0, 186.0], [270.0, 186.0]], "objects": [{"category": "Nightstand", "position": [205.56510074447098, 297.70624829382507], "size": [13.464122899944282, 17.462139034845165], "angle": -9.104117115142118e-06}, {"category": "Nightstand", "position": [205.56850485605642, 225.67271266911058], "size": [17.462139034845194, 13.464122899944254], "angle": -1.5708054309120092}, {"category": "DoubleBed", "position": [235.6126429997011, 261.73649882213164], "size": [68.56832597810306, 71.41775224932147], "angle": -9.104117114376163e-06}, {"category": "PendantLamp", "position": [250.00015000000002, 259.55185], "size": [27.67229919433595, 32.7002998352051], "angle": 0.0}]}]}]}