{"seed": 1, "floorplan": [{"rooms": [{"category": "Bedroom", "corners": [[195.0, 201.0], [195.0, 299.0], [305.0, 299.0], [305.0, 201.0], [195.0, 201.0]], "objects": [{"category": "DoubleBed", "position": [247.52800000000002, 237.4388320927736], "size": [49.232698059082054, 72.54989776611328], "angle": 0.0}, {"category": "Cabinet", "position": [298.225, 232.33], "size": [27.259839089762533, 8.219055044560276], "angle": -1.5707872226777828}, {"category": "PendantLamp", "position": [247.90900000000002, 247.06000000000006], "size": [26.420670318603527, 11.419499588012684], "angle": 0.0}]}]}]}