{"seed": 1, "floorplan": [{"rooms": [{"category": "Bedroom", "corners": [[181.0, 201.0], [181.0, 299.0], [319.0, 299.0], [319.0, 201.0], [181.0, 201.0]], "objects": [{"category": "DoubleBed", "position": [248.30230659743822, 234.10510223228505], "size": [60.659701538085926, 58.292102050781295], "angle": 0.0}, {"category": "Cabinet", "position": [209.62791189335326, 209.2693925653815], "size": [12.515939712524442, 10.319399642944347], "angle": 0.0}, {"category": "PendantLamp", "position": [261.85360000000003, 258.70750000000004], "size": [23.250629425048885, 7.498860168457014], "angle": 0.0}]}]}]}