{"seed": 1, "floorplan": [{"rooms": [{"category": "Bedroom", "corners": [[193.0, 195.0], [193.0, 305.0], [307.0, 305.0], [307.0, 195.0], [193.0, 195.0]], "objects": [{"category": "Chair", "position": [199.78727966519594, 284.30580155512], "size": [13.505831926083987, 12.930400758454065], "angle": -0.004851599715783426}, {"category": "DoubleBed", "position": [230.75196018005832, 245.5318069352022], "size": [70.34674030139327, 61.82306193143094], "angle": -9.104117114246694e-06}, {"category": "Chair", "position": [202.70010866554975, 206.20253297602943], "size": [13.505831926083987, 12.930400758454065], "angle": -0.004851599715783426}]}]}]}