{"seed": 1, "floorplan": [{"rooms": [{"category": "Bedroom", "corners": [[266.0, 158.0], [266.0, 205.0], [265.0, 206.0], [200.0, 206.0], [200.0, 341.0], [199.0, 342.0], [299.0, 342.0], [299.0, 243.0], [300.0, 242.0], [300.0, 163.0], [301.0, 162.0], [301.0, 158.0], [266.0, 158.0]], "objects": [{"category": "DoubleBed", "position": [235.2248071717579, 278.4344801404716], "size": [67.01731240674597, 56.59611309934276], "angle": -9.104117114458271e-06}, {"category": "Nightstand", "position": [207.8103150566864, 236.02504918271111], "size": [14.400131101076774, 17.280156863524287], "angle": -9.104117113365539e-06}, {"category": "Nightstand", "position": [207.46174978330185, 321.04756717560593], "size": [14.400131101076774, 17.280156863524287], "angle": -9.104117115339251e-06}]}]}]}