{"seed": 1, "floorplan": [{"rooms": [{"category": "Bedroom", "corners": [[178.0, 200.0], [178.0, 300.0], [322.0, 300.0], [322.0, 261.0], [301.0, 261.0], [300.0, 260.0], [300.0, 200.0], [178.0, 200.0]], "objects": [{"category": "CeilingLamp", "position": [229.01049999999998, 246.20679999999996], "size": [11.99802017211914, 13.824629974365251], "angle": 0.0}, {"category": "DoubleBed", "position": [232.4629, 236.50779999999997], "size": [44.28809967041013, 54.3662979125977], "angle": 0.0}, {"category": "CornerSideTable", "position": [290.0047, 231.58839999999995], "size": [43.054674556629244, 12.291353099355783], "angle": -1.5627382107476668}]}]}]}