{"seed": 1, "floorplan": [{"rooms": [{"category": "Bedroom", "corners": [[197.0, 188.0], [197.0, 312.0], [303.0, 312.0], [303.0, 188.0], [197.0, 188.0]], "objects": [{"category": "DoubleBed", "position": [233.5224518155437, 264.9857376817323], "size": [58.57733230855158, 71.78015331479155], "angle": -1.5708054309120107}, {"category": "Nightstand", "position": [202.67258349101127, 218.9772685328445], "size": [12.6535156207551, 36.01952882471835], "angle": -9.104117115161832e-06}, {"category": "TVStand", "position": [294.733, 265.1635], "size": [15.000166318531234, 77.94551248474973], "angle": -3.1415835494726805}]}]}]}