{"seed": 1, "floorplan": [{"rooms": [{"category": "Bedroom", "corners": [[208.0, 193.0], [208.0, 307.0], [292.0, 307.0], [292.0, 193.0], [208.0, 193.0]], "objects": [{"category": "DoubleBed", "position": [259.87162049846467, 240.25628123248057], "size": [56.41281370106381, 64.82609220118213], "angle": -1.5707872226777824}, {"category": "Nightstand", "position": [287.15934510555354, 203.0266204113109], "size": [14.514102704488193, 18.987652648704834], "angle": -3.1415835494726765}, {"category": "Nightstand", "position": [287.03807087738465, 276.834990227219], "size": [14.51410270448825, 18.987652648704806], "angle": -3.1415835494726805}, {"category": "CeilingLamp", "position": [241.423, 240.06099999999998], "size": [22.353959655761713, 22.309828948974626], "angle": 0.0}]}]}]}