{"seed": 1, "floorplan": [{"rooms": [{"category": "Bedroom", "corners": [[205.0, 195.0], [205.0, 305.0], [295.0, 305.0], [295.0, 195.0], [205.0, 195.0]], "objects": [{"category": "DoubleBed", "position": [250.339, 229.4824934562946], "size": [56.68590087890621, 57.62519989013671], "angle": 0.0}, {"category": "Nightstand", "position": [215.0719049359086, 204.84485052923355], "size": [11.905920410156227, 12.042689895629877], "angle": 0.0}, {"category": "Nightstand", "position": [285.5250950640914, 204.22180661709274], "size": [11.905920410156227, 12.042689895629877], "angle": 0.0}, {"category": "PendantLamp", "position": [251.515, 242.15649999999997], "size": [15.303210067749006, 15.084149551391619], "angle": 0.0}]}]}]}