{"seed": 1, "floorplan": [{"rooms": [{"category": "Bedroom", "corners": [[195.0, 200.0], [195.0, 265.0], [194.0, 266.0], [151.0, 266.0], [151.0, 300.0], [327.0, 300.0], [327.0, 272.0], [328.0, 271.0], [349.0, 271.0], [349.0, 218.0], [328.0, 218.0], [327.0, 217.0], [327.0, 200.0], [195.0, 200.0]], "objects": [{"category": "PendantLamp", "position": [265.9838423628896, 254.25611360851036], "size": [25.894679260253895, 25.894679260253923], "angle": 0.0}, {"category": "DoubleBed", "position": [267.51289719785814, 238.65163842035713], "size": [72.88289794921877, 76.80030212402343], "angle": 0.0}, {"category": "Nightstand", "position": [227.54294074730052, 206.37827558476206], "size": [16.5, 12.28562965393067], "angle": 0.0}, {"category": "Nightstand", "position": [308.82191343538113, 206.37778767994874], "size": [16.500000000000057, 12.28562965393067], "angle": 0.0}]}]}]}