{"seed": 1, "floorplan": [{"rooms": [{"category": "Bedroom", "corners": [[205.0, 201.0], [205.0, 299.0], [295.0, 299.0], [295.0, 201.0], [205.0, 201.0]], "objects": [{"category": "DoubleBed", "position": [259.0008500051305, 232.24134423452756], "size": [62.95738913773007, 69.92435182242758], "angle": -1.5601239101229198}, {"category": "Nightstand", "position": [287.28955100987594, 271.80212531583544], "size": [13.131059030886, 10.769258506462704], "angle": -1.5707872226777833}, {"category": "PendantLamp", "position": [250.0396, 248.13459999999995], "size": [9.378325204147353, 36.36213143113146], "angle": -9.104117118890352e-06}]}]}]}