{"seed": 1, "floorplan": [{"rooms": [{"category": "Bedroom", "corners": [[187.0, 203.0], [187.0, 297.0], [313.0, 297.0], [313.0, 203.0], [187.0, 203.0]], "objects": [{"category": "DoubleBed", "position": [240.8005, 234.95253184257172], "size": [41.03730010986328, 63.49680175781248], "angle": 0.0}, {"category": "Cabinet", "position": [304.34993352762854, 224.971832824707], "size": [15.905364455228439, 42.77288849563144], "angle": -3.141583549472678}, {"category": "Nightstand", "position": [202.81459781212624, 209.94399677616406], "size": [8.919810104370157, 7.339739799499512], "angle": 0.0}, {"category": "Nightstand", "position": [280.0614021878738, 209.94399677616406], "size": [8.919810104370129, 7.339739799499512], "angle": 0.0}]}]}]}