{"seed": 1, "floorplan": [{"rooms": [{"category": "Bedroom", "corners": [[209.0, 183.0], [209.0, 317.0], [291.0, 317.0], [291.0, 183.0], [209.0, 183.0]], "objects": [{"category": "DoubleBed", "position": [254.67308764373922, 258.3393602450667], "size": [58.57733230855164, 71.78015331479153], "angle": -1.5707872226777826}, {"category": "Nightstand", "position": [287.12803222254246, 217.4117206504587], "size": [36.01952882471835, 12.653515620755071], "angle": -1.5707872226777837}, {"category": "Nightstand", "position": [287.0391864414168, 301.19501896950294], "size": [36.01952882471838, 12.653515620755071], "angle": -1.5707872226777821}, {"category": "Cabinet", "position": [213.204116645813, 273.2776666666666], "size": [9.30869471029596, 84.0007647562812], "angle": -9.104117115564443e-06}]}]}]}