{"seed": 1, "floorplan": [{"rooms": [{"category": "Bedroom", "corners": [[210.0, 200.0], [209.0, 201.0], [209.0, 253.0], [208.0, 254.0], [181.0, 254.0], [180.0, 255.0], [180.0, 284.0], [196.0, 284.0], [197.0, 285.0], [197.0, 300.0], [320.0, 300.0], [320.0, 200.0], [210.0, 200.0]], "objects": [{"category": "DoubleBed", "position": [275.70247192999875, 237.3660532063225], "size": [68.92799835205079, 72.46979827880861], "angle": 0.0}, {"category": "Cabinet", "position": [218.09499999999997, 237.06016729736325], "size": [71.47775188004027, 13.847465699650297], "angle": -1.5708054309120107}, {"category": "CeilingLamp", "position": [276.472, 246.46900000000002], "size": [21.654148864746105, 21.654148864746105], "angle": 0.0}]}]}]}