{"seed": 1, "floorplan": [{"rooms": [{"category": "Bedroom", "corners": [[166.0, 200.0], [166.0, 231.0], [167.0, 231.0], [168.0, 230.0], [197.0, 230.0], [198.0, 231.0], [198.0, 300.0], [334.0, 300.0], [334.0, 200.0], [166.0, 200.0]], "objects": [{"category": "Nightstand", "position": [233.4742778790546, 291.6672625275584], "size": [14.59122047424313, 14.547659683227607], "angle": 3.141592653589793}, {"category": "DoubleBed", "position": [273.352720049827, 260.732926412884], "size": [62.95680084228513, 69.92369842529297], "angle": 3.141592653589793}, {"category": "Nightstand", "position": [314.35894540840656, 292.1547899818431], "size": [14.591220474243187, 14.547659683227494], "angle": 3.141592653589793}, {"category": "PendantLamp", "position": [270.691, 245.39739999999998], "size": [24.731250000000045, 24.70952911376952], "angle": 0.0}]}]}]}