{"seed": 1, "floorplan": [{"rooms": [{"category": "Bedroom", "corners": [[195.0, 160.0], [195.0, 340.0], [305.0, 340.0], [305.0, 221.0], [234.0, 221.0], [233.0, 220.0], [233.0, 160.0], [195.0, 160.0]], "objects": [{"category": "DoubleBed", "position": [267.89950050829316, 286.2265], "size": [73.22316571978338, 65.25119372762386], "angle": -3.1415835494726796}, {"category": "TVStand", "position": [202.47946692433067, 259.39209999999997], "size": [14.031368207057753, 67.13161245858227], "angle": -9.104117113852968e-06}, {"category": "PendantLamp", "position": [249.4, 260.19010000000003], "size": [31.66560058593751, 31.66560058593751], "angle": 0.0}]}]}]}