{"seed": 1, "floorplan": [{"rooms": [{"category": "Bedroom", "corners": [[189.0, 190.0], [189.0, 310.0], [311.0, 310.0], [311.0, 190.0], [189.0, 190.0]], "objects": [{"category": "DoubleBed", "position": [276.9110404445588, 255.2413167912573], "size": [63.49737984802656, 41.03767372335165], "angle": -3.1415835494726796}, {"category": "Table", "position": [194.50028062295195, 256.18905208128206], "size": [14.059658259536741, 32.089791051912925], "angle": -9.104117115043759e-06}, {"category": "Nightstand", "position": [304.6762347163156, 293.4933766922756], "size": [8.91989131247494, 7.339806622262767], "angle": -1.5707872226777764}]}]}]}