{"seed": 1, "floorplan": [{"rooms": [{"category": "Bedroom", "corners": [[184.0, 202.0], [184.0, 298.0], [316.0, 298.0], [316.0, 202.0], [184.0, 202.0]], "objects": [{"category": "DoubleBed", "position": [233.4773503890595, 234.8106402024436], "size": [65.52120208740234, 62.71260223388671], "angle": 0.0}, {"category": "Nightstand", "position": [192.28068861733982, 207.95598300303368], "size": [9.316109848022478, 9.371430015563988], "angle": 0.0}, {"category": "Nightstand", "position": [273.05974834314986, 207.96402559860206], "size": [9.316109848022506, 9.371430015563988], "angle": 0.0}, {"category": "TVStand", "position": [234.5125, 291.67600000000004], "size": [53.57579956054684, 10.261469650268566], "angle": 3.141592653589793}]}]}]}