{"seed": 1, "floorplan": [{"rooms": [{"category": "Bedroom", "corners": [[191.0, 151.0], [191.0, 349.0], [309.0, 349.0], [309.0, 223.0], [226.0, 223.0], [225.0, 222.0], [225.0, 151.0], [191.0, 151.0]], "objects": [{"category": "Nightstand", "position": [295.89115065985004, 238.2117911788345], "size": [10.577226042226327, 18.458597768018393], "angle": -3.1415835494726787}, {"category": "DoubleBed", "position": [275.0744784500874, 286.1303498889903], "size": [55.59740558165828, 60.11184792697437], "angle": -1.5707872226777824}, {"category": "PendantLamp", "position": [249.99984999999998, 284.08915], "size": [20.21954956054688, 20.22011947631836], "angle": 0.0}, {"category": "Armchair", "position": [216.0754544717352, 327.30934145810505], "size": [25.179404953718752, 23.76124821161036], "angle": -0.7854036166213584}]}]}]}