{"seed": 1, "floorplan": [{"rooms": [{"category": "Bedroom", "corners": [[270.0, 155.0], [270.0, 226.0], [269.0, 227.0], [199.0, 227.0], [199.0, 345.0], [301.0, 345.0], [301.0, 155.0], [270.0, 155.0]], "objects": [{"category": "DoubleBed", "position": [232.41563639417043, 284.671], "size": [65.97090090251075, 60.88765455058774], "angle": -9.104117114390998e-06}, {"category": "Cabinet", "position": [207.22461293659597, 242.0332220631089], "size": [9.241524146371953, 16.39211929870907], "angle": -9.104117114469079e-06}, {"category": "Cabinet", "position": [207.16532917009067, 327.30577793689105], "size": [9.241524146371953, 16.392119298709012], "angle": -9.104117120619951e-06}, {"category": "Cabinet", "position": [293.3935, 284.38599999999997], "size": [12.174111384356745, 54.00889166889208], "angle": -3.141583549472679}]}]}]}