{"seed": 1, "floorplan": [{"rooms": [{"category": "Bedroom", "corners": [[200.0, 196.0], [200.0, 303.0], [199.0, 304.0], [300.0, 304.0], [300.0, 197.0], [301.0, 196.0], [200.0, 196.0]], "objects": [{"category": "Cabinet", "position": [207.99849999999998, 293.14300000000003], "size": [13.893306571094433, 18.054373888315116], "angle": -9.104117114418313e-06}, {"category": "Cabinet", "position": [207.99849999999998, 213.544], "size": [13.893306571094406, 18.054373888315116], "angle": -9.104117116464043e-06}, {"category": "DoubleBed", "position": [233.37283243843495, 253.42000000000002], "size": [67.5702135586098, 67.67101403686021], "angle": -9.104117114085614e-06}]}]}]}