{"seed": 1, "floorplan": [{"rooms": [{"category": "Bedroom", "corners": [[266.0, 175.0], [266.0, 208.0], [265.0, 209.0], [195.0, 209.0], [195.0, 325.0], [305.0, 325.0], [305.0, 175.0], [266.0, 175.0]], "objects": [{"category": "DoubleBed", "position": [230.57172183514876, 265.99553144079647], "size": [71.78015331479149, 58.57733230855164], "angle": -9.104117114042591e-06}, {"category": "PendantLamp", "position": [250.0, 266.6905], "size": [35.598001098632835, 13.090230560302757], "angle": 0.0}]}]}]}