{"seed": 1, "floorplan": [{"rooms": [{"category": "Bedroom", "corners": [[217.0, 201.0], [217.0, 270.0], [216.0, 271.0], [150.0, 271.0], [150.0, 299.0], [350.0, 299.0], [350.0, 201.0], [217.0, 201.0]], "objects": [{"category": "PendantLamp", "position": [289.6795, 250.3285], "size": [12.70071029663086, 11.79128952026366], "angle": 0.0}, {"category": "DoubleBed", "position": [292.4385430506478, 237.2735315735238], "size": [68.92799835205074, 72.46979827880858], "angle": 0.0}, {"category": "Nightstand", "position": [251.34670377569637, 207.59298483335823], "size": [17.99999999999997, 13.5], "angle": 0.0}, {"category": "Nightstand", "position": [337.6070451291241, 205.3182437080643], "size": [18.0, 13.5], "angle": 0.0}]}]}]}