{"seed": 1, "floorplan": [{"rooms": [{"category": "Bedroom", "corners": [[226.0, 203.0], [226.0, 265.0], [225.0, 266.0], [157.0, 266.0], [157.0, 297.0], [343.0, 297.0], [343.0, 203.0], [226.0, 203.0]], "objects": [{"category": "DoubleBed", "position": [291.2515, 239.5855], "size": [62.95680084228513, 69.923698425293], "angle": 0.0}, {"category": "Nightstand", "position": [251.23612899842573, 213.75873289408042], "size": [14.591220474243158, 14.54765968322755], "angle": 0.0}, {"category": "Nightstand", "position": [332.3695, 212.7295], "size": [14.591220474243073, 14.54765968322755], "angle": 0.0}, {"category": "Cabinet", "position": [233.30033261808535, 240.5885061184507], "size": [12.752366008009336, 33.176401438970984], "angle": -9.104117114232133e-06}]}]}]}