{"seed": 1, "floorplan": [{"rooms": [{"category": "Bedroom", "corners": [[202.0, 195.0], [202.0, 305.0], [298.0, 305.0], [298.0, 195.0], [202.0, 195.0]], "objects": [{"category": "DoubleBed", "position": [235.96843384921445, 250.49414921470324], "size": [67.75741771655944, 37.980345321322154], "angle": -9.104117113726216e-06}, {"category": "Cabinet", "position": [209.79133681330907, 287.66911547635044], "size": [16.762772773905063, 12.54179394627461], "angle": -1.5708054309120107}, {"category": "PendantLamp", "position": [250.00000000000003, 255.4105], "size": [17.625090408325207, 17.56445960998539], "angle": 0.0}]}]}]}