{"seed": 1, "floorplan": [{"rooms": [{"category": "Bedroom", "corners": [[207.0, 187.0], [207.0, 313.0], [287.0, 313.0], [288.0, 312.0], [293.0, 312.0], [293.0, 187.0], [207.0, 187.0]], "objects": [{"category": "DoubleBed", "position": [242.88768610153875, 257.18407573910895], "size": [70.7148451541431, 60.67075041521354], "angle": -9.104117113952164e-06}, {"category": "Nightstand", "position": [214.46458036199863, 221.52731874175856], "size": [10.765778326463188, 12.606625316539011], "angle": -9.104117113850974e-06}, {"category": "Nightstand", "position": [213.53971240138418, 293.7691801537209], "size": [10.765778326463217, 12.606625316538954], "angle": -9.104117116490955e-06}]}]}]}