{"seed": 1, "floorplan": [{"rooms": [{"category": "Bedroom", "corners": [[178.0, 197.0], [178.0, 303.0], [322.0, 303.0], [322.0, 197.0], [178.0, 197.0]], "objects": [{"category": "Nightstand", "position": [285.6294138147871, 200.7924037118178], "size": [15.110999679565396, 12.148260498046909], "angle": 0.0}, {"category": "Nightstand", "position": [197.9607636030337, 200.750919146728], "size": [15.110999679565452, 12.14826049804688], "angle": 0.0}, {"category": "DoubleBed", "position": [240.6306154980603, 250.27055003285932], "size": [88.14659729003904, 101.81790161132812], "angle": 0.0}]}]}]}