{"seed": 1, "floorplan": [{"rooms": [{"category": "Bedroom", "corners": [[170.0, 190.0], [170.0, 310.0], [273.0, 310.0], [273.0, 227.0], [274.0, 226.0], [330.0, 226.0], [330.0, 190.0], [170.0, 190.0]], "objects": [{"category": "Cabinet", "position": [206.59930000000003, 199.04755], "size": [71.47710113525389, 13.847339630126925], "angle": 0.0}, {"category": "DoubleBed", "position": [207.76474155892856, 259.6254641378492], "size": [78.63551510453364, 74.96198312495977], "angle": -1.5708054309120105}, {"category": "Nightstand", "position": [173.56213575661045, 217.89974265765238], "size": [12.027169052307759, 17.279736861531603], "angle": -9.10411711265188e-06}, {"category": "Nightstand", "position": [173.55518542054165, 301.11857785027695], "size": [12.02716905230773, 17.279736861531603], "angle": -9.104117110288777e-06}]}]}]}