{"seed": 1, "floorplan": [{"rooms": [{"category": "Bedroom", "corners": [[203.0, 207.0], [203.0, 293.0], [297.0, 293.0], [297.0, 207.0], [203.0, 207.0]], "objects": [{"category": "DoubleBed", "position": [261.54965824385647, 251.44388210417696], "size": [62.957374016200475, 69.92433502752604], "angle": -1.5707872226777826}, {"category": "Nightstand", "position": [291.56124526583415, 288.28967483957837], "size": [14.591353316237248, 14.547792128633676], "angle": -1.5707872226777844}, {"category": "Nightstand", "position": [291.4951130531272, 212.23584139698005], "size": [14.591353316237305, 14.547792128633732], "angle": -1.5707872226777844}]}]}]}