{"seed": 1, "floorplan": [{"rooms": [{"category": "Bedroom", "corners": [[166.0, 198.0], [166.0, 302.0], [334.0, 302.0], [334.0, 269.0], [274.0, 269.0], [273.0, 268.0], [273.0, 199.0], [274.0, 198.0], [166.0, 198.0]], "objects": [{"category": "DoubleBed", "position": [217.59564797340562, 235.6251756907738], "size": [60.15990142822267, 62.516999816894526], "angle": 0.0}, {"category": "Cabinet", "position": [181.63409410067229, 206.61248368656453], "size": [13.150469970703114, 10.51838951110841], "angle": 0.0}, {"category": "Shelf", "position": [179.16699999999997, 293.51199999999994], "size": [13.576169586181663, 4.612019920349155], "angle": 3.141592653589793}, {"category": "PendantLamp", "position": [213.634, 248.70099999999996], "size": [27.055320739746094, 27.463620758056635], "angle": 0.0}]}]}]}