{"seed": 1, "floorplan": [{"rooms": [{"category": "Bedroom", "corners": [[320.0, 193.0], [319.0, 194.0], [179.0, 194.0], [179.0, 267.0], [196.0, 267.0], [197.0, 268.0], [197.0, 269.0], [196.0, 270.0], [179.0, 270.0], [179.0, 307.0], [180.0, 306.0], [319.0, 306.0], [320.0, 307.0], [321.0, 307.0], [321.0, 193.0], [320.0, 193.0]], "objects": [{"category": "DoubleBed", "position": [258.394, 228.64483317100942], "size": [57.253198242187466, 69.89219970703127], "angle": 0.0}, {"category": "Chair", "position": [299.5, 286.5861634473447], "size": [27.71633864264283, 28.88387853664998], "angle": -0.2866871218135975}]}]}]}