{"seed": 1, "floorplan": [{"rooms": [{"category": "Bedroom", "corners": [[342.0, 197.0], [341.0, 198.0], [218.0, 198.0], [218.0, 268.0], [217.0, 269.0], [158.0, 269.0], [158.0, 303.0], [159.0, 302.0], [341.0, 302.0], [342.0, 303.0], [342.0, 197.0]], "objects": [{"category": "DoubleBed", "position": [292.07800000000003, 233.6773332320323], "size": [58.57679901123049, 71.77949981689454], "angle": 0.0}, {"category": "PendantLamp", "position": [293.30500000000006, 238.4155], "size": [26.14548110961914, 23.667059326171852], "angle": 0.0}]}]}]}