{"seed": 1, "floorplan": [{"rooms": [{"category": "Bedroom", "corners": [[203.0, 188.0], [203.0, 312.0], [297.0, 312.0], [297.0, 188.0], [203.0, 188.0]], "objects": [{"category": "DoubleBed", "position": [261.7027111509565, 252.4197724068111], "size": [75.18698517341409, 67.79401625532473], "angle": -1.5707872226777826}, {"category": "Nightstand", "position": [290.4601943670208, 302.128906909418], "size": [22.800207576704835, 10.920099876084434], "angle": -1.5707872226777833}]}]}]}