{"seed": 1, "floorplan": [{"rooms": [{"category": "Bedroom", "corners": [[197.0, 184.0], [197.0, 316.0], [303.0, 316.0], [303.0, 184.0], [197.0, 184.0]], "objects": [{"category": "DoubleBed", "position": [233.04035744271522, 247.32235000000003], "size": [71.78015331479149, 58.57733230855158], "angle": -9.104117114438547e-06}, {"category": "PendantLamp", "position": [250.17430000000002, 241.22725000000003], "size": [8.692440032959013, 8.793569755554188], "angle": 0.0}]}]}]}