{"seed": 1, "floorplan": [{"rooms": [{"category": "Bedroom", "corners": [[208.0, 209.0], [208.0, 291.0], [292.0, 291.0], [292.0, 209.0], [208.0, 209.0]], "objects": [{"category": "SingleBed", "position": [241.50020909036485, 244.91743936790877], "size": [60.49949798583981, 70.3589996337891], "angle": 0.0}, {"category": "Nightstand", "position": [212.48057322970996, 213.93342805928611], "size": [13.712645059990388, 13.760915534242434], "angle": -1.5707872226777844}, {"category": "PendantLamp", "position": [240.4945, 250.50100000000003], "size": [29.21147918701172, 28.896599578857433], "angle": 0.0}]}]}]}