{"seed": 1, "floorplan": [{"rooms": [{"category": "Bedroom", "corners": [[200.0, 193.0], [200.0, 307.0], [300.0, 307.0], [300.0, 193.0], [200.0, 193.0]], "objects": [{"category": "DoubleBed", "position": [265.57201336704867, 252.55845176972048], "size": [72.03875552266267, 61.46815910317132], "angle": -1.5707872226777826}, {"category": "Cabinet", "position": [289.67338110675894, 208.285315192405], "size": [13.593753596724254, 15.829314339638335], "angle": -1.5707872226777848}, {"category": "Cabinet", "position": [290.19049461545194, 291.4057263715382], "size": [13.593753596724282, 15.82931433963839], "angle": -1.5707872226777806}, {"category": "PendantLamp", "position": [249.12551837617065, 245.35377376907485], "size": [11.705927037703695, 11.766076587389945], "angle": -1.5707872226777828}]}]}]}