{"seed": 1, "floorplan": [{"rooms": [{"category": "Bedroom", "corners": [[200.0, 161.0], [200.0, 339.0], [300.0, 339.0], [300.0, 228.0], [231.0, 228.0], [230.0, 227.0], [230.0, 161.0], [200.0, 161.0]], "objects": [{"category": "DoubleBed", "position": [263.03944065102974, 283.77937271493596], "size": [65.31299238595172, 73.28976636274732], "angle": -1.5707872226777828}, {"category": "CornerSideTable", "position": [288.0195099607014, 242.76728117454815], "size": [23.10240072708917, 23.10240072708917], "angle": -1.570787222677782}, {"category": "CornerSideTable", "position": [288.1465166765695, 325.78960285531326], "size": [23.10240072708917, 23.10240072708917], "angle": -1.570787222677782}, {"category": "Armchair", "position": [210.6802, 318.6547], "size": [11.827949523925781, 13.779299926757744], "angle": 0.0}]}]}]}