{"seed": 1, "floorplan": [{"rooms": [{"category": "Bedroom", "corners": [[202.0, 180.0], [202.0, 320.0], [298.0, 320.0], [298.0, 214.0], [233.0, 214.0], [232.0, 213.0], [232.0, 180.0], [202.0, 180.0]], "objects": [{"category": "Nightstand", "position": [293.2855206427811, 238.59374683888038], "size": [14.100128369804361, 10.530095409894564], "angle": -1.570787222677785}, {"category": "Nightstand", "position": [293.75806144052086, 312.763246210443], "size": [14.100128369804388, 10.530095409894507], "angle": -1.570787222677785}, {"category": "TVStand", "position": [209.62654975891112, 273.889], "size": [15.2309282308256, 57.42622472175204], "angle": -9.10411711285723e-06}, {"category": "DoubleBed", "position": [265.07158000410146, 274.0572509010816], "size": [65.8025979786526, 66.92370803893196], "angle": -3.141583549472679}]}]}]}