{"seed": 1, "floorplan": [{"rooms": [{"category": "Bedroom", "corners": [[210.0, 203.0], [210.0, 297.0], [290.0, 297.0], [290.0, 293.0], [291.0, 292.0], [290.0, 291.0], [290.0, 203.0], [210.0, 203.0]], "objects": [{"category": "DoubleBed", "position": [240.99423490085243, 265.7419772241477], "size": [51.8326725154276, 53.730491001964054], "angle": -9.104117114215056e-06}, {"category": "Nightstand", "position": [216.39496896377517, 232.3314007404614], "size": [9.714747944727701, 11.786626930123145], "angle": -9.104117113485282e-06}, {"category": "Cabinet", "position": [233.47910970012703, 211.7760863228989], "size": [44.08080139160157, 15.91094970703125], "angle": 0.0}, {"category": "CeilingLamp", "position": [249.019, 257.02599999999995], "size": [16.920000457763706, 16.920000457763678], "angle": 0.0}]}]}]}