{"seed": 1, "floorplan": [{"rooms": [{"category": "Bedroom", "corners": [[176.0, 199.0], [176.0, 300.0], [175.0, 301.0], [324.0, 301.0], [324.0, 200.0], [325.0, 199.0], [176.0, 199.0]], "objects": [{"category": "DoubleBed", "position": [245.2765, 234.08198143455567], "size": [48.39210205078129, 59.31750183105467], "angle": 0.0}, {"category": "CornerSideTable", "position": [203.1320475022237, 208.1377663415582], "size": [13.499883179500276, 13.499883179500252], "angle": -0.4649810687683286}, {"category": "CornerSideTable", "position": [284.9759524977763, 208.13024021798188], "size": [13.499883179500237, 13.499883179500276], "angle": -0.4649810687683277}, {"category": "TVStand", "position": [245.24650000000003, 294.181], "size": [47.997601318359386, 11.399999999999977], "angle": 3.141592653589793}]}]}]}