{"seed": 1, "floorplan": [{"rooms": [{"category": "Bedroom", "corners": [[195.0, 190.0], [195.0, 310.0], [305.0, 310.0], [305.0, 190.0], [195.0, 190.0]], "objects": [{"category": "DoubleBed", "position": [249.03022901402102, 272.0945115177654], "size": [61.82249908447267, 70.34609985351562], "angle": 3.141592653589793}, {"category": "Chair", "position": [288.73675836660516, 302.59377009836743], "size": [13.505813943325991, 12.930383541871686], "angle": -1.0368975738905495}, {"category": "Chair", "position": [211.70560436573032, 302.66844966366375], "size": [12.93038354187172, 13.505813943325977], "angle": -2.607693900685445}]}]}]}