{"seed": 1, "floorplan": [{"rooms": [{"category": "Bedroom", "corners": [[202.0, 200.0], [202.0, 300.0], [298.0, 300.0], [298.0, 200.0], [202.0, 200.0]], "objects": [{"category": "DoubleBed", "position": [249.793, 233.04120077268942], "size": [60.88710021972659, 65.97030029296877], "angle": 0.0}, {"category": "Nightstand", "position": [211.28302795372502, 209.96800826780634], "size": [11.007060241699207, 11.007060241699207], "angle": 0.0}, {"category": "Nightstand", "position": [287.342972046275, 208.60716326745947], "size": [11.007060241699207, 11.007060241699207], "angle": 0.0}]}]}]}