{"seed": 1, "floorplan": [{"rooms": [{"category": "Bedroom", "corners": [[204.0, 200.0], [204.0, 263.0], [203.0, 264.0], [173.0, 264.0], [173.0, 300.0], [327.0, 300.0], [327.0, 200.0], [204.0, 200.0]], "objects": [{"category": "DoubleBed", "position": [270.8155172137664, 236.39257119822275], "size": [58.576799011230435, 71.77949981689454], "angle": 0.0}, {"category": "TVStand", "position": [271.289669979956, 290.4729161734052], "size": [93.37260131835933, 18.48564033508302], "angle": 3.141592653589793}, {"category": "Nightstand", "position": [229.8740299780593, 204.27374917110572], "size": [36.01920089721682, 12.653400421142578], "angle": 0.0}, {"category": "Nightstand", "position": [311.64589922302264, 204.2047756468704], "size": [36.01920089721676, 12.653400421142578], "angle": 0.0}]}]}]}