{"seed": 1, "floorplan": [{"rooms": [{"category": "Bedroom", "corners": [[215.0, 210.0], [215.0, 262.0], [214.0, 263.0], [208.0, 263.0], [207.0, 262.0], [182.0, 262.0], [182.0, 290.0], [318.0, 290.0], [318.0, 210.0], [215.0, 210.0]], "objects": [{"category": "Nightstand", "position": [313.0703384177916, 214.6300214210919], "size": [14.59122047424313, 14.54765968322755], "angle": 0.0}, {"category": "DoubleBed", "position": [275.35199598741366, 245.0544155184665], "size": [62.95680084228513, 69.92369842529297], "angle": 0.0}, {"category": "Nightstand", "position": [237.69680821827833, 214.56845533859254], "size": [14.591220474243158, 14.54765968322755], "angle": 0.0}, {"category": "PendantLamp", "position": [274.99135, 250.00000000000003], "size": [24.731250000000045, 24.70952911376952], "angle": 0.0}]}]}]}