{"seed": 1, "floorplan": [{"rooms": [{"category": "Bedroom", "corners": [[188.0, 211.0], [188.0, 289.0], [312.0, 289.0], [312.0, 211.0], [188.0, 211.0]], "objects": [{"category": "DoubleBed", "position": [260.47299999999996, 242.67030424389128], "size": [62.627398681640614, 62.90640106201175], "angle": 0.0}, {"category": "PendantLamp", "position": [252.79000000000002, 247.90449999999998], "size": [13.464810562133778, 13.485300064086914], "angle": 0.0}]}]}]}