{"seed": 1, "floorplan": [{"rooms": [{"category": "Bedroom", "corners": [[263.0, 149.0], [263.0, 219.0], [262.0, 220.0], [204.0, 220.0], [204.0, 351.0], [296.0, 351.0], [296.0, 149.0], [263.0, 149.0]], "objects": [{"category": "PendantLamp", "position": [249.9952, 285.41515], "size": [29.162714584552948, 29.16271458455295], "angle": -0.7854061101504025}, {"category": "DoubleBed", "position": [238.96694488159005, 294.5268772851599], "size": [69.924335027526, 62.957374016200504], "angle": -9.104117113515056e-06}, {"category": "CornerSideTable", "position": [210.17325866134848, 252.37946148780713], "size": [16.85715305820693, 16.85715305820693], "angle": -9.104117115383624e-06}, {"category": "CornerSideTable", "position": [210.20665911867144, 336.1807215331129], "size": [16.85715305820693, 16.857153058206958], "angle": -9.104117112011559e-06}]}]}]}