{"seed": 1, "floorplan": [{"rooms": [{"category": "Bedroom", "corners": [[175.0, 197.0], [175.0, 300.0], [177.0, 300.0], [178.0, 301.0], [178.0, 303.0], [325.0, 303.0], [325.0, 197.0], [175.0, 197.0]], "objects": [{"category": "DoubleBed", "position": [294.01253251953483, 254.6773], "size": [81.86054446571227, 62.88957402149717], "angle": -1.5707872226777828}, {"category": "CeilingLamp", "position": [229.00900000000001, 251.34640000000002], "size": [13.188240051269531, 13.188210296630842], "angle": 3.141592653589793}, {"category": "Table", "position": [189.5023664265202, 263.4064], "size": [28.48687891693355, 40.67736923458636], "angle": -9.104117113887879e-06}, {"category": "Shelf", "position": [313.18780000000004, 202.52653333433403], "size": [10.228530120849598, 11.73708000183106], "angle": 0.0}]}]}]}