{"seed": 1, "floorplan": [{"rooms": [{"category": "Bedroom", "corners": [[200.0, 194.0], [200.0, 306.0], [300.0, 306.0], [300.0, 194.0], [200.0, 194.0]], "objects": [{"category": "DoubleBed", "position": [262.31651122211224, 259.6636473136094], "size": [74.23387591021874, 55.227803828073384], "angle": -3.141583549472679}, {"category": "Nightstand", "position": [296.74181149860374, 223.60821882417815], "size": [24.08199872631521, 12.244041143933128], "angle": -1.5707872226777833}, {"category": "Nightstand", "position": [296.27167929846365, 295.6262930651287], "size": [24.08199872631521, 12.244041143933128], "angle": -1.5707872226777833}, {"category": "CeilingLamp", "position": [248.81185, 255.40945000000002], "size": [16.891679763793945, 16.993230056762684], "angle": 0.0}]}]}]}