{"seed": 1, "floorplan": [{"rooms": [{"category": "Bedroom", "corners": [[138.0, 203.0], [138.0, 297.0], [362.0, 297.0], [362.0, 271.0], [287.0, 271.0], [286.0, 270.0], [286.0, 203.0], [138.0, 203.0]], "objects": [{"category": "DoubleBed", "position": [207.175, 239.81149951167532], "size": [65.31239776611332, 73.28909912109373], "angle": 0.0}, {"category": "CornerSideTable", "position": [166.70800000000006, 212.53301699828245], "size": [23.493180084228527, 19.381830596923834], "angle": 0.0}, {"category": "CornerSideTable", "position": [247.645, 213.06400000000002], "size": [23.493180084228527, 19.381830596923834], "angle": 0.0}]}]}]}