{"seed": 1, "floorplan": [{"rooms": [{"category": "Bedroom", "corners": [[166.0, 199.0], [166.0, 218.0], [165.0, 219.0], [147.0, 219.0], [147.0, 279.0], [165.0, 279.0], [166.0, 280.0], [166.0, 301.0], [353.0, 301.0], [353.0, 266.0], [286.0, 266.0], [285.0, 265.0], [285.0, 199.0], [166.0, 199.0]], "objects": [{"category": "DoubleBed", "position": [217.5007, 233.07175064086914], "size": [64.53809967041016, 69.04350128173829], "angle": 0.0}]}]}]}