{"seed": 1, "floorplan": [{"rooms": [{"category": "Bedroom", "corners": [[235.0, 195.0], [235.0, 206.0], [234.0, 207.0], [207.0, 207.0], [207.0, 305.0], [293.0, 305.0], [293.0, 195.0], [235.0, 195.0]], "objects": [{"category": "DoubleBed", "position": [259.7619073276268, 244.47772180396123], "size": [60.88765455058771, 65.97090090251069], "angle": -1.5707872226777826}, {"category": "Cabinet", "position": [284.99910450922175, 281.30374786420543], "size": [16.39197006225595, 9.24144001007079], "angle": 0.0}, {"category": "Cabinet", "position": [284.99910450922175, 207.62061185860196], "size": [16.39197006225595, 9.241440010070818], "angle": 0.0}]}]}]}