{"seed": 1, "floorplan": [{"rooms": [{"category": "Bedroom", "corners": [[266.0, 163.0], [266.0, 172.0], [265.0, 173.0], [263.0, 173.0], [263.0, 197.0], [265.0, 197.0], [266.0, 198.0], [266.0, 201.0], [265.0, 202.0], [199.0, 202.0], [199.0, 336.0], [198.0, 337.0], [300.0, 337.0], [300.0, 334.0], [301.0, 333.0], [301.0, 169.0], [302.0, 168.0], [302.0, 163.0], [266.0, 163.0]], "objects": [{"category": "PendantLamp", "position": [220.5112, 274.6129], "size": [32.70027928666714, 27.672281805342852], "angle": -1.0652510463295817}, {"category": "Shelf", "position": [291.0097, 320.4259], "size": [10.228530120849541, 11.737080001831032], "angle": 0.0}, {"category": "DoubleBed", "position": [230.47577938234753, 276.1152579602293], "size": [81.86054446571227, 62.889574021497225], "angle": -1.5708054309120103}]}]}]}