{"seed": 1, "floorplan": [{"rooms": [{"category": "Bedroom", "corners": [[234.0, 188.0], [234.0, 209.0], [233.0, 210.0], [207.0, 210.0], [207.0, 312.0], [293.0, 312.0], [293.0, 210.0], [272.0, 210.0], [271.0, 209.0], [271.0, 188.0], [234.0, 188.0]], "objects": [{"category": "DoubleBed", "position": [258.86287887599804, 250.96357111858686], "size": [58.29206908668621, 60.65966723511698], "angle": -0.0042290707976984}, {"category": "Table", "position": [276.303621941233, 260.4410383360062], "size": [95.58536729465202, 32.540996789400225], "angle": -1.5707872226777821}, {"category": "Chair", "position": [265.5048943144337, 302.5865677662776], "size": [10.669809879462132, 10.312268782865866], "angle": -0.35223399822430507}, {"category": "Sofa", "position": [253.41425460712165, 203.82346826446195], "size": [23.86866285085267, 29.078726092510816], "angle": -1.0209373153553565}]}]}]}