{"seed": 1, "floorplan": [{"rooms": [{"category": "Bedroom", "corners": [[200.0, 183.0], [200.0, 317.0], [300.0, 317.0], [300.0, 184.0], [299.0, 183.0], [200.0, 183.0]], "objects": [{"category": "Cabinet", "position": [292.62678944761, 219.0904873704394], "size": [13.150474046384792, 10.518392771038101], "angle": -1.5661715365418911}, {"category": "Cabinet", "position": [292.62678944761, 294.3615126295606], "size": [13.150474046384847, 10.518392771038101], "angle": -1.5661715365418911}, {"category": "DoubleBed", "position": [261.91408099909523, 257.0875], "size": [60.1591812307422, 62.51625140167632], "angle": -1.5761541283684128}]}]}]}