{"seed": 1, "floorplan": [{"rooms": [{"category": "Bedroom", "corners": [[201.0, 210.0], [201.0, 290.0], [299.0, 290.0], [299.0, 210.0], [201.0, 210.0]], "objects": [{"category": "DoubleBed", "position": [246.94222733073622, 240.64619102397867], "size": [60.659701538085955, 58.29210205078124], "angle": 0.0}, {"category": "Nightstand", "position": [210.64404271700707, 217.15316572130402], "size": [16.043009948730457, 10.843620300292969], "angle": 0.0}, {"category": "CeilingLamp", "position": [249.99550000000005, 249.99550000000002], "size": [13.173329544067371, 9.196139717102056], "angle": 0.0}]}]}]}