{"seed": 1, "floorplan": [{"rooms": [{"category": "Bedroom", "corners": [[204.0, 191.0], [204.0, 309.0], [296.0, 309.0], [296.0, 191.0], [204.0, 191.0]], "objects": [{"category": "DoubleBed", "position": [246.03423314451766, 221.7522537964], "size": [60.65970153808598, 58.29210205078124], "angle": 0.0}, {"category": "PendantLamp", "position": [253.13800000000003, 261.20110000000005], "size": [23.250841104392823, 7.498928439890574], "angle": -1.5708054309120112}, {"category": "Nightstand", "position": [213.6642253700671, 198.32523859354916], "size": [16.043009948730457, 10.843620300292969], "angle": 0.0}]}]}]}