{"seed": 1, "floorplan": [{"rooms": [{"category": "Bedroom", "corners": [[258.0, 148.0], [258.0, 150.0], [257.0, 151.0], [256.0, 151.0], [256.0, 157.0], [255.0, 158.0], [253.0, 158.0], [253.0, 182.0], [255.0, 182.0], [256.0, 183.0], [256.0, 219.0], [255.0, 220.0], [181.0, 220.0], [181.0, 352.0], [295.0, 352.0], [295.0, 226.0], [287.0, 226.0], [286.0, 225.0], [286.0, 215.0], [287.0, 214.0], [308.0, 214.0], [308.0, 200.0], [309.0, 199.0], [319.0, 199.0], [319.0, 169.0], [309.0, 169.0], [308.0, 168.0], [308.0, 151.0], [284.0, 151.0], [283.0, 150.0], [283.0, 148.0], [258.0, 148.0]], "objects": [{"category": "DoubleBed", "position": [215.91176818333656, 291.1696], "size": [58.29263275615253, 60.66025379865461], "angle": -9.104117113739032e-06}, {"category": "Nightstand", "position": [187.16086690293378, 254.09002970115023], "size": [11.523374945422647, 16.519770149583305], "angle": -9.104117113546884e-06}, {"category": "Nightstand", "position": [187.30798876850537, 329.24787029884976], "size": [11.523374945422647, 16.519770149583334], "angle": -9.104117111080444e-06}, {"category": "Cabinet", "position": [287.8603479705665, 291.4747], "size": [50.97856470287352, 13.566393957378908], "angle": -1.570787222677783}]}]}]}