{"seed": 1, "floorplan": [{"rooms": [{"category": "Bedroom", "corners": [[207.0, 209.0], [207.0, 291.0], [293.0, 291.0], [293.0, 209.0], [207.0, 209.0]], "objects": [{"category": "DoubleBed", "position": [257.96208750497567, 243.95700873647422], "size": [60.659701538085926, 58.29210205078124], "angle": 0.0}, {"category": "Cabinet", "position": [216.5220406638585, 238.88532985357364], "size": [19.712009600421045, 60.000546254486615], "angle": -9.104117113660039e-06}, {"category": "PendantLamp", "position": [256.525, 245.83300000000003], "size": [16.78505973815919, 16.411380386352533], "angle": 0.0}]}]}]}