{"seed": 1, "floorplan": [{"rooms": [{"category": "Bedroom", "corners": [[199.0, 187.0], [199.0, 313.0], [301.0, 313.0], [301.0, 199.0], [231.0, 199.0], [230.0, 198.0], [230.0, 187.0], [199.0, 187.0]], "objects": [{"category": "DoubleBed", "position": [264.68366762288406, 267.844], "size": [68.92862588918999, 72.47045806134946], "angle": -1.5707872226777828}, {"category": "PendantLamp", "position": [248.27799999999996, 263.80899999999997], "size": [6.783360099792475, 5.920500183105446], "angle": 0.0}, {"category": "TVStand", "position": [204.874, 274.84899999999993], "size": [11.102350986010993, 44.58100737402457], "angle": -9.104117113267571e-06}]}]}]}