{"seed": 1, "floorplan": [{"rooms": [{"category": "Bedroom", "corners": [[180.0, 158.0], [180.0, 277.0], [179.0, 278.0], [171.0, 278.0], [170.0, 277.0], [170.0, 275.0], [146.0, 275.0], [146.0, 277.0], [145.0, 278.0], [138.0, 278.0], [138.0, 342.0], [362.0, 342.0], [362.0, 158.0], [180.0, 158.0]], "objects": [{"category": "PendantLamp", "position": [259.22935, 248.93590000000003], "size": [16.43955001831057, 3.011430072784435], "angle": 0.0}, {"category": "DoubleBed", "position": [252.87415, 190.21570000000003], "size": [46.32089996337888, 63.80789794921873], "angle": 0.0}, {"category": "Nightstand", "position": [213.76075000000003, 164.41234980621073], "size": [16.01237983703612, 13.29854965209961], "angle": 0.0}, {"category": "Nightstand", "position": [289.99135, 164.44681647229916], "size": [16.01237983703612, 13.29854965209961], "angle": 0.0}]}]}]}