{"seed": 1, "floorplan": [{"rooms": [{"category": "Bedroom", "corners": [[211.0, 186.0], [211.0, 312.0], [210.0, 313.0], [210.0, 314.0], [290.0, 314.0], [289.0, 313.0], [289.0, 201.0], [247.0, 201.0], [246.0, 200.0], [246.0, 186.0], [211.0, 186.0]], "objects": [{"category": "DoubleBed", "position": [246.80020823387017, 245.82665269723321], "size": [71.78015331479153, 58.57733230855164], "angle": -9.104117114042588e-06}, {"category": "Nightstand", "position": [214.85849485688738, 202.14991096097145], "size": [12.653515620755071, 36.01952882471838], "angle": -9.104117112915702e-06}, {"category": "Nightstand", "position": [214.5904839182187, 285.7352875475019], "size": [12.6535156207551, 36.01952882471838], "angle": -9.104117112915682e-06}, {"category": "PendantLamp", "position": [251.233, 248.00650000000002], "size": [9.226619911193865, 9.239970016479504], "angle": 0.0}]}]}]}