{"seed": 1, "floorplan": [{"rooms": [{"category": "Bedroom", "corners": [[199.0, 186.0], [199.0, 291.0], [213.0, 291.0], [214.0, 292.0], [214.0, 314.0], [301.0, 314.0], [301.0, 297.0], [299.0, 297.0], [298.0, 296.0], [298.0, 289.0], [299.0, 288.0], [301.0, 288.0], [301.0, 186.0], [199.0, 186.0]], "objects": [{"category": "DoubleBed", "position": [264.18304129658225, 244.54630000000003], "size": [59.12483637758815, 64.22638428773291], "angle": -1.570787222677783}, {"category": "Nightstand", "position": [290.8484998722666, 202.4459788689113], "size": [11.721587275491816, 10.9849003470196], "angle": -1.5707872226777846}, {"category": "Nightstand", "position": [290.587937200512, 282.14152113108867], "size": [11.721587275491789, 10.984900347019657], "angle": -1.5707872226777846}, {"category": "PendantLamp", "position": [282.79349699875337, 200.839], "size": [13.090191158993454, 35.597893949423685], "angle": -0.7854036166213593}]}]}]}