{"seed": 1, "floorplan": [{"rooms": [{"category": "Bedroom", "corners": [[271.0, 187.0], [271.0, 201.0], [270.0, 202.0], [200.0, 202.0], [200.0, 313.0], [300.0, 313.0], [300.0, 187.0], [271.0, 187.0]], "objects": [{"category": "DoubleBed", "position": [235.24884999999998, 256.49935], "size": [66.92370803893202, 65.80259797865266], "angle": -1.570805430912011}, {"category": "Nightstand", "position": [209.25654999999998, 299.02825], "size": [14.291830096776701, 15.00013656362171], "angle": -9.10411711147818e-06}, {"category": "Nightstand", "position": [210.68604999999997, 213.67404999999997], "size": [14.291830096776673, 15.000136563621654], "angle": -9.104117113466866e-06}, {"category": "CeilingLamp", "position": [249.99984999999998, 257.49985000000004], "size": [23.75414886474607, 25.052368927001964], "angle": 0.0}]}]}]}