{"seed": 1, "floorplan": [{"rooms": [{"category": "Bedroom", "corners": [[195.0, 208.0], [195.0, 291.0], [194.0, 292.0], [305.0, 292.0], [305.0, 209.0], [306.0, 208.0], [195.0, 208.0]], "objects": [{"category": "Nightstand", "position": [213.24349953844256, 284.4588409101558], "size": [14.591220474243158, 14.54765968322755], "angle": 3.141592653589793}, {"category": "DoubleBed", "position": [252.26458762513653, 256.7219703859601], "size": [62.95680084228519, 69.92369842529297], "angle": 3.141592653589793}, {"category": "PendantLamp", "position": [245.12949999999998, 247.82200000000003], "size": [24.73124999999999, 24.70952911376952], "angle": 0.0}]}]}]}