{"seed": 1, "floorplan": [{"rooms": [{"category": "Bedroom", "corners": [[180.0, 205.0], [180.0, 256.0], [203.0, 256.0], [204.0, 257.0], [204.0, 295.0], [320.0, 295.0], [320.0, 205.0], [180.0, 205.0]], "objects": [{"category": "DoubleBed", "position": [258.2600922010025, 237.50990080589577], "size": [59.05139923095706, 64.70279846191406], "angle": 0.0}, {"category": "Nightstand", "position": [222.81622227282855, 209.32648099802424], "size": [16.87062034606933, 13.00808944702149], "angle": 0.0}, {"category": "Nightstand", "position": [295.3325997255986, 209.37925453408127], "size": [16.87062034606936, 13.00808944702149], "angle": 0.0}]}]}]}