{"seed": 1, "floorplan": [{"rooms": [{"category": "Bedroom", "corners": [[201.0, 160.0], [201.0, 340.0], [299.0, 340.0], [299.0, 235.0], [232.0, 235.0], [231.0, 234.0], [231.0, 160.0], [201.0, 160.0]], "objects": [{"category": "DoubleBed", "position": [264.3803281435849, 284.2209902774827], "size": [66.04499978268507, 67.11451025209978], "angle": -1.5707872226777824}, {"category": "Nightstand", "position": [286.97058812138084, 246.70225685356624], "size": [15.152657941214116, 14.27335000909745], "angle": -1.5707872226777835}, {"category": "Nightstand", "position": [286.97070035298196, 322.60991440150383], "size": [15.152657941214173, 14.27335000909745], "angle": -1.5707872226777797}, {"category": "PendantLamp", "position": [246.06100000000004, 284.302], "size": [27.366089630126964, 27.366089630126964], "angle": 0.0}]}]}]}