{"seed": 1, "floorplan": [{"rooms": [{"category": "Bedroom", "corners": [[202.0, 169.0], [202.0, 331.0], [298.0, 331.0], [298.0, 208.0], [231.0, 208.0], [230.0, 207.0], [232.0, 205.0], [298.0, 205.0], [298.0, 169.0], [202.0, 169.0]], "objects": [{"category": "DoubleBed", "position": [261.45081176115673, 275.42195170305735], "size": [48.48703963926324, 66.67710850381165], "angle": -1.570787222677783}, {"category": "PendantLamp", "position": [284.8706085077479, 236.51499999999993], "size": [24.56702907004073, 11.06202026674214], "angle": -0.17044613113079687}, {"category": "PendantLamp", "position": [284.8706085077479, 313.144], "size": [24.56702907004073, 11.06202026674214], "angle": -0.17044613113079687}, {"category": "PendantLamp", "position": [250.01799999999997, 275.35299999999995], "size": [25.91558990478518, 5.196120071411144], "angle": 0.0}]}]}]}