{"seed": 1, "floorplan": [{"rooms": [{"category": "Bedroom", "corners": [[188.0, 208.0], [188.0, 292.0], [312.0, 292.0], [312.0, 208.0], [188.0, 208.0]], "objects": [{"category": "DoubleBed", "position": [266.10757518670766, 245.47979346196914], "size": [63.52349853515628, 62.822099304199185], "angle": 0.0}, {"category": "Nightstand", "position": [228.5863655823858, 211.15943845740497], "size": [12.0, 11.613660049438465], "angle": 0.0}, {"category": "Nightstand", "position": [302.26041981782066, 213.5460507725241], "size": [12.0, 11.613660049438465], "angle": 0.0}]}]}]}