{"seed": 1, "floorplan": [{"rooms": [{"category": "Bedroom", "corners": [[199.0, 157.0], [198.0, 158.0], [198.0, 343.0], [302.0, 343.0], [302.0, 196.0], [228.0, 196.0], [227.0, 195.0], [227.0, 157.0], [199.0, 157.0]], "objects": [{"category": "DoubleBed", "position": [267.36766571047025, 282.244], "size": [71.41775224932144, 68.56832597810306], "angle": -1.5707872226777824}, {"category": "Nightstand", "position": [292.69005022177805, 234.4], "size": [17.997973457234178, 18.64471930502766], "angle": -3.141583549472679}, {"category": "Nightstand", "position": [292.68971688844476, 325.666], "size": [18.64471930502766, 17.997973457234064], "angle": -1.5707872226777824}]}]}]}