{"seed": 1, "floorplan": [{"rooms": [{"category": "Bedroom", "corners": [[185.0, 203.0], [185.0, 264.0], [186.0, 264.0], [187.0, 265.0], [187.0, 275.0], [186.0, 276.0], [186.0, 297.0], [187.0, 296.0], [204.0, 296.0], [205.0, 297.0], [209.0, 297.0], [210.0, 296.0], [227.0, 296.0], [228.0, 297.0], [233.0, 297.0], [234.0, 296.0], [251.0, 296.0], [252.0, 297.0], [257.0, 297.0], [258.0, 296.0], [275.0, 296.0], [276.0, 297.0], [281.0, 297.0], [282.0, 296.0], [299.0, 296.0], [300.0, 297.0], [305.0, 297.0], [306.0, 296.0], [307.0, 296.0], [308.0, 297.0], [308.0, 287.0], [309.0, 286.0], [315.0, 286.0], [315.0, 217.0], [309.0, 217.0], [308.0, 216.0], [308.0, 203.0], [307.0, 204.0], [306.0, 204.0], [305.0, 203.0], [300.0, 203.0], [299.0, 204.0], [282.0, 204.0], [281.0, 203.0], [276.0, 203.0], [275.0, 204.0], [258.0, 204.0], [257.0, 203.0], [252.0, 203.0], [251.0, 204.0], [234.0, 204.0], [233.0, 203.0], [228.0, 203.0], [227.0, 204.0], [210.0, 204.0], [209.0, 203.0], [204.0, 203.0], [203.0, 204.0], [186.0, 204.0], [185.0, 203.0]], "objects": [{"category": "DoubleBed", "position": [255.34922691367234, 237.92974412598093], "size": [54.80789794921873, 68.51640014648439], "angle": 0.0}, {"category": "PendantLamp", "position": [256.03149999999994, 246.7387], "size": [30.387599945068303, 30.24990005493163], "angle": 0.0}, {"category": "Nightstand", "position": [291.9513765469634, 211.60056831037744], "size": [14.192639923095669, 15.803400421142612], "angle": 0.0}, {"category": "Nightstand", "position": [215.99776382076197, 211.61555880398686], "size": [14.192639923095697, 15.803400421142612], "angle": 0.0}]}]}]}