{"seed": 1, "floorplan": [{"rooms": [{"category": "Bedroom", "corners": [[189.0, 198.0], [189.0, 302.0], [311.0, 302.0], [311.0, 198.0], [189.0, 198.0]], "objects": [{"category": "DoubleBed", "position": [265.66090070187835, 269.4236825591186], "size": [68.11409912109377, 65.55720062255858], "angle": 3.141592653589793}, {"category": "Nightstand", "position": [223.77847348815317, 298.6050064757295], "size": [19.29363098144529, 11.954370117187523], "angle": 3.141592653589793}, {"category": "Nightstand", "position": [304.36015767697666, 298.6932967629237], "size": [19.29363098144529, 11.954370117187523], "angle": 3.141592653589793}]}]}]}