{"seed": 1, "floorplan": [{"rooms": [{"category": "Bedroom", "corners": [[188.0, 171.0], [188.0, 301.0], [237.0, 301.0], [238.0, 302.0], [238.0, 329.0], [312.0, 329.0], [312.0, 294.0], [285.0, 294.0], [284.0, 293.0], [284.0, 171.0], [188.0, 171.0]], "objects": [{"category": "DoubleBed", "position": [248.338784080358, 240.37768081828017], "size": [67.09471179304292, 67.8003151407958], "angle": -3.1415835494726787}, {"category": "Nightstand", "position": [275.80609962397233, 199.69060598039624], "size": [15.030766954179905, 13.937617353535098], "angle": -1.570787222677785}, {"category": "Nightstand", "position": [276.47272684314737, 283.8371623645417], "size": [15.030766954179931, 13.937617353535098], "angle": -1.570787222677785}, {"category": "PendantLamp", "position": [239.92900000000003, 237.6655], "size": [23.713259124755865, 21.437729644775374], "angle": 0.0}]}]}]}