{"seed": 1, "floorplan": [{"rooms": [{"category": "Bedroom", "corners": [[197.0, 198.0], [197.0, 269.0], [196.0, 270.0], [173.0, 270.0], [173.0, 302.0], [327.0, 302.0], [327.0, 198.0], [197.0, 198.0]], "objects": [{"category": "DoubleBed", "position": [270.87833612030977, 231.05991440277626], "size": [81.85979919433595, 62.88900146484377], "angle": 0.0}, {"category": "Nightstand", "position": [313.5494906112687, 202.02660666389104], "size": [14.399670410156318, 11.628119659423845], "angle": 0.0}, {"category": "Nightstand", "position": [229.16447960274323, 201.99680668690218], "size": [14.399670410156261, 11.628119659423845], "angle": 0.0}, {"category": "TVStand", "position": [271.8474003175155, 295.83372481859675], "size": [45.0, 12.0], "angle": 3.141592653589793}]}]}]}