{"seed": 1, "floorplan": [{"rooms": [{"category": "Bedroom", "corners": [[204.0, 194.0], [204.0, 306.0], [296.0, 306.0], [296.0, 194.0], [204.0, 194.0]], "objects": [{"category": "SingleBed", "position": [261.53090058968127, 234.10629999999998], "size": [58.590534333041816, 67.66921500925109], "angle": -1.5707872226777828}, {"category": "Nightstand", "position": [289.012, 267.54370000000006], "size": [5.8936436301158235, 9.691288487374639], "angle": -3.141583549472683}, {"category": "Nightstand", "position": [288.86080000000004, 201.2935], "size": [9.691288487374667, 5.893643630115767], "angle": -1.570787222677779}, {"category": "CeilingLamp", "position": [249.79629999999997, 245.8429], "size": [14.639999771118141, 15.172650146484358], "angle": 0.0}]}]}]}