{"seed": 1, "floorplan": [{"rooms": [{"category": "Bedroom", "corners": [[211.0, 195.0], [211.0, 305.0], [289.0, 305.0], [289.0, 195.0], [211.0, 195.0]], "objects": [{"category": "Nightstand", "position": [283.9082530325344, 297.2188560119931], "size": [12.027169052307759, 17.27973686153166], "angle": -3.1415835494726783}, {"category": "Nightstand", "position": [284.39385698899844, 220.29078626040138], "size": [17.279736861531575, 12.027169052307759], "angle": -1.5707872226777833}, {"category": "PendantLamp", "position": [248.75350000000003, 257.0395], "size": [29.889809417724592, 5.757719993591309], "angle": 0.0}, {"category": "DoubleBed", "position": [251.18361177951184, 258.858347142404], "size": [74.96198312495974, 78.63551510453361], "angle": -3.141583549472679}]}]}]}