{"seed": 1, "floorplan": [{"rooms": [{"category": "Bedroom", "corners": [[314.0, 196.0], [313.0, 197.0], [186.0, 197.0], [186.0, 304.0], [187.0, 303.0], [314.0, 303.0], [314.0, 196.0]], "objects": [{"category": "DoubleBed", "position": [243.31734999999998, 268.6186], "size": [61.77300109863276, 66.23459930419921], "angle": 3.141592653589793}, {"category": "PendantLamp", "position": [274.76694999999995, 297.8641], "size": [9.226619911193836, 28.494989776611362], "angle": 0.0}, {"category": "PendantLamp", "position": [210.66744999999997, 297.8641], "size": [9.226619911193865, 28.494989776611362], "angle": 0.0}]}]}]}