{"seed": 1, "floorplan": [{"rooms": [{"category": "Bedroom", "corners": [[202.0, 187.0], [202.0, 313.0], [298.0, 313.0], [298.0, 187.0], [202.0, 187.0]], "objects": [{"category": "DoubleBed", "position": [234.72483787855265, 257.83001145609063], "size": [65.13989205513609, 70.65244224226704], "angle": -9.104117114500985e-06}, {"category": "TVStand", "position": [290.47720900673784, 258.2786843251982], "size": [53.57628732756157, 10.261563073165766], "angle": -1.5707872226777828}]}]}]}