{"seed": 1, "floorplan": [{"rooms": [{"category": "Bedroom", "corners": [[204.0, 200.0], [204.0, 300.0], [296.0, 300.0], [296.0, 200.0], [204.0, 200.0]], "objects": [{"category": "DoubleBed", "position": [262.3225, 265.67650000000003], "size": [56.0060091551656, 64.08658198956], "angle": -1.570787222677783}]}]}]}