{"seed": 1, "floorplan": [{"rooms": [{"category": "Bedroom", "corners": [[197.0, 158.0], [197.0, 214.0], [196.0, 215.0], [194.0, 215.0], [194.0, 294.0], [196.0, 294.0], [197.0, 295.0], [197.0, 342.0], [239.0, 342.0], [239.0, 270.0], [240.0, 269.0], [306.0, 269.0], [306.0, 158.0], [197.0, 158.0]], "objects": [{"category": "DoubleBed", "position": [272.3668588331678, 206.52254075631618], "size": [46.193219927839856, 66.40410491971089], "angle": -1.5707872226777837}, {"category": "Chair", "position": [220.5595, 181.44115], "size": [14.181540366145429, 14.146350777607314], "angle": -2.5833538310599184}, {"category": "CeilingLamp", "position": [251.94310000000002, 202.41865], "size": [14.547509765625023, 14.547509765625023], "angle": 0.0}]}]}]}