{"seed": 1, "floorplan": [{"rooms": [{"category": "Bedroom", "corners": [[201.0, 191.0], [201.0, 309.0], [299.0, 309.0], [299.0, 191.0], [201.0, 191.0]], "objects": [{"category": "DoubleBed", "position": [262.6987509083261, 256.2342498542019], "size": [70.6335410081755, 64.0286835132244], "angle": -3.141583549472679}, {"category": "Nightstand", "position": [290.89093396195216, 217.47116802485453], "size": [15.203028425429777, 15.717292827223043], "angle": -1.570787222677781}, {"category": "Nightstand", "position": [290.5598614815193, 293.1523863008546], "size": [15.203028425429805, 15.717292827222986], "angle": -1.570787222677781}, {"category": "PendantLamp", "position": [288.91179999999997, 294.0772], "size": [5.352210044860897, 5.407050132751465], "angle": 0.0}]}]}]}