{"seed": 1, "floorplan": [{"rooms": [{"category": "Bedroom", "corners": [[205.0, 193.0], [205.0, 307.0], [295.0, 307.0], [295.0, 193.0], [205.0, 193.0]], "objects": [{"category": "DoubleBed", "position": [261.1605767986778, 247.44849999999997], "size": [37.980345321322154, 67.75741771655942], "angle": -1.5707872226777828}, {"category": "Cabinet", "position": [284.98538488946247, 207.53488851591896], "size": [12.541793946274582, 16.762772773905034], "angle": -3.141583549472678}, {"category": "Cabinet", "position": [286.08872331634285, 287.179111484081], "size": [16.762772773905006, 12.54179394627464], "angle": -1.5707872226777808}]}]}]}