{"seed": 1, "floorplan": [{"rooms": [{"category": "Bedroom", "corners": [[198.0, 180.0], [198.0, 320.0], [302.0, 320.0], [302.0, 180.0], [198.0, 180.0]], "objects": [{"category": "DoubleBed", "position": [242.17810000000003, 254.69169999999997], "size": [50.52135991785009, 63.39747659474147], "angle": -1.5708054309120112}, {"category": "Nightstand", "position": [213.7681, 295.32969999999995], "size": [9.099622982655076, 12.001369256875464], "angle": -9.104117114348614e-06}, {"category": "Nightstand", "position": [213.7681, 214.76169999999996], "size": [9.099622982655076, 12.001369256875464], "angle": -9.104117117472009e-06}]}]}]}