{"seed": 1, "floorplan": [{"rooms": [{"category": "Bedroom", "corners": [[191.0, 166.0], [190.0, 167.0], [190.0, 190.0], [210.0, 190.0], [211.0, 191.0], [211.0, 281.0], [210.0, 282.0], [277.0, 282.0], [278.0, 283.0], [278.0, 332.0], [277.0, 333.0], [277.0, 334.0], [306.0, 334.0], [306.0, 301.0], [307.0, 300.0], [310.0, 300.0], [310.0, 291.0], [307.0, 291.0], [306.0, 290.0], [306.0, 166.0], [191.0, 166.0]], "objects": [{"category": "DoubleBed", "position": [246.3177618751538, 237.2538509342862], "size": [71.78015331479155, 58.57733230855164], "angle": -9.104117114042584e-06}, {"category": "Nightstand", "position": [218.82361109153413, 272.47546277287915], "size": [6.962403360273842, 9.28037433069761], "angle": -9.104117116128576e-06}, {"category": "PendantLamp", "position": [237.93025, 237.82239999999996], "size": [8.692440032958984, 8.793569755554188], "angle": 0.0}]}]}]}