{"seed": 1, "floorplan": [{"rooms": [{"category": "Bedroom", "corners": [[203.0, 185.0], [203.0, 315.0], [297.0, 315.0], [297.0, 185.0], [203.0, 185.0]], "objects": [{"category": "DoubleBed", "position": [263.29794322761387, 251.6493235848981], "size": [46.193219927839856, 66.40410491971092], "angle": -1.5707872226777824}, {"category": "Nightstand", "position": [291.7187984361135, 285.6027615121363], "size": [23.7099662255028, 14.70226359722232], "angle": -1.570787222677783}, {"category": "Table", "position": [290.37741464263956, 210.9856929345172], "size": [37.7439425648259, 15.714082730248808], "angle": -1.5707872226777828}, {"category": "Chair", "position": [270.0993697002692, 215.19790391589754], "size": [14.181608756390135, 14.146418998150759], "angle": -9.104117113835671e-06}]}]}]}