{"seed": 1, "floorplan": [{"rooms": [{"category": "Bedroom", "corners": [[203.0, 205.0], [203.0, 295.0], [297.0, 295.0], [297.0, 205.0], [203.0, 205.0]], "objects": [{"category": "DoubleBed", "position": [254.6106883634377, 251.18087385132083], "size": [86.09778091816135, 82.07954975546961], "angle": -1.5707872226777821}, {"category": "Cabinet", "position": [293.1592387997903, 225.13990686657957], "size": [13.836216054995417, 12.720416101653823], "angle": -1.5707872226777881}, {"category": "Armchair", "position": [217.4692592890701, 268.78334846001917], "size": [22.729760727275213, 23.168995153824852], "angle": -1.1377071866060842}, {"category": "PendantLamp", "position": [247.95909999999998, 255.2038], "size": [12.599999999999994, 4.5898798942565975], "angle": 0.0}]}]}]}