{"seed": 1, "floorplan": [{"rooms": [{"category": "Bedroom", "corners": [[189.0, 205.0], [189.0, 295.0], [311.0, 295.0], [312.0, 294.0], [312.0, 205.0], [189.0, 205.0]], "objects": [{"category": "Nightstand", "position": [277.6858809075139, 211.12048972840694], "size": [15.20289001464846, 15.717149734497042], "angle": 0.0}, {"category": "Nightstand", "position": [207.9019048420849, 213.2498096669316], "size": [15.202890014648403, 15.717149734497042], "angle": 0.0}, {"category": "DoubleBed", "position": [241.50351184069206, 241.0246181081801], "size": [64.02810058593747, 70.63289794921877], "angle": 0.0}, {"category": "CeilingLamp", "position": [244.171, 249.84700000000004], "size": [23.22071914672847, 23.220719146728527], "angle": 0.0}]}]}]}