{"seed": 1, "floorplan": [{"rooms": [{"category": "Bedroom", "corners": [[207.0, 194.0], [207.0, 306.0], [293.0, 306.0], [293.0, 194.0], [207.0, 194.0]], "objects": [{"category": "Cabinet", "position": [286.4403666142301, 289.8417222846148], "size": [16.762772773905063, 12.54179394627464], "angle": -1.5707872226777808}, {"category": "Cabinet", "position": [286.4403666142301, 208.66757771538528], "size": [16.762772773905034, 12.54179394627464], "angle": -1.5707872226777808}, {"category": "DoubleBed", "position": [259.54278258189413, 247.55890000000005], "size": [37.980345321322154, 67.75741771655942], "angle": -1.5707872226777828}, {"category": "PendantLamp", "position": [249.30489999999998, 250.67500000000004], "size": [17.62509040832518, 17.564459609985363], "angle": 0.0}]}]}]}