{"seed": 1, "floorplan": [{"rooms": [{"category": "Bedroom", "corners": [[305.0, 161.0], [304.0, 162.0], [265.0, 162.0], [265.0, 232.0], [264.0, 233.0], [195.0, 233.0], [195.0, 339.0], [196.0, 338.0], [295.0, 338.0], [296.0, 339.0], [296.0, 193.0], [297.0, 192.0], [305.0, 192.0], [305.0, 161.0]], "objects": [{"category": "DoubleBed", "position": [230.6082200932353, 283.4215354320923], "size": [66.41430398717422, 60.14964581747903], "angle": -9.104117114187103e-06}, {"category": "TVStand", "position": [290.3819500000001, 284.4718], "size": [60.024844571405474, 12.000109250897301], "angle": -1.5707872226777833}, {"category": "PendantLamp", "position": [245.57875000000007, 289.9402], "size": [31.986900329589787, 28.807589721679733], "angle": 0.0}]}]}]}