{"seed": 1, "floorplan": [{"rooms": [{"category": "Bedroom", "corners": [[160.0, 175.0], [160.0, 302.0], [190.0, 302.0], [191.0, 303.0], [191.0, 325.0], [245.0, 325.0], [245.0, 303.0], [246.0, 302.0], [340.0, 302.0], [340.0, 175.0], [160.0, 175.0]], "objects": [{"category": "DoubleBed", "position": [280.8745, 211.39916603624852], "size": [62.86289978027341, 73.1603988647461], "angle": 0.0}, {"category": "Table", "position": [167.12650000000002, 254.4595], "size": [23.50716362842338, 6.738781481855483], "angle": -1.5707872226777828}, {"category": "CeilingLamp", "position": [250.79950000000002, 222.28749999999997], "size": [16.891679763793945, 16.99323005676274], "angle": 0.0}]}]}]}