{"seed": 1, "floorplan": [{"rooms": [{"category": "Bedroom", "corners": [[202.0, 181.0], [202.0, 302.0], [227.0, 302.0], [228.0, 303.0], [228.0, 319.0], [272.0, 319.0], [272.0, 303.0], [273.0, 302.0], [298.0, 302.0], [298.0, 181.0], [202.0, 181.0]], "objects": [{"category": "DoubleBed", "position": [264.95351175011353, 250.0225], "size": [55.32050181556526, 66.04770061293789], "angle": -1.5707872226777821}, {"category": "Nightstand", "position": [290.82363790305095, 287.52928913892305], "size": [15.871374048728526, 14.724253619810662], "angle": -1.5707872226777833}, {"category": "Nightstand", "position": [290.82363790305095, 212.26671086107692], "size": [15.871374048728498, 14.724253619810662], "angle": -1.5707872226777833}, {"category": "TVStand", "position": [209.44690016682944, 250.4845], "size": [15.306259650907734, 66.75540969275225], "angle": -9.104117115346188e-06}]}]}]}