{"seed": 1, "floorplan": [{"rooms": [{"category": "Bedroom", "corners": [[206.0, 194.0], [206.0, 306.0], [294.0, 306.0], [294.0, 194.0], [206.0, 194.0]], "objects": [{"category": "DoubleBed", "position": [239.09050000000002, 271.09299999999996], "size": [63.49737984802656, 41.037673723351624], "angle": -9.104117114114032e-06}, {"category": "PendantLamp", "position": [249.29350000000005, 251.842], "size": [16.53683967590331, 16.680389785766636], "angle": 0.0}, {"category": "TVStand", "position": [285.6355, 270.319], "size": [11.75419751195577, 54.57769567549895], "angle": -3.141583549472684}, {"category": "Shelf", "position": [259.6641426869232, 199.88411100007986], "size": [13.047239685058571, 11.643749999999983], "angle": 0.0}]}]}]}