{"seed": 1, "floorplan": [{"rooms": [{"category": "Bedroom", "corners": [[177.0, 212.0], [177.0, 288.0], [323.0, 288.0], [323.0, 212.0], [177.0, 212.0]], "objects": [{"category": "Nightstand", "position": [294.8599027657233, 281.65397559999167], "size": [8.919810104370072, 7.339739799499512], "angle": 3.141592653589793}, {"category": "Nightstand", "position": [222.52745453099453, 279.87388676045873], "size": [8.919810104370157, 7.339739799499512], "angle": 3.141592653589793}, {"category": "DoubleBed", "position": [257.8302048393733, 256.5065348875699], "size": [41.03730010986325, 63.49680175781248], "angle": 3.141592653589793}]}]}]}