{"seed": 1, "floorplan": [{"rooms": [{"category": "Bedroom", "corners": [[207.0, 204.0], [207.0, 296.0], [293.0, 296.0], [293.0, 204.0], [207.0, 204.0]], "objects": [{"category": "DoubleBed", "position": [255.29933701709044, 236.38821962952352], "size": [76.6199981689453, 64.36110076904296], "angle": 0.0}, {"category": "PendantLamp", "position": [255.07840000000002, 242.96290000000002], "size": [15.303210067749035, 15.084149551391619], "angle": 0.0}]}]}]}