{"seed": 1, "floorplan": [{"rooms": [{"category": "Bedroom", "corners": [[195.0, 194.0], [195.0, 306.0], [305.0, 306.0], [305.0, 194.0], [195.0, 194.0]], "objects": [{"category": "PendantLamp", "position": [250.36015, 245.49774999999997], "size": [30.86248114171668, 47.2702286344651], "angle": -9.104117113976961e-06}, {"category": "Cabinet", "position": [299.0315409760674, 246.50602386423168], "size": [54.12859338123404, 11.998608916803489], "angle": -1.5707872226777826}, {"category": "DoubleBed", "position": [226.42925081380213, 240.13974999999996], "size": [62.88957402149717, 81.86054446571227], "angle": -9.104117114313078e-06}]}]}]}