{"seed": 1, "floorplan": [{"rooms": [{"category": "Bedroom", "corners": [[307.0, 192.0], [306.0, 193.0], [193.0, 193.0], [193.0, 308.0], [194.0, 307.0], [307.0, 307.0], [307.0, 192.0]], "objects": [{"category": "DoubleBed", "position": [230.99852842980533, 238.98032821592548], "size": [74.96198312495972, 78.63551510453355], "angle": -9.104117114120679e-06}]}]}]}