{"seed": 1, "floorplan": [{"rooms": [{"category": "Bedroom", "corners": [[200.0, 191.0], [200.0, 309.0], [300.0, 309.0], [300.0, 191.0], [200.0, 191.0]], "objects": [{"category": "DoubleBed", "position": [266.0125, 257.43399999999997], "size": [72.03875552266265, 61.468159103171345], "angle": -1.5707872226777821}, {"category": "Cabinet", "position": [291.7535165420104, 294.22299999999996], "size": [13.593753596724225, 15.82931433963839], "angle": -1.5707872226777806}, {"category": "Cabinet", "position": [291.75919306746005, 221.38489076045786], "size": [15.829314339638335, 13.593753596724254], "angle": -3.141583549472678}, {"category": "PendantLamp", "position": [249.26949999999997, 256.216], "size": [11.705820465087896, 11.765969467163075], "angle": 0.0}]}]}]}