{"seed": 1, "floorplan": [{"rooms": [{"category": "Bedroom", "corners": [[198.0, 170.0], [198.0, 330.0], [302.0, 330.0], [302.0, 170.0], [198.0, 170.0]], "objects": [{"category": "DoubleBed", "position": [266.356224782748, 264.9475], "size": [57.25309576991743, 69.89207461336694], "angle": -1.5624542101086978}, {"category": "Nightstand", "position": [291.2441947450159, 220.63078766109095], "size": [17.689391012230526, 17.728721280577894], "angle": -1.5707872226777813}, {"category": "Nightstand", "position": [289.892451039522, 308.862212338909], "size": [17.689391012230526, 17.72872128057778], "angle": -1.5707872226777844}]}]}]}