{"seed": 1, "floorplan": [{"rooms": [{"category": "Bedroom", "corners": [[163.0, 201.0], [163.0, 298.0], [162.0, 299.0], [337.0, 299.0], [337.0, 268.0], [282.0, 268.0], [281.0, 267.0], [281.0, 202.0], [282.0, 201.0], [163.0, 201.0]], "objects": [{"category": "DoubleBed", "position": [213.48748776664505, 236.9621364169592], "size": [60.53009948730471, 65.02770080566404], "angle": 0.0}, {"category": "Nightstand", "position": [176.38705489343616, 209.95864055423448], "size": [17.42300949096682, 10.385459518432583], "angle": 0.0}, {"category": "Nightstand", "position": [250.77814664191777, 210.01152831508801], "size": [17.42300949096679, 10.385459518432583], "angle": 0.0}, {"category": "CeilingLamp", "position": [215.38600000000002, 250.43349999999998], "size": [17.489999771118164, 17.50125045776369], "angle": 0.0}]}]}]}