{"seed": 1, "floorplan": [{"rooms": [{"category": "Bedroom", "corners": [[200.0, 195.0], [200.0, 305.0], [300.0, 305.0], [300.0, 195.0], [200.0, 195.0]], "objects": [{"category": "DoubleBed", "position": [264.3538868234201, 257.6128594159293], "size": [67.80031514079575, 67.09471179304292], "angle": -1.5707872226777821}, {"category": "Nightstand", "position": [288.7902394269779, 222.48315798400517], "size": [15.030766954179931, 13.937617353535098], "angle": -1.5707872226777813}, {"category": "Nightstand", "position": [288.86444318058824, 294.5489854793237], "size": [15.030766954179931, 13.937617353535154], "angle": -1.5707872226777775}, {"category": "PendantLamp", "position": [252.541, 258.52750000000003], "size": [23.713259124755837, 21.437729644775374], "angle": 0.0}]}]}]}