{"seed": 1, "floorplan": [{"rooms": [{"category": "Bedroom", "corners": [[167.0, 194.0], [167.0, 306.0], [333.0, 306.0], [333.0, 194.0], [167.0, 194.0]], "objects": [{"category": "DoubleBed", "position": [233.2828, 231.50394999999995], "size": [60.659701538085926, 58.29210205078124], "angle": 0.0}, {"category": "Table", "position": [314.4622, 201.28435], "size": [29.395889282226562, 11.134859848022444], "angle": 0.0}, {"category": "CeilingLamp", "position": [244.15300000000002, 244.90794999999997], "size": [14.63999977111817, 15.172650146484386], "angle": 0.0}]}]}]}