{"seed": 1, "floorplan": [{"rooms": [{"category": "Bedroom", "corners": [[181.0, 208.0], [181.0, 292.0], [319.0, 292.0], [319.0, 208.0], [181.0, 208.0]], "objects": [{"category": "DoubleBed", "position": [255.68650000000002, 241.28373176700518], "size": [53.124000549316406, 62.435700988769554], "angle": 0.0}, {"category": "Nightstand", "position": [295.58601557126565, 217.6860437370518], "size": [14.419469833373967, 13.500000000000028], "angle": 0.0}, {"category": "Nightstand", "position": [215.51098442873436, 218.4234524005113], "size": [14.419469833374023, 13.500000000000028], "angle": 0.0}, {"category": "PendantLamp", "position": [254.55849999999998, 249.81550000000004], "size": [25.894679260253895, 25.894679260253895], "angle": 0.0}]}]}]}