{"seed": 1, "floorplan": [{"rooms": [{"category": "Bedroom", "corners": [[198.0, 193.0], [198.0, 307.0], [302.0, 307.0], [302.0, 215.0], [226.0, 215.0], [225.0, 214.0], [225.0, 193.0], [198.0, 193.0]], "objects": [{"category": "DoubleBed", "position": [267.94876807977124, 269.8845974285888], "size": [56.0060091551656, 64.08658198956006], "angle": -1.570787222677782}]}]}]}