{"seed": 1, "floorplan": [{"rooms": [{"category": "Bedroom", "corners": [[186.0, 198.0], [186.0, 302.0], [314.0, 302.0], [314.0, 198.0], [186.0, 198.0]], "objects": [{"category": "DoubleBed", "position": [262.1741605206803, 234.5869651400958], "size": [63.094500732421864, 67.69740142822266], "angle": 0.0}, {"category": "CornerSideTable", "position": [303.9240795032615, 206.3289285753561], "size": [17.78927993774414, 17.824439620971674], "angle": 0.0}, {"category": "Table", "position": [211.37193201845778, 216.0670887881876], "size": [40.54829864501954, 14.754120254516607], "angle": 0.0}]}]}]}