{"seed": 1, "floorplan": [{"rooms": [{"category": "Bedroom", "corners": [[262.0, 176.0], [262.0, 227.0], [261.0, 228.0], [203.0, 228.0], [203.0, 324.0], [297.0, 324.0], [297.0, 176.0], [262.0, 176.0]], "objects": [{"category": "DoubleBed", "position": [237.74233428981114, 281.467], "size": [68.56832597810309, 71.4177522493215], "angle": -9.10411711437616e-06}]}]}]}