{"seed": 1, "floorplan": [{"rooms": [{"category": "Bedroom", "corners": [[200.0, 182.0], [200.0, 318.0], [300.0, 318.0], [300.0, 182.0], [200.0, 182.0]], "objects": [{"category": "DoubleBed", "position": [264.72018002273006, 259.7065862936186], "size": [68.64512568853027, 67.39201369406246], "angle": -3.141583549472679}, {"category": "Nightstand", "position": [290.0920413792369, 212.84563349457108], "size": [17.27429121807885, 12.318551108731532], "angle": -1.56299377740616}, {"category": "Nightstand", "position": [288.8917640956136, 303.50659834864655], "size": [17.27451716374209, 12.318712233906817], "angle": -1.5707872226777844}, {"category": "TVStand", "position": [208.339, 261.8005], "size": [60.000546254486615, 12.086300068551207], "angle": -1.5708054309120105}]}]}]}