{"seed": 1, "floorplan": [{"rooms": [{"category": "Bedroom", "corners": [[205.0, 180.0], [205.0, 320.0], [283.0, 320.0], [283.0, 292.0], [284.0, 291.0], [295.0, 291.0], [295.0, 180.0], [205.0, 180.0]], "objects": [{"category": "DoubleBed", "position": [241.9709667077653, 247.46650000000002], "size": [74.2338759102188, 55.227803828073384], "angle": -9.104117114196824e-06}, {"category": "CeilingLamp", "position": [253.90810000000002, 249.3829], "size": [17.501409793373433, 17.490159004298928], "angle": -9.10411711554126e-06}]}]}]}