{"seed": 1, "floorplan": [{"rooms": [{"category": "Bedroom", "corners": [[211.0, 186.0], [211.0, 312.0], [210.0, 313.0], [210.0, 314.0], [290.0, 314.0], [289.0, 313.0], [289.0, 201.0], [247.0, 201.0], [246.0, 200.0], [246.0, 186.0], [211.0, 186.0]], "objects": [{"category": "DoubleBed", "position": [245.6069496181413, 245.83450000000002], "size": [69.89283602249238, 57.2537194891277], "angle": -9.104117114156565e-06}, {"category": "Nightstand", "position": [219.51233514634635, 206.68253975107498], "size": [17.728721280577837, 17.689391012230526], "angle": -9.104117114543738e-06}, {"category": "Nightstand", "position": [219.513099456898, 284.78246024892496], "size": [17.728721280577837, 17.689391012230526], "angle": -9.104117112940593e-06}, {"category": "PendantLamp", "position": [248.85699999999997, 247.49650000000003], "size": [21.415874142215017, 20.47044622336584], "angle": -1.5708054309120114}]}]}]}