{"seed": 1, "floorplan": [{"rooms": [{"category": "Bedroom", "corners": [[267.0, 159.0], [267.0, 224.0], [266.0, 225.0], [197.0, 225.0], [197.0, 341.0], [303.0, 341.0], [303.0, 159.0], [267.0, 159.0]], "objects": [{"category": "DoubleBed", "position": [234.18399949170689, 288.62770000000006], "size": [65.25119372762386, 73.22316571978338], "angle": -1.5708054309120107}, {"category": "TVStand", "position": [295.4370330756693, 288.52000000000004], "size": [67.13161245858224, 14.031368207057753], "angle": -1.5707872226777826}, {"category": "PendantLamp", "position": [248.51649999999998, 289.31800000000004], "size": [31.665600585937483, 31.66560058593751], "angle": 0.0}]}]}]}