{"seed": 1, "floorplan": [{"rooms": [{"category": "Bedroom", "corners": [[141.0, 193.0], [141.0, 223.0], [240.0, 223.0], [241.0, 224.0], [241.0, 307.0], [359.0, 307.0], [359.0, 193.0], [141.0, 193.0]], "objects": [{"category": "Nightstand", "position": [256.96382277074156, 299.172278612691], "size": [17.32860031127933, 12.576809692382824], "angle": 3.141592653589793}, {"category": "Nightstand", "position": [342.4267772292584, 299.6226435550537], "size": [17.32860031127933, 12.57680969238288], "angle": 3.141592653589793}, {"category": "Cabinet", "position": [299.914, 201.4375], "size": [57.41489868164058, 12.221190261840832], "angle": 0.0}, {"category": "DoubleBed", "position": [299.938, 271.1109077623946], "size": [68.11260223388672, 67.72260131835938], "angle": 3.141592653589793}]}]}]}