{"seed": 1, "floorplan": [{"rooms": [{"category": "Bedroom", "corners": [[204.0, 199.0], [204.0, 301.0], [205.0, 300.0], [296.0, 300.0], [296.0, 199.0], [204.0, 199.0]], "objects": [{"category": "DoubleBed", "position": [260.2242717320294, 259.614293268132], "size": [63.88048117519727, 70.06743783182148], "angle": -1.5707872226777821}, {"category": "Nightstand", "position": [290.27559137286784, 220.8261622817808], "size": [15.174527799744606, 15.111377581870679], "angle": -1.5707872226777853}, {"category": "Nightstand", "position": [290.3461791530817, 295.4038659237046], "size": [15.174527799744578, 15.111377581870736], "angle": -1.5707872226777815}]}]}]}