{"seed": 1, "floorplan": [{"rooms": [{"category": "Bedroom", "corners": [[186.0, 205.0], [186.0, 265.0], [187.0, 266.0], [187.0, 294.0], [186.0, 295.0], [314.0, 295.0], [314.0, 268.0], [298.0, 268.0], [297.0, 267.0], [297.0, 205.0], [186.0, 205.0]], "objects": [{"category": "DoubleBed", "position": [237.9529109320693, 240.98493143750505], "size": [62.32380065917971, 69.33539886474608], "angle": 0.0}, {"category": "Nightstand", "position": [267.2687856701971, 208.77549438172872], "size": [16.5, 12.899999999999977], "angle": 0.0}, {"category": "Nightstand", "position": [208.57383163693163, 208.7826256927143], "size": [16.5, 12.899999999999977], "angle": 0.0}]}]}]}