{"seed": 1, "floorplan": [{"rooms": [{"category": "Bedroom", "corners": [[189.0, 212.0], [189.0, 288.0], [311.0, 288.0], [311.0, 212.0], [189.0, 212.0]], "objects": [{"category": "DoubleBed", "position": [277.20582597109205, 242.92395825806625], "size": [54.80839693355468, 68.51702393633413], "angle": -1.5707872226777821}, {"category": "Nightstand", "position": [303.33716643269855, 279.9325], "size": [14.192769136316283, 15.803544299115616], "angle": -1.5707872226777837}, {"category": "Cabinet", "position": [231.85896504194608, 243.0498546953245], "size": [36.00032775269193, 16.976494278375323], "angle": -1.5707872226777828}]}]}]}