{"seed": 1, "floorplan": [{"rooms": [{"category": "Bedroom", "corners": [[241.0, 159.0], [241.0, 191.0], [244.0, 194.0], [241.0, 197.0], [241.0, 259.0], [243.0, 259.0], [244.0, 260.0], [244.0, 261.0], [243.0, 262.0], [183.0, 262.0], [183.0, 337.0], [264.0, 337.0], [265.0, 338.0], [265.0, 341.0], [266.0, 340.0], [266.0, 338.0], [267.0, 337.0], [267.0, 333.0], [268.0, 332.0], [268.0, 329.0], [269.0, 328.0], [269.0, 326.0], [270.0, 325.0], [270.0, 322.0], [271.0, 321.0], [271.0, 319.0], [272.0, 318.0], [272.0, 315.0], [273.0, 314.0], [273.0, 312.0], [274.0, 311.0], [274.0, 308.0], [275.0, 307.0], [275.0, 305.0], [276.0, 304.0], [276.0, 301.0], [277.0, 300.0], [277.0, 298.0], [278.0, 297.0], [278.0, 294.0], [279.0, 293.0], [279.0, 291.0], [280.0, 290.0], [280.0, 287.0], [281.0, 286.0], [281.0, 284.0], [282.0, 283.0], [282.0, 280.0], [283.0, 279.0], [283.0, 277.0], [284.0, 276.0], [284.0, 273.0], [285.0, 272.0], [285.0, 270.0], [286.0, 269.0], [286.0, 266.0], [287.0, 265.0], [287.0, 262.0], [288.0, 261.0], [309.0, 261.0], [310.0, 260.0], [317.0, 260.0], [317.0, 159.0], [241.0, 159.0]], "objects": [{"category": "DoubleBed", "position": [227.80198307017906, 303.29734877027363], "size": [61.823061931430914, 70.34674030139324], "angle": -1.5707872226777824}, {"category": "Chair", "position": [258.60994525612216, 267.50158595823086], "size": [12.93055456544224, 13.50599257782011], "angle": -1.5669935610903825}, {"category": "PendantLamp", "position": [223.096, 301.288], "size": [24.271499633789062, 24.271499633789062], "angle": 0.0}]}]}]}