{"seed": 1, "floorplan": [{"rooms": [{"category": "Bedroom", "corners": [[204.0, 188.0], [204.0, 312.0], [296.0, 312.0], [296.0, 188.0], [204.0, 188.0]], "objects": [{"category": "DoubleBed", "position": [242.41178392539575, 261.403], "size": [75.23498670906051, 83.90806676878931], "angle": -9.104117114157611e-06}, {"category": "Nightstand", "position": [211.52437516384057, 222.69963540407502], "size": [14.126468331287219, 14.126468331287247], "angle": -9.10411711336097e-06}, {"category": "Nightstand", "position": [211.52437516384057, 297.61936459592505], "size": [14.126468331287247, 14.126468331287247], "angle": -9.104117115372899e-06}, {"category": "PendantLamp", "position": [248.86450000000002, 257.563], "size": [24.71057968139644, 24.710609436035128], "angle": 0.0}]}]}]}