{"seed": 1, "floorplan": [{"rooms": [{"category": "Bedroom", "corners": [[202.0, 193.0], [202.0, 307.0], [298.0, 307.0], [298.0, 193.0], [202.0, 193.0]], "objects": [{"category": "DoubleBed", "position": [264.8229654965817, 255.74536712373902], "size": [60.88765455058774, 65.97090090251069], "angle": -1.5707872226777826}, {"category": "Cabinet", "position": [289.85189267424784, 297.00099862942324], "size": [16.39211929870907, 9.241524146371981], "angle": -1.5707872226777821}, {"category": "PendantLamp", "position": [250.00150000000002, 254.22699999999998], "size": [58.44989776611328, 3.6000000000000227], "angle": 0.0}]}]}]}