{"seed": 1, "floorplan": [{"rooms": [{"category": "Bedroom", "corners": [[264.0, 186.0], [264.0, 212.0], [263.0, 213.0], [210.0, 213.0], [210.0, 314.0], [288.0, 314.0], [288.0, 213.0], [289.0, 212.0], [290.0, 212.0], [290.0, 186.0], [264.0, 186.0]], "objects": [{"category": "DoubleBed", "position": [245.9150711621162, 265.2536327679994], "size": [62.43456410191361, 69.9714360520071], "angle": -1.5685439486093202}, {"category": "Cabinet", "position": [237.39053260586275, 222.8705038220383], "size": [18.67986030578615, 19.368269348144537], "angle": 0.0}, {"category": "Nightstand", "position": [215.9001075659071, 301.56313162484855], "size": [8.878340870106193, 11.027500222160356], "angle": -9.104117105964057e-06}, {"category": "PendantLamp", "position": [250.02250000000004, 266.626], "size": [17.20728034973149, 34.916999816894474], "angle": 0.0}]}]}]}