{"seed": 1, "floorplan": [{"rooms": [{"category": "Bedroom", "corners": [[199.0, 194.0], [199.0, 306.0], [301.0, 306.0], [301.0, 194.0], [199.0, 194.0]], "objects": [{"category": "DoubleBed", "position": [265.0100774333548, 257.71697591551964], "size": [66.1323006873496, 71.21374801166345], "angle": -1.5707872226777826}, {"category": "CeilingLamp", "position": [247.2535, 255.6235], "size": [16.5, 16.500000000000057], "angle": 0.0}]}]}]}