{"seed": 1, "floorplan": [{"rooms": [{"category": "Bedroom", "corners": [[203.0, 187.0], [203.0, 313.0], [297.0, 313.0], [297.0, 187.0], [203.0, 187.0]], "objects": [{"category": "DoubleBed", "position": [259.0943958026392, 251.54142101058534], "size": [58.21402944043784, 74.3958753709274], "angle": -1.5707872226777824}, {"category": "Nightstand", "position": [292.75731367060854, 285.5680638111224], "size": [13.277220868768719, 16.59654124952061], "angle": -3.1415835494726765}, {"category": "PendantLamp", "position": [244.74999999999997, 241.74985], "size": [47.27022863446507, 30.86248114171671], "angle": -1.5707872226777821}]}]}]}