{"seed": 1, "floorplan": [{"rooms": [{"category": "Bedroom", "corners": [[199.0, 199.0], [199.0, 301.0], [301.0, 301.0], [301.0, 199.0], [199.0, 199.0]], "objects": [{"category": "DoubleBed", "position": [265.7185321597252, 250.90686839492187], "size": [63.88048117519721, 70.06743783182148], "angle": -1.5707872226777821}, {"category": "PendantLamp", "position": [240.57849999999996, 250.62850000000003], "size": [5.121629905700672, 1.1952359676361084], "angle": 0.0}, {"category": "Cabinet", "position": [296.64222497059035, 291.37435926753244], "size": [15.342770069363942, 13.196249748904389], "angle": -1.5707872226777828}]}]}]}