{"seed": 1, "floorplan": [{"rooms": [{"category": "Bedroom", "corners": [[264.0, 201.0], [264.0, 212.0], [263.0, 213.0], [208.0, 213.0], [208.0, 299.0], [292.0, 299.0], [292.0, 201.0], [264.0, 201.0]], "objects": [{"category": "DoubleBed", "position": [244.60997305103564, 252.34235842830026], "size": [72.88289794921877, 76.80030212402343], "angle": 0.0}, {"category": "PendantLamp", "position": [262.17640000000006, 244.7266], "size": [15.851339721679722, 15.83067054748534], "angle": 0.0}]}]}]}