{"seed": 1, "floorplan": [{"rooms": [{"category": "Bedroom", "corners": [[203.0, 209.0], [203.0, 291.0], [297.0, 291.0], [297.0, 209.0], [203.0, 209.0]], "objects": [{"category": "SingleBed", "position": [236.54499999999996, 232.117], "size": [63.740079201154664, 46.80102575436925], "angle": -9.104117113886522e-06}, {"category": "Table", "position": [275.70547769715733, 283.3100854209415], "size": [39.7992004394531, 15.941370391845737], "angle": 3.141592653589793}, {"category": "Armchair", "position": [275.91394564124425, 266.95098182742595], "size": [15.41652030944823, 14.978400421142624], "angle": 0.0}]}]}]}