{"seed": 1, "floorplan": [{"rooms": [{"category": "Bedroom", "corners": [[314.0, 209.0], [313.0, 210.0], [186.0, 210.0], [186.0, 291.0], [187.0, 290.0], [314.0, 290.0], [314.0, 209.0]], "objects": [{"category": "DoubleBed", "position": [270.4443262333257, 255.64231450684395], "size": [70.36593908458049, 84.79787589514336], "angle": -1.570787222677782}, {"category": "CeilingLamp", "position": [256.11400000000003, 257.164], "size": [24.00000000000003, 24.0], "angle": 3.141592653589793}]}]}]}