{"seed": 1, "floorplan": [{"rooms": [{"category": "Bedroom", "corners": [[268.0, 182.0], [268.0, 231.0], [267.0, 232.0], [194.0, 232.0], [194.0, 318.0], [306.0, 318.0], [306.0, 182.0], [268.0, 182.0]], "objects": [{"category": "DoubleBed", "position": [231.04424915765392, 276.4240592711566], "size": [27.99439396452244, 66.82410691242097], "angle": -9.104117114011195e-06}, {"category": "Sofa", "position": [273.2343733999987, 277.80418277203574], "size": [27.99556585019153, 14.07426792013331], "angle": -1.5708054309120112}, {"category": "CeilingLamp", "position": [241.58605000000003, 268.25604999999996], "size": [14.191890335083002, 14.200980377197254], "angle": 0.0}]}]}]}