{"seed": 1, "floorplan": [{"rooms": [{"category": "Bedroom", "corners": [[199.0, 183.0], [199.0, 317.0], [301.0, 317.0], [301.0, 199.0], [266.0, 199.0], [265.0, 198.0], [265.0, 183.0], [199.0, 183.0]], "objects": [{"category": "DoubleBed", "position": [235.156, 255.68350000000004], "size": [69.92433502752604, 62.957374016200504], "angle": -9.104117114327979e-06}, {"category": "Nightstand", "position": [207.56799999999998, 210.75850000000003], "size": [14.547792128633732, 14.591353316237248], "angle": -9.104117113813794e-06}, {"category": "Nightstand", "position": [207.43, 300.3805], "size": [14.547792128633732, 14.591353316237305], "angle": -9.104117113813794e-06}, {"category": "PendantLamp", "position": [250.20100000000002, 256.8835], "size": [29.162729644775396, 29.162729644775368], "angle": 0.0}]}]}]}