{"seed": 1, "floorplan": [{"rooms": [{"category": "Bedroom", "corners": [[184.0, 194.0], [184.0, 306.0], [316.0, 306.0], [316.0, 194.0], [184.0, 194.0]], "objects": [{"category": "DoubleBed", "position": [226.894, 271.4001666666818], "size": [45.34709930419922, 68.55000000000001], "angle": 3.141592653589793}, {"category": "Cabinet", "position": [191.61400000000003, 299.54650000000004], "size": [15.005069732666016, 12.418200302124035], "angle": 3.141592653589793}, {"category": "Cabinet", "position": [269.824, 299.54650000000004], "size": [15.005069732666016, 12.418200302124035], "angle": 3.141592653589793}, {"category": "PendantLamp", "position": [237.78700000000003, 253.59550000000002], "size": [31.775099945068376, 30.947399139404297], "angle": 3.141592653589793}]}]}]}