{"seed": 1, "floorplan": [{"rooms": [{"category": "Bedroom", "corners": [[198.0, 209.0], [198.0, 291.0], [302.0, 291.0], [302.0, 241.0], [285.0, 241.0], [284.0, 240.0], [284.0, 238.0], [285.0, 237.0], [298.0, 237.0], [298.0, 209.0], [198.0, 209.0]], "objects": [{"category": "DoubleBed", "position": [241.02790374058807, 259.3266655078146], "size": [56.00549926757816, 64.08599853515625], "angle": 3.141592653589793}, {"category": "CornerSideTable", "position": [206.27139347173753, 279.92079902398825], "size": [13.406260955041146, 13.406260955041173], "angle": -1.5243669014444219}, {"category": "CornerSideTable", "position": [275.64715842932515, 279.2073284960645], "size": [13.406260955041146, 13.4062609550412], "angle": -1.5243669014444219}, {"category": "Cabinet", "position": [292.7200545162434, 257.2380697188371], "size": [18.41920798985193, 66.0006008799352], "angle": -3.141583549472678}]}]}]}