{"seed": 1, "floorplan": [{"rooms": [{"category": "Bedroom", "corners": [[181.0, 163.0], [181.0, 181.0], [179.0, 183.0], [173.0, 183.0], [173.0, 233.0], [180.0, 233.0], [181.0, 234.0], [181.0, 336.0], [180.0, 337.0], [327.0, 337.0], [327.0, 163.0], [289.0, 163.0], [289.0, 177.0], [288.0, 178.0], [283.0, 178.0], [282.0, 177.0], [282.0, 163.0], [181.0, 163.0]], "objects": [{"category": "PendantLamp", "position": [253.6, 259.8574], "size": [8.937831234103626, 8.9201911504098], "angle": -1.5707872226777833}, {"category": "DoubleBed", "position": [215.96439999999998, 294.05199999999996], "size": [62.51756898675514, 60.16044913849048], "angle": -9.104117113559237e-06}]}]}]}