{"seed": 1, "floorplan": [{"rooms": [{"category": "Bedroom", "corners": [[205.0, 175.0], [204.0, 176.0], [204.0, 324.0], [205.0, 325.0], [233.0, 325.0], [233.0, 301.0], [234.0, 300.0], [296.0, 300.0], [296.0, 175.0], [205.0, 175.0]], "objects": [{"category": "DoubleBed", "position": [261.1580203321618, 234.11463742289672], "size": [68.56832597810306, 71.4177522493215], "angle": -3.1415835494726787}, {"category": "Nightstand", "position": [288.00564209913586, 191.89629229011067], "size": [18.64471930502769, 17.997973457234178], "angle": -1.5707872226777824}]}]}]}