{"seed": 1, "floorplan": [{"rooms": [{"category": "Bedroom", "corners": [[198.0, 194.0], [198.0, 306.0], [302.0, 306.0], [302.0, 194.0], [198.0, 194.0]], "objects": [{"category": "DoubleBed", "position": [234.19922647693244, 250.10899451605468], "size": [71.78015331479153, 58.57733230855158], "angle": -9.104117114438544e-06}, {"category": "Nightstand", "position": [205.7700298018718, 290.18953048520063], "size": [9.280305490069933, 6.962351714057794], "angle": -1.5589610066492703}, {"category": "PendantLamp", "position": [203.10201840920172, 291.63202910856415], "size": [8.692440032958984, 8.793569755554131], "angle": 0.0}, {"category": "CeilingLamp", "position": [252.10900000000004, 249.88000000000002], "size": [17.489999771118164, 17.50125045776366], "angle": 0.0}]}]}]}