{"seed": 1, "floorplan": [{"rooms": [{"category": "Bedroom", "corners": [[240.0, 180.0], [240.0, 198.0], [239.0, 199.0], [204.0, 199.0], [204.0, 320.0], [296.0, 320.0], [296.0, 180.0], [240.0, 180.0]], "objects": [{"category": "DoubleBed", "position": [261.6445, 256.459], "size": [60.20574984388399, 43.34559268423059], "angle": -3.1415835494726787}, {"category": "Nightstand", "position": [293.751385080038, 218.59235344245477], "size": [11.3908934994224, 15.813804020817672], "angle": -9.104117116220528e-06}, {"category": "Nightstand", "position": [289.8865, 294.298], "size": [11.3908934994224, 15.813804020817672], "angle": -9.104117113725403e-06}, {"category": "CeilingLamp", "position": [249.33550000000002, 257.278], "size": [16.891679763793974, 16.99323005676274], "angle": 0.0}]}]}]}