{"seed": 1, "floorplan": [{"rooms": [{"category": "Bedroom", "corners": [[198.0, 202.0], [198.0, 298.0], [302.0, 298.0], [302.0, 202.0], [198.0, 202.0]], "objects": [{"category": "DoubleBed", "position": [233.07250000000002, 261.346], "size": [68.55062409575093, 45.34751215514002], "angle": -9.10411711427681e-06}, {"category": "Cabinet", "position": [204.39583350125417, 228.319], "size": [12.418313360417855, 15.005206342443714], "angle": -9.104117115009e-06}, {"category": "PendantLamp", "position": [254.9275, 249.523], "size": [31.775099945068376, 30.947399139404325], "angle": 0.0}]}]}]}