{"seed": 1, "floorplan": [{"rooms": [{"category": "Bedroom", "corners": [[274.0, 163.0], [274.0, 221.0], [273.0, 222.0], [197.0, 222.0], [197.0, 337.0], [303.0, 337.0], [303.0, 163.0], [274.0, 163.0]], "objects": [{"category": "TVStand", "position": [296.32016666668744, 284.2633], "size": [63.000573567210864, 13.500122907259506], "angle": -1.5707872226777824}, {"category": "PendantLamp", "position": [249.10449999999997, 285.0613], "size": [23.706239318847622, 21.171869659423805], "angle": 0.0}, {"category": "DoubleBed", "position": [238.79013329256588, 283.18690000000004], "size": [82.66755254526367, 71.38834982099262], "angle": -9.104117113829535e-06}]}]}]}