{"seed": 1, "floorplan": [{"rooms": [{"category": "Bedroom", "corners": [[201.0, 206.0], [201.0, 294.0], [299.0, 294.0], [299.0, 206.0], [201.0, 206.0]], "objects": [{"category": "DoubleBed", "position": [262.5426304210333, 239.75791235572035], "size": [48.486598205566395, 66.6765014648438], "angle": 0.0}, {"category": "Nightstand", "position": [229.6952343244713, 213.63430121819582], "size": [16.417469787597668, 10.499999999999972], "angle": 0.0}]}]}]}