{"seed": 1, "floorplan": [{"rooms": [{"category": "Bedroom", "corners": [[203.0, 202.0], [203.0, 298.0], [297.0, 298.0], [297.0, 202.0], [203.0, 202.0]], "objects": [{"category": "DoubleBed", "position": [248.59141153007675, 237.5859272543667], "size": [61.82249908447267, 70.34609985351562], "angle": 0.0}, {"category": "Nightstand", "position": [287.0808201659941, 208.08395646701763], "size": [11.252220153808594, 11.252220153808594], "angle": 0.0}, {"category": "Nightstand", "position": [210.35737074732435, 207.9246464131213], "size": [11.252220153808594, 11.252220153808565], "angle": 0.0}, {"category": "PendantLamp", "position": [247.7185, 242.90800000000002], "size": [28.891500091552757, 9.024120140075695], "angle": 0.0}]}]}]}