{"seed": 1, "floorplan": [{"rooms": [{"category": "Bedroom", "corners": [[194.0, 206.0], [194.0, 294.0], [306.0, 294.0], [306.0, 206.0], [194.0, 206.0]], "objects": [{"category": "DoubleBed", "position": [246.59039718733789, 240.48314257347377], "size": [52.93229827880859, 58.611300659179676], "angle": 0.0}, {"category": "Nightstand", "position": [210.72202763810384, 215.72871401929652], "size": [12.0, 11.613660049438465], "angle": 0.0}, {"category": "CeilingLamp", "position": [242.33049999999997, 250.03000000000003], "size": [19.34504928588865, 19.34504928588865], "angle": 0.0}]}]}]}