{"seed": 1, "floorplan": [{"rooms": [{"category": "Bedroom", "corners": [[170.0, 185.0], [170.0, 315.0], [324.0, 315.0], [324.0, 292.0], [325.0, 291.0], [330.0, 291.0], [330.0, 219.0], [325.0, 219.0], [324.0, 218.0], [324.0, 185.0], [170.0, 185.0]], "objects": [{"category": "DoubleBed", "position": [256.46229999999997, 222.01639145133913], "size": [55.2273010253906, 74.23320007324216], "angle": 0.0}, {"category": "PendantLamp", "position": [248.64999999999998, 245.58100000000002], "size": [26.626261138915993, 26.387310791015636], "angle": 0.0}, {"category": "Nightstand", "position": [298.0631785288941, 192.9652234288116], "size": [24.08177947998047, 12.243929672241194], "angle": 0.0}, {"category": "Nightstand", "position": [212.59552147110583, 192.9652234288116], "size": [24.08177947998047, 12.243929672241194], "angle": 0.0}]}]}]}