{"seed": 1, "floorplan": [{"rooms": [{"category": "Bedroom", "corners": [[182.0, 203.0], [182.0, 297.0], [298.0, 297.0], [298.0, 276.0], [299.0, 275.0], [318.0, 275.0], [318.0, 222.0], [317.0, 223.0], [316.0, 223.0], [315.0, 222.0], [314.0, 223.0], [302.0, 223.0], [301.0, 222.0], [299.0, 222.0], [298.0, 221.0], [298.0, 203.0], [182.0, 203.0]], "objects": [{"category": "DoubleBed", "position": [248.13655, 240.28478394439634], "size": [74.0757019042968, 74.11050109863277], "angle": 0.0}, {"category": "CeilingLamp", "position": [247.33974999999998, 248.67444999999998], "size": [22.690319824218733, 22.689090728759766], "angle": 0.0}]}]}]}