{"seed": 1, "floorplan": [{"rooms": [{"category": "Bedroom", "corners": [[199.0, 181.0], [199.0, 318.0], [301.0, 318.0], [302.0, 319.0], [302.0, 318.0], [301.0, 317.0], [301.0, 199.0], [302.0, 198.0], [237.0, 198.0], [237.0, 215.0], [236.0, 216.0], [234.0, 216.0], [233.0, 215.0], [233.0, 182.0], [200.0, 182.0], [199.0, 181.0]], "objects": [{"category": "PendantLamp", "position": [289.4223546030977, 304.03786426694296], "size": [23.250629425048828, 7.498860168456986], "angle": 0.0}, {"category": "PendantLamp", "position": [289.4223546030977, 225.01126426694293], "size": [23.250629425048828, 7.498860168457043], "angle": 0.0}, {"category": "PendantLamp", "position": [250.00256766025942, 263.9911667151459], "size": [5.714460182189953, 6.300600242614792], "angle": 0.0}, {"category": "DoubleBed", "position": [267.13533230258724, 264.4242835093779], "size": [58.29263275615256, 60.66025379865461], "angle": -3.1415835494726796}]}]}]}