{"seed": 1, "floorplan": [{"rooms": [{"category": "Bedroom", "corners": [[269.0, 186.0], [269.0, 203.0], [268.0, 204.0], [195.0, 204.0], [195.0, 314.0], [305.0, 314.0], [305.0, 186.0], [269.0, 186.0]], "objects": [{"category": "DoubleBed", "position": [230.4721, 267.8785], "size": [66.45720598908898, 65.3408933357672], "angle": -9.1041171143198e-06}, {"category": "CeilingLamp", "position": [251.563, 263.0974], "size": [16.65182991027831, 16.489350128173783], "angle": 0.0}]}]}]}