{"seed": 1, "floorplan": [{"rooms": [{"category": "Bedroom", "corners": [[204.0, 203.0], [204.0, 297.0], [297.0, 297.0], [297.0, 203.0], [204.0, 203.0]], "objects": [{"category": "DoubleBed", "position": [235.0, 234.85000000000002], "size": [60.20574984388399, 43.34559268423053], "angle": -9.104117114235013e-06}, {"category": "Table", "position": [258.2842837437993, 290.4043470732626], "size": [33.52589950561523, 17.563919448852516], "angle": 3.141592653589793}, {"category": "Chair", "position": [257.454771890599, 292.51606209960573], "size": [14.146290206909185, 14.18147964477538], "angle": 0.0}]}]}]}