{"seed": 1, "floorplan": [{"rooms": [{"category": "Bedroom", "corners": [[201.0, 196.0], [201.0, 305.0], [202.0, 304.0], [298.0, 304.0], [299.0, 305.0], [299.0, 207.0], [225.0, 207.0], [224.0, 206.0], [224.0, 197.0], [225.0, 196.0], [201.0, 196.0]], "objects": [{"category": "DoubleBed", "position": [261.98057402057213, 252.81304466562477], "size": [65.31299238595174, 73.28976636274729], "angle": -1.5707872226777828}, {"category": "Nightstand", "position": [293.33016014111956, 293.17074956294874], "size": [14.626603728715379, 24.07128924771095], "angle": -3.1415835494726796}, {"category": "Nightstand", "position": [293.99205162297443, 217.00014586347186], "size": [24.071289247710922, 14.626603728715379], "angle": -1.5707872226777828}]}]}]}