{"seed": 1, "floorplan": [{"rooms": [{"category": "Bedroom", "corners": [[199.0, 183.0], [199.0, 317.0], [301.0, 317.0], [301.0, 183.0], [199.0, 183.0]], "objects": [{"category": "DoubleBed", "position": [235.6340492316113, 237.37456424943088], "size": [72.47045806134943, 68.92862588918999], "angle": -9.104117114185387e-06}, {"category": "Nightstand", "position": [207.01899470247682, 275.5916752385907], "size": [18.900213110305987, 11.78170289828571], "angle": -1.5678378030382836}, {"category": "Nightstand", "position": [204.12543955359476, 195.619447935134], "size": [18.900213110305987, 11.781702898285683], "angle": -1.5678378030382836}, {"category": "CeilingLamp", "position": [249.99549999999996, 244.216], "size": [12.179999542236317, 12.179999542236317], "angle": 0.0}]}]}]}