{"seed": 1, "floorplan": [{"rooms": [{"category": "Bedroom", "corners": [[195.0, 194.0], [195.0, 306.0], [305.0, 306.0], [305.0, 194.0], [195.0, 194.0]], "objects": [{"category": "PendantLamp", "position": [250.36015, 245.49774999999997], "size": [13.773275265908048, 13.773275265908048], "angle": -9.104117114523194e-06}, {"category": "DoubleBed", "position": [226.8709197567013, 243.86791774935432], "size": [63.497677397122224, 75.9492922234416], "angle": -9.104117113794861e-06}, {"category": "TVStand", "position": [299.74623304935454, 248.37066970724317], "size": [48.69374470717408, 10.479335823015395], "angle": -1.5707872226777817}]}]}]}