{"seed": 1, "floorplan": [{"rooms": [{"category": "Bedroom", "corners": [[209.0, 186.0], [209.0, 290.0], [208.0, 291.0], [208.0, 314.0], [292.0, 314.0], [292.0, 186.0], [209.0, 186.0]], "objects": [{"category": "DoubleBed", "position": [260.207072951318, 229.8103147235783], "size": [81.86054446571228, 62.88957402149717], "angle": -1.5707872226777826}, {"category": "Table", "position": [276.14542060822146, 308.1042130308825], "size": [30.00059967041011, 14.070150375366211], "angle": 3.141592653589793}, {"category": "Armchair", "position": [275.138646601099, 303.2263678987777], "size": [15.090689849853513, 17.24214019775386], "angle": -0.4139393523018148}]}]}]}