{"seed": 1, "floorplan": [{"rooms": [{"category": "Bedroom", "corners": [[204.0, 195.0], [204.0, 303.0], [203.0, 304.0], [203.0, 305.0], [296.0, 305.0], [296.0, 197.0], [297.0, 196.0], [297.0, 195.0], [204.0, 195.0]], "objects": [{"category": "Nightstand", "position": [208.1728253353504, 205.34196112031768], "size": [13.433732837501712, 20.247904677048638], "angle": -9.104117115473067e-06}, {"category": "Nightstand", "position": [210.10023708698876, 277.9315106911093], "size": [20.24790467704861, 13.433732837501738], "angle": -1.5708054309120105}, {"category": "DoubleBed", "position": [235.0895328809728, 241.44509873825842], "size": [58.61183427061219, 52.93278018723222], "angle": -9.104117114659648e-06}, {"category": "CeilingLamp", "position": [249.77650000000003, 246.1975], "size": [20.625389099121065, 20.385990142822266], "angle": 0.0}]}]}]}