{"seed": 1, "floorplan": [{"rooms": [{"category": "Bedroom", "corners": [[199.0, 176.0], [199.0, 324.0], [301.0, 324.0], [301.0, 176.0], [199.0, 176.0]], "objects": [{"category": "DoubleBed", "position": [249.42076522575724, 289.9951921642073], "size": [70.65179901123045, 65.13929901123043], "angle": 3.141592653589793}, {"category": "Table", "position": [213.60602007489803, 216.5223952288373], "size": [29.63157088746299, 78.95381939402789], "angle": -9.104117114226726e-06}, {"category": "Chair", "position": [225.73163236745202, 207.00887562555957], "size": [15.45951450896702, 16.643811237411327], "angle": -3.102823178037666}]}]}]}