{"seed": 1, "floorplan": [{"rooms": [{"category": "Bedroom", "corners": [[198.0, 160.0], [198.0, 340.0], [302.0, 340.0], [302.0, 196.0], [234.0, 196.0], [233.0, 195.0], [233.0, 160.0], [198.0, 160.0]], "objects": [{"category": "DoubleBed", "position": [265.3660005082931, 278.3095], "size": [65.25119372762383, 73.22316571978338], "angle": -1.5707872226777821}, {"category": "TVStand", "position": [205.01296692433067, 274.82349999999997], "size": [14.031368207057753, 67.13161245858227], "angle": -9.104117113852968e-06}, {"category": "PendantLamp", "position": [251.9335, 275.6215], "size": [31.66560058593751, 31.66560058593751], "angle": 0.0}]}]}]}