{"seed": 1, "floorplan": [{"rooms": [{"category": "Bedroom", "corners": [[199.0, 182.0], [199.0, 314.0], [217.0, 314.0], [218.0, 315.0], [218.0, 318.0], [244.0, 318.0], [244.0, 315.0], [245.0, 314.0], [262.0, 314.0], [262.0, 282.0], [250.0, 282.0], [249.0, 281.0], [249.0, 279.0], [250.0, 278.0], [301.0, 278.0], [301.0, 182.0], [199.0, 182.0]], "objects": [{"category": "DoubleBed", "position": [231.88316752185446, 220.1902], "size": [66.06030296155838, 62.70356921528698], "angle": -9.104117114416338e-06}, {"category": "PendantLamp", "position": [255.48489999999998, 222.4135], "size": [31.668901062011685, 32.11379928588866], "angle": 0.0}, {"category": "CeilingLamp", "position": [230.5423, 293.3923], "size": [27.040171051025396, 30.02189941406249], "angle": 0.0}]}]}]}