{"seed": 1, "floorplan": [{"rooms": [{"category": "Bedroom", "corners": [[191.0, 201.0], [191.0, 299.0], [309.0, 299.0], [309.0, 201.0], [191.0, 201.0]], "objects": [{"category": "Cabinet", "position": [207.36399999999998, 266.746], "size": [27.533801697486943, 8.219055044560276], "angle": -1.5707872226777828}, {"category": "DoubleBed", "position": [257.509, 266.191], "size": [56.68590087890624, 57.62519989013671], "angle": 3.141592653589793}, {"category": "Nightstand", "position": [222.631, 292.34499999999997], "size": [11.905920410156256, 12.042689895629906], "angle": 3.141592653589793}, {"category": "Nightstand", "position": [291.478, 292.34499999999997], "size": [11.905920410156227, 12.042689895629906], "angle": 3.141592653589793}]}]}]}