{"seed": 1, "floorplan": [{"rooms": [{"category": "Bedroom", "corners": [[195.0, 198.0], [195.0, 302.0], [305.0, 302.0], [305.0, 198.0], [195.0, 198.0]], "objects": [{"category": "DoubleBed", "position": [230.27284939291306, 246.5736875815073], "size": [62.957374016200475, 69.92433502752597], "angle": -1.5708054309120112}, {"category": "Nightstand", "position": [207.85138108640368, 285.25498931761234], "size": [14.591353316237248, 14.547792128633704], "angle": -1.5708054309120107}, {"category": "Cabinet", "position": [298.63260032781125, 254.41708847548375], "size": [57.415421400740655, 12.221301526507721], "angle": -1.5707872226777826}]}]}]}