{"seed": 1, "floorplan": [{"rooms": [{"category": "Bedroom", "corners": [[201.0, 198.0], [201.0, 302.0], [299.0, 302.0], [299.0, 198.0], [201.0, 198.0]], "objects": [{"category": "DoubleBed", "position": [236.23467237730466, 253.6646015326796], "size": [69.93993575549506, 50.650061345915994], "angle": -9.104117114152138e-06}, {"category": "Cabinet", "position": [212.036193547358, 286.85694343687794], "size": [15.956034777378902, 16.6536615205292], "angle": -9.104117112503144e-06}, {"category": "PendantLamp", "position": [249.3025, 255.064], "size": [12.021719741821272, 12.023580551147433], "angle": 0.0}]}]}]}