{"seed": 1, "floorplan": [{"rooms": [{"category": "Bedroom", "corners": [[213.0, 209.0], [213.0, 255.0], [212.0, 256.0], [187.0, 256.0], [187.0, 291.0], [313.0, 291.0], [313.0, 209.0], [213.0, 209.0]], "objects": [{"category": "DoubleBed", "position": [270.3784709523047, 240.3519807182538], "size": [40.78537040095154, 64.89239071737198], "angle": -1.5707872226777821}, {"category": "Cabinet", "position": [221.8324225094138, 232.55133007130587], "size": [16.680151400979433, 37.715144390045126], "angle": -9.104117115140575e-06}, {"category": "CornerSideTable", "position": [303.1697480223841, 216.7747562252988], "size": [13.009830093383812, 13.009830093383812], "angle": 0.0}, {"category": "PendantLamp", "position": [269.002, 247.55200000000002], "size": [25.093682238638433, 25.092212817109466], "angle": -0.0004399999716052336}]}]}]}