{"seed": 1, "floorplan": [{"rooms": [{"category": "Bedroom", "corners": [[197.0, 191.0], [197.0, 309.0], [303.0, 309.0], [303.0, 191.0], [197.0, 191.0]], "objects": [{"category": "DoubleBed", "position": [229.53669999999997, 242.49849999999998], "size": [58.29263275615256, 60.66025379865458], "angle": -9.104117114226597e-06}, {"category": "PendantLamp", "position": [253.00029999999995, 242.62899999999996], "size": [29.88980941772462, 5.757719993591309], "angle": 0.0}]}]}]}