{"seed": 1, "floorplan": [{"rooms": [{"category": "Bedroom", "corners": [[187.0, 201.0], [187.0, 299.0], [313.0, 299.0], [313.0, 201.0], [187.0, 201.0]], "objects": [{"category": "DoubleBed", "position": [241.066, 236.0816804205984], "size": [62.95680084228519, 69.92369842529294], "angle": 0.0}, {"category": "TVStand", "position": [243.2803, 291.58163316650393], "size": [66.75480194091796, 15.306120300293003], "angle": 3.141592653589793}, {"category": "Nightstand", "position": [201.98645458357151, 208.07546052490744], "size": [14.59122047424313, 14.54765968322755], "angle": 0.0}, {"category": "Nightstand", "position": [280.2574454164285, 208.9219434889572], "size": [14.59122047424313, 14.547659683227522], "angle": 0.0}]}]}]}