{"seed": 1, "floorplan": [{"rooms": [{"category": "Bedroom", "corners": [[202.0, 196.0], [202.0, 304.0], [298.0, 304.0], [298.0, 196.0], [202.0, 196.0]], "objects": [{"category": "DoubleBed", "position": [263.5856148616667, 269.62393351158556], "size": [38.261234380344305, 67.39636134627946], "angle": -1.5660363627444664}, {"category": "Nightstand", "position": [227.49948348453705, 299.07535551341573], "size": [13.12400884520196, 12.60014274207145], "angle": -1.5660363627444684}, {"category": "CeilingLamp", "position": [251.82640000000006, 257.4451], "size": [14.544060516357433, 15.192480468750006], "angle": 0.0}]}]}]}