{"seed": 1, "floorplan": [{"rooms": [{"category": "Bedroom", "corners": [[264.0, 166.0], [264.0, 208.0], [263.0, 209.0], [203.0, 209.0], [203.0, 334.0], [297.0, 334.0], [297.0, 166.0], [264.0, 166.0]], "objects": [{"category": "DoubleBed", "position": [240.50261042683448, 279.30046718749463], "size": [74.96198312495974, 78.6355151045336], "angle": -9.104117114120676e-06}, {"category": "Nightstand", "position": [210.87243303506307, 320.1926029426519], "size": [12.027169052307702, 17.27973686153166], "angle": -9.10411711501505e-06}]}]}]}