{"seed": 1, "floorplan": [{"rooms": [{"category": "Bedroom", "corners": [[223.0, 152.0], [223.0, 176.0], [222.0, 177.0], [184.0, 177.0], [184.0, 348.0], [219.0, 348.0], [219.0, 279.0], [220.0, 278.0], [287.0, 278.0], [287.0, 197.0], [288.0, 196.0], [316.0, 196.0], [316.0, 152.0], [223.0, 152.0]], "objects": [{"category": "DoubleBed", "position": [252.41056919075396, 231.12999684795608], "size": [71.4177522493215, 68.56832597810306], "angle": -1.570787222677782}, {"category": "Nightstand", "position": [279.4114853705903, 270.82590180595304], "size": [17.99801794850584, 18.644765395065274], "angle": -0.0031562085030826022}, {"category": "CeilingLamp", "position": [234.96699999999998, 226.50099999999998], "size": [18.38465995788573, 18.986970520019497], "angle": 0.0}]}]}]}