{"seed": 1, "floorplan": [{"rooms": [{"category": "Bedroom", "corners": [[185.0, 205.0], [185.0, 252.0], [206.0, 252.0], [207.0, 253.0], [207.0, 295.0], [297.0, 295.0], [297.0, 261.0], [298.0, 260.0], [315.0, 260.0], [315.0, 205.0], [185.0, 205.0]], "objects": [{"category": "DoubleBed", "position": [248.4694, 241.99720516421172], "size": [45.47039794921875, 66.7919998168945], "angle": 0.0}, {"category": "CornerSideTable", "position": [215.41836809305897, 213.43997499355555], "size": [10.51395034790039, 10.51395034790039], "angle": 0.0}, {"category": "CornerSideTable", "position": [281.9968319069411, 213.43997499355555], "size": [10.51395034790039, 10.51395034790039], "angle": 0.0}, {"category": "CeilingLamp", "position": [249.1309, 254.194], "size": [16.891679763793917, 16.993230056762712], "angle": 0.0}]}]}]}