{"seed": 1, "floorplan": [{"rooms": [{"category": "Bedroom", "corners": [[200.0, 204.0], [200.0, 296.0], [300.0, 296.0], [300.0, 204.0], [200.0, 204.0]], "objects": [{"category": "DoubleBed", "position": [256.8961807236524, 240.57709335440387], "size": [49.232698059082054, 72.5498977661133], "angle": 0.0}, {"category": "Nightstand", "position": [291.07251355848456, 207.95646758461646], "size": [17.791829681396507, 13.5], "angle": 0.0}, {"category": "Nightstand", "position": [226.32081856027276, 207.96630536456001], "size": [17.791829681396507, 13.5], "angle": 0.0}, {"category": "PendantLamp", "position": [256.20955000000004, 249.50755000000004], "size": [13.773149871826206, 13.77314987182615], "angle": 0.0}]}]}]}