{"seed": 1, "floorplan": [{"rooms": [{"category": "Bedroom", "corners": [[208.0, 192.0], [208.0, 289.0], [220.0, 289.0], [221.0, 290.0], [221.0, 308.0], [274.0, 308.0], [274.0, 290.0], [275.0, 289.0], [292.0, 289.0], [292.0, 192.0], [208.0, 192.0]], "objects": [{"category": "DoubleBed", "position": [245.79494888044508, 248.0285689607794], "size": [74.23387591021871, 55.22780382807341], "angle": -9.104117113813967e-06}, {"category": "Nightstand", "position": [211.55104734082536, 278.64324377213285], "size": [24.08199872631521, 12.244041143933156], "angle": -1.570805430912011}, {"category": "TVStand", "position": [285.8058075420777, 247.33220961901287], "size": [66.40620607409411, 14.728394129918623], "angle": -1.570787222677782}, {"category": "Sofa", "position": [241.44904223362093, 291.2288218288509], "size": [21.10241603521813, 24.407027212648007], "angle": -0.785403616621358}]}]}]}