{"seed": 1, "floorplan": [{"rooms": [{"category": "Bedroom", "corners": [[182.0, 187.0], [182.0, 264.0], [181.0, 265.0], [175.0, 265.0], [175.0, 290.0], [174.0, 291.0], [174.0, 292.0], [181.0, 292.0], [182.0, 293.0], [182.0, 313.0], [325.0, 313.0], [325.0, 188.0], [326.0, 187.0], [182.0, 187.0]], "objects": [{"category": "DoubleBed", "position": [258.7187511917056, 233.39957996241452], "size": [62.53260040283203, 89.5679992675781], "angle": 0.0}, {"category": "Sofa", "position": [208.05239497853034, 204.16823200900856], "size": [35.752201080322266, 35.90909957885742], "angle": 0.0}, {"category": "PendantLamp", "position": [302.584, 195.82436644999186], "size": [17.625090408325264, 17.564459609985363], "angle": 0.0}, {"category": "Chair", "position": [306.4414, 202.2724], "size": [21.354626939890622, 18.722368270079755], "angle": -1.0028541216692566}]}]}]}