{"seed": 1, "floorplan": [{"rooms": [{"category": "Bedroom", "corners": [[195.0, 153.0], [195.0, 347.0], [305.0, 347.0], [305.0, 224.0], [231.0, 224.0], [230.0, 223.0], [230.0, 153.0], [195.0, 153.0]], "objects": [{"category": "DoubleBed", "position": [269.1286629774863, 298.98754344587195], "size": [60.53065056794495, 65.0282928335527], "angle": -1.5707872226777824}, {"category": "Nightstand", "position": [297.55484779440894, 255.3453587070112], "size": [14.516652471354039, 8.59204828562583], "angle": -1.5707872226777841}, {"category": "Nightstand", "position": [298.34986537279286, 335.8209227329552], "size": [14.516652471354096, 8.592048285625774], "angle": -1.5707872226777801}]}]}]}