{"seed": 1, "floorplan": [{"rooms": [{"category": "Bedroom", "corners": [[214.0, 190.0], [214.0, 196.0], [213.0, 197.0], [180.0, 197.0], [180.0, 310.0], [320.0, 310.0], [320.0, 197.0], [263.0, 197.0], [262.0, 196.0], [262.0, 190.0], [214.0, 190.0]], "objects": [{"category": "DoubleBed", "position": [213.36547219449153, 252.9058], "size": [62.82267125175922, 63.52407686842424], "angle": -9.104117113905512e-06}, {"category": "Nightstand", "position": [189.91592859980653, 214.24655381835652], "size": [12.000000000000028, 11.613660049438465], "angle": 0.0}, {"category": "Nightstand", "position": [189.91592859980642, 292.54904618164346], "size": [12.000000000000028, 11.613660049438465], "angle": 0.0}]}]}]}