{"seed": 1, "floorplan": [{"rooms": [{"category": "Bedroom", "corners": [[191.0, 148.0], [191.0, 352.0], [309.0, 352.0], [309.0, 214.0], [228.0, 214.0], [227.0, 213.0], [227.0, 209.0], [228.0, 208.0], [231.0, 208.0], [231.0, 185.0], [228.0, 185.0], [227.0, 184.0], [227.0, 148.0], [191.0, 148.0]], "objects": [{"category": "DoubleBed", "position": [274.75945, 290.6377], "size": [60.14964581747903, 66.41430398717416], "angle": -1.5707872226777828}, {"category": "PendantLamp", "position": [249.16015, 290.9917], "size": [31.986900329589844, 28.807589721679676], "angle": 0.0}]}]}]}