{"seed": 1, "floorplan": [{"rooms": [{"category": "Bedroom", "corners": [[199.0, 175.0], [199.0, 324.0], [198.0, 325.0], [301.0, 325.0], [301.0, 176.0], [302.0, 175.0], [199.0, 175.0]], "objects": [{"category": "DoubleBed", "position": [265.7031142957169, 259.4245], "size": [55.32050181556529, 66.04770061293789], "angle": -1.5707872226777821}, {"category": "Nightstand", "position": [293.3933112314269, 218.83928057622498], "size": [15.871340111662182, 14.72422213558185], "angle": -1.5638739147291767}, {"category": "Nightstand", "position": [293.7593019027447, 300.693719423775], "size": [15.871340111662182, 14.72422213558185], "angle": -1.5638739147291731}, {"category": "PendantLamp", "position": [249.97749999999996, 256.1005], "size": [38.06100082397455, 33.80459976196289], "angle": 0.0}]}]}]}