{"seed": 1, "floorplan": [{"rooms": [{"category": "Bedroom", "corners": [[187.0, 201.0], [187.0, 299.0], [188.0, 299.0], [189.0, 298.0], [192.0, 298.0], [193.0, 299.0], [313.0, 299.0], [313.0, 201.0], [193.0, 201.0], [192.0, 202.0], [188.0, 202.0], [187.0, 201.0]], "objects": [{"category": "CeilingLamp", "position": [243.9835, 248.296], "size": [20.952390289306635, 21.00048065185547], "angle": 0.0}, {"category": "DoubleBed", "position": [244.22370074818588, 262.49322237061523], "size": [61.82249908447267, 70.34609985351562], "angle": 3.141592653589793}, {"category": "Nightstand", "position": [205.39913817940155, 291.8430242364765], "size": [11.252220153808594, 11.252220153808594], "angle": 3.141592653589793}, {"category": "Nightstand", "position": [282.88389203528334, 292.20820853628015], "size": [11.252220153808594, 11.252220153808594], "angle": 3.141592653589793}]}]}]}