{"seed": 1, "floorplan": [{"rooms": [{"category": "Bedroom", "corners": [[207.0, 191.0], [207.0, 308.0], [206.0, 309.0], [293.0, 309.0], [293.0, 192.0], [294.0, 191.0], [207.0, 191.0]], "objects": [{"category": "DoubleBed", "position": [257.04883714974414, 257.9083987462648], "size": [68.92862588918995, 72.47045806134943], "angle": -1.5707872226777828}, {"category": "Nightstand", "position": [289.8627907635394, 300.4696299240039], "size": [11.520105338629257, 11.520105338629257], "angle": -1.5707872226777828}, {"category": "Nightstand", "position": [287.47305322422415, 219.47993702918708], "size": [11.520105338629257, 11.520105338629257], "angle": -1.5707872226777828}, {"category": "CeilingLamp", "position": [249.7645, 256.8475], "size": [18.766679763793945, 17.502059555053734], "angle": 0.0}]}]}]}