{"seed": 1, "floorplan": [{"rooms": [{"category": "Bedroom", "corners": [[200.0, 165.0], [200.0, 333.0], [199.0, 334.0], [199.0, 335.0], [301.0, 335.0], [300.0, 334.0], [300.0, 210.0], [230.0, 210.0], [229.0, 209.0], [229.0, 165.0], [200.0, 165.0]], "objects": [{"category": "DoubleBed", "position": [255.255582041398, 283.2363480276392], "size": [71.59655178973847, 88.99011376897295], "angle": -1.5707872226777821}, {"category": "Nightstand", "position": [293.44026279825107, 242.9321495139915], "size": [13.807325182227055, 17.4279391995587], "angle": -9.104117114057038e-06}, {"category": "Nightstand", "position": [293.64193362325034, 322.4524], "size": [13.807325182227055, 17.427939199558754], "angle": -9.104117109940134e-06}, {"category": "TVStand", "position": [202.08859559904263, 284.10713190126614], "size": [12.00010925089733, 48.00043700358926], "angle": -9.104117112970783e-06}]}]}]}