{"seed": 1, "floorplan": [{"rooms": [{"category": "Bedroom", "corners": [[203.0, 185.0], [203.0, 315.0], [297.0, 315.0], [297.0, 185.0], [203.0, 185.0]], "objects": [{"category": "Nightstand", "position": [290.91530544447613, 197.9462712249739], "size": [9.316194664135798, 9.37151533532548], "angle": -1.5707872226777813}, {"category": "DoubleBed", "position": [262.6442064016433, 240.193], "size": [62.71317318455899, 65.52179860824575], "angle": -3.1415835494726796}, {"category": "Nightstand", "position": [290.91530544447613, 280.9157287750261], "size": [9.37151533532548, 9.316194664135827], "angle": -3.141583549472677}]}]}]}