{"seed": 1, "floorplan": [{"rooms": [{"category": "Bedroom", "corners": [[203.0, 174.0], [203.0, 326.0], [297.0, 326.0], [297.0, 174.0], [203.0, 174.0]], "objects": [{"category": "DoubleBed", "position": [240.38331761459796, 256.5145], "size": [70.6335410081755, 64.02868351322437], "angle": -9.104117114358751e-06}, {"category": "Nightstand", "position": [211.19325171915074, 214.08118626939552], "size": [15.717292827223043, 15.203028425429748], "angle": -9.104117115600664e-06}, {"category": "Nightstand", "position": [211.35547981879054, 300.0758137306045], "size": [15.717292827223014, 15.203028425429805], "angle": -9.104117113792373e-06}, {"category": "PendantLamp", "position": [251.99799999999996, 253.21750000000003], "size": [17.625090408325207, 17.564459609985363], "angle": 0.0}]}]}]}