{"seed": 1, "floorplan": [{"rooms": [{"category": "Bedroom", "corners": [[212.0, 194.0], [212.0, 306.0], [288.0, 306.0], [288.0, 194.0], [212.0, 194.0]], "objects": [{"category": "DoubleBed", "position": [248.66403531130854, 258.6331482948346], "size": [72.47045806134946, 68.92862588918995], "angle": -9.104117114185384e-06}, {"category": "Nightstand", "position": [219.67860752768865, 294.1678507874809], "size": [18.000163876346008, 13.500122907259478], "angle": -1.5708054309120112}, {"category": "Nightstand", "position": [216.3940844275808, 217.5948409676621], "size": [13.500122907259478, 18.00016387634595], "angle": -9.104117114023441e-06}, {"category": "CeilingLamp", "position": [249.07150000000001, 252.7915], "size": [18.392777619220794, 18.392777619220766], "angle": -9.104117114201488e-06}]}]}]}