{"seed": 1, "floorplan": [{"rooms": [{"category": "Bedroom", "corners": [[163.0, 194.0], [163.0, 229.0], [198.0, 229.0], [199.0, 230.0], [199.0, 306.0], [337.0, 306.0], [337.0, 194.0], [163.0, 194.0]], "objects": [{"category": "Cabinet", "position": [227.07257135999802, 297.5084588250645], "size": [19.49477920532226, 16.0067401885986], "angle": 3.141592653589793}, {"category": "DoubleBed", "position": [267.3975737054666, 271.3973339102636], "size": [51.620700073242176, 60.673498535156256], "angle": 3.141592653589793}, {"category": "Cabinet", "position": [308.1480882024137, 296.896542511118], "size": [19.49477920532229, 16.0067401885986], "angle": 3.141592653589793}, {"category": "TVStand", "position": [271.01836417699565, 203.13849295315939], "size": [51.81389923095702, 14.985570144653337], "angle": 0.0}]}]}]}