{"seed": 1, "floorplan": [{"rooms": [{"category": "Bedroom", "corners": [[259.0, 172.0], [259.0, 198.0], [258.0, 199.0], [196.0, 199.0], [196.0, 328.0], [304.0, 328.0], [304.0, 172.0], [259.0, 172.0]], "objects": [{"category": "DoubleBed", "position": [230.18068866961897, 272.37055159167346], "size": [67.79401625532473, 75.18698517341406], "angle": -9.10411711384938e-06}, {"category": "Nightstand", "position": [200.7342604664002, 315.92913419579133], "size": [10.920099876084404, 22.800207576704835], "angle": -9.104117119546748e-06}, {"category": "Nightstand", "position": [200.24857008628166, 229.49580827466932], "size": [10.920099876084377, 22.800207576704896], "angle": -9.104117114341379e-06}, {"category": "PendantLamp", "position": [249.85900000000004, 268.999], "size": [20.291970062255842, 20.291819000244175], "angle": 0.0}]}]}]}