{"seed": 1, "floorplan": [{"rooms": [{"category": "Bedroom", "corners": [[199.0, 181.0], [199.0, 293.0], [272.0, 293.0], [273.0, 294.0], [273.0, 319.0], [301.0, 319.0], [301.0, 181.0], [199.0, 181.0]], "objects": [{"category": "DoubleBed", "position": [232.12341599449684, 236.03952149730927], "size": [58.29263275615253, 60.66025379865461], "angle": -9.1041171142266e-06}, {"category": "Cabinet", "position": [207.2953069481769, 197.38900553516135], "size": [10.319493593250233, 12.516053660661413], "angle": -9.104117118672643e-06}, {"category": "PendantLamp", "position": [260.689, 243.00910000000002], "size": [7.498928439890574, 23.250841104392823], "angle": -9.104117115539271e-06}]}]}]}