{"seed": 1, "floorplan": [{"rooms": [{"category": "Bedroom", "corners": [[202.0, 179.0], [202.0, 321.0], [298.0, 321.0], [298.0, 180.0], [297.0, 179.0], [202.0, 179.0]], "objects": [{"category": "DoubleBed", "position": [248.14626392886532, 260.0527428875283], "size": [88.99011376897286, 71.5965517897385], "angle": -9.104117114000163e-06}, {"category": "Nightstand", "position": [209.47450140602888, 221.36086433546822], "size": [17.4279391995587, 13.807325182227114], "angle": -1.5708054309120119}, {"category": "Nightstand", "position": [206.8965148645111, 302.1495233071844], "size": [17.427939199558644, 13.807325182227114], "angle": -1.5708054309120087}, {"category": "CeilingLamp", "position": [251.692, 250.213], "size": [18.0904495239258, 18.09044952392577], "angle": 0.0}]}]}]}