{"seed": 1, "floorplan": [{"rooms": [{"category": "Bedroom", "corners": [[195.0, 200.0], [195.0, 299.0], [194.0, 300.0], [305.0, 300.0], [305.0, 201.0], [306.0, 200.0], [195.0, 200.0]], "objects": [{"category": "PendantLamp", "position": [202.2593125543205, 274.55141889045075], "size": [8.692440032958984, 8.793569755554188], "angle": 0.0}, {"category": "DoubleBed", "position": [229.67186412326157, 237.25743479968492], "size": [60.53065056794499, 65.0282928335527], "angle": -1.5708054309120107}]}]}]}