{"seed": 1, "floorplan": [{"rooms": [{"category": "Bedroom", "corners": [[203.0, 203.0], [203.0, 297.0], [297.0, 297.0], [297.0, 203.0], [203.0, 203.0]], "objects": [{"category": "DoubleBed", "position": [263.7582711537483, 235.0869075818602], "size": [52.93278018723225, 58.611834270612164], "angle": -1.5707872226777826}, {"category": "Nightstand", "position": [288.3291911826552, 268.50682766188515], "size": [12.000109250897301, 11.613765783003611], "angle": -1.5707872226777788}]}]}]}