{"seed": 1, "floorplan": [{"rooms": [{"category": "Bedroom", "corners": [[190.0, 204.0], [190.0, 296.0], [310.0, 296.0], [310.0, 204.0], [190.0, 204.0]], "objects": [{"category": "DoubleBed", "position": [241.02718793395368, 257.8543752772366], "size": [60.659701538085926, 58.29210205078124], "angle": 3.141592653589793}, {"category": "Cabinet", "position": [279.4012255348209, 287.77567457800336], "size": [12.515939712524414, 10.319399642944347], "angle": 3.141592653589793}, {"category": "Cabinet", "position": [204.22276769254466, 287.60378148690955], "size": [12.515939712524442, 10.319399642944347], "angle": 3.141592653589793}, {"category": "PendantLamp", "position": [244.66900000000004, 255.9655], "size": [23.250629425048828, 7.498860168457014], "angle": 0.0}]}]}]}