{"seed": 1, "floorplan": [{"rooms": [{"category": "Bedroom", "corners": [[188.0, 187.0], [188.0, 313.0], [312.0, 313.0], [312.0, 187.0], [188.0, 187.0]], "objects": [{"category": "SingleBed", "position": [229.19267911255653, 256.50559394491535], "size": [26.688842375204665, 81.88094260063886], "angle": -3.14158354947268}, {"category": "DoubleBed", "position": [278.48546584012223, 255.85021754008756], "size": [69.77163740931533, 69.58893310922768], "angle": -1.570787222677782}, {"category": "Armchair", "position": [296.2668578487773, 210.1256036615669], "size": [13.004368348055038, 12.273411528513298], "angle": -9.104117114497572e-06}]}]}]}