{"seed": 1, "floorplan": [{"rooms": [{"category": "Bedroom", "corners": [[197.0, 182.0], [197.0, 318.0], [303.0, 318.0], [303.0, 182.0], [197.0, 182.0]], "objects": [{"category": "DoubleBed", "position": [232.5654130617999, 255.7795], "size": [56.46321394018902, 54.40129483856077], "angle": -9.104117114359644e-06}, {"category": "Nightstand", "position": [205.90554095470503, 299.5972162989019], "size": [15.000136563621654, 18.00016387634595], "angle": -9.10411711486555e-06}, {"category": "Nightstand", "position": [205.64413293550453, 213.35678370109815], "size": [15.000136563621654, 18.00016387634598], "angle": -9.104117112970786e-06}, {"category": "Table", "position": [293.5370000254301, 255.57250000000002], "size": [70.04523609160739, 17.935663243345644], "angle": -1.5707872226777826}]}]}]}