{"seed": 1, "floorplan": [{"rooms": [{"category": "Bedroom", "corners": [[262.0, 163.0], [262.0, 196.0], [261.0, 197.0], [187.0, 197.0], [187.0, 300.0], [207.0, 300.0], [208.0, 301.0], [208.0, 337.0], [277.0, 337.0], [277.0, 301.0], [278.0, 300.0], [289.0, 300.0], [289.0, 191.0], [290.0, 190.0], [313.0, 190.0], [313.0, 163.0], [262.0, 163.0]], "objects": [{"category": "DoubleBed", "position": [223.15378628547822, 259.9058933744135], "size": [72.47045806134946, 68.92862588918995], "angle": -9.104117114185384e-06}, {"category": "Nightstand", "position": [190.03855118714287, 221.17257842043472], "size": [11.520105338629286, 11.520105338629229], "angle": -9.10411711377653e-06}, {"category": "TVStand", "position": [280.2157719679686, 257.4453592480985], "size": [61.20055717957633, 16.560150995122196], "angle": -1.570787222677782}, {"category": "Sofa", "position": [231.18036238547467, 314.1201442039314], "size": [28.703831295537476, 29.354317454691227], "angle": -0.749546149879475}]}]}]}