{"seed": 1, "floorplan": [{"rooms": [{"category": "Bedroom", "corners": [[195.0, 188.0], [195.0, 312.0], [305.0, 312.0], [305.0, 306.0], [304.0, 305.0], [304.0, 207.0], [305.0, 206.0], [305.0, 188.0], [195.0, 188.0]], "objects": [{"category": "DoubleBed", "position": [269.09171901330734, 257.78650000000005], "size": [69.924335027526, 62.95737401620044], "angle": -3.1415835494726796}, {"category": "Nightstand", "position": [294.61948404150957, 217.78207901516902], "size": [14.591353316237305, 14.547792128633676], "angle": -1.5707872226777804}, {"category": "Nightstand", "position": [295.2455267796137, 297.811920984831], "size": [14.591353316237361, 14.547792128633732], "angle": -1.5707872226777804}, {"category": "TVStand", "position": [203.08690016682948, 261.8755], "size": [15.306259650907734, 66.75540969275232], "angle": -9.10411711348932e-06}]}]}]}