{"seed": 1, "floorplan": [{"rooms": [{"category": "Bedroom", "corners": [[195.0, 205.0], [195.0, 295.0], [305.0, 295.0], [305.0, 205.0], [195.0, 205.0]], "objects": [{"category": "DoubleBed", "position": [236.77027057188053, 237.75533222107117], "size": [66.9230987548828, 65.80199890136717], "angle": 0.0}, {"category": "Cabinet", "position": [294.1345, 244.99749999999912], "size": [78.00071013083254, 18.30019636252797], "angle": -1.5707872226777821}, {"category": "PendantLamp", "position": [243.59050000000002, 250.4725], "size": [8.692440032958956, 8.793569755554188], "angle": 0.0}]}]}]}