{"seed": 1, "floorplan": [{"rooms": [{"category": "Bedroom", "corners": [[194.0, 201.0], [194.0, 299.0], [306.0, 299.0], [306.0, 201.0], [194.0, 201.0]], "objects": [{"category": "Nightstand", "position": [209.3905613127348, 292.42479751905057], "size": [15.775469970703114, 12.431910324096691], "angle": 3.141592653589793}, {"category": "DoubleBed", "position": [246.29845465298237, 267.1811438297455], "size": [66.94620208740236, 64.16099853515621], "angle": 3.141592653589793}, {"category": "Cabinet", "position": [294.89656462054467, 269.0131210862461], "size": [44.5048073394671, 22.735135878324815], "angle": -1.5707872226777833}, {"category": "TVStand", "position": [243.89294573205527, 208.43483734976175], "size": [59.81580048477137, 14.356740190686072], "angle": -0.0058400331957779}]}]}]}