{"seed": 1, "floorplan": [{"rooms": [{"category": "Bedroom", "corners": [[222.0, 187.0], [222.0, 280.0], [221.0, 281.0], [193.0, 281.0], [193.0, 313.0], [307.0, 313.0], [307.0, 187.0], [222.0, 187.0]], "objects": [{"category": "DoubleBed", "position": [269.1192209743536, 222.0174211686364], "size": [57.25319824218752, 69.89219970703124], "angle": 0.0}, {"category": "Nightstand", "position": [230.99126543747934, 196.06036215547243], "size": [17.68922996520996, 17.72855987548826], "angle": 0.0}, {"category": "PendantLamp", "position": [260.9125, 247.333], "size": [28.547010040283226, 28.546980285644537], "angle": 0.0}]}]}]}