{"seed": 1, "floorplan": [{"rooms": [{"category": "Bedroom", "corners": [[161.0, 195.0], [161.0, 305.0], [339.0, 305.0], [339.0, 267.0], [287.0, 267.0], [286.0, 266.0], [286.0, 195.0], [161.0, 195.0]], "objects": [{"category": "DoubleBed", "position": [228.79995197308165, 229.68842644743899], "size": [62.627398681640614, 62.906401062011696], "angle": 0.0}, {"category": "Table", "position": [179.24845763757872, 202.52730934756653], "size": [36.00119934082031, 14.059019851684525], "angle": 0.0}, {"category": "Sofa", "position": [178.52272787857157, 215.74001110979827], "size": [16.213650512695324, 16.851659774780273], "angle": 0.0}, {"category": "CeilingLamp", "position": [223.73200000000003, 246.12849999999997], "size": [28.78070983886721, 28.533089447021553], "angle": 0.0}]}]}]}