{"seed": 1, "floorplan": [{"rooms": [{"category": "Bedroom", "corners": [[239.0, 180.0], [239.0, 198.0], [238.0, 199.0], [204.0, 199.0], [204.0, 320.0], [296.0, 320.0], [296.0, 180.0], [239.0, 180.0]], "objects": [{"category": "DoubleBed", "position": [259.7139541567618, 251.0491808425706], "size": [68.92879211719959, 72.47063283082794], "angle": -1.5677018774915426}, {"category": "Table", "position": [213.08668677730685, 296.17341100753606], "size": [19.592488706375672, 47.08872826379517], "angle": -9.10411711627319e-06}, {"category": "Armchair", "position": [230.35762880309107, 305.67070387968363], "size": [17.24229717436127, 15.090827239137422], "angle": -9.104117115952015e-06}, {"category": "Cabinet", "position": [289.3945, 307.483], "size": [9.391585594037057, 5.107126383478568], "angle": -1.5707872226777813}]}]}]}