{"seed": 1, "floorplan": [{"rooms": [{"category": "Bedroom", "corners": [[198.0, 188.0], [198.0, 312.0], [302.0, 312.0], [302.0, 188.0], [198.0, 188.0]], "objects": [{"category": "DoubleBed", "position": [234.61471661614468, 242.60968776361167], "size": [58.57733230855164, 71.78015331479153], "angle": -1.5708054309120107}, {"category": "Nightstand", "position": [204.71691828548768, 206.5078301558554], "size": [6.962403360273842, 9.28037433069761], "angle": -9.104117116128576e-06}, {"category": "Nightstand", "position": [204.75115337955293, 280.2805059111782], "size": [6.962403360273842, 9.28037433069761], "angle": -9.104117116128576e-06}]}]}]}