{"seed": 1, "floorplan": [{"rooms": [{"category": "Bedroom", "corners": [[206.0, 192.0], [206.0, 308.0], [294.0, 308.0], [294.0, 192.0], [206.0, 192.0]], "objects": [{"category": "DoubleBed", "position": [261.15207605518657, 254.7099882313251], "size": [60.534253200841555, 63.580478443924804], "angle": -1.5707872226777828}, {"category": "CornerSideTable", "position": [284.5197821214259, 291.2206243364883], "size": [18.301829910278343, 13.834889602661178], "angle": 0.0}, {"category": "PendantLamp", "position": [249.98649999999998, 255.22449999999998], "size": [12.700710296630831, 11.791289520263689], "angle": 0.0}]}]}]}