{"seed": 1, "floorplan": [{"rooms": [{"category": "Bedroom", "corners": [[193.0, 206.0], [193.0, 293.0], [192.0, 294.0], [307.0, 294.0], [307.0, 207.0], [308.0, 206.0], [193.0, 206.0]], "objects": [{"category": "DoubleBed", "position": [240.457, 237.86547226762212], "size": [62.62739868164064, 62.906401062011696], "angle": 0.0}, {"category": "Nightstand", "position": [205.40462633055546, 211.85159722848988], "size": [14.309519577026379, 11.765880203247065], "angle": 0.0}, {"category": "Nightstand", "position": [275.50937366944447, 211.85159722848988], "size": [14.309519577026379, 11.765880203247065], "angle": 0.0}, {"category": "PendantLamp", "position": [240.33999999999997, 240.99699999999996], "size": [26.576280212402338, 2.2454100608825627], "angle": 0.0}]}]}]}