{"seed": 1, "floorplan": [{"rooms": [{"category": "Bedroom", "corners": [[200.0, 170.0], [200.0, 330.0], [300.0, 330.0], [300.0, 229.0], [233.0, 229.0], [232.0, 228.0], [232.0, 170.0], [200.0, 170.0]], "objects": [{"category": "DoubleBed", "position": [265.5352494320073, 286.2286258409763], "size": [59.12483637758815, 64.22638428773291], "angle": -1.5707872226777826}, {"category": "Nightstand", "position": [292.7695744134632, 321.6650489157122], "size": [11.721587275491846, 10.9849003470196], "angle": -1.5707872226777846}]}]}]}