{"seed": 1, "floorplan": [{"rooms": [{"category": "Bedroom", "corners": [[242.0, 193.0], [242.0, 224.0], [241.0, 225.0], [178.0, 225.0], [178.0, 307.0], [322.0, 307.0], [322.0, 193.0], [242.0, 193.0]], "objects": [{"category": "DoubleBed", "position": [282.30334923445275, 269.3499963029527], "size": [78.63479919433593, 74.96130065917967], "angle": 3.141592653589793}, {"category": "Nightstand", "position": [238.64361491080587, 303.3036961299938], "size": [17.27957954406739, 12.027059555053711], "angle": 3.141592653589793}, {"category": "TVStand", "position": [281.6065, 199.501], "size": [54.0, 12.0], "angle": 0.0}, {"category": "CeilingLamp", "position": [260.4505, 263.32], "size": [21.614430999755882, 6.424889945983864], "angle": 0.0}]}]}]}