{"seed": 1, "floorplan": [{"rooms": [{"category": "Bedroom", "corners": [[198.0, 195.0], [198.0, 305.0], [302.0, 305.0], [302.0, 204.0], [231.0, 204.0], [230.0, 203.0], [230.0, 195.0], [198.0, 195.0]], "objects": [{"category": "DoubleBed", "position": [251.66169340256175, 272.484397767715], "size": [60.659701538085955, 58.29210205078124], "angle": 3.141592653589793}, {"category": "Cabinet", "position": [290.33608810664674, 297.32010743461854], "size": [12.515939712524414, 10.319399642944347], "angle": 3.141592653589793}, {"category": "PendantLamp", "position": [269.29449999999997, 243.781], "size": [23.250629425048828, 7.498860168457043], "angle": 3.141592653589793}]}]}]}