{"seed": 1, "floorplan": [{"rooms": [{"category": "Bedroom", "corners": [[194.0, 172.0], [194.0, 328.0], [306.0, 328.0], [306.0, 172.0], [194.0, 172.0]], "objects": [{"category": "DoubleBed", "position": [231.73549234477176, 271.00493409077546], "size": [74.11117581852825, 74.07637630737204], "angle": -9.10411711373639e-06}, {"category": "Nightstand", "position": [197.2447872357426, 227.69101941098552], "size": [10.603717067096271, 13.625464319383658], "angle": -9.104117114123464e-06}, {"category": "Nightstand", "position": [197.27863555532866, 315.42141455962405], "size": [10.603717067096271, 13.625464319383685], "angle": -9.104117108762757e-06}]}]}]}