{"seed": 1, "floorplan": [{"rooms": [{"category": "Bedroom", "corners": [[209.0, 182.0], [209.0, 318.0], [210.0, 317.0], [291.0, 317.0], [291.0, 182.0], [209.0, 182.0]], "objects": [{"category": "Nightstand", "position": [214.90361731113626, 299.8193755289027], "size": [10.9849003470196, 11.721587275491789], "angle": -9.104117119029528e-06}, {"category": "DoubleBed", "position": [240.90981647363316, 258.18616702023706], "size": [64.22638428773297, 59.124836377588124], "angle": -9.104117114259183e-06}, {"category": "Nightstand", "position": [214.90361731113626, 223.64996952674397], "size": [10.9849003470196, 11.721587275491846], "angle": -9.104117113854841e-06}]}]}]}