{"seed": 1, "floorplan": [{"rooms": [{"category": "Bedroom", "corners": [[199.0, 179.0], [199.0, 321.0], [301.0, 321.0], [301.0, 208.0], [233.0, 208.0], [232.0, 207.0], [232.0, 179.0], [199.0, 179.0]], "objects": [{"category": "DoubleBed", "position": [260.31634539445656, 271.595619081036], "size": [65.97097967382233, 60.88772725234483], "angle": -0.00219584135124268}, {"category": "Cabinet", "position": [293.7028665739536, 305.674075984778], "size": [9.241535181039781, 16.392138871410335], "angle": -0.002195841351246738}, {"category": "Cabinet", "position": [297.40085564520416, 234.686080633696], "size": [9.241535181039781, 16.392138871410335], "angle": -0.0021958413512436627}, {"category": "CeilingLamp", "position": [248.56, 272.4565], "size": [16.553369522094727, 16.553369522094727], "angle": 0.0}]}]}]}