{"seed": 1, "floorplan": [{"rooms": [{"category": "Bedroom", "corners": [[199.0, 185.0], [199.0, 315.0], [237.0, 315.0], [237.0, 282.0], [238.0, 281.0], [301.0, 281.0], [301.0, 185.0], [199.0, 185.0]], "objects": [{"category": "PendantLamp", "position": [250.0, 232.76199999999997], "size": [28.904788970947266, 28.904788970947237], "angle": 0.0}, {"category": "DoubleBed", "position": [265.75447371101274, 230.1109099868204], "size": [62.957374016200504, 69.924335027526], "angle": -1.5707872226777826}, {"category": "Nightstand", "position": [295.6667182170462, 190.04513830503294], "size": [15.871374048728498, 14.724253619810662], "angle": -1.5707872226777797}, {"category": "Nightstand", "position": [295.6579055129003, 271.5873821340635], "size": [15.871374048728526, 14.724253619810662], "angle": -1.5707872226777833}]}]}]}