{"seed": 1, "floorplan": [{"rooms": [{"category": "Bedroom", "corners": [[201.0, 200.0], [201.0, 256.0], [200.0, 257.0], [171.0, 257.0], [171.0, 300.0], [329.0, 300.0], [329.0, 200.0], [201.0, 200.0]], "objects": [{"category": "DoubleBed", "position": [273.4870000004961, 238.22905974078577], "size": [53.124000549316406, 62.435700988769554], "angle": 0.0}, {"category": "CeilingLamp", "position": [269.37908580989085, 252.65992686095166], "size": [17.846789932251, 17.747879791259805], "angle": 0.0}, {"category": "Nightstand", "position": [314.8438878934201, 206.9192572459487], "size": [14.419469833374023, 13.499999999999972], "angle": 0.0}, {"category": "Nightstand", "position": [232.1301103144511, 206.91924494097196], "size": [14.419469833374023, 13.499999999999972], "angle": 0.0}]}]}]}