{"seed": 1, "floorplan": [{"rooms": [{"category": "Bedroom", "corners": [[196.0, 205.0], [196.0, 295.0], [304.0, 295.0], [304.0, 205.0], [196.0, 205.0]], "objects": [{"category": "DoubleBed", "position": [272.7698325200877, 251.02450000000002], "size": [81.86054446571227, 62.8895740214972], "angle": -1.5707872226777826}]}]}]}