{"seed": 1, "floorplan": [{"rooms": [{"category": "Bedroom", "corners": [[207.0, 210.0], [207.0, 290.0], [261.0, 290.0], [261.0, 279.0], [262.0, 278.0], [293.0, 278.0], [293.0, 210.0], [207.0, 210.0]], "objects": [{"category": "PendantLamp", "position": [247.61065000000008, 244.30149999999998], "size": [16.045650100707917, 17.133660507202137], "angle": 0.0}, {"category": "DoubleBed", "position": [232.60846875297955, 256.8725734756136], "size": [59.14290161132817, 29.456039428710938], "angle": 3.141592653589793}, {"category": "Cabinet", "position": [249.69991453930356, 283.00487485426], "size": [24.069239044189544, 18.885089492797817], "angle": 3.141592653589793}, {"category": "PendantLamp", "position": [252.87246661072822, 281.5454663849097], "size": [16.045650100707917, 17.133660507202137], "angle": 0.0}]}]}]}