{"seed": 1, "floorplan": [{"rooms": [{"category": "Bedroom", "corners": [[202.0, 187.0], [202.0, 313.0], [298.0, 313.0], [298.0, 187.0], [202.0, 187.0]], "objects": [{"category": "DoubleBed", "position": [236.19807925165335, 264.2523148857359], "size": [67.72081460011573, 70.88104692361797], "angle": -9.104117114582498e-06}, {"category": "PendantLamp", "position": [250.606, 262.8115], "size": [20.21954956054688, 20.220119476318388], "angle": 0.0}, {"category": "Table", "position": [209.73843414904448, 206.36543774089188], "size": [15.526040857152962, 38.95805273937122], "angle": -9.10411711513962e-06}]}]}]}