{"seed": 1, "floorplan": [{"rooms": [{"category": "Bedroom", "corners": [[205.0, 188.0], [205.0, 195.0], [204.0, 196.0], [202.0, 196.0], [202.0, 312.0], [298.0, 312.0], [298.0, 196.0], [226.0, 196.0], [225.0, 195.0], [225.0, 188.0], [205.0, 188.0]], "objects": [{"category": "DoubleBed", "position": [262.918729158682, 260.40419369853043], "size": [68.56832597810312, 71.4177522493215], "angle": -3.1415835494726787}, {"category": "PendantLamp", "position": [249.99985000000004, 255.17305], "size": [24.710579681396496, 24.710609436035156], "angle": 0.0}]}]}]}