{"seed": 1, "floorplan": [{"rooms": [{"category": "Bedroom", "corners": [[188.0, 208.0], [188.0, 292.0], [312.0, 292.0], [312.0, 208.0], [188.0, 208.0]], "objects": [{"category": "Nightstand", "position": [218.36480361996473, 215.66472340863479], "size": [14.319029617309553, 14.367930221557629], "angle": 0.0}, {"category": "DoubleBed", "position": [257.4550232057018, 242.83053714944737], "size": [63.01139831542969, 68.70720062255862], "angle": 0.0}, {"category": "Nightstand", "position": [294.0935272785042, 215.83063013659296], "size": [14.319029617309582, 14.3679302215576], "angle": 0.0}, {"category": "CeilingLamp", "position": [255.52149999999997, 249.81399999999996], "size": [25.645378875732433, 25.645378875732376], "angle": 0.0}]}]}]}