{"seed": 1, "floorplan": [{"rooms": [{"category": "Bedroom", "corners": [[205.0, 196.0], [205.0, 304.0], [295.0, 304.0], [295.0, 196.0], [205.0, 196.0]], "objects": [{"category": "DoubleBed", "position": [241.92399949134705, 257.7646], "size": [73.22316571978335, 65.25119372762389], "angle": -9.104117114041827e-06}, {"category": "TVStand", "position": [287.69703307599235, 268.84479928804393], "size": [67.1316124585823, 14.031368207057753], "angle": -1.5707872226777826}, {"category": "PendantLamp", "position": [240.7765, 280.88980000000004], "size": [31.66560058593754, 31.66560058593751], "angle": 0.0}]}]}]}