{"seed": 1, "floorplan": [{"rooms": [{"category": "Bedroom", "corners": [[216.0, 194.0], [216.0, 269.0], [215.0, 270.0], [161.0, 270.0], [161.0, 306.0], [339.0, 306.0], [339.0, 194.0], [216.0, 194.0]], "objects": [{"category": "DoubleBed", "position": [282.8890027138054, 233.29928474489554], "size": [45.69780120849612, 78.01109619140624], "angle": 0.0}, {"category": "Nightstand", "position": [325.75862794168535, 201.39962088979374], "size": [13.246079635620049, 12.875760269165028], "angle": 0.0}, {"category": "Cabinet", "position": [226.85949999999997, 221.97699999999998], "size": [11.773937605613126, 22.501465995830216], "angle": -9.104117113994314e-06}, {"category": "CeilingLamp", "position": [283.2505, 252.36399999999998], "size": [20.577571105957077, 20.57757110595702], "angle": 0.0}]}]}]}