{"seed": 1, "floorplan": [{"rooms": [{"category": "Bedroom", "corners": [[189.0, 202.0], [188.0, 203.0], [188.0, 297.0], [189.0, 298.0], [306.0, 298.0], [307.0, 297.0], [312.0, 297.0], [312.0, 202.0], [311.0, 203.0], [306.0, 203.0], [305.0, 202.0], [189.0, 202.0]], "objects": [{"category": "DoubleBed", "position": [259.2265, 237.046], "size": [43.345198059082065, 60.20520172119143], "angle": 0.0}, {"category": "Table", "position": [221.51316621933512, 210.70850109729432], "size": [19.25798950195312, 12.70508995056153], "angle": 0.0}, {"category": "Table", "position": [298.70950000000005, 210.05800000000002], "size": [19.25798950195309, 12.70508995056153], "angle": 0.0}, {"category": "PendantLamp", "position": [254.0095, 248.55700000000002], "size": [11.705820465087868, 11.765969467163103], "angle": 0.0}]}]}]}