{"seed": 1, "floorplan": [{"rooms": [{"category": "Bedroom", "corners": [[202.0, 179.0], [202.0, 181.0], [201.0, 182.0], [197.0, 182.0], [197.0, 322.0], [198.0, 321.0], [303.0, 321.0], [303.0, 227.0], [234.0, 227.0], [233.0, 226.0], [233.0, 183.0], [232.0, 182.0], [229.0, 182.0], [228.0, 181.0], [228.0, 179.0], [202.0, 179.0]], "objects": [{"category": "DoubleBed", "position": [268.34141788826344, 270.653310671903], "size": [71.4177522493215, 68.56832597810306], "angle": -1.5707872226777824}, {"category": "Nightstand", "position": [298.56413750127086, 233.84761426637266], "size": [12.767966735978385, 14.844375334145383], "angle": -3.141583549472678}, {"category": "Nightstand", "position": [298.5178039148818, 308.48215296049796], "size": [14.84437533414544, 12.767966735978385], "angle": -1.570787222677784}, {"category": "PendantLamp", "position": [250.0, 274.04994999999997], "size": [24.71057968139644, 24.710609436035156], "angle": 0.0}]}]}]}