{"seed": 1, "floorplan": [{"rooms": [{"category": "Bedroom", "corners": [[199.0, 207.0], [199.0, 293.0], [301.0, 293.0], [301.0, 207.0], [199.0, 207.0]], "objects": [{"category": "DoubleBed", "position": [263.3496721507356, 258.70342489842204], "size": [71.41710205078124, 68.56770172119141], "angle": 3.141592653589793}, {"category": "Nightstand", "position": [231.29794231270967, 289.48369358420854], "size": [14.844240188598633, 12.767850494384788], "angle": 3.141592653589793}, {"category": "Nightstand", "position": [293.9454043775347, 289.5402133980225], "size": [14.84424018859869, 12.767850494384788], "angle": 3.141592653589793}, {"category": "CeilingLamp", "position": [249.99999069214516, 245.50027530719777], "size": [17.48873977661134, 2.0748059749602987], "angle": 0.0}]}]}]}