{"seed": 1, "floorplan": [{"rooms": [{"category": "Bedroom", "corners": [[153.0, 206.0], [153.0, 238.0], [221.0, 238.0], [222.0, 239.0], [222.0, 294.0], [347.0, 294.0], [347.0, 206.0], [153.0, 206.0]], "objects": [{"category": "DoubleBed", "position": [295.3676608067416, 253.11075225645163], "size": [80.78700256347656, 79.63770446777346], "angle": 3.141592653589793}, {"category": "Nightstand", "position": [337.25264487578625, 289.06036958246], "size": [24.000000000000057, 13.839030075073197], "angle": 3.141592653589793}, {"category": "Nightstand", "position": [255.9855056592084, 289.13846181418205], "size": [24.0, 13.839030075073254], "angle": 3.141592653589793}]}]}]}