{"seed": 1, "floorplan": [{"rooms": [{"category": "Bedroom", "corners": [[205.0, 194.0], [205.0, 306.0], [295.0, 306.0], [295.0, 195.0], [240.0, 195.0], [239.0, 194.0], [205.0, 194.0]], "objects": [{"category": "DoubleBed", "position": [260.5394649441082, 257.9269270202497], "size": [67.79401625532473, 75.18698517341409], "angle": -3.141583549472679}, {"category": "Nightstand", "position": [292.05014118689013, 221.46053903172185], "size": [22.800207576704896, 10.920099876084377], "angle": -1.5707872226777833}, {"category": "Nightstand", "position": [291.8509598483021, 297.2815048770695], "size": [22.800207576704896, 10.920099876084377], "angle": -1.5707872226777833}]}]}]}