{"seed": 1, "floorplan": [{"rooms": [{"category": "Bedroom", "corners": [[210.0, 182.0], [210.0, 318.0], [290.0, 318.0], [290.0, 182.0], [210.0, 182.0]], "objects": [{"category": "DoubleBed", "position": [256.0693868427887, 255.70899999999997], "size": [68.61752686548888, 53.29098352161438], "angle": -3.141583549472679}, {"category": "Nightstand", "position": [283.65534084061744, 216.53384880622312], "size": [17.59270014475889, 13.590903991923575], "angle": -1.5707872226777806}, {"category": "Nightstand", "position": [283.65534084061744, 294.88415119377686], "size": [17.59270014475892, 13.590903991923575], "angle": -1.5707872226777806}]}]}]}