{"seed": 1, "floorplan": [{"rooms": [{"category": "Bedroom", "corners": [[169.0, 202.0], [169.0, 298.0], [331.0, 298.0], [331.0, 268.0], [279.0, 268.0], [278.0, 267.0], [278.0, 202.0], [169.0, 202.0]], "objects": [{"category": "Cabinet", "position": [266.90815000000003, 213.44110000000006], "size": [15.404819869995094, 12.901770401000988], "angle": 0.0}, {"category": "DoubleBed", "position": [225.11215000000004, 236.7845988797278], "size": [56.308799743652344, 69.12449798583984], "angle": 0.0}, {"category": "Cabinet", "position": [183.31615000000005, 213.09520000000003], "size": [15.404819869995123, 12.901770401001016], "angle": 0.0}]}]}]}