{"seed": 1, "floorplan": [{"rooms": [{"category": "Bedroom", "corners": [[295.0, 213.0], [294.0, 214.0], [205.0, 214.0], [205.0, 287.0], [206.0, 286.0], [295.0, 286.0], [295.0, 213.0]], "objects": [{"category": "DoubleBed", "position": [238.41735697098562, 246.24320582584087], "size": [66.45720598908898, 65.34089333576723], "angle": -9.10411711389213e-06}, {"category": "TVStand", "position": [285.7943334554037, 251.08916556803382], "size": [73.24176482710087, 18.388067188152664], "angle": -1.570787222677782}, {"category": "PendantLamp", "position": [249.68950000000004, 244.483], "size": [12.205770492553711, 12.205770492553711], "angle": 0.0}]}]}]}