{"seed": 1, "floorplan": [{"rooms": [{"category": "Bedroom", "corners": [[202.0, 204.0], [202.0, 222.0], [201.0, 223.0], [173.0, 223.0], [173.0, 275.0], [201.0, 275.0], [202.0, 276.0], [202.0, 296.0], [327.0, 296.0], [327.0, 204.0], [202.0, 204.0]], "objects": [{"category": "DoubleBed", "position": [254.75445244079594, 246.88147043456527], "size": [48.486598205566395, 66.67650146484371], "angle": 0.0}, {"category": "Nightstand", "position": [295.511531889754, 214.1843588377124], "size": [16.417469787597668, 10.499999999999972], "angle": 0.0}, {"category": "Nightstand", "position": [214.37775140582406, 214.3083373779873], "size": [16.41746978759764, 10.5], "angle": 0.0}, {"category": "CeilingLamp", "position": [260.65, 248.38], "size": [18.239999771118136, 18.239999771118164], "angle": 0.0}]}]}]}