{"seed": 1, "floorplan": [{"rooms": [{"category": "Bedroom", "corners": [[204.0, 199.0], [204.0, 301.0], [296.0, 301.0], [296.0, 199.0], [204.0, 199.0]], "objects": [{"category": "DoubleBed", "position": [238.61966674763642, 249.58749999999998], "size": [68.51702393633413, 54.808396933554654], "angle": -9.104117114237839e-06}, {"category": "Nightstand", "position": [212.24066690060175, 286.6855], "size": [15.803544299115647, 14.192769136316283], "angle": -9.104117114635182e-06}, {"category": "Nightstand", "position": [212.3093335661164, 213.1855], "size": [15.803544299115647, 14.192769136316283], "angle": -9.104117114635182e-06}, {"category": "PendantLamp", "position": [251.79699999999997, 247.10049999999998], "size": [28.869149780273432, 27.912659454345714], "angle": 0.0}]}]}]}