{"seed": 1, "floorplan": [{"rooms": [{"category": "Bedroom", "corners": [[220.0, 197.0], [220.0, 270.0], [219.0, 271.0], [142.0, 271.0], [142.0, 303.0], [336.0, 303.0], [336.0, 277.0], [337.0, 276.0], [358.0, 276.0], [358.0, 222.0], [337.0, 222.0], [336.0, 221.0], [336.0, 197.0], [220.0, 197.0]], "objects": [{"category": "DoubleBed", "position": [276.68587025508566, 234.00330334333523], "size": [68.92799835205074, 72.46979827880861], "angle": 0.0}, {"category": "TVStand", "position": [277.73799999999994, 295.51808336893714], "size": [54.988201904296886, 14.32094993591312], "angle": 3.141592653589793}, {"category": "CeilingLamp", "position": [273.712, 249.56050000000002], "size": [21.65414886474605, 21.654148864746105], "angle": 0.0}]}]}]}