{"seed": 1, "floorplan": [{"rooms": [{"category": "Bedroom", "corners": [[192.0, 203.0], [192.0, 297.0], [308.0, 297.0], [308.0, 203.0], [192.0, 203.0]], "objects": [{"category": "DoubleBed", "position": [241.68878574994326, 236.67133309322568], "size": [65.34029846191407, 66.45660095214848], "angle": 0.0}, {"category": "Nightstand", "position": [277.6392634027853, 209.30302862426737], "size": [19.5, 12.029910278320301], "angle": 0.0}, {"category": "CeilingLamp", "position": [242.64549999999997, 248.65300000000005], "size": [15.15753021240235, 15.845159912109409], "angle": 0.0}, {"category": "Nightstand", "position": [201.06864206480432, 207.33013673744088], "size": [19.50000000000003, 12.02991027832033], "angle": 0.0}]}]}]}