{"seed": 1, "floorplan": [{"rooms": [{"category": "Bedroom", "corners": [[199.0, 185.0], [199.0, 315.0], [301.0, 315.0], [301.0, 185.0], [199.0, 185.0]], "objects": [{"category": "DoubleBed", "position": [236.50592662986145, 246.2431], "size": [66.50490539796137, 47.43013151846896], "angle": -9.104117114417517e-06}, {"category": "Nightstand", "position": [206.21586475603561, 286.6550229680822], "size": [13.144049337750479, 14.612142842666639], "angle": -9.10411711460854e-06}, {"category": "Nightstand", "position": [206.21586475603561, 201.18447703191782], "size": [13.14404933775045, 14.612142842666639], "angle": -9.104117112446234e-06}, {"category": "PendantLamp", "position": [253.59520000000003, 256.0663], "size": [16.10279960632323, 16.02107963562014], "angle": 0.0}]}]}]}