{"seed": 1, "floorplan": [{"rooms": [{"category": "Bedroom", "corners": [[184.0, 184.0], [184.0, 236.0], [209.0, 236.0], [210.0, 237.0], [210.0, 316.0], [316.0, 316.0], [316.0, 210.0], [252.0, 210.0], [251.0, 209.0], [251.0, 184.0], [184.0, 184.0]], "objects": [{"category": "DoubleBed", "position": [285.80266615517354, 243.37869391488778], "size": [60.15990142822264, 62.516999816894554], "angle": 0.0}, {"category": "Cabinet", "position": [245.73272730291444, 218.8378167610783], "size": [13.150469970703114, 10.51838951110841], "angle": 0.0}, {"category": "Cabinet", "position": [218.27800000000002, 265.71850000000006], "size": [14.76286404823043, 14.73820409471836], "angle": -9.104117117760373e-06}, {"category": "CeilingLamp", "position": [263.45500000000004, 261.35350000000005], "size": [21.654148864746105, 21.654148864746105], "angle": 0.0}]}]}]}