{"seed": 1, "floorplan": [{"rooms": [{"category": "Bedroom", "corners": [[307.0, 203.0], [306.0, 204.0], [193.0, 204.0], [193.0, 297.0], [194.0, 296.0], [307.0, 296.0], [307.0, 203.0]], "objects": [{"category": "DoubleBed", "position": [250.31365569175023, 237.36205629356243], "size": [72.03809967041016, 61.46759948730468], "angle": 0.0}, {"category": "Nightstand", "position": [211.33331979729866, 211.01847566583376], "size": [16.32603034973144, 15.081540298461903], "angle": 0.0}, {"category": "Nightstand", "position": [288.8301791878221, 211.04282659433537], "size": [16.326030349731468, 15.081540298461903], "angle": 0.0}, {"category": "CeilingLamp", "position": [247.01349999999996, 250.00899999999996], "size": [24.0, 24.0], "angle": 0.0}]}]}]}