{"seed": 1, "floorplan": [{"rooms": [{"category": "Bedroom", "corners": [[146.0, 196.0], [146.0, 287.0], [165.0, 287.0], [166.0, 288.0], [166.0, 304.0], [354.0, 304.0], [354.0, 269.0], [292.0, 269.0], [291.0, 268.0], [291.0, 196.0], [146.0, 196.0]], "objects": [{"category": "DoubleBed", "position": [199.6899370422793, 234.234133134427], "size": [78.63479919433595, 74.96130065917967], "angle": 0.0}, {"category": "Nightstand", "position": [156.58053243535448, 200.4220672514523], "size": [17.27957954406739, 12.027059555053683], "angle": 0.0}, {"category": "Nightstand", "position": [242.80769639293158, 200.4277491488591], "size": [17.27957954406736, 12.027059555053711], "angle": 0.0}, {"category": "TVStand", "position": [200.05900000000003, 296.92449999999997], "size": [54.0, 12.0], "angle": 3.141592653589793}]}]}]}