{"seed": 1, "floorplan": [{"rooms": [{"category": "Bedroom", "corners": [[265.0, 181.0], [265.0, 207.0], [264.0, 208.0], [208.0, 208.0], [208.0, 319.0], [292.0, 319.0], [292.0, 181.0], [265.0, 181.0]], "objects": [{"category": "DoubleBed", "position": [241.03078250323387, 268.2955181661382], "size": [58.29263275615256, 60.66025379865461], "angle": -9.104117114714166e-06}, {"category": "Cabinet", "position": [216.1877157306764, 304.1223890607603], "size": [10.319493593250233, 12.516053660661385], "angle": -9.10411712142682e-06}, {"category": "PendantLamp", "position": [251.78199999999998, 271.56700000000006], "size": [23.250841104392823, 7.498928439890574], "angle": -1.57080543091201}]}]}]}