{"seed": 1, "floorplan": [{"rooms": [{"category": "Bedroom", "corners": [[179.0, 205.0], [179.0, 266.0], [180.0, 266.0], [181.0, 265.0], [202.0, 265.0], [203.0, 266.0], [203.0, 295.0], [204.0, 294.0], [205.0, 294.0], [206.0, 295.0], [321.0, 295.0], [321.0, 205.0], [179.0, 205.0]], "objects": [{"category": "DoubleBed", "position": [252.70845912198462, 241.36817770750673], "size": [58.57679901123046, 71.77949981689449], "angle": 0.0}, {"category": "Nightstand", "position": [210.2443717725684, 212.3884695078596], "size": [36.01920089721679, 12.653400421142578], "angle": 0.0}, {"category": "Nightstand", "position": [295.0436385947666, 212.54266833817388], "size": [36.01920089721682, 12.653400421142578], "angle": 0.0}, {"category": "CeilingLamp", "position": [256.3874778237142, 256.193767011285], "size": [23.99999999999997, 24.0], "angle": 0.0}]}]}]}