{"seed": 1, "floorplan": [{"rooms": [{"category": "Bedroom", "corners": [[205.0, 178.0], [205.0, 322.0], [295.0, 322.0], [295.0, 178.0], [205.0, 178.0]], "objects": [{"category": "DoubleBed", "position": [261.565, 271.51], "size": [56.00600915516563, 64.08658198956006], "angle": -1.570787222677782}, {"category": "Cabinet", "position": [268.30899999999997, 187.29100000000003], "size": [39.84210205078125, 16.4710796356201], "angle": 0.0}, {"category": "Cabinet", "position": [288.59800000000007, 313.009], "size": [12.000109250897358, 15.011446862515315], "angle": -3.1415835494726756}, {"category": "Cabinet", "position": [288.59499999999997, 229.714], "size": [15.011446862515259, 12.000109250897358], "angle": -1.5707872226777795}]}]}]}