{"seed": 1, "floorplan": [{"rooms": [{"category": "Bedroom", "corners": [[212.0, 177.0], [212.0, 323.0], [288.0, 323.0], [288.0, 177.0], [212.0, 177.0]], "objects": [{"category": "CeilingLamp", "position": [248.836, 264.25], "size": [12.851909637451172, 13.433429718017578], "angle": 0.0}, {"category": "DoubleBed", "position": [253.0898326213192, 264.625], "size": [64.53868724085181, 69.04412987044398], "angle": -1.5707872226777826}, {"category": "Nightstand", "position": [279.931, 302.602], "size": [16.490819766995905, 16.562130841027898], "angle": -3.1415835494726805}, {"category": "Nightstand", "position": [279.9238502044707, 225.38799999999998], "size": [16.490819766995905, 16.562130841027898], "angle": -3.1415835494726805}]}]}]}