{"seed": 1, "floorplan": [{"rooms": [{"category": "Bedroom", "corners": [[206.0, 187.0], [206.0, 313.0], [294.0, 313.0], [294.0, 187.0], [206.0, 187.0]], "objects": [{"category": "DoubleBed", "position": [249.30773703799593, 254.07775345696166], "size": [70.36593908458049, 84.79787589514333], "angle": -1.570805430912011}, {"category": "CornerSideTable", "position": [218.09524574058352, 296.34932459659586], "size": [14.055338075551745, 10.941969734614895], "angle": -1.5708054309120112}, {"category": "Cabinet", "position": [283.882, 297.19300000000004], "size": [14.097278765003683, 10.764307747278956], "angle": -1.5707872226777833}, {"category": "PendantLamp", "position": [254.2, 256.33000000000004], "size": [16.78505973815919, 16.411380386352505], "angle": 0.0}]}]}]}