{"seed": 1, "floorplan": [{"rooms": [{"category": "Bedroom", "corners": [[194.0, 199.0], [194.0, 301.0], [306.0, 301.0], [306.0, 199.0], [194.0, 199.0]], "objects": [{"category": "DoubleBed", "position": [260.2891000000001, 232.70983067113866], "size": [48.486598205566395, 66.6765014648438], "angle": 0.0}, {"category": "Nightstand", "position": [294.24229102005916, 205.272812227381], "size": [16.417469787597668, 10.499999999999972], "angle": 0.0}, {"category": "Nightstand", "position": [227.1006089799409, 205.42824934665524], "size": [16.417469787597668, 10.5], "angle": 0.0}]}]}]}