{"seed": 1, "floorplan": [{"rooms": [{"category": "Bedroom", "corners": [[212.0, 192.0], [212.0, 301.0], [211.0, 302.0], [211.0, 308.0], [289.0, 308.0], [289.0, 210.0], [239.0, 210.0], [238.0, 209.0], [238.0, 192.0], [212.0, 192.0]], "objects": [{"category": "DoubleBed", "position": [253.4966672770727, 265.73349999999994], "size": [62.37626978774718, 69.0651276812403], "angle": -1.5707872226777826}, {"category": "CeilingLamp", "position": [250.29249999999996, 263.7265], "size": [15.060000228881847, 15.060000228881847], "angle": 0.0}]}]}]}