{"seed": 1, "floorplan": [{"rooms": [{"category": "Bedroom", "corners": [[168.0, 205.0], [168.0, 295.0], [332.0, 295.0], [332.0, 205.0], [168.0, 205.0]], "objects": [{"category": "DoubleBed", "position": [272.794, 243.70621426961813], "size": [60.88710021972656, 65.97030029296872], "angle": 0.0}, {"category": "Nightstand", "position": [235.5554935364945, 219.40977852373447], "size": [11.007060241699207, 11.007060241699207], "angle": 0.0}, {"category": "Nightstand", "position": [310.27850646350544, 219.6754034775138], "size": [11.007060241699207, 11.007060241699236], "angle": 0.0}]}]}]}