{"seed": 1, "floorplan": [{"rooms": [{"category": "Bedroom", "corners": [[183.0, 172.0], [183.0, 264.0], [184.0, 263.0], [233.0, 263.0], [234.0, 264.0], [234.0, 328.0], [266.0, 328.0], [266.0, 281.0], [267.0, 280.0], [317.0, 280.0], [317.0, 172.0], [183.0, 172.0]], "objects": [{"category": "DoubleBed", "position": [220.14970000000005, 217.32190000000003], "size": [61.41715918817641, 67.39621142515041], "angle": -9.104117114590996e-06}, {"category": "PendantLamp", "position": [251.04640000000003, 229.94200000000004], "size": [19.4306677751244, 18.138555105153735], "angle": -1.5707872226777824}]}]}]}