{"seed": 1, "floorplan": [{"rooms": [{"category": "Bedroom", "corners": [[197.0, 212.0], [197.0, 288.0], [303.0, 288.0], [303.0, 212.0], [197.0, 212.0]], "objects": [{"category": "Cabinet", "position": [205.4678364262408, 232.96407599981436], "size": [16.47122959230595, 39.842464782897885], "angle": -9.104117113704196e-06}, {"category": "DoubleBed", "position": [263.44260923706224, 249.5432217244873], "size": [78.63479919433593, 74.96130065917967], "angle": 0.0}, {"category": "PendantLamp", "position": [258.4, 250.0], "size": [29.88980941772462, 5.757719993591337], "angle": 0.0}]}]}]}