{"seed": 1, "floorplan": [{"rooms": [{"category": "Bedroom", "corners": [[173.0, 205.0], [173.0, 295.0], [327.0, 295.0], [327.0, 205.0], [173.0, 205.0]], "objects": [{"category": "DoubleBed", "position": [257.9567797615214, 262.09717659959375], "size": [60.659701538085926, 58.29210205078124], "angle": 3.141592653589793}, {"category": "Cabinet", "position": [296.2193266016272, 288.885740673004], "size": [12.515939712524414, 10.319399642944404], "angle": 3.141592653589793}, {"category": "Cabinet", "position": [219.69853088761772, 288.885740673004], "size": [12.515939712524414, 10.319399642944404], "angle": 3.141592653589793}]}]}]}