{"seed": 1, "floorplan": [{"rooms": [{"category": "Bedroom", "corners": [[208.0, 187.0], [208.0, 313.0], [292.0, 313.0], [292.0, 187.0], [208.0, 187.0]], "objects": [{"category": "DoubleBed", "position": [260.9438325194867, 256.642], "size": [62.8895740214972, 81.86054446571227], "angle": -3.1415835494726787}, {"category": "CeilingLamp", "position": [247.8385, 253.41399999999996], "size": [13.188240051269531, 13.188210296630842], "angle": 0.0}]}]}]}