{"seed": 1, "floorplan": [{"rooms": [{"category": "Bedroom", "corners": [[150.0, 182.0], [150.0, 318.0], [350.0, 318.0], [350.0, 284.0], [349.0, 283.0], [285.0, 283.0], [284.0, 282.0], [284.0, 182.0], [150.0, 182.0]], "objects": [{"category": "DoubleBed", "position": [221.38330000000002, 215.29000000000002], "size": [66.9230987548828, 65.8019989013672], "angle": 0.0}, {"category": "Nightstand", "position": [181.34830000000002, 189.322], "size": [14.099999999999994, 10.52999954223634], "angle": 0.0}, {"category": "Nightstand", "position": [260.4283, 188.92899999999997], "size": [14.099999999999994, 10.52999954223634], "angle": 0.0}, {"category": "CeilingLamp", "position": [218.05540000000002, 240.6991], "size": [18.0904495239258, 18.09044952392577], "angle": 0.0}]}]}]}