{"seed": 1, "floorplan": [{"rooms": [{"category": "Bedroom", "corners": [[201.0, 193.0], [201.0, 307.0], [299.0, 307.0], [299.0, 193.0], [201.0, 193.0]], "objects": [{"category": "Cabinet", "position": [292.74353084912406, 294.9109970014763], "size": [13.593183675764141, 11.105860920920115], "angle": -1.5707872226777793}, {"category": "DoubleBed", "position": [260.8617082505443, 256.525905149494], "size": [67.39621142515038, 38.2611492694074], "angle": -1.5707872226777824}, {"category": "Cabinet", "position": [293.6700395671834, 218.6471265741538], "size": [13.593183675764113, 11.105860920920058], "angle": -1.5707872226777835}]}]}]}