{"seed": 1, "floorplan": [{"rooms": [{"category": "Bedroom", "corners": [[200.0, 200.0], [200.0, 222.0], [199.0, 223.0], [176.0, 223.0], [176.0, 270.0], [199.0, 270.0], [200.0, 271.0], [200.0, 300.0], [324.0, 300.0], [324.0, 272.0], [305.0, 272.0], [304.0, 271.0], [304.0, 269.0], [305.0, 268.0], [324.0, 268.0], [324.0, 200.0], [200.0, 200.0]], "objects": [{"category": "DoubleBed", "position": [254.13250000000005, 233.34999999999997], "size": [81.85979919433595, 62.88900146484377], "angle": 0.0}, {"category": "Cabinet", "position": [182.84049999999996, 246.628], "size": [33.04980116528832, 11.889767746452856], "angle": -1.5708054309120112}]}]}]}