{"seed": 1, "floorplan": [{"rooms": [{"category": "Bedroom", "corners": [[203.0, 192.0], [203.0, 302.0], [204.0, 303.0], [204.0, 306.0], [203.0, 307.0], [218.0, 307.0], [219.0, 308.0], [220.0, 307.0], [296.0, 307.0], [297.0, 308.0], [297.0, 192.0], [203.0, 192.0]], "objects": [{"category": "DoubleBed", "position": [237.29761741810583, 256.4305], "size": [67.75741771655944, 37.98034532132218], "angle": -9.104117114145678e-06}, {"category": "Cabinet", "position": [210.40003338576986, 296.05622228461476], "size": [12.54179394627464, 16.762772773905063], "angle": -9.104117108759066e-06}, {"category": "Cabinet", "position": [210.40003338576986, 216.88577771538522], "size": [12.54179394627461, 16.762772773905034], "angle": -9.104117115557566e-06}]}]}]}