{"seed": 1, "floorplan": [{"rooms": [{"category": "Bedroom", "corners": [[212.0, 200.0], [212.0, 300.0], [288.0, 300.0], [288.0, 200.0], [212.0, 200.0]], "objects": [{"category": "DoubleBed", "position": [258.3352269017088, 242.95211012199627], "size": [53.730491001964104, 51.83267251542755], "angle": -1.5707872226777821}, {"category": "Nightstand", "position": [284.5548754278363, 210.07760330484513], "size": [16.748012049921464, 9.678148261542786], "angle": -1.5707872226777806}, {"category": "CeilingLamp", "position": [249.05050000000003, 241.8565], "size": [21.841170501709, 19.75371093749999], "angle": 0.0}]}]}]}