{"seed": 1, "floorplan": [{"rooms": [{"category": "Bedroom", "corners": [[196.0, 208.0], [196.0, 292.0], [304.0, 292.0], [304.0, 208.0], [196.0, 208.0]], "objects": [{"category": "PendantLamp", "position": [246.562, 251.51500000000001], "size": [34.03410959558238, 14.157729297044362], "angle": -1.5707872226777821}, {"category": "DoubleBed", "position": [239.40237871065244, 246.114403850612], "size": [60.88710021972656, 65.97030029296874], "angle": 0.0}, {"category": "Cabinet", "position": [276.04629064969015, 215.45220509839737], "size": [16.391970062255837, 9.241440010070818], "angle": 0.0}]}]}]}