{"seed": 1, "floorplan": [{"rooms": [{"category": "Bedroom", "corners": [[176.0, 201.0], [176.0, 299.0], [324.0, 299.0], [324.0, 201.0], [176.0, 201.0]], "objects": [{"category": "DoubleBed", "position": [261.5650480416258, 261.7577448975404], "size": [68.56777480060896, 71.41717816708804], "angle": -1.5693363278322736}, {"category": "Nightstand", "position": [216.81225377263672, 291.96413703798123], "size": [18.644549560546892, 17.997809600830067], "angle": 3.141592653589793}, {"category": "Nightstand", "position": [306.22730752465486, 291.9668562930745], "size": [18.644549560546864, 17.997809600830067], "angle": 3.141592653589793}, {"category": "PendantLamp", "position": [261.712, 254.1055], "size": [15.0, 15.0], "angle": 0.0}]}]}]}