{"seed": 1, "floorplan": [{"rooms": [{"category": "Bedroom", "corners": [[200.0, 196.0], [200.0, 304.0], [300.0, 304.0], [300.0, 196.0], [200.0, 196.0]], "objects": [{"category": "DoubleBed", "position": [256.24239393719984, 242.3904692667263], "size": [70.36593908458049, 84.79787589514333], "angle": -1.5707872226777824}, {"category": "CornerSideTable", "position": [295.34370793798325, 277.57263845864105], "size": [14.05521011352539, 10.941870117187477], "angle": 0.0}, {"category": "CeilingLamp", "position": [252.4429507943846, 247.1163869162524], "size": [18.38465995788573, 18.986970520019497], "angle": 0.0}]}]}]}