{"seed": 1, "floorplan": [{"rooms": [{"category": "Bedroom", "corners": [[207.0, 181.0], [207.0, 319.0], [293.0, 319.0], [293.0, 181.0], [207.0, 181.0]], "objects": [{"category": "DoubleBed", "position": [242.95936872324268, 262.80762872950663], "size": [68.92862588918993, 72.47045806134943], "angle": -1.5708054309120105}, {"category": "PendantLamp", "position": [248.72950000000003, 260.011], "size": [19.397760772705055, 18.531120300292997], "angle": 0.0}]}]}]}