{"seed": 1, "floorplan": [{"rooms": [{"category": "Bedroom", "corners": [[198.0, 201.0], [198.0, 299.0], [302.0, 299.0], [302.0, 201.0], [198.0, 201.0]], "objects": [{"category": "Table", "position": [219.0532911676052, 288.88014896661565], "size": [46.51979827880862, 19.059689712524346], "angle": 3.141592653589793}, {"category": "Cabinet", "position": [244.04987044995426, 291.76046869848994], "size": [114.0653961181641, 9.597450256347656], "angle": 3.141592653589793}, {"category": "DoubleBed", "position": [268.9200002644856, 231.829], "size": [53.222885977815444, 66.10980139803986], "angle": -1.5707872226777824}, {"category": "Chair", "position": [216.66847137221015, 268.44197160120217], "size": [17.13602943420412, 15.747570419311558], "angle": 0.0}]}]}]}