{"seed": 1, "floorplan": [{"rooms": [{"category": "Bedroom", "corners": [[240.0, 182.0], [240.0, 202.0], [239.0, 203.0], [198.0, 203.0], [198.0, 318.0], [303.0, 318.0], [303.0, 317.0], [302.0, 316.0], [302.0, 296.0], [303.0, 295.0], [303.0, 290.0], [302.0, 289.0], [302.0, 269.0], [303.0, 268.0], [303.0, 263.0], [302.0, 262.0], [302.0, 242.0], [303.0, 241.0], [303.0, 236.0], [302.0, 235.0], [302.0, 215.0], [303.0, 214.0], [303.0, 209.0], [302.0, 208.0], [302.0, 188.0], [303.0, 187.0], [303.0, 182.0], [240.0, 182.0]], "objects": [{"category": "DoubleBed", "position": [266.9304332562175, 260.98495], "size": [51.19636606321304, 58.88273670032977], "angle": -1.5707872226777824}, {"category": "Nightstand", "position": [296.3324908851117, 299.8630707181595], "size": [6.204566413198649, 5.372718706258243], "angle": -1.5707872226777864}, {"category": "Nightstand", "position": [296.3324908851117, 222.27992928184045], "size": [6.204566413198707, 5.372718706258243], "angle": -1.5707872226777864}, {"category": "PendantLamp", "position": [253.2364, 256.73485], "size": [24.710579681396467, 24.710609436035128], "angle": 0.0}]}]}]}