{"seed": 1, "floorplan": [{"rooms": [{"category": "Bedroom", "corners": [[248.0, 191.0], [248.0, 202.0], [247.0, 203.0], [182.0, 203.0], [182.0, 307.0], [283.0, 307.0], [284.0, 308.0], [284.0, 309.0], [318.0, 309.0], [318.0, 250.0], [284.0, 250.0], [284.0, 254.0], [283.0, 255.0], [279.0, 255.0], [278.0, 254.0], [278.0, 191.0], [248.0, 191.0]], "objects": [{"category": "DoubleBed", "position": [220.50382819073008, 249.895], "size": [74.49668042685617, 72.30665957303168], "angle": -9.104117114331912e-06}, {"category": "Chair", "position": [268.26925, 287.0437], "size": [19.59824981689451, 23.25714111328125], "angle": 0.0}, {"category": "PendantLamp", "position": [191.15634999999997, 211.75], "size": [14.368740463256842, 14.368740463256842], "angle": 0.0}, {"category": "Chair", "position": [296.63755, 269.87559999999996], "size": [23.25735285190922, 19.59842824409273], "angle": -9.104117114359996e-06}]}]}]}