{"seed": 1, "floorplan": [{"rooms": [{"category": "Bedroom", "corners": [[204.0, 177.0], [204.0, 323.0], [296.0, 323.0], [296.0, 179.0], [234.0, 179.0], [233.0, 178.0], [233.0, 177.0], [204.0, 177.0]], "objects": [{"category": "DoubleBed", "position": [261.14763079625726, 259.66450000000003], "size": [59.12483637758818, 64.22638428773294], "angle": -1.5707872226777826}, {"category": "Nightstand", "position": [288.4725712554294, 222.24223287797375], "size": [11.721587275491789, 10.9849003470196], "angle": -1.5707872226777797}, {"category": "Nightstand", "position": [288.1986629934004, 297.5637671220262], "size": [11.721587275491846, 10.9849003470196], "angle": -1.5707872226777846}, {"category": "PendantLamp", "position": [250.00600000000003, 257.0695], "size": [20.31662979125977, 20.85401916503912], "angle": 0.0}]}]}]}