{"seed": 1, "floorplan": [{"rooms": [{"category": "Bedroom", "corners": [[244.0, 67.0], [244.0, 124.0], [243.0, 125.0], [146.0, 125.0], [147.0, 126.0], [147.0, 229.0], [146.0, 230.0], [81.0, 230.0], [81.0, 433.0], [277.0, 433.0], [277.0, 385.0], [278.0, 384.0], [376.0, 384.0], [376.0, 252.0], [377.0, 251.0], [406.0, 251.0], [406.0, 247.0], [407.0, 246.0], [407.0, 242.0], [408.0, 241.0], [408.0, 237.0], [409.0, 236.0], [409.0, 233.0], [410.0, 232.0], [410.0, 228.0], [411.0, 227.0], [411.0, 223.0], [412.0, 222.0], [412.0, 218.0], [413.0, 217.0], [413.0, 213.0], [414.0, 212.0], [414.0, 209.0], [415.0, 208.0], [415.0, 204.0], [416.0, 203.0], [416.0, 199.0], [417.0, 198.0], [417.0, 194.0], [418.0, 193.0], [418.0, 190.0], [419.0, 189.0], [419.0, 124.0], [418.0, 123.0], [418.0, 120.0], [417.0, 119.0], [417.0, 115.0], [416.0, 114.0], [416.0, 111.0], [415.0, 110.0], [415.0, 106.0], [414.0, 105.0], [414.0, 102.0], [413.0, 101.0], [413.0, 98.0], [412.0, 97.0], [412.0, 93.0], [411.0, 92.0], [411.0, 89.0], [410.0, 88.0], [410.0, 84.0], [409.0, 83.0], [409.0, 80.0], [408.0, 79.0], [408.0, 75.0], [407.0, 74.0], [407.0, 71.0], [406.0, 70.0], [406.0, 67.0], [244.0, 67.0]], "objects": [{"category": "DoubleBed", "position": [119.43388033082687, 374.3915384995804], "size": [75.18698517341409, 67.79401625532473], "angle": -1.5708054309120107}]}]}]}