{"seed": 1, "floorplan": [{"rooms": [{"category": "Bedroom", "corners": [[198.0, 158.0], [198.0, 342.0], [302.0, 342.0], [302.0, 229.0], [248.0, 229.0], [247.0, 228.0], [247.0, 158.0], [198.0, 158.0]], "objects": [{"category": "DoubleBed", "position": [268.4237005363892, 291.0200608329438], "size": [60.88758653155935, 65.97082720486851], "angle": -1.5603798048200366}, {"category": "Nightstand", "position": [294.0297025795958, 256.0902555277568], "size": [11.007166795948905, 11.007166795948962], "angle": -1.5692876016277886}, {"category": "Nightstand", "position": [295.112973108651, 326.28434871401583], "size": [11.007166795948962, 11.007166795948963], "angle": -1.5692876016277886}, {"category": "CeilingLamp", "position": [244.0645, 279.26349999999996], "size": [18.755489730834967, 18.760860443115234], "angle": 0.0}]}]}]}