{"seed": 1, "floorplan": [{"rooms": [{"category": "Bedroom", "corners": [[298.0, 206.0], [297.0, 207.0], [201.0, 207.0], [201.0, 294.0], [202.0, 294.0], [203.0, 293.0], [299.0, 293.0], [299.0, 206.0], [298.0, 206.0]], "objects": [{"category": "DoubleBed", "position": [243.73933521501016, 240.2943346466817], "size": [56.59559783935546, 67.01670227050784], "angle": 0.0}, {"category": "Nightstand", "position": [208.44294841562845, 210.14972122599335], "size": [15.011280441284214, 12.0], "angle": 0.0}, {"category": "Nightstand", "position": [274.82649833081655, 209.77691736692606], "size": [15.011280441284157, 12.0], "angle": 0.0}]}]}]}