{"seed": 1, "floorplan": [{"rooms": [{"category": "Bedroom", "corners": [[262.0, 164.0], [262.0, 179.0], [261.0, 180.0], [258.0, 180.0], [258.0, 204.0], [259.0, 203.0], [261.0, 203.0], [262.0, 204.0], [262.0, 223.0], [261.0, 224.0], [192.0, 224.0], [192.0, 334.0], [191.0, 335.0], [191.0, 336.0], [291.0, 336.0], [291.0, 215.0], [292.0, 214.0], [308.0, 214.0], [308.0, 166.0], [309.0, 165.0], [309.0, 164.0], [262.0, 164.0]], "objects": [{"category": "Table", "position": [273.6688291419641, 267.07551544107633], "size": [39.75420227050779, 17.473260498046898], "angle": 0.0}, {"category": "Nightstand", "position": [213.66351307834788, 274.518942147676], "size": [17.328600311279303, 12.57680969238288], "angle": 0.0}, {"category": "DoubleBed", "position": [227.52360628926309, 289.6500585583618], "size": [68.1132223474628, 67.72321788127292], "angle": -1.5708054309120112}]}]}]}