{"seed": 1, "floorplan": [{"rooms": [{"category": "Bedroom", "corners": [[289.0, 186.0], [288.0, 187.0], [187.0, 187.0], [187.0, 314.0], [188.0, 313.0], [312.0, 313.0], [313.0, 314.0], [313.0, 256.0], [290.0, 256.0], [289.0, 255.0], [289.0, 186.0]], "objects": [{"category": "DoubleBed", "position": [227.1685, 224.1625], "size": [53.290498352050776, 68.61690216064454], "angle": 0.0}, {"category": "PendantLamp", "position": [222.7975, 247.0765], "size": [24.271499633789062, 24.271499633789062], "angle": 0.0}, {"category": "Cabinet", "position": [305.87030001908096, 268.6195], "size": [14.932695916672337, 14.932695916672337], "angle": -1.570787222677781}]}]}]}