{"seed": 1, "floorplan": [{"rooms": [{"category": "Bedroom", "corners": [[199.0, 176.0], [199.0, 324.0], [301.0, 324.0], [301.0, 176.0], [199.0, 176.0]], "objects": [{"category": "Cabinet", "position": [268.63694317260354, 184.59439934108843], "size": [39.84210205078125, 16.4710796356201], "angle": 0.0}, {"category": "DoubleBed", "position": [249.9246012671165, 291.33079335093595], "size": [60.65970153808598, 58.29210205078124], "angle": 3.141592653589793}, {"category": "Table", "position": [207.73401630123078, 204.86907889256608], "size": [18.432137642477652, 40.05606383447113], "angle": -9.10411711463206e-06}, {"category": "Chair", "position": [227.40686008231975, 209.5752309978206], "size": [16.209385847668624, 17.582860424825345], "angle": -3.102823178037668}]}]}]}