{"seed": 1, "floorplan": [{"rooms": [{"category": "Bedroom", "corners": [[192.0, 208.0], [192.0, 292.0], [308.0, 292.0], [308.0, 208.0], [192.0, 208.0]], "objects": [{"category": "Cabinet", "position": [223.05600356570326, 214.16181421333937], "size": [15.342630386352539, 13.196129608154308], "angle": 0.0}, {"category": "PendantLamp", "position": [263.938, 248.80300000000003], "size": [15.852209472656227, 13.939649963378912], "angle": 0.0}, {"category": "DoubleBed", "position": [264.1748267550397, 242.81195459349757], "size": [63.87989959716796, 70.0667999267578], "angle": 0.0}]}]}]}