{"seed": 1, "floorplan": [{"rooms": [{"category": "Bedroom", "corners": [[184.0, 206.0], [184.0, 294.0], [302.0, 294.0], [302.0, 227.0], [303.0, 226.0], [316.0, 226.0], [316.0, 206.0], [184.0, 206.0]], "objects": [{"category": "DoubleBed", "position": [237.53299657737898, 257.30128301112654], "size": [65.25059967041014, 73.22249908447267], "angle": 3.141592653589793}, {"category": "TVStand", "position": [237.79378274649588, 211.01851242961052], "size": [67.13100128173829, 14.031240463256836], "angle": 0.0}, {"category": "PendantLamp", "position": [236.97220000000004, 260.3575], "size": [31.665888877210644, 31.665888877210644], "angle": -1.570787222677782}]}]}]}