{"seed": 1, "floorplan": [{"rooms": [{"category": "Bedroom", "corners": [[204.0, 184.0], [204.0, 316.0], [296.0, 316.0], [296.0, 211.0], [261.0, 211.0], [260.0, 210.0], [260.0, 184.0], [204.0, 184.0]], "objects": [{"category": "DoubleBed", "position": [236.31333251953126, 258.79], "size": [64.08658198956, 56.00600915516554], "angle": -9.104117114170388e-06}, {"category": "Cabinet", "position": [211.17452787287363, 217.50247490646728], "size": [12.00010925089733, 15.011446862515259], "angle": -9.104117112970783e-06}, {"category": "Cabinet", "position": [211.41100000000003, 300.196], "size": [12.00010925089733, 15.011446862515315], "angle": -9.104117112970783e-06}, {"category": "PendantLamp", "position": [250.00900000000001, 260.971], "size": [12.70071029663086, 11.791289520263717], "angle": 0.0}]}]}]}