{"seed": 1, "floorplan": [{"rooms": [{"category": "Bedroom", "corners": [[207.0, 195.0], [207.0, 305.0], [293.0, 305.0], [293.0, 195.0], [207.0, 195.0]], "objects": [{"category": "DoubleBed", "position": [242.21206254864643, 242.04308081167957], "size": [65.97090090251069, 60.88765455058771], "angle": -9.104117113960183e-06}, {"category": "Cabinet", "position": [219.57401740209184, 208.78742685110248], "size": [9.241524146371924, 16.39211929870904], "angle": -9.104117111393672e-06}, {"category": "Cabinet", "position": [216.8535561787494, 280.91775793932675], "size": [9.241524146371953, 16.39211929870907], "angle": -9.104117114469079e-06}, {"category": "CeilingLamp", "position": [254.95389999999998, 243.24129999999997], "size": [17.99999999999997, 18.0], "angle": 0.0}]}]}]}