{"seed": 1, "floorplan": [{"rooms": [{"category": "Bedroom", "corners": [[205.0, 197.0], [205.0, 303.0], [295.0, 303.0], [295.0, 197.0], [205.0, 197.0]], "objects": [{"category": "Nightstand", "position": [214.6012747337706, 287.34731123667933], "size": [9.099622982655102, 12.001369256875464], "angle": -9.104117120595374e-06}, {"category": "PendantLamp", "position": [248.5607734760194, 250.99608293923492], "size": [3.893280029296875, 3.893280029296875], "angle": 0.0}, {"category": "DoubleBed", "position": [236.58756276705543, 252.98201337158102], "size": [50.52135991785009, 63.39747659474152], "angle": -1.5708054309120112}]}]}]}