{"seed": 1, "floorplan": [{"rooms": [{"category": "Bedroom", "corners": [[283.0, 185.0], [282.0, 186.0], [213.0, 186.0], [213.0, 187.0], [211.0, 189.0], [205.0, 189.0], [205.0, 212.0], [212.0, 212.0], [213.0, 213.0], [213.0, 315.0], [214.0, 314.0], [295.0, 314.0], [295.0, 185.0], [283.0, 185.0]], "objects": [{"category": "Table", "position": [278.06515, 294.52885], "size": [39.112553962869384, 23.407354217545414], "angle": -1.5707872226777826}, {"category": "Nightstand", "position": [288.6283028241677, 212.8968619913563], "size": [14.956576520437682, 12.005959523885686], "angle": -1.5707872226777813}, {"category": "PendantLamp", "position": [230.73133934591547, 253.68624999999997], "size": [116.53620300292968, 16.1115898132324], "angle": 0.0}, {"category": "DoubleBed", "position": [261.8788255407828, 252.29585046023104], "size": [63.80847887172766, 46.32132168003601], "angle": -3.1415835494726796}]}]}]}