{"seed": 1, "floorplan": [{"rooms": [{"category": "Bedroom", "corners": [[204.0, 165.0], [204.0, 179.0], [203.0, 180.0], [200.0, 180.0], [200.0, 204.0], [203.0, 204.0], [204.0, 205.0], [204.0, 335.0], [300.0, 335.0], [300.0, 226.0], [237.0, 226.0], [236.0, 225.0], [236.0, 165.0], [204.0, 165.0]], "objects": [{"category": "DoubleBed", "position": [263.3456483957006, 287.13157189093954], "size": [72.47045806134943, 68.92862588918993], "angle": -3.141583549472679}, {"category": "CornerSideTable", "position": [293.1766599393932, 253.45982133482732], "size": [12.85679075373762, 13.195010713482974], "angle": -0.7853927101735392}, {"category": "CornerSideTable", "position": [292.8255793098914, 326.3028160804447], "size": [12.85682945251466, 13.195050430297897], "angle": 0.0}]}]}]}