{"seed": 1, "floorplan": [{"rooms": [{"category": "Bedroom", "corners": [[202.0, 189.0], [202.0, 311.0], [298.0, 311.0], [298.0, 189.0], [202.0, 189.0]], "objects": [{"category": "DoubleBed", "position": [239.68560752932314, 258.1447534683948], "size": [62.51756898675514, 60.16044913849045], "angle": -9.104117114013856e-06}, {"category": "Cabinet", "position": [208.608301667917, 219.73036889838812], "size": [10.518485273066098, 13.150589695756828], "angle": -9.10411711310575e-06}, {"category": "Cabinet", "position": [208.7910877562319, 296.24807862383153], "size": [10.518485273066098, 13.150589695756857], "angle": -9.10411711310575e-06}, {"category": "CeilingLamp", "position": [252.265, 257.017], "size": [21.654148864746077, 21.654148864746077], "angle": 0.0}]}]}]}