{"seed": 1, "floorplan": [{"rooms": [{"category": "Bedroom", "corners": [[202.0, 168.0], [202.0, 329.0], [201.0, 330.0], [201.0, 332.0], [299.0, 332.0], [299.0, 331.0], [298.0, 330.0], [298.0, 212.0], [230.0, 212.0], [229.0, 211.0], [229.0, 168.0], [202.0, 168.0]], "objects": [{"category": "DoubleBed", "position": [263.9199980065291, 279.4805909253667], "size": [71.41775224932144, 68.56832597810306], "angle": -1.5707872226777824}, {"category": "Nightstand", "position": [291.48292014332, 242.40426648521316], "size": [18.64471930502769, 17.99797345723412], "angle": -1.5707872226777855}, {"category": "Nightstand", "position": [291.07501903277546, 320.34117846204], "size": [18.64471930502766, 17.99797345723412], "angle": -1.5707872226777793}, {"category": "PendantLamp", "position": [249.9805, 276.65049999999997], "size": [15.0, 15.0], "angle": 0.0}]}]}]}