{"seed": 1, "floorplan": [{"rooms": [{"category": "Bedroom", "corners": [[185.0, 207.0], [185.0, 293.0], [315.0, 293.0], [315.0, 207.0], [185.0, 207.0]], "objects": [{"category": "DoubleBed", "position": [256.8651352763974, 243.59956552404054], "size": [68.92799835205079, 72.46979827880858], "angle": 0.0}, {"category": "Nightstand", "position": [216.873975013451, 214.7311081063495], "size": [17.99999999999997, 13.5], "angle": 0.0}, {"category": "Nightstand", "position": [301.9266387123416, 211.93147253310957], "size": [18.0, 13.5], "angle": 0.0}]}]}]}