{"seed": 1, "floorplan": [{"rooms": [{"category": "Bedroom", "corners": [[206.0, 182.0], [206.0, 318.0], [294.0, 318.0], [294.0, 199.0], [257.0, 199.0], [256.0, 198.0], [256.0, 182.0], [206.0, 182.0]], "objects": [{"category": "DoubleBed", "position": [240.97094834921216, 270.10522463589496], "size": [58.2926327561525, 60.66025379865464], "angle": -9.104117114226606e-06}, {"category": "Nightstand", "position": [212.11498990279102, 309.8128192664367], "size": [10.84371902323032, 16.04315600816645], "angle": -9.104117116290954e-06}, {"category": "Nightstand", "position": [212.11498990279102, 229.57921206467097], "size": [10.84371902323032, 16.043156008166534], "angle": -9.104117113669924e-06}, {"category": "PendantLamp", "position": [247.7545, 265.216], "size": [23.250629425048828, 7.498860168457043], "angle": 3.141592653589793}]}]}]}