{"seed": 1, "floorplan": [{"rooms": [{"category": "Bedroom", "corners": [[206.0, 185.0], [206.0, 315.0], [294.0, 315.0], [294.0, 185.0], [206.0, 185.0]], "objects": [{"category": "DoubleBed", "position": [241.05898112931374, 262.9755785359327], "size": [65.1398920551361, 70.65244224226701], "angle": -9.104117114500982e-06}, {"category": "Nightstand", "position": [213.88372152385907, 305.18392259928316], "size": [16.036915488095016, 15.301789547955337], "angle": -1.5708054309120107}, {"category": "Nightstand", "position": [213.7453257340536, 221.41657951039124], "size": [15.301789547955364, 16.036915488094987], "angle": -9.104117113855061e-06}, {"category": "PendantLamp", "position": [249.75752033495715, 260.2227710594519], "size": [28.62179946899417, 28.62179946899414], "angle": 0.0}]}]}]}