{"seed": 1, "floorplan": [{"rooms": [{"category": "Bedroom", "corners": [[197.0, 196.0], [197.0, 304.0], [303.0, 304.0], [303.0, 196.0], [197.0, 196.0]], "objects": [{"category": "DoubleBed", "position": [257.28665394434466, 268.8309660748206], "size": [63.87989959716799, 70.06679992675782], "angle": 3.141592653589793}, {"category": "Nightstand", "position": [296.9129660748355, 299.1903373562549], "size": [17.42781028747561, 13.807199478149414], "angle": 3.141592653589793}, {"category": "Cabinet", "position": [221.5520945038721, 295.00168645206065], "size": [47.722201538085926, 17.84543952941891], "angle": 0.0}]}]}]}