{"seed": 1, "floorplan": [{"rooms": [{"category": "Bedroom", "corners": [[200.0, 171.0], [200.0, 329.0], [300.0, 329.0], [300.0, 224.0], [229.0, 224.0], [228.0, 223.0], [228.0, 174.0], [229.0, 173.0], [229.0, 171.0], [200.0, 171.0]], "objects": [{"category": "DoubleBed", "position": [246.4905805707916, 277.069840550354], "size": [88.1473997979432, 101.81882858608762], "angle": -1.5707872226777828}, {"category": "Nightstand", "position": [296.4291849841062, 315.06050523618876], "size": [15.111137253754976, 12.14837109874355], "angle": -1.570787222677779}]}]}]}