{"seed": 1, "floorplan": [{"rooms": [{"category": "Bedroom", "corners": [[196.0, 196.0], [196.0, 304.0], [304.0, 304.0], [304.0, 196.0], [196.0, 196.0]], "objects": [{"category": "DoubleBed", "position": [232.70713166873242, 257.84851907264584], "size": [68.92862588918999, 72.47045806134946], "angle": -1.570805430912011}, {"category": "Nightstand", "position": [202.1498939776489, 294.2942590395557], "size": [11.78167731535891, 18.900172070163276], "angle": -9.104117110882023e-06}, {"category": "Table", "position": [296.17192107754954, 284.63658682157774], "size": [38.95805273937122, 15.52604085715299], "angle": -1.5707872226777821}]}]}]}