{"seed": 1, "floorplan": [{"rooms": [{"category": "Bedroom", "corners": [[203.0, 198.0], [203.0, 302.0], [297.0, 302.0], [297.0, 198.0], [203.0, 198.0]], "objects": [{"category": "DoubleBed", "position": [237.7345227317301, 259.52638851995033], "size": [68.51702393633413, 54.808396933554654], "angle": -9.104117114237839e-06}, {"category": "Nightstand", "position": [209.04440284808805, 226.18291409121306], "size": [15.803544299115675, 14.192769136316254], "angle": -9.104117114635167e-06}]}]}]}