{"seed": 1, "floorplan": [{"rooms": [{"category": "Bedroom", "corners": [[262.0, 177.0], [262.0, 191.0], [261.0, 192.0], [208.0, 192.0], [208.0, 323.0], [292.0, 323.0], [292.0, 177.0], [262.0, 177.0]], "objects": [{"category": "DoubleBed", "position": [247.84851815513974, 270.53935283949005], "size": [78.01180642326116, 45.69821725231167], "angle": -9.1041171137979e-06}, {"category": "Nightstand", "position": [217.9060699612242, 307.3633392950038], "size": [16.50015021998386, 12.000109250897358], "angle": -1.5708054309120105}, {"category": "Nightstand", "position": [217.90908962923976, 235.8882426099351], "size": [16.5001502199838, 12.00010925089733], "angle": -1.5708054309120105}, {"category": "CeilingLamp", "position": [251.03083838088656, 255.30747662180352], "size": [7.198800086975098, 17.998560333251987], "angle": 0.0}]}]}]}