{"seed": 1, "floorplan": [{"rooms": [{"category": "Bedroom", "corners": [[220.0, 194.0], [219.0, 195.0], [219.0, 261.0], [218.0, 262.0], [135.0, 262.0], [135.0, 306.0], [365.0, 306.0], [365.0, 194.0], [220.0, 194.0]], "objects": [{"category": "DoubleBed", "position": [276.74350000000004, 230.18049999999997], "size": [67.67039794921874, 67.56959838867186], "angle": 0.0}, {"category": "Armchair", "position": [346.3542696205327, 287.2867377862686], "size": [23.69914956204206, 19.70547554317956], "angle": -2.2276601746232783}, {"category": "Armchair", "position": [340.3135, 221.5906], "size": [23.69956078211254, 19.705817466294494], "angle": -2.0263994627093855}, {"category": "Nightstand", "position": [234.1504, 206.31009999999998], "size": [18.900000000000006, 13.50627021789549], "angle": 0.0}]}]}]}