{"seed": 1, "floorplan": [{"rooms": [{"category": "Bedroom", "corners": [[206.0, 185.0], [206.0, 315.0], [294.0, 315.0], [294.0, 185.0], [206.0, 185.0]], "objects": [{"category": "DoubleBed", "position": [260.82490188914915, 258.78549999999996], "size": [55.32050181556526, 66.04770061293794], "angle": -1.5707872226777821}, {"category": "PendantLamp", "position": [239.3515, 262.8265], "size": [23.50662002563476, 26.254529571533197], "angle": 0.0}]}]}]}