{"seed": 1, "floorplan": [{"rooms": [{"category": "Bedroom", "corners": [[157.0, 197.0], [157.0, 303.0], [343.0, 303.0], [343.0, 274.0], [279.0, 274.0], [278.0, 273.0], [278.0, 197.0], [157.0, 197.0]], "objects": [{"category": "DoubleBed", "position": [215.80900000000003, 228.40289961143463], "size": [41.03730010986328, 63.49680175781248], "angle": 0.0}, {"category": "PendantLamp", "position": [216.502, 243.136], "size": [32.74890060424809, 1.3951799869537354], "angle": 0.0}]}]}]}