{"seed": 1, "floorplan": [{"rooms": [{"category": "Bedroom", "corners": [[194.0, 193.0], [194.0, 307.0], [306.0, 307.0], [306.0, 193.0], [194.0, 193.0]], "objects": [{"category": "DoubleBed", "position": [229.5322, 245.4676], "size": [63.58047844392486, 60.53425320084158], "angle": -9.104117113686061e-06}, {"category": "PendantLamp", "position": [254.0548, 241.02910000000003], "size": [12.412799835205107, 12.412799835205078], "angle": 0.0}, {"category": "PendantLamp", "position": [200.07656657511697, 204.22750000000002], "size": [12.41291284433176, 12.41291284433176], "angle": -1.5707872226777848}]}]}]}