{"seed": 1, "floorplan": [{"rooms": [{"category": "Bedroom", "corners": [[186.0, 192.0], [186.0, 308.0], [314.0, 308.0], [314.0, 192.0], [186.0, 192.0]], "objects": [{"category": "DoubleBed", "position": [264.46945, 274.2413666517043], "size": [37.9799995422363, 67.75680084228514], "angle": 3.141592653589793}, {"category": "Cabinet", "position": [225.50368906833367, 301.1367447970142], "size": [16.762620162963856, 12.54167976379398], "angle": 3.141592653589793}, {"category": "Cabinet", "position": [303.43671093166637, 301.1367447970142], "size": [16.7626201629638, 12.54167976379398], "angle": 3.141592653589793}, {"category": "PendantLamp", "position": [250.55095, 247.67305], "size": [17.625090408325235, 17.564459609985363], "angle": 0.0}]}]}]}