{"seed": 1, "floorplan": [{"rooms": [{"category": "Bedroom", "corners": [[210.0, 191.0], [210.0, 309.0], [290.0, 309.0], [290.0, 191.0], [210.0, 191.0]], "objects": [{"category": "DoubleBed", "position": [252.6458896007103, 243.48913040536863], "size": [68.56691778674103, 71.41628553914038], "angle": -0.005555252886118635}, {"category": "Nightstand", "position": [285.36162261625594, 198.35873165011859], "size": [14.844375334145383, 12.767966735978385], "angle": -1.5707872226777801}, {"category": "PendantLamp", "position": [253.1305, 243.95800000000003], "size": [24.710579681396496, 24.710609436035156], "angle": 0.0}, {"category": "Nightstand", "position": [283.88937323395555, 287.31841273343355], "size": [14.844375334145383, 12.767966735978328], "angle": -1.570787222677784}]}]}]}