{"seed": 1, "floorplan": [{"rooms": [{"category": "Bedroom", "corners": [[190.0, 194.0], [190.0, 306.0], [308.0, 306.0], [308.0, 228.0], [309.0, 227.0], [310.0, 227.0], [310.0, 194.0], [190.0, 194.0]], "objects": [{"category": "DoubleBed", "position": [257.99287513786396, 268.7463459716065], "size": [75.18630065917972, 67.79339904785155], "angle": 3.141592653589793}, {"category": "Nightstand", "position": [299.1201598432276, 298.4510439387471], "size": [22.80000000000001, 10.92000045776365], "angle": 3.141592653589793}, {"category": "Nightstand", "position": [214.56875539823187, 298.66424511755366], "size": [22.799999999999983, 10.92000045776365], "angle": 3.141592653589793}, {"category": "PendantLamp", "position": [257.6965, 255.76000000000002], "size": [14.43320960998534, 14.433209609985369], "angle": 0.0}]}]}]}