{"seed": 1, "floorplan": [{"rooms": [{"category": "Bedroom", "corners": [[197.0, 135.0], [197.0, 254.0], [196.0, 255.0], [196.0, 365.0], [305.0, 365.0], [304.0, 364.0], [304.0, 214.0], [233.0, 214.0], [232.0, 213.0], [232.0, 193.0], [233.0, 192.0], [235.0, 192.0], [236.0, 193.0], [236.0, 211.0], [304.0, 211.0], [304.0, 163.0], [305.0, 162.0], [233.0, 162.0], [232.0, 161.0], [232.0, 135.0], [197.0, 135.0]], "objects": [{"category": "CeilingLamp", "position": [259.83765573335324, 177.902469737808], "size": [20.952420043945267, 21.00048065185547], "angle": 0.0}, {"category": "DoubleBed", "position": [271.03450938674854, 295.2325952108254], "size": [72.03875552266265, 61.468159103171345], "angle": -1.5707872226777821}, {"category": "Cabinet", "position": [205.1512285452248, 332.25114764061016], "size": [17.27409716174935, 37.58854182752319], "angle": -9.104117115879818e-06}]}]}]}