{"seed": 1, "floorplan": [{"rooms": [{"category": "Bedroom", "corners": [[206.0, 193.0], [206.0, 307.0], [294.0, 307.0], [294.0, 193.0], [206.0, 193.0]], "objects": [{"category": "DoubleBed", "position": [245.70100000000002, 255.49], "size": [63.39747659474149, 50.52135991785009], "angle": -9.104117113775268e-06}, {"category": "Nightstand", "position": [213.61379753713035, 222.1447725408754], "size": [9.099622982655076, 12.001369256875464], "angle": -9.104117114348614e-06}, {"category": "Nightstand", "position": [212.869, 289.56699999999995], "size": [9.099622982655045, 12.001369256875464], "angle": -9.104117114348643e-06}, {"category": "CeilingLamp", "position": [252.553, 256.16499999999996], "size": [18.0904495239258, 18.09044952392577], "angle": 0.0}]}]}]}