{"seed": 1, "floorplan": [{"rooms": [{"category": "Bedroom", "corners": [[159.0, 194.0], [159.0, 306.0], [341.0, 306.0], [341.0, 273.0], [310.0, 273.0], [309.0, 272.0], [309.0, 194.0], [159.0, 194.0]], "objects": [{"category": "DoubleBed", "position": [229.0075, 229.82921048997403], "size": [57.253198242187466, 69.89219970703124], "angle": 0.0}, {"category": "Nightstand", "position": [181.11835404415723, 202.96627893493343], "size": [17.68922996520999, 17.728559875488287], "angle": 0.0}, {"category": "Nightstand", "position": [276.3476459558428, 202.96627893493343], "size": [17.68922996520996, 17.728559875488287], "angle": 0.0}, {"category": "Cabinet", "position": [229.25350000000003, 298.408], "size": [46.13459930419921, 15.162570190429676], "angle": 3.141592653589793}]}]}]}