{"seed": 1, "floorplan": [{"rooms": [{"category": "Bedroom", "corners": [[184.0, 196.0], [184.0, 304.0], [285.0, 304.0], [285.0, 224.0], [286.0, 223.0], [316.0, 223.0], [316.0, 196.0], [184.0, 196.0]], "objects": [{"category": "DoubleBed", "position": [224.43404915791146, 270.6370945661557], "size": [51.27360076904296, 56.53320007324217], "angle": 3.141592653589793}, {"category": "TVStand", "position": [234.43951038605826, 203.32845000349994], "size": [66.46170043945312, 13.155659866332996], "angle": 0.0}, {"category": "PendantLamp", "position": [225.988, 246.2005], "size": [17.564619521066458, 17.625250871403747], "angle": -9.104117113746262e-06}]}]}]}