{"seed": 1, "floorplan": [{"rooms": [{"category": "Bedroom", "corners": [[190.0, 206.0], [190.0, 294.0], [310.0, 294.0], [310.0, 206.0], [190.0, 206.0]], "objects": [{"category": "DoubleBed", "position": [256.51256939767785, 239.33864078042166], "size": [60.88710021972656, 65.97030029296877], "angle": 0.0}, {"category": "Nightstand", "position": [219.31914750369864, 212.7257066670485], "size": [11.007060241699207, 11.007060241699207], "angle": 0.0}, {"category": "Nightstand", "position": [293.5867321774433, 212.81932977224508], "size": [11.007060241699264, 11.007060241699207], "angle": 0.0}, {"category": "CeilingLamp", "position": [256.114, 247.87900000000002], "size": [16.891679763793917, 16.99323005676274], "angle": 0.0}]}]}]}