{"seed": 1, "floorplan": [{"rooms": [{"category": "Bedroom", "corners": [[181.0, 208.0], [181.0, 292.0], [319.0, 292.0], [319.0, 208.0], [181.0, 208.0]], "objects": [{"category": "DoubleBed", "position": [255.91908047360107, 257.9341318729222], "size": [65.5212990062928, 62.71269499829933], "angle": -3.1398726552859393}, {"category": "Nightstand", "position": [300.4560171096175, 283.21535180961627], "size": [9.31610984802245, 9.371430015563988], "angle": 3.141592653589793}, {"category": "Nightstand", "position": [211.4278788740849, 283.125302033869], "size": [9.316109848022478, 9.371430015563988], "angle": 3.141592653589793}, {"category": "PendantLamp", "position": [259.45871495788634, 249.87792680171074], "size": [20.538359069824224, 20.437019348144503], "angle": 0.0}]}]}]}