{"seed": 1, "floorplan": [{"rooms": [{"category": "Bedroom", "corners": [[246.0, 149.0], [246.0, 168.0], [245.0, 169.0], [239.0, 169.0], [239.0, 191.0], [245.0, 191.0], [246.0, 192.0], [246.0, 199.0], [245.0, 200.0], [192.0, 200.0], [192.0, 344.0], [199.0, 344.0], [200.0, 345.0], [200.0, 351.0], [303.0, 351.0], [303.0, 345.0], [304.0, 344.0], [308.0, 344.0], [308.0, 150.0], [309.0, 149.0], [246.0, 149.0]], "objects": [{"category": "TVStand", "position": [302.4295529552497, 277.8879261155185], "size": [29.600550249821634, 5.243357520293827], "angle": -1.5707872226777828}, {"category": "PendantLamp", "position": [250.375, 278.4574], "size": [29.43127450281626, 29.431244748193706], "angle": -1.1033392209896742}, {"category": "DoubleBed", "position": [223.01056793179282, 280.14369999999997], "size": [56.67951382201511, 61.50055991084877], "angle": -1.5708054309120105}]}]}]}