{"seed": 1, "floorplan": [{"rooms": [{"category": "Bedroom", "corners": [[200.0, 185.0], [200.0, 315.0], [300.0, 315.0], [300.0, 185.0], [200.0, 185.0]], "objects": [{"category": "DoubleBed", "position": [264.192194846097, 255.01299999999998], "size": [69.92433502752604, 62.957374016200504], "angle": -3.1415835494726796}, {"category": "Nightstand", "position": [290.5345142989878, 216.2304973608255], "size": [14.591353316237276, 14.54779212863379], "angle": -1.5707872226777804}, {"category": "Nightstand", "position": [290.5257351787692, 294.25750263917445], "size": [14.591353316237248, 14.547792128633732], "angle": -1.5707872226777804}]}]}]}