{"seed": 1, "floorplan": [{"rooms": [{"category": "Bedroom", "corners": [[203.0, 185.0], [203.0, 315.0], [297.0, 315.0], [297.0, 185.0], [203.0, 185.0]], "objects": [{"category": "DoubleBed", "position": [243.558950008728, 253.27317407256015], "size": [79.73532980492105, 80.55223482516168], "angle": -1.5708054309120105}, {"category": "PendantLamp", "position": [247.8691, 252.09535000000002], "size": [23.713259124755837, 21.437729644775402], "angle": 0.0}, {"category": "Nightstand", "position": [206.90062313705766, 292.0407973012269], "size": [13.000618085030185, 15.000736239491317], "angle": -9.104117114865206e-06}, {"category": "Sofa", "position": [218.53903569221387, 197.28929687958956], "size": [22.0381036520971, 22.492241926889847], "angle": -2.673734175740558}]}]}]}