{"seed": 1, "floorplan": [{"rooms": [{"category": "Bedroom", "corners": [[195.0, 185.0], [195.0, 299.0], [271.0, 299.0], [272.0, 300.0], [272.0, 315.0], [305.0, 315.0], [305.0, 185.0], [195.0, 185.0]], "objects": [{"category": "DoubleBed", "position": [230.752, 226.44250000000002], "size": [70.6335410081755, 64.0286835132244], "angle": -9.10411711395637e-06}, {"category": "Nightstand", "position": [203.08008318583163, 262.8355], "size": [15.717292827223043, 15.203028425429777], "angle": -9.104117115600664e-06}, {"category": "TVStand", "position": [295.5468794476536, 224.84466844561422], "size": [73.24176482710087, 18.388067188152664], "angle": -1.5707872226777826}, {"category": "PendantLamp", "position": [249.13, 235.90750000000003], "size": [16.10279960632323, 16.02107963562011], "angle": 0.0}]}]}]}