{"seed": 1, "floorplan": [{"rooms": [{"category": "Bedroom", "corners": [[207.0, 180.0], [207.0, 320.0], [293.0, 320.0], [293.0, 180.0], [207.0, 180.0]], "objects": [{"category": "PendantLamp", "position": [250.003, 249.9985], "size": [32.79269943237301, 32.79269943237304], "angle": 0.0}, {"category": "DoubleBed", "position": [241.1714091139096, 258.73438920672555], "size": [67.72321788127292, 68.11322234746275], "angle": -9.10411711400554e-06}, {"category": "Nightstand", "position": [214.94958057885003, 302.26238263541234], "size": [12.576924194694833, 17.328758075040454], "angle": -9.104117113155599e-06}, {"category": "Nightstand", "position": [214.85639427035068, 215.60098788456577], "size": [12.576924194694833, 17.328758075040426], "angle": -9.104117113155599e-06}]}]}]}