{"seed": 1, "floorplan": [{"rooms": [{"category": "Bedroom", "corners": [[194.0, 205.0], [194.0, 295.0], [306.0, 295.0], [306.0, 240.0], [283.0, 240.0], [282.0, 239.0], [282.0, 205.0], [194.0, 205.0]], "objects": [{"category": "DoubleBed", "position": [234.0200953871223, 264.4447754599055], "size": [60.65970153808598, 58.29210205078124], "angle": 3.141592653589793}, {"category": "Nightstand", "position": [270.23290689734927, 288.68983339250485], "size": [16.043009948730457, 10.843620300292969], "angle": 3.141592653589793}, {"category": "TVStand", "position": [233.76581216999662, 211.93296028203767], "size": [72.00000000000003, 14.099999999999994], "angle": 0.0}, {"category": "PendantLamp", "position": [238.54899999999998, 257.61850000000004], "size": [23.250629425048828, 7.498860168457043], "angle": 0.0}]}]}]}