{"seed": 1, "floorplan": [{"rooms": [{"category": "Bedroom", "corners": [[196.0, 205.0], [196.0, 295.0], [304.0, 295.0], [304.0, 205.0], [196.0, 205.0]], "objects": [{"category": "DoubleBed", "position": [249.75099999999998, 234.51395772144318], "size": [52.93229827880856, 58.611300659179676], "angle": 0.0}, {"category": "Nightstand", "position": [284.5525663040832, 212.5074417882777], "size": [20.247720336914085, 13.433610534667991], "angle": 0.0}, {"category": "Nightstand", "position": [214.94943369591664, 212.5074417882777], "size": [20.247720336914085, 13.433610534667991], "angle": 0.0}, {"category": "CeilingLamp", "position": [249.48399999999992, 264.106], "size": [25.70498886108402, 16.50918045043943], "angle": 0.0}]}]}]}