{"seed": 1, "floorplan": [{"rooms": [{"category": "Bedroom", "corners": [[193.0, 196.0], [193.0, 288.0], [273.0, 288.0], [274.0, 289.0], [274.0, 304.0], [307.0, 304.0], [307.0, 238.0], [306.0, 237.0], [306.0, 196.0], [193.0, 196.0]], "objects": [{"category": "DoubleBed", "position": [257.49121781368535, 231.47978210082974], "size": [62.95680084228519, 69.923698425293], "angle": 0.0}, {"category": "Nightstand", "position": [298.1889269896799, 201.44480342756594], "size": [14.59122047424313, 14.54765968322755], "angle": 0.0}, {"category": "Nightstand", "position": [216.7693383094258, 201.42024221737762], "size": [14.591220474243158, 14.547659683227579], "angle": 0.0}, {"category": "TVStand", "position": [245.68945953885742, 281.77665689431836], "size": [66.75480194091801, 15.306120300293003], "angle": 3.141592653589793}]}]}]}