{"seed": 1, "floorplan": [{"rooms": [{"category": "Bedroom", "corners": [[212.0, 169.0], [212.0, 217.0], [210.0, 219.0], [180.0, 219.0], [180.0, 277.0], [280.0, 277.0], [281.0, 278.0], [281.0, 330.0], [320.0, 330.0], [320.0, 169.0], [319.0, 170.0], [213.0, 170.0], [212.0, 169.0]], "objects": [{"category": "DoubleBed", "position": [265.7734782024456, 208.8238062208375], "size": [55.59689941406248, 60.111300659179705], "angle": 0.0}, {"category": "Nightstand", "position": [222.06291973220283, 176.35943945695968], "size": [18.458429718017584, 10.577129745483404], "angle": 0.0}, {"category": "Nightstand", "position": [309.93138601377325, 176.36565296806646], "size": [18.458429718017612, 10.577129745483433], "angle": 0.0}, {"category": "CeilingLamp", "position": [264.5185, 221.66049999999996], "size": [20.661660003662064, 20.7099609375], "angle": 0.0}]}]}]}