{"seed": 1, "floorplan": [{"rooms": [{"category": "Bedroom", "corners": [[266.0, 159.0], [266.0, 227.0], [265.0, 228.0], [203.0, 228.0], [203.0, 341.0], [297.0, 341.0], [297.0, 159.0], [266.0, 159.0]], "objects": [{"category": "DoubleBed", "position": [240.2165755262855, 291.3863033864966], "size": [74.11117581852828, 74.07637630737204], "angle": -9.104117114119888e-06}, {"category": "Nightstand", "position": [208.1207748847736, 252.2922662671614], "size": [14.933595430476888, 17.76571121084591], "angle": -9.104117114314944e-06}, {"category": "Nightstand", "position": [208.1484895827997, 331.8360241290279], "size": [14.93359543047686, 17.765711210845854], "angle": -9.104117118121373e-06}, {"category": "CeilingLamp", "position": [251.6125, 286.3405], "size": [15.538049697876005, 15.50153961181644], "angle": 0.0}]}]}]}