{"seed": 1, "floorplan": [{"rooms": [{"category": "Bedroom", "corners": [[276.0, 194.0], [275.0, 195.0], [198.0, 195.0], [198.0, 306.0], [302.0, 306.0], [302.0, 194.0], [276.0, 194.0]], "objects": [{"category": "DoubleBed", "position": [250.38984972784692, 271.901153076516], "size": [59.124298095703125, 64.22579956054688], "angle": 3.141592653589793}, {"category": "Nightstand", "position": [213.9874706340753, 299.8109833680065], "size": [11.721480560302723, 10.98480033874506], "angle": 0.0}, {"category": "Nightstand", "position": [286.7938405122803, 299.80756699853276], "size": [11.721480560302723, 10.984800338745117], "angle": 0.0}, {"category": "CeilingLamp", "position": [249.50960927932852, 251.0175137623238], "size": [21.65414886474605, 21.654148864746105], "angle": 0.0}]}]}]}