{"seed": 1, "floorplan": [{"rooms": [{"category": "Bedroom", "corners": [[211.0, 194.0], [211.0, 289.0], [243.0, 289.0], [244.0, 290.0], [244.0, 306.0], [289.0, 306.0], [289.0, 194.0], [211.0, 194.0]], "objects": [{"category": "DoubleBed", "position": [255.65150028461505, 238.84900000000005], "size": [67.84711732470278, 65.89319938943972], "angle": -1.5707872226777824}, {"category": "PendantLamp", "position": [246.0325, 239.281], "size": [4.300829887390137, 2.9833768844604833], "angle": 0.0}]}]}]}