{"seed": 1, "floorplan": [{"rooms": [{"category": "Bedroom", "corners": [[201.0, 190.0], [201.0, 310.0], [299.0, 310.0], [299.0, 190.0], [201.0, 190.0]], "objects": [{"category": "DoubleBed", "position": [236.80743783464817, 253.5885980518058], "size": [58.29263275615253, 60.66025379865461], "angle": -9.1041171142266e-06}, {"category": "Cabinet", "position": [208.9298431501734, 290.3218030138389], "size": [10.319493593250233, 12.516053660661441], "angle": -9.104117115918466e-06}]}]}]}