{"seed": 1, "floorplan": [{"rooms": [{"category": "Bedroom", "corners": [[205.0, 189.0], [205.0, 311.0], [295.0, 311.0], [295.0, 189.0], [205.0, 189.0]], "objects": [{"category": "DoubleBed", "position": [241.89398335582507, 264.47764164480077], "size": [72.47045806134943, 68.92862588918999], "angle": -9.104117114185387e-06}, {"category": "Nightstand", "position": [210.6414817558841, 224.3752172843386], "size": [14.162108990848429, 21.15850332983205], "angle": -9.104117114752911e-06}, {"category": "Nightstand", "position": [209.95738256729706, 302.6175377036776], "size": [14.162108990848429, 21.15850332983205], "angle": -9.104117114752911e-06}, {"category": "PendantLamp", "position": [240.8245, 254.88399999999996], "size": [16.747952540102336, 16.747952540102307], "angle": -9.10411711487269e-06}]}]}]}