{"seed": 1, "floorplan": [{"rooms": [{"category": "Bedroom", "corners": [[208.0, 195.0], [208.0, 305.0], [292.0, 305.0], [292.0, 195.0], [208.0, 195.0]], "objects": [{"category": "DoubleBed", "position": [254.68416133853322, 255.85115328531606], "size": [68.92862588918999, 72.47045806134943], "angle": -1.5707872226777824}]}]}]}