{"seed": 1, "floorplan": [{"rooms": [{"category": "Bedroom", "corners": [[223.0, 203.0], [223.0, 264.0], [222.0, 265.0], [151.0, 265.0], [151.0, 297.0], [349.0, 297.0], [349.0, 203.0], [223.0, 203.0]], "objects": [{"category": "DoubleBed", "position": [299.26300000000003, 237.72950533499022], "size": [60.659701538085926, 58.29210205078124], "angle": 0.0}, {"category": "Nightstand", "position": [258.2679785634469, 209.7575306223763], "size": [16.043009948730486, 10.843620300292969], "angle": 0.0}, {"category": "Nightstand", "position": [340.26102143655305, 209.7575306223763], "size": [16.043009948730457, 10.843620300292969], "angle": 0.0}]}]}]}