{"seed": 1, "floorplan": [{"rooms": [{"category": "Bedroom", "corners": [[199.0, 210.0], [199.0, 290.0], [301.0, 290.0], [301.0, 210.0], [199.0, 210.0]], "objects": [{"category": "DoubleBed", "position": [244.1718188810275, 254.91585176704677], "size": [67.72215761617059, 68.11215597650576], "angle": -1.5586761930543094}, {"category": "Nightstand", "position": [208.1284184877501, 285.7483417227335], "size": [17.328600311279274, 12.57680969238288], "angle": 3.141592653589793}, {"category": "CeilingLamp", "position": [250.11849999999998, 250.18749999999994], "size": [15.17672996521, 13.143420410156239], "angle": 0.0}]}]}]}