{"seed": 1, "floorplan": [{"rooms": [{"category": "Bedroom", "corners": [[200.0, 188.0], [200.0, 312.0], [293.0, 312.0], [293.0, 305.0], [294.0, 304.0], [300.0, 304.0], [300.0, 188.0], [200.0, 188.0]], "objects": [{"category": "DoubleBed", "position": [237.44293859177142, 258.6205], "size": [60.52994284851969, 65.0275325280611], "angle": -1.5676683135993015}, {"category": "Nightstand", "position": [208.84635845462998, 218.92105850831973], "size": [10.385554070163563, 17.423168114251872], "angle": -9.104117114171977e-06}, {"category": "Nightstand", "position": [208.9536468144613, 298.89894149168026], "size": [10.385554070163591, 17.423168114251926], "angle": -9.104117114171952e-06}, {"category": "CeilingLamp", "position": [250.543, 249.04149999999998], "size": [29.72801971435547, 29.728049468994158], "angle": 0.0}]}]}]}