{"seed": 1, "floorplan": [{"rooms": [{"category": "Bedroom", "corners": [[171.0, 197.0], [170.0, 198.0], [170.0, 303.0], [330.0, 303.0], [330.0, 275.0], [271.0, 275.0], [270.0, 274.0], [270.0, 197.0], [171.0, 197.0]], "objects": [{"category": "DoubleBed", "position": [212.824, 231.86050000000003], "size": [62.375701904296875, 69.06449890136713], "angle": 0.0}, {"category": "CeilingLamp", "position": [216.71200000000002, 245.1355], "size": [16.993384767232, 16.891833549724893], "angle": -9.104117114968205e-06}]}]}]}