{"seed": 1, "floorplan": [{"rooms": [{"category": "Bedroom", "corners": [[175.0, 160.0], [175.0, 340.0], [325.0, 340.0], [325.0, 160.0], [175.0, 160.0]], "objects": [{"category": "DoubleBed", "position": [293.48920000000004, 246.4792], "size": [51.19636606321304, 58.882736700329716], "angle": -1.5707872226777828}, {"category": "Chair", "position": [299.4949, 314.12469999999996], "size": [10.775040435791084, 10.920690536499023], "angle": 0.0}]}]}]}