{"seed": 1, "floorplan": [{"rooms": [{"category": "Bedroom", "corners": [[275.0, 174.0], [275.0, 239.0], [274.0, 240.0], [197.0, 240.0], [197.0, 326.0], [303.0, 326.0], [303.0, 174.0], [275.0, 174.0]], "objects": [{"category": "DoubleBed", "position": [230.78084534472495, 276.80272366541044], "size": [72.03875552266265, 61.468159103171345], "angle": -1.5708054309120107}, {"category": "Cabinet", "position": [202.48918498557504, 309.7119672411033], "size": [15.829314339638364, 13.593753596724225], "angle": -9.10411711549931e-06}]}]}]}