{"seed": 1, "floorplan": [{"rooms": [{"category": "Bedroom", "corners": [[211.0, 186.0], [211.0, 312.0], [210.0, 313.0], [210.0, 314.0], [290.0, 314.0], [289.0, 313.0], [289.0, 201.0], [247.0, 201.0], [246.0, 200.0], [246.0, 186.0], [211.0, 186.0]], "objects": [{"category": "DoubleBed", "position": [243.83612317222608, 245.45709038966606], "size": [65.3408933357672, 66.45720598908898], "angle": -1.5708054309120107}, {"category": "Nightstand", "position": [217.79156870077475, 206.40527784058673], "size": [14.575842997416585, 24.396251770430236], "angle": -9.104117112922805e-06}, {"category": "Nightstand", "position": [215.7711808117288, 284.8674381390383], "size": [14.575842997416613, 24.396251770430208], "angle": -9.104117116822624e-06}, {"category": "PendantLamp", "position": [251.233, 248.00649999999996], "size": [28.62179946899414, 28.621799468994112], "angle": 0.0}]}]}]}