{"seed": 1, "floorplan": [{"rooms": [{"category": "Bedroom", "corners": [[200.0, 173.0], [200.0, 327.0], [300.0, 327.0], [300.0, 173.0], [200.0, 173.0]], "objects": [{"category": "CeilingLamp", "position": [249.97899999999998, 260.73249999999996], "size": [18.255659866333048, 18.25565986633302], "angle": 0.0}, {"category": "Nightstand", "position": [289.0649795353062, 304.50524019081604], "size": [10.920099876084377, 22.800207576704896], "angle": -3.1415835494726787}, {"category": "Nightstand", "position": [291.0681736308774, 213.41481696036152], "size": [22.800207576704896, 10.920099876084377], "angle": -1.5707872226777806}, {"category": "DoubleBed", "position": [265.5219969828049, 260.4152481463184], "size": [75.18618403618599, 67.79329389213731], "angle": -1.562397405221703}]}]}]}