{"seed": 1, "floorplan": [{"rooms": [{"category": "Bedroom", "corners": [[208.0, 199.0], [208.0, 269.0], [207.0, 270.0], [153.0, 270.0], [153.0, 293.0], [154.0, 293.0], [155.0, 294.0], [155.0, 301.0], [179.0, 301.0], [179.0, 294.0], [180.0, 293.0], [347.0, 293.0], [347.0, 199.0], [208.0, 199.0]], "objects": [{"category": "DoubleBed", "position": [274.188107533269, 231.95037829344494], "size": [81.85979919433592, 62.889001464843744], "angle": 0.0}, {"category": "Nightstand", "position": [231.4881961166439, 202.7287812560896], "size": [10.541279983520525, 10.541490554809599], "angle": 0.0}, {"category": "Table", "position": [326.29221010701485, 204.34974018969478], "size": [20.400540161132767, 12.963389968872093], "angle": 0.0}, {"category": "PendantLamp", "position": [274.75495, 246.40015], "size": [47.269798278808594, 30.862200164794928], "angle": 0.0}]}]}]}