{"seed": 1, "floorplan": [{"rooms": [{"category": "Bedroom", "corners": [[210.0, 193.0], [210.0, 307.0], [290.0, 307.0], [290.0, 193.0], [210.0, 193.0]], "objects": [{"category": "Cabinet", "position": [256.6650328858229, 298.01906696574014], "size": [64.84020080566407, 18.123479461669945], "angle": 3.141592653589793}, {"category": "SingleBed", "position": [241.6214994302792, 223.07593333331533], "size": [60.00054625448656, 61.81076170958448], "angle": -1.570805430912011}]}]}]}