{"seed": 1, "floorplan": [{"rooms": [{"category": "Bedroom", "corners": [[241.0, 179.0], [241.0, 203.0], [240.0, 204.0], [203.0, 204.0], [203.0, 321.0], [297.0, 321.0], [297.0, 179.0], [241.0, 179.0]], "objects": [{"category": "DoubleBed", "position": [260.24443363509624, 267.99210296984654], "size": [68.92862588918999, 72.47045806134946], "angle": -1.5707872226777828}, {"category": "PendantLamp", "position": [247.98250000000002, 269.9128], "size": [19.397760772705112, 18.53112030029297], "angle": 0.0}]}]}]}