{"seed": 1, "floorplan": [{"rooms": [{"category": "Bedroom", "corners": [[341.0, 175.0], [340.0, 176.0], [334.0, 176.0], [333.0, 177.0], [331.0, 177.0], [330.0, 178.0], [328.0, 178.0], [327.0, 179.0], [326.0, 179.0], [325.0, 180.0], [324.0, 180.0], [323.0, 181.0], [322.0, 181.0], [321.0, 182.0], [320.0, 182.0], [317.0, 185.0], [316.0, 185.0], [312.0, 189.0], [312.0, 204.0], [311.0, 205.0], [184.0, 205.0], [184.0, 288.0], [183.0, 289.0], [115.0, 289.0], [115.0, 325.0], [328.0, 325.0], [328.0, 260.0], [329.0, 259.0], [352.0, 259.0], [353.0, 258.0], [356.0, 258.0], [357.0, 257.0], [359.0, 257.0], [360.0, 256.0], [361.0, 256.0], [362.0, 255.0], [363.0, 255.0], [364.0, 254.0], [365.0, 254.0], [367.0, 252.0], [368.0, 252.0], [371.0, 249.0], [372.0, 249.0], [374.0, 247.0], [374.0, 246.0], [378.0, 242.0], [378.0, 241.0], [380.0, 239.0], [380.0, 238.0], [381.0, 237.0], [381.0, 236.0], [382.0, 235.0], [382.0, 233.0], [383.0, 232.0], [383.0, 231.0], [384.0, 230.0], [384.0, 227.0], [385.0, 226.0], [385.0, 209.0], [384.0, 208.0], [384.0, 205.0], [383.0, 204.0], [383.0, 202.0], [382.0, 201.0], [382.0, 200.0], [381.0, 199.0], [381.0, 198.0], [380.0, 197.0], [380.0, 196.0], [378.0, 194.0], [378.0, 193.0], [375.0, 190.0], [375.0, 189.0], [372.0, 186.0], [371.0, 186.0], [368.0, 183.0], [367.0, 183.0], [365.0, 181.0], [364.0, 181.0], [363.0, 180.0], [362.0, 180.0], [361.0, 179.0], [360.0, 179.0], [359.0, 178.0], [357.0, 178.0], [356.0, 177.0], [354.0, 177.0], [353.0, 176.0], [347.0, 176.0], [346.0, 175.0], [341.0, 175.0]], "objects": [{"category": "SingleBed", "position": [257.89015755685057, 244.2434102731848], "size": [70.53659820556646, 76.93080139160159], "angle": 0.0}, {"category": "Nightstand", "position": [196.0962425884997, 216.31791410407277], "size": [17.99999999999997, 13.499999999999972], "angle": 0.0}, {"category": "Nightstand", "position": [290.05048744061673, 212.48982192987845], "size": [18.0, 13.499999999999972], "angle": 0.0}]}]}]}