{"seed": 1, "floorplan": [{"rooms": [{"category": "Bedroom", "corners": [[194.0, 200.0], [194.0, 300.0], [306.0, 300.0], [306.0, 200.0], [194.0, 200.0]], "objects": [{"category": "DoubleBed", "position": [246.174887479085, 236.4993852432167], "size": [60.659701538085926, 58.292102050781295], "angle": 0.0}, {"category": "CeilingLamp", "position": [246.46149999999997, 247.534], "size": [17.12232055664063, 17.12232055664063], "angle": 0.0}, {"category": "Cabinet", "position": [208.68930146378307, 207.07234257596684], "size": [12.515939712524414, 10.319399642944319], "angle": 0.0}]}]}]}