{"seed": 1, "floorplan": [{"rooms": [{"category": "Bedroom", "corners": [[191.0, 209.0], [191.0, 291.0], [309.0, 291.0], [309.0, 209.0], [191.0, 209.0]], "objects": [{"category": "DoubleBed", "position": [256.5445, 240.15450748001908], "size": [65.52120208740234, 62.712602233886685], "angle": 0.0}, {"category": "Nightstand", "position": [293.9166935207901, 215.52752698866655], "size": [9.316109848022506, 9.371430015563988], "angle": 0.0}, {"category": "Nightstand", "position": [218.76430647920995, 215.52752698866655], "size": [9.316109848022478, 9.371430015563988], "angle": 0.0}]}]}]}