{"seed": 1, "floorplan": [{"rooms": [{"category": "Bedroom", "corners": [[303.0, 188.0], [302.0, 189.0], [197.0, 189.0], [197.0, 304.0], [230.0, 304.0], [231.0, 305.0], [231.0, 312.0], [232.0, 311.0], [284.0, 311.0], [284.0, 305.0], [285.0, 304.0], [303.0, 304.0], [303.0, 190.0], [304.0, 189.0], [303.0, 188.0]], "objects": [{"category": "DoubleBed", "position": [257.41232360429274, 221.60934791349007], "size": [56.841902160644565, 66.74640197753905], "angle": 0.0}, {"category": "Chair", "position": [225.68852929376465, 293.6632185458505], "size": [23.58102035522462, 24.257038879394546], "angle": -2.7024100558817885}, {"category": "PendantLamp", "position": [257.60260000000005, 246.2725], "size": [24.825646359215813, 24.827447658334368], "angle": -2.3562024369452987}]}]}]}