{"seed": 1, "floorplan": [{"rooms": [{"category": "Bedroom", "corners": [[222.0, 201.0], [222.0, 269.0], [221.0, 270.0], [171.0, 270.0], [171.0, 299.0], [329.0, 299.0], [329.0, 201.0], [222.0, 201.0]], "objects": [{"category": "DoubleBed", "position": [274.3806281338926, 235.00555700517467], "size": [75.1863006591797, 67.79339904785155], "angle": 0.0}, {"category": "Nightstand", "position": [230.39494937841323, 204.295780022209], "size": [22.799999999999983, 10.920000457763678], "angle": 0.0}, {"category": "Nightstand", "position": [320.2185443013699, 204.39436165971313], "size": [22.799999999999955, 10.92000045776365], "angle": 0.0}]}]}]}