{"seed": 1, "floorplan": [{"rooms": [{"category": "Bedroom", "corners": [[208.0, 183.0], [208.0, 317.0], [292.0, 317.0], [292.0, 183.0], [208.0, 183.0]], "objects": [{"category": "PendantLamp", "position": [230.39544999999998, 250.00014999999996], "size": [3.2009699821471997, 3.200969982147228], "angle": 0.0}, {"category": "Table", "position": [279.368501651602, 296.9068777863232], "size": [32.08979105191301, 14.059658259536741], "angle": -1.5707872226777821}, {"category": "PendantLamp", "position": [273.92921690063474, 212.03544999999997], "size": [34.89659957885743, 10.67636947631837], "angle": 0.0}, {"category": "DoubleBed", "position": [256.90047564545876, 249.67412557901548], "size": [57.15712131964356, 66.89670889176028], "angle": -1.5707872226777826}]}]}]}