{"seed": 1, "floorplan": [{"rooms": [{"category": "Bedroom", "corners": [[271.0, 164.0], [271.0, 225.0], [270.0, 226.0], [202.0, 226.0], [202.0, 336.0], [298.0, 336.0], [298.0, 164.0], [271.0, 164.0]], "objects": [{"category": "DoubleBed", "position": [238.1790079188405, 287.80095035086293], "size": [71.78015331479153, 58.57733230855164], "angle": -9.104117114834498e-06}, {"category": "Nightstand", "position": [206.22477997512112, 318.9418337495914], "size": [12.6535156207551, 36.01952882471838], "angle": -9.104117112915682e-06}, {"category": "PendantLamp", "position": [249.2185, 286.81600000000003], "size": [8.122679901123064, 8.075220108032227], "angle": 0.0}]}]}]}