{"seed": 1, "floorplan": [{"rooms": [{"category": "Bedroom", "corners": [[193.0, 159.0], [193.0, 322.0], [218.0, 322.0], [219.0, 323.0], [219.0, 335.0], [221.0, 337.0], [222.0, 337.0], [224.0, 339.0], [225.0, 339.0], [227.0, 341.0], [279.0, 341.0], [281.0, 339.0], [282.0, 339.0], [285.0, 336.0], [285.0, 323.0], [286.0, 322.0], [307.0, 322.0], [307.0, 212.0], [237.0, 212.0], [236.0, 211.0], [236.0, 159.0], [193.0, 159.0]], "objects": [{"category": "DoubleBed", "position": [265.18134574385033, 261.8818729808737], "size": [80.55223482516168, 79.73532980492105], "angle": -3.141583549472679}, {"category": "Nightstand", "position": [298.36459451497353, 310.6976162304299], "size": [15.000666982082807, 13.000558062035033], "angle": -1.5326908717289176}, {"category": "Cabinet", "position": [215.2045, 170.76250000000002], "size": [12.0, 12.0], "angle": 0.0}]}]}]}