{"seed": 1, "floorplan": [{"rooms": [{"category": "Bedroom", "corners": [[197.0, 167.0], [197.0, 333.0], [303.0, 333.0], [303.0, 204.0], [302.0, 204.0], [301.0, 205.0], [234.0, 205.0], [233.0, 204.0], [233.0, 169.0], [234.0, 168.0], [234.0, 167.0], [197.0, 167.0]], "objects": [{"category": "DoubleBed", "position": [264.78497967201145, 268.2523981087487], "size": [69.50163220456314, 76.841495475596], "angle": -1.5707872226777824}, {"category": "Nightstand", "position": [295.29493008410566, 229.2638183654362], "size": [18.425117772659437, 19.842990712327424], "angle": -1.5707872226777861}, {"category": "Nightstand", "position": [295.29277780901424, 305.419887470877], "size": [18.425117772659465, 19.842990712327424], "angle": -1.5707872226777801}, {"category": "CeilingLamp", "position": [250.0, 268.4269], "size": [24.0, 3.589290046691872], "angle": 0.0}]}]}]}