{"seed": 1, "floorplan": [{"rooms": [{"category": "Bedroom", "corners": [[199.0, 159.0], [199.0, 341.0], [301.0, 341.0], [301.0, 195.0], [230.0, 195.0], [229.0, 194.0], [229.0, 159.0], [199.0, 159.0]], "objects": [{"category": "DoubleBed", "position": [268.07543339437916, 264.21400000000006], "size": [64.27258679577027, 65.65079758540729], "angle": -1.5707872226777826}, {"category": "CeilingLamp", "position": [250.0, 261.5125], "size": [18.179999542236345, 18.179999542236317], "angle": 0.0}]}]}]}