{"seed": 1, "floorplan": [{"rooms": [{"category": "Bedroom", "corners": [[204.0, 171.0], [204.0, 329.0], [296.0, 329.0], [296.0, 171.0], [204.0, 171.0]], "objects": [{"category": "DoubleBed", "position": [239.74967404578345, 254.87988347318773], "size": [71.4177522493215, 68.56832597810306], "angle": -1.5708054309120105}, {"category": "Nightstand", "position": [211.1963119586507, 213.51640106111606], "size": [18.64471930502766, 17.99797345723415], "angle": -1.570805430912011}, {"category": "Nightstand", "position": [211.25958464286734, 298.2305172120038], "size": [17.997973457234092, 18.64471930502766], "angle": -9.104117111141288e-06}, {"category": "PendantLamp", "position": [248.788, 254.575], "size": [25.350210571289097, 24.211441040039062], "angle": 0.0}]}]}]}