{"seed": 1, "floorplan": [{"rooms": [{"category": "Bedroom", "corners": [[205.0, 198.0], [205.0, 302.0], [295.0, 302.0], [295.0, 198.0], [205.0, 198.0]], "objects": [{"category": "DoubleBed", "position": [237.65607381292693, 248.7241245375152], "size": [60.840554817585094, 100.7238204480146], "angle": -9.10411711439709e-06}, {"category": "Cabinet", "position": [209.8617079801621, 202.599393161198], "size": [15.000136563621654, 12.00010925089733], "angle": -1.5708054309120096}]}]}]}