{"seed": 1, "floorplan": [{"rooms": [{"category": "Bedroom", "corners": [[180.0, 194.0], [180.0, 291.0], [194.0, 291.0], [195.0, 292.0], [195.0, 306.0], [320.0, 306.0], [320.0, 194.0], [180.0, 194.0]], "objects": [{"category": "DoubleBed", "position": [284.516227117698, 252.969285960393], "size": [60.660253798654665, 58.292632756152585], "angle": -1.5707872226777821}, {"category": "Nightstand", "position": [312.3450406521938, 209.44286956955074], "size": [22.41761437183606, 13.800125638531949], "angle": -1.5707872226777793}, {"category": "Nightstand", "position": [311.9988567518967, 294.06086387116005], "size": [13.800125638531949, 22.41761437183606], "angle": -3.1415835494726774}, {"category": "CeilingLamp", "position": [257.50015, 250.0], "size": [18.087629699707037, 18.08762969970701], "angle": 0.0}]}]}]}