{"seed": 1, "floorplan": [{"rooms": [{"category": "Bedroom", "corners": [[204.0, 196.0], [204.0, 271.0], [203.0, 272.0], [165.0, 272.0], [165.0, 304.0], [336.0, 304.0], [335.0, 303.0], [335.0, 197.0], [336.0, 196.0], [204.0, 196.0]], "objects": [{"category": "DoubleBed", "position": [275.69930577955915, 232.72362662343164], "size": [68.92799835205079, 72.46979827880864], "angle": 0.0}, {"category": "Cabinet", "position": [212.46249999999998, 231.8358672973633], "size": [13.847465699650297, 71.47775188004029], "angle": -9.104117114722811e-06}, {"category": "PendantLamp", "position": [272.6518, 249.57850000000002], "size": [19.717890930175827, 18.33779983520506], "angle": 0.0}]}]}]}