{"seed": 1, "floorplan": [{"rooms": [{"category": "Bedroom", "corners": [[205.0, 178.0], [205.0, 292.0], [226.0, 292.0], [227.0, 293.0], [227.0, 322.0], [272.0, 322.0], [272.0, 293.0], [273.0, 292.0], [295.0, 292.0], [295.0, 178.0], [205.0, 178.0]], "objects": [{"category": "Nightstand", "position": [287.078039825818, 283.4406087310321], "size": [12.000109250897301, 16.5001502199838], "angle": -3.1415835494726805}, {"category": "DoubleBed", "position": [255.3654582425097, 244.63837477791586], "size": [78.01180642326116, 45.6982172523117], "angle": -3.1415835494726787}, {"category": "Sofa", "position": [244.32699999999997, 305.96629021301936], "size": [21.04451597145944, 23.701759712691494], "angle": -0.7854036166213593}]}]}]}