{"seed": 1, "floorplan": [{"rooms": [{"category": "Bedroom", "corners": [[265.0, 162.0], [265.0, 184.0], [263.0, 186.0], [261.0, 186.0], [261.0, 209.0], [264.0, 209.0], [265.0, 210.0], [265.0, 214.0], [263.0, 216.0], [200.0, 216.0], [200.0, 331.0], [223.0, 331.0], [224.0, 332.0], [224.0, 338.0], [275.0, 338.0], [274.0, 337.0], [274.0, 332.0], [275.0, 331.0], [300.0, 331.0], [300.0, 162.0], [265.0, 162.0]], "objects": [{"category": "DoubleBed", "position": [236.83329463154973, 280.0837291077141], "size": [72.47045806134943, 68.92862588918999], "angle": -9.104117114185387e-06}, {"category": "Cabinet", "position": [231.961, 224.38330000000002], "size": [39.440400695800776, 15.751200485229504], "angle": 0.0}, {"category": "Nightstand", "position": [207.53632985800945, 322.5128628019551], "size": [9.349945314729906, 16.252738146948463], "angle": -9.10411711652429e-06}]}]}]}