{"seed": 1, "floorplan": [{"rooms": [{"category": "Bedroom", "corners": [[137.0, 197.0], [137.0, 302.0], [136.0, 303.0], [364.0, 303.0], [363.0, 302.0], [363.0, 273.0], [236.0, 273.0], [235.0, 272.0], [235.0, 197.0], [137.0, 197.0]], "objects": [{"category": "DoubleBed", "position": [188.48951049778202, 232.86575862172933], "size": [46.19279937744136, 66.40350036621095], "angle": 0.0}, {"category": "Nightstand", "position": [225.64299951552582, 203.4285933771754], "size": [23.709750366210926, 14.702129745483376], "angle": 0.0}, {"category": "Nightstand", "position": [152.46595492836715, 206.62552164192908], "size": [23.709750366210926, 14.702129745483376], "angle": 0.0}, {"category": "PendantLamp", "position": [187.61799999999994, 257.185], "size": [10.170690536498967, 10.170690536499023], "angle": 0.0}]}]}]}