{"seed": 1, "floorplan": [{"rooms": [{"category": "Bedroom", "corners": [[204.0, 193.0], [204.0, 307.0], [296.0, 307.0], [296.0, 193.0], [204.0, 193.0]], "objects": [{"category": "DoubleBed", "position": [236.84709933813127, 248.76010194819415], "size": [58.2926327561525, 60.66025379865464], "angle": -9.104117114226606e-06}, {"category": "Cabinet", "position": [212.01150778562646, 210.08619698616107], "size": [10.319493593250261, 12.516053660661441], "angle": -9.104117113164264e-06}, {"category": "PendantLamp", "position": [255.96549999999996, 255.8302], "size": [7.498928439890546, 23.250841104392823], "angle": -9.104117111749202e-06}]}]}]}