{"seed": 1, "floorplan": [{"rooms": [{"category": "Bedroom", "corners": [[197.0, 183.0], [197.0, 203.0], [196.0, 204.0], [190.0, 204.0], [190.0, 222.0], [191.0, 223.0], [191.0, 300.0], [259.0, 300.0], [260.0, 301.0], [260.0, 317.0], [310.0, 317.0], [310.0, 183.0], [197.0, 183.0]], "objects": [{"category": "DoubleBed", "position": [224.2481971688158, 249.02068106727307], "size": [67.39621142515036, 61.41715918817644], "angle": -1.570805430912011}, {"category": "Nightstand", "position": [197.77023528413005, 212.52112612799309], "size": [14.399531425207082, 11.29201335725856], "angle": -1.5708054309120094}, {"category": "Nightstand", "position": [197.77143528413006, 284.735026127993], "size": [11.292013357258531, 14.399531425207055], "angle": -9.104117115193988e-06}]}]}]}