{"seed": 1, "floorplan": [{"rooms": [{"category": "Bedroom", "corners": [[191.0, 207.0], [191.0, 293.0], [309.0, 293.0], [309.0, 207.0], [191.0, 207.0]], "objects": [{"category": "DoubleBed", "position": [259.4363304685097, 241.61146004475762], "size": [51.620700073242176, 60.67349853515623], "angle": 0.0}, {"category": "Cabinet", "position": [292.15369410475864, 219.1631702896438], "size": [19.49477920532223, 16.006740188598627], "angle": 0.0}, {"category": "Cabinet", "position": [223.6247980133581, 218.36002410531904], "size": [19.49477920532226, 16.006740188598627], "angle": 0.0}, {"category": "PendantLamp", "position": [257.0245, 256.24299999999994], "size": [12.021829190460362, 12.023690016727786], "angle": -1.5707872226777824}]}]}]}