{"seed": 1, "floorplan": [{"rooms": [{"category": "Bedroom", "corners": [[208.0, 195.0], [208.0, 305.0], [292.0, 305.0], [292.0, 195.0], [208.0, 195.0]], "objects": [{"category": "DoubleBed", "position": [257.4946675618942, 251.95195], "size": [67.67101403686024, 67.5702135586098], "angle": -1.5707872226777828}, {"category": "PendantLamp", "position": [251.9077, 255.90955000000002], "size": [27.341952906780385, 27.559692875278937], "angle": -0.0009599997050889078}]}]}]}