{"seed": 1, "floorplan": [{"rooms": [{"category": "Bedroom", "corners": [[219.0, 201.0], [219.0, 254.0], [218.0, 255.0], [204.0, 255.0], [203.0, 256.0], [203.0, 299.0], [297.0, 299.0], [297.0, 201.0], [219.0, 201.0]], "objects": [{"category": "Cabinet", "position": [249.99753496095786, 291.14457670815705], "size": [37.71480102539067, 16.679999542236317], "angle": 3.141592653589793}, {"category": "DoubleBed", "position": [257.66576189817965, 234.65901448782512], "size": [56.841902160644565, 66.74640197753908], "angle": 0.0}, {"category": "Nightstand", "position": [290.19406115437783, 206.08090938995272], "size": [12.000059509277321, 9.665669631957996], "angle": 0.0}, {"category": "Nightstand", "position": [224.7351900526014, 206.57100582436163], "size": [12.000059509277378, 9.665669631957996], "angle": 0.0}]}]}]}