{"seed": 1, "floorplan": [{"rooms": [{"category": "Bedroom", "corners": [[181.0, 208.0], [181.0, 292.0], [319.0, 292.0], [319.0, 208.0], [181.0, 208.0]], "objects": [{"category": "DoubleBed", "position": [255.68650000000002, 244.03510656662002], "size": [48.55529937744143, 71.28000183105473], "angle": 0.0}, {"category": "Nightstand", "position": [295.590854099306, 218.1602389189942], "size": [17.140199661254883, 13.927440261840815], "angle": 0.0}, {"category": "Nightstand", "position": [215.50614590069404, 218.8920441871635], "size": [17.14019966125491, 13.927440261840843], "angle": 0.0}, {"category": "PendantLamp", "position": [254.55849999999998, 249.81550000000001], "size": [5.242920112609852, 5.4006002426147575], "angle": 0.0}]}]}]}