{"seed": 1, "floorplan": [{"rooms": [{"category": "Bedroom", "corners": [[164.0, 194.0], [164.0, 305.0], [163.0, 306.0], [337.0, 306.0], [336.0, 305.0], [336.0, 276.0], [306.0, 276.0], [305.0, 275.0], [305.0, 194.0], [164.0, 194.0]], "objects": [{"category": "DoubleBed", "position": [224.25549999999998, 229.1693376537595], "size": [62.95680084228513, 69.92369842529297], "angle": 0.0}, {"category": "Nightstand", "position": [183.2987167469703, 201.41590899626758], "size": [14.59122047424313, 14.54765968322755], "angle": 0.0}, {"category": "Nightstand", "position": [265.21228325302957, 201.41590899626758], "size": [14.59122047424313, 14.54765968322755], "angle": 0.0}, {"category": "TVStand", "position": [224.59449999999998, 298.33693316648106], "size": [66.75480194091793, 15.306120300292946], "angle": 3.141592653589793}]}]}]}