{"seed": 1, "floorplan": [{"rooms": [{"category": "Bedroom", "corners": [[209.0, 196.0], [209.0, 254.0], [208.0, 255.0], [158.0, 255.0], [158.0, 304.0], [342.0, 304.0], [342.0, 196.0], [209.0, 196.0]], "objects": [{"category": "CeilingLamp", "position": [183.12189999999998, 279.4144], "size": [13.173329544067371, 9.196139717102085], "angle": 0.0}, {"category": "DoubleBed", "position": [284.6527, 230.9622193080443], "size": [60.65970153808598, 58.29210205078124], "angle": 0.0}, {"category": "Nightstand", "position": [240.80721228614783, 205.94284516107663], "size": [16.043009948730457, 10.843620300292969], "angle": 0.0}, {"category": "Nightstand", "position": [327.5555877138521, 206.77318506820913], "size": [16.043009948730457, 10.843620300292969], "angle": 0.0}]}]}]}