{"seed": 1, "floorplan": [{"rooms": [{"category": "Bedroom", "corners": [[188.0, 204.0], [187.0, 205.0], [187.0, 296.0], [312.0, 296.0], [313.0, 295.0], [313.0, 204.0], [188.0, 204.0]], "objects": [{"category": "DoubleBed", "position": [255.44200000000004, 241.15128922879566], "size": [49.232698059082, 72.54989776611328], "angle": 0.0}, {"category": "TVStand", "position": [255.835, 289.1485], "size": [60.3035980224609, 12.0], "angle": 3.141592653589793}, {"category": "PendantLamp", "position": [255.92200000000003, 250.25350000000003], "size": [13.773149871826178, 13.77314987182615], "angle": 0.0}]}]}]}