{"seed": 1, "floorplan": [{"rooms": [{"category": "Bedroom", "corners": [[205.0, 184.0], [205.0, 316.0], [295.0, 316.0], [295.0, 185.0], [294.0, 184.0], [205.0, 184.0]], "objects": [{"category": "DoubleBed", "position": [259.414, 255.98200000000003], "size": [68.51702393633407, 54.80839693355471], "angle": -3.141583549472679}, {"category": "Nightstand", "position": [285.568, 218.88099999999997], "size": [14.192769136316226, 15.803544299115616], "angle": -1.5707872226777837}, {"category": "Nightstand", "position": [286.183, 292.38100000000003], "size": [14.192769136316283, 15.803544299115675], "angle": -1.5707872226777795}, {"category": "PendantLamp", "position": [249.769, 254.29000000000002], "size": [28.869149780273403, 27.912659454345714], "angle": 0.0}]}]}]}