{"seed": 1, "floorplan": [{"rooms": [{"category": "Bedroom", "corners": [[196.0, 199.0], [197.0, 200.0], [197.0, 300.0], [196.0, 301.0], [304.0, 301.0], [304.0, 199.0], [196.0, 199.0]], "objects": [{"category": "DoubleBed", "position": [262.2667136205219, 254.9004769955876], "size": [80.55157467362538, 79.73467634818482], "angle": -0.004878126113278263}, {"category": "Nightstand", "position": [298.3430872242393, 292.7482851344139], "size": [15.000599670410168, 13.000499725341854], "angle": 0.0}, {"category": "PendantLamp", "position": [296.89750000000004, 288.9235], "size": [5.352210044860897, 5.407050132751465], "angle": 0.0}, {"category": "TVStand", "position": [204.72523972395066, 268.48918306584005], "size": [16.004756152952893, 130.20238472397523], "angle": -9.10411711633137e-06}]}]}]}