{"seed": 1, "floorplan": [{"rooms": [{"category": "Bedroom", "corners": [[187.0, 208.0], [187.0, 292.0], [305.0, 292.0], [305.0, 272.0], [306.0, 271.0], [313.0, 271.0], [313.0, 229.0], [306.0, 229.0], [305.0, 228.0], [305.0, 208.0], [187.0, 208.0]], "objects": [{"category": "DoubleBed", "position": [222.2326666259165, 258.9927002238831], "size": [70.06743783182148, 63.88048117519724], "angle": -9.104117114065088e-06}, {"category": "CeilingLamp", "position": [245.64999999999998, 250.00000000000006], "size": [17.659920501708967, 17.659920501708996], "angle": 0.0}]}]}]}