{"seed": 1, "floorplan": [{"rooms": [{"category": "Bedroom", "corners": [[208.0, 184.0], [208.0, 316.0], [292.0, 316.0], [292.0, 184.0], [208.0, 184.0]], "objects": [{"category": "DoubleBed", "position": [260.8889972788792, 254.35140007192194], "size": [72.03875552266267, 61.468159103171345], "angle": -1.5707872226777826}, {"category": "Cabinet", "position": [275.9432863612289, 214.6517625314085], "size": [15.82931433963839, 13.593753596724254], "angle": -3.1415835494726796}, {"category": "Cabinet", "position": [279.541, 294.6535], "size": [13.593753596724225, 15.829314339638335], "angle": -1.5707872226777848}, {"category": "PendantLamp", "position": [245.422, 244.2475], "size": [3.6639634873094034, 3.697053521690116], "angle": -1.5708054309120103}]}]}]}