{"seed": 1, "floorplan": [{"rooms": [{"category": "Bedroom", "corners": [[204.0, 151.0], [204.0, 212.0], [218.0, 212.0], [219.0, 213.0], [219.0, 349.0], [296.0, 349.0], [296.0, 219.0], [243.0, 219.0], [242.0, 218.0], [242.0, 151.0], [204.0, 151.0]], "objects": [{"category": "Cabinet", "position": [269.203, 227.06050000000002], "size": [22.50126113891605, 11.773830413818388], "angle": 0.0}, {"category": "DoubleBed", "position": [257.8678935577973, 292.88957620891904], "size": [78.6355151045336, 74.96198312495974], "angle": -1.5707872226777828}, {"category": "PendantLamp", "position": [257.38599999999997, 289.1005], "size": [14.15772929704439, 34.034109595582436], "angle": -9.10411711294548e-06}]}]}]}