{"seed": 1, "floorplan": [{"rooms": [{"category": "Bedroom", "corners": [[198.0, 193.0], [198.0, 307.0], [302.0, 307.0], [302.0, 193.0], [198.0, 193.0]], "objects": [{"category": "DoubleBed", "position": [231.74153950191186, 246.16989999999998], "size": [66.41430398717425, 60.14964581747903], "angle": -9.104117114187098e-06}, {"category": "Nightstand", "position": [206.84873466577716, 203.24191383436653], "size": [10.778948307204674, 18.42169824689862], "angle": -9.104117116346795e-06}, {"category": "Nightstand", "position": [206.0195234971595, 289.09788616563344], "size": [10.778948307204617, 18.42169824689868], "angle": -9.104117113710063e-06}, {"category": "PendantLamp", "position": [250.0, 246.99999999999997], "size": [29.962743030924727, 26.73375397793459], "angle": -9.10411711456798e-06}]}]}]}