{"seed": 1, "floorplan": [{"rooms": [{"category": "Bedroom", "corners": [[267.0, 181.0], [267.0, 215.0], [266.0, 216.0], [200.0, 216.0], [200.0, 319.0], [300.0, 319.0], [300.0, 181.0], [267.0, 181.0]], "objects": [{"category": "DoubleBed", "position": [236.22669640528298, 264.884776151433], "size": [67.7940200072629, 75.18698933450285], "angle": -0.00046170158740839397}, {"category": "Nightstand", "position": [203.60283672189422, 224.60713519754592], "size": [10.920099876084404, 22.800207576704896], "angle": -9.104117114341355e-06}, {"category": "PendantLamp", "position": [250.60749999999996, 265.9435], "size": [14.43320960998534, 14.43320960998534], "angle": 0.0}, {"category": "Nightstand", "position": [203.7754028973177, 310.63360892651485], "size": [10.920099876084404, 22.800207576704953], "angle": -9.104117109135961e-06}]}]}]}