{"seed": 1, "floorplan": [{"rooms": [{"category": "Bedroom", "corners": [[197.0, 186.0], [197.0, 314.0], [303.0, 314.0], [303.0, 201.0], [234.0, 201.0], [233.0, 200.0], [233.0, 186.0], [197.0, 186.0]], "objects": [{"category": "SingleBed", "position": [268.6566666661282, 245.05], "size": [39.3003577966887, 68.70062546138713], "angle": -1.570787222677783}, {"category": "Table", "position": [296.4461000823782, 294.84999999999997], "size": [36.001527104431396, 14.059147848395755], "angle": -1.5707872226777817}]}]}]}