{"seed": 1, "floorplan": [{"rooms": [{"category": "Bedroom", "corners": [[199.0, 185.0], [199.0, 315.0], [301.0, 315.0], [301.0, 185.0], [199.0, 185.0]], "objects": [{"category": "DoubleBed", "position": [232.1769056465551, 260.6769955781012], "size": [19.55750837692285, 57.01312129038273], "angle": -9.10411711427315e-06}, {"category": "Nightstand", "position": [204.42762266660912, 224.5459018509128], "size": [15.111377581870679, 15.174527799744634], "angle": -9.104117112799486e-06}, {"category": "Nightstand", "position": [204.42773199656702, 296.8112350500322], "size": [15.174527799744691, 15.111377581870679], "angle": -1.5708054309120099}, {"category": "TVStand", "position": [295.3203501637776, 258.89799999999997], "size": [74.8806835566706, 11.898978035382875], "angle": -1.5707872226777821}]}]}]}