{"seed": 1, "floorplan": [{"rooms": [{"category": "Bedroom", "corners": [[155.0, 199.0], [155.0, 235.0], [199.0, 235.0], [200.0, 236.0], [200.0, 301.0], [345.0, 301.0], [345.0, 199.0], [155.0, 199.0]], "objects": [{"category": "DoubleBed", "position": [247.15284120189062, 264.6684295131506], "size": [72.09539794921878, 70.99530029296875], "angle": 3.141592653589793}, {"category": "Nightstand", "position": [212.84611894896636, 293.9544623723118], "size": [29.796180725097656, 17.09054946899414], "angle": 3.141592653589793}, {"category": "Nightstand", "position": [290.21703904075673, 290.9565997982545], "size": [29.796180725097713, 17.09054946899414], "angle": 3.141592653589793}]}]}]}