{"seed": 1, "floorplan": [{"rooms": [{"category": "Bedroom", "corners": [[273.0, 175.0], [273.0, 218.0], [272.0, 219.0], [201.0, 219.0], [201.0, 325.0], [299.0, 325.0], [299.0, 175.0], [273.0, 175.0]], "objects": [{"category": "DoubleBed", "position": [233.68102140708692, 273.6349662955918], "size": [60.66025379865464, 58.29263275615256], "angle": -1.57080543091201}, {"category": "Cabinet", "position": [208.81522486843758, 312.21782455286336], "size": [10.319493593250233, 12.516053660661441], "angle": -9.104117115918466e-06}, {"category": "PendantLamp", "position": [259.162, 267.55870000000004], "size": [7.498928439890546, 23.250841104392766], "angle": -9.104117115539305e-06}]}]}]}