{"seed": 1, "floorplan": [{"rooms": [{"category": "Bedroom", "corners": [[207.0, 186.0], [207.0, 192.0], [208.0, 193.0], [208.0, 260.0], [207.0, 261.0], [208.0, 262.0], [208.0, 295.0], [207.0, 296.0], [207.0, 314.0], [293.0, 314.0], [293.0, 296.0], [292.0, 295.0], [292.0, 193.0], [293.0, 192.0], [293.0, 186.0], [207.0, 186.0]], "objects": [{"category": "DoubleBed", "position": [256.5370311327642, 240.77117917268612], "size": [58.57733230855161, 71.78015331479155], "angle": -1.5707872226777821}, {"category": "Cabinet", "position": [268.66600000000005, 304.6], "size": [30.580199432373036, 12.85335044860841], "angle": 3.141592653589793}, {"category": "PendantLamp", "position": [282.4260777284302, 274.7964207733241], "size": [20.219549560546852, 20.22011947631836], "angle": 0.0}, {"category": "PendantLamp", "position": [282.42713677924456, 206.26941110041332], "size": [20.219549560546852, 20.22011947631836], "angle": 0.0}]}]}]}