{"seed": 1, "floorplan": [{"rooms": [{"category": "Bedroom", "corners": [[196.0, 199.0], [196.0, 301.0], [304.0, 301.0], [304.0, 199.0], [196.0, 199.0]], "objects": [{"category": "DoubleBed", "position": [271.3623185735136, 251.16999999999996], "size": [60.88765455058771, 65.97090090251066], "angle": -1.5707872226777821}, {"category": "Cabinet", "position": [294.3961370838695, 288.9696828103505], "size": [16.392119298709012, 9.241524146371924], "angle": -1.5707872226777821}, {"category": "Cabinet", "position": [296.08567287681547, 214.07531718964944], "size": [16.392119298709012, 9.241524146371924], "angle": -1.5707872226777821}, {"category": "PendantLamp", "position": [258.5485, 253.02999999999997], "size": [3.0041699409484863, 3.0], "angle": 0.0}]}]}]}