{"seed": 1, "floorplan": [{"rooms": [{"category": "Bedroom", "corners": [[271.0, 150.0], [271.0, 219.0], [270.0, 220.0], [200.0, 220.0], [200.0, 350.0], [300.0, 350.0], [300.0, 150.0], [271.0, 150.0]], "objects": [{"category": "DoubleBed", "position": [237.57318993806268, 291.3277587852594], "size": [68.19002205788995, 52.212775463249756], "angle": -9.104117114372641e-06}, {"category": "Cabinet", "position": [215.82826984886015, 255.20437305339647], "size": [11.775136957352535, 17.14221653603839], "angle": -9.104117112738359e-06}, {"category": "Cabinet", "position": [215.99979995937625, 325.3339244846345], "size": [11.775136957352535, 17.14221653603839], "angle": -9.104117112738359e-06}]}]}]}