{"seed": 1, "floorplan": [{"rooms": [{"category": "Bedroom", "corners": [[199.0, 159.0], [199.0, 341.0], [301.0, 341.0], [301.0, 226.0], [300.0, 225.0], [229.0, 225.0], [228.0, 224.0], [228.0, 159.0], [199.0, 159.0]], "objects": [{"category": "DoubleBed", "position": [265.89155165078785, 292.923224635895], "size": [58.292632756152585, 60.66025379865461], "angle": -3.1415835494726787}, {"category": "Nightstand", "position": [294.747510097209, 332.6308192664367], "size": [16.043156008166505, 10.84371902323032], "angle": -1.570787222677786}, {"category": "Nightstand", "position": [294.747510097209, 252.39721206467095], "size": [16.043156008166505, 10.84371902323032], "angle": -1.570787222677786}, {"category": "PendantLamp", "position": [245.38299999999998, 289.4806], "size": [23.250629425048828, 7.498860168457043], "angle": 3.141592653589793}]}]}]}