{"seed": 1, "floorplan": [{"rooms": [{"category": "Bedroom", "corners": [[208.0, 194.0], [208.0, 306.0], [292.0, 306.0], [292.0, 217.0], [238.0, 217.0], [237.0, 216.0], [237.0, 194.0], [208.0, 194.0]], "objects": [{"category": "Nightstand", "position": [283.7328799128535, 243.19157215484887], "size": [16.59654124952058, 13.277220868768719], "angle": -1.570787222677782}, {"category": "DoubleBed", "position": [260.94713670194807, 277.81711014785265], "size": [74.39587537092741, 58.21402944043784], "angle": -3.1415835494726787}, {"category": "PendantLamp", "position": [250.37800000000004, 268.5475], "size": [49.578900146484386, 30.568199157714844], "angle": 0.0}]}]}]}