{"seed": 1, "floorplan": [{"rooms": [{"category": "Bedroom", "corners": [[263.0, 188.0], [262.0, 189.0], [216.0, 189.0], [216.0, 200.0], [215.0, 201.0], [204.0, 201.0], [204.0, 311.0], [295.0, 311.0], [296.0, 312.0], [296.0, 201.0], [264.0, 201.0], [263.0, 200.0], [263.0, 188.0]], "objects": [{"category": "DoubleBed", "position": [240.28850505425675, 246.72945986981426], "size": [72.5505582778992, 49.23314628545206], "angle": -9.104117114123996e-06}, {"category": "Nightstand", "position": [210.47769612513218, 285.7899893618234], "size": [13.560123682397897, 27.600251277063784], "angle": -9.104117114151445e-06}, {"category": "Nightstand", "position": [208.18022266839188, 212.62088186656985], "size": [13.560123682397897, 27.600251277063812], "angle": -9.104117114151445e-06}]}]}]}