{"seed": 1, "floorplan": [{"rooms": [{"category": "Bedroom", "corners": [[204.0, 190.0], [204.0, 310.0], [296.0, 310.0], [296.0, 190.0], [204.0, 190.0]], "objects": [{"category": "CornerSideTable", "position": [215.02216983414283, 199.64812094445335], "size": [22.03646084682225, 22.03646084682225], "angle": -9.104117113347243e-06}, {"category": "DoubleBed", "position": [238.00869418524013, 247.32664248686905], "size": [66.66900601305309, 61.283957902248595], "angle": -9.104117114024073e-06}, {"category": "PendantLamp", "position": [253.60092534764112, 252.70999872647343], "size": [3.893280029296875, 3.893280029296875], "angle": 0.0}, {"category": "CornerSideTable", "position": [214.97277279747902, 295.1693732708197], "size": [22.036460846822195, 22.03646084682225], "angle": -1.5708054309120099}]}]}]}