{"seed": 1, "floorplan": [{"rooms": [{"category": "Bedroom", "corners": [[205.0, 207.0], [205.0, 293.0], [295.0, 293.0], [295.0, 207.0], [205.0, 207.0]], "objects": [{"category": "DoubleBed", "position": [247.7099575376621, 250.10252695504613], "size": [86.09699707031251, 82.07880249023435], "angle": 0.0}, {"category": "Cabinet", "position": [209.2687235381619, 211.43637363223934], "size": [13.836090087890653, 12.720300292968744], "angle": 0.0}, {"category": "CeilingLamp", "position": [245.81799999999998, 251.9545], "size": [23.99999999999997, 24.0], "angle": 0.0}]}]}]}