{"seed": 1, "floorplan": [{"rooms": [{"category": "Bedroom", "corners": [[190.0, 178.0], [190.0, 322.0], [310.0, 322.0], [310.0, 178.0], [190.0, 178.0]], "objects": [{"category": "DoubleBed", "position": [273.83214572335913, 268.0760337618714], "size": [58.57733230855164, 71.78015331479153], "angle": -1.5707872226777826}, {"category": "Nightstand", "position": [301.98329631767183, 229.00030437434648], "size": [9.28037433069761, 6.962403360273813], "angle": -1.5707872226777875}, {"category": "Nightstand", "position": [301.45013594560385, 307.0155065090531], "size": [9.280374330697668, 6.962403360273813], "angle": -1.5707872226777875}]}]}]}