{"seed": 1, "floorplan": [{"rooms": [{"category": "Bedroom", "corners": [[209.0, 207.0], [209.0, 293.0], [291.0, 293.0], [291.0, 207.0], [209.0, 207.0]], "objects": [{"category": "DoubleBed", "position": [248.46455658652724, 254.98461691733428], "size": [78.63479919433593, 74.96130065917964], "angle": 3.141592653589793}, {"category": "CeilingLamp", "position": [240.42864999999995, 242.41705000000002], "size": [11.960579681396467, 11.939429855346702], "angle": 0.0}]}]}]}