{"seed": 1, "floorplan": [{"rooms": [{"category": "Bedroom", "corners": [[190.0, 203.0], [190.0, 297.0], [310.0, 297.0], [310.0, 203.0], [190.0, 203.0]], "objects": [{"category": "DoubleBed", "position": [240.56799999999998, 258.6043729235819], "size": [71.41710205078127, 68.56770172119144], "angle": 3.141592653589793}, {"category": "Nightstand", "position": [201.66952774455925, 292.69491065062147], "size": [17.461980056762684, 13.464000320434593], "angle": 3.141592653589793}, {"category": "Nightstand", "position": [279.46647225544075, 292.69491065062147], "size": [17.461980056762684, 13.464000320434593], "angle": 3.141592653589793}, {"category": "CeilingLamp", "position": [243.661, 250.921], "size": [19.34504928588865, 19.34504928588865], "angle": 0.0}]}]}]}