{"seed": 1, "floorplan": [{"rooms": [{"category": "Bedroom", "corners": [[184.0, 212.0], [184.0, 288.0], [316.0, 288.0], [316.0, 212.0], [184.0, 212.0]], "objects": [{"category": "DoubleBed", "position": [264.25750000000005, 250.74983430980504], "size": [83.90730285644531, 75.23430175781249], "angle": 0.0}, {"category": "Nightstand", "position": [301.4275, 220.4659666951266], "size": [17.813369750976562, 15.925740051269543], "angle": 0.0}, {"category": "Nightstand", "position": [227.99350000000004, 220.4659666951266], "size": [17.813369750976562, 15.925740051269543], "angle": 0.0}, {"category": "PendantLamp", "position": [265.3525, 249.98800000000006], "size": [13.429742246361181, 14.416781261817775], "angle": -9.10411711273404e-06}]}]}]}