{"seed": 1, "floorplan": [{"rooms": [{"category": "Bedroom", "corners": [[267.0, 168.0], [267.0, 221.0], [266.0, 222.0], [186.0, 222.0], [186.0, 332.0], [296.0, 332.0], [296.0, 269.0], [297.0, 268.0], [314.0, 268.0], [314.0, 168.0], [267.0, 168.0]], "objects": [{"category": "PendantLamp", "position": [241.0009, 274.0], "size": [20.31662979125977, 20.854019165039062], "angle": 0.0}, {"category": "DoubleBed", "position": [220.98848994496447, 271.51560449490523], "size": [53.29098352161441, 68.61752686548888], "angle": -1.5708054309120112}, {"category": "Nightstand", "position": [194.3630792635257, 235.77997609200168], "size": [13.590903991923575, 17.59270014475892], "angle": -9.10411711387358e-06}, {"category": "Nightstand", "position": [193.3320805817988, 307.77717103253883], "size": [13.590903991923575, 17.59270014475886], "angle": -9.10411711805604e-06}]}]}]}