{"seed": 1, "floorplan": [{"rooms": [{"category": "Bedroom", "corners": [[206.0, 175.0], [206.0, 325.0], [294.0, 325.0], [294.0, 175.0], [206.0, 175.0]], "objects": [{"category": "DoubleBed", "position": [241.01099912567906, 256.198], "size": [62.957374016200504, 69.92433502752604], "angle": -1.5708054309120112}, {"category": "Nightstand", "position": [218.46249999999998, 300.45399999999995], "size": [14.547792128633732, 14.591353316237305], "angle": -9.104117113813794e-06}, {"category": "Nightstand", "position": [217.9105, 211.94199999999995], "size": [14.547792128633704, 14.591353316237305], "angle": -9.104117113813811e-06}, {"category": "CeilingLamp", "position": [249.06850000000003, 256.405], "size": [21.282511138915993, 21.065879058837908], "angle": 0.0}]}]}]}