{"seed": 1, "floorplan": [{"rooms": [{"category": "Bedroom", "corners": [[177.0, 196.0], [177.0, 219.0], [176.0, 220.0], [152.0, 220.0], [152.0, 283.0], [176.0, 283.0], [177.0, 284.0], [177.0, 297.0], [176.0, 298.0], [317.0, 298.0], [318.0, 299.0], [318.0, 304.0], [345.0, 304.0], [345.0, 299.0], [346.0, 298.0], [348.0, 298.0], [348.0, 266.0], [297.0, 266.0], [296.0, 265.0], [296.0, 196.0], [177.0, 196.0]], "objects": [{"category": "Cabinet", "position": [229.3847489275816, 292.6883486218794], "size": [36.0059989929199, 10.5], "angle": 3.141592653589793}, {"category": "DoubleBed", "position": [229.4628535524919, 233.51102744795094], "size": [74.07570190429686, 74.11050109863281], "angle": -0.00012000000028797628}, {"category": "Nightstand", "position": [185.39414098196863, 200.0381104450334], "size": [16.50000000000003, 12.417780303955055], "angle": 0.0}, {"category": "Nightstand", "position": [268.41678283879116, 199.8643411572134], "size": [16.5, 12.417780303955055], "angle": 0.0}]}]}]}