{"seed": 1, "floorplan": [{"rooms": [{"category": "Bedroom", "corners": [[198.0, 195.0], [198.0, 305.0], [302.0, 305.0], [302.0, 195.0], [198.0, 195.0]], "objects": [{"category": "DoubleBed", "position": [252.434880743264, 229.1096259368076], "size": [71.4171020507813, 68.56770172119144], "angle": 0.0}, {"category": "TVStand", "position": [253.327, 298.1304999999999], "size": [92.19600219726564, 13.424010086059582], "angle": 3.141592653589793}, {"category": "Nightstand", "position": [290.40180993224055, 201.9333214975735], "size": [18.644549560546864, 17.997809600830095], "angle": 0.0}, {"category": "PendantLamp", "position": [250.42000000000002, 226.38549999999998], "size": [25.350210571289097, 24.211441040039062], "angle": 0.0}]}]}]}