{"seed": 1, "floorplan": [{"rooms": [{"category": "Bedroom", "corners": [[201.0, 188.0], [201.0, 312.0], [299.0, 312.0], [299.0, 188.0], [201.0, 188.0]], "objects": [{"category": "DoubleBed", "position": [261.402705776683, 243.65503781496994], "size": [60.53425320084161, 63.58047844392483], "angle": -1.5707872226777824}, {"category": "Nightstand", "position": [292.2461184707765, 204.26875580143448], "size": [19.485176480608825, 13.076819264007318], "angle": -1.5707872226777835}, {"category": "CeilingLamp", "position": [251.338, 242.56449999999995], "size": [11.960579681396496, 11.939429855346674], "angle": 0.0}]}]}]}