{"seed": 1, "floorplan": [{"rooms": [{"category": "Bedroom", "corners": [[264.0, 189.0], [264.0, 218.0], [263.0, 219.0], [261.0, 219.0], [260.0, 218.0], [260.0, 201.0], [204.0, 201.0], [204.0, 311.0], [296.0, 311.0], [296.0, 189.0], [264.0, 189.0]], "objects": [{"category": "DoubleBed", "position": [239.52850951699347, 262.6541076855216], "size": [69.58893310922768, 69.77163740931533], "angle": -9.104117114042481e-06}, {"category": "PendantLamp", "position": [210.74448359069822, 296.64085], "size": [14.368740463256813, 14.36874046325687], "angle": 0.0}, {"category": "Nightstand", "position": [207.13072328696853, 301.18529949029687], "size": [11.613765783003583, 12.000109250897301], "angle": -9.104117115767452e-06}, {"category": "Nightstand", "position": [207.25072589603445, 223.2428911585275], "size": [11.613765783003611, 12.000109250897358], "angle": -9.104117113320186e-06}]}]}]}