{"seed": 1, "floorplan": [{"rooms": [{"category": "Bedroom", "corners": [[249.0, 173.0], [249.0, 206.0], [248.0, 207.0], [199.0, 207.0], [199.0, 327.0], [301.0, 327.0], [301.0, 173.0], [249.0, 173.0]], "objects": [{"category": "DoubleBed", "position": [232.48002043481932, 277.10950140317317], "size": [65.80259797865257, 66.92370803893196], "angle": -9.104117114208767e-06}, {"category": "Nightstand", "position": [203.9653195048428, 236.24993033045257], "size": [13.292131511719749, 19.10009416311284], "angle": -9.104117113519408e-06}, {"category": "Nightstand", "position": [203.68664571559856, 318.7964823677132], "size": [13.292131511719692, 19.10009416311284], "angle": -9.104117115657683e-06}, {"category": "PendantLamp", "position": [249.454, 272.6755], "size": [29.162995149307203, 29.162995149307203], "angle": -9.104117114615706e-06}]}]}]}