{"seed": 1, "floorplan": [{"rooms": [{"category": "Bedroom", "corners": [[270.0, 154.0], [270.0, 226.0], [269.0, 227.0], [199.0, 227.0], [199.0, 346.0], [301.0, 346.0], [301.0, 154.0], [270.0, 154.0]], "objects": [{"category": "DoubleBed", "position": [232.3456472707232, 290.41261216797363], "size": [62.91837219627794, 66.28860551613529], "angle": -9.104117114543174e-06}, {"category": "Nightstand", "position": [203.6904006862648, 251.44655181014056], "size": [15.001607142805945, 15.002266328494791], "angle": -9.10411711332587e-06}, {"category": "Nightstand", "position": [206.72077244082573, 331.2458546836055], "size": [15.001607142805945, 15.00226632849482], "angle": -9.104117115220446e-06}, {"category": "CeilingLamp", "position": [249.7885, 289.9348], "size": [15.060000228881819, 15.060000228881847], "angle": 0.0}]}]}]}