{"seed": 1, "floorplan": [{"rooms": [{"category": "Bedroom", "corners": [[207.0, 187.0], [207.0, 313.0], [293.0, 313.0], [293.0, 187.0], [207.0, 187.0]], "objects": [{"category": "DoubleBed", "position": [243.07326957539243, 259.33000000000004], "size": [71.78015331479153, 58.57733230855164], "angle": -9.104117114042588e-06}, {"category": "Nightstand", "position": [213.1845675826342, 222.3846872523786], "size": [6.962403360273842, 9.28037433069761], "angle": -9.104117112046406e-06}, {"category": "Nightstand", "position": [213.1845675826342, 296.6773127476214], "size": [6.962403360273842, 9.280374330697553], "angle": -9.104117116128576e-06}, {"category": "CeilingLamp", "position": [249.517, 255.823], "size": [16.891679763793945, 16.993230056762684], "angle": 0.0}]}]}]}