{"seed": 1, "floorplan": [{"rooms": [{"category": "Bedroom", "corners": [[222.0, 197.0], [222.0, 273.0], [221.0, 274.0], [157.0, 274.0], [157.0, 303.0], [343.0, 303.0], [343.0, 197.0], [222.0, 197.0]], "objects": [{"category": "DoubleBed", "position": [284.19100000000003, 227.86299999999997], "size": [45.662397766113315, 61.44270172119141], "angle": 0.0}, {"category": "PendantLamp", "position": [283.498, 243.136], "size": [27.49521102905271, 24.47988052368163], "angle": 0.0}]}]}]}