{"seed": 1, "floorplan": [{"rooms": [{"category": "Bedroom", "corners": [[176.0, 195.0], [176.0, 305.0], [324.0, 305.0], [324.0, 195.0], [176.0, 195.0]], "objects": [{"category": "DoubleBed", "position": [254.50886089644078, 230.9360639414674], "size": [52.21230010986329, 68.18940124511715], "angle": 0.0}, {"category": "Cabinet", "position": [211.97264536975342, 202.43800300968206], "size": [17.142060470581015, 11.775029754638666], "angle": 0.0}, {"category": "CeilingLamp", "position": [252.90485824438946, 239.94974349377011], "size": [18.25565986633302, 18.25565986633299], "angle": 0.0}, {"category": "Cabinet", "position": [304.7996069721552, 201.69953709945096], "size": [28.505250549316372, 13.74878997802736], "angle": 0.0}]}]}]}