{"seed": 1, "floorplan": [{"rooms": [{"category": "Bedroom", "corners": [[292.0, 204.0], [291.0, 205.0], [208.0, 205.0], [208.0, 296.0], [209.0, 295.0], [292.0, 295.0], [292.0, 204.0]], "objects": [{"category": "CeilingLamp", "position": [252.89094999999998, 252.364], "size": [25.645378875732405, 25.645378875732433], "angle": 0.0}, {"category": "DoubleBed", "position": [258.20065374702347, 250.07362816365946], "size": [68.91362941476905, 65.04089060449479], "angle": -1.5707872226777826}, {"category": "Nightstand", "position": [286.01015896363856, 290.4898243754131], "size": [15.174350412058903, 15.11120093240039], "angle": -1.5536866539853276}, {"category": "Nightstand", "position": [285.7610276567416, 210.78890982909854], "size": [15.174350412058903, 15.11120093240039], "angle": -1.5536866539853276}]}]}]}