{"seed": 1, "floorplan": [{"rooms": [{"category": "Bedroom", "corners": [[204.0, 197.0], [204.0, 303.0], [296.0, 303.0], [296.0, 197.0], [204.0, 197.0]], "objects": [{"category": "DoubleBed", "position": [260.0890009870878, 249.74199999999996], "size": [66.92370803893193, 65.80259797865257], "angle": -1.5707872226777828}, {"category": "Nightstand", "position": [285.4388827362891, 207.6317214845269], "size": [14.100128369804361, 10.530095409894564], "angle": -1.570787222677781}, {"category": "Nightstand", "position": [285.4388827362891, 290.79027851547306], "size": [14.100128369804333, 10.530095409894564], "angle": -1.570787222677781}]}]}]}