{"seed": 1, "floorplan": [{"rooms": [{"category": "Bedroom", "corners": [[205.0, 177.0], [205.0, 323.0], [295.0, 323.0], [295.0, 177.0], [205.0, 177.0]], "objects": [{"category": "DoubleBed", "position": [253.65483487964582, 251.3545], "size": [70.74814318678582, 81.78914183811236], "angle": -1.5707872226777826}, {"category": "CornerSideTable", "position": [287.8105, 288.7645], "size": [12.600114713442183, 12.674935722383273], "angle": -1.5707872226777841}, {"category": "CornerSideTable", "position": [287.8105, 208.3465], "size": [12.600114713442155, 12.674935722383273], "angle": -1.5707872226777841}, {"category": "PendantLamp", "position": [257.3185, 254.56750000000002], "size": [17.820821881039194, 19.03043334214211], "angle": -9.104117114763149e-06}]}]}]}