{"seed": 1, "floorplan": [{"rooms": [{"category": "Bedroom", "corners": [[302.0, 184.0], [301.0, 185.0], [235.0, 185.0], [235.0, 204.0], [234.0, 205.0], [198.0, 205.0], [198.0, 316.0], [199.0, 315.0], [301.0, 315.0], [302.0, 316.0], [302.0, 184.0]], "objects": [{"category": "DoubleBed", "position": [267.39731732075813, 258.48432957941515], "size": [68.56832597810309, 71.41775224932147], "angle": -3.1415835494726796}, {"category": "Nightstand", "position": [294.3921013159182, 213.17870924743013], "size": [18.64471930502766, 17.99797345723412], "angle": -1.5707872226777855}, {"category": "Nightstand", "position": [294.5639952471352, 303.1477036072994], "size": [18.64471930502766, 17.99797345723412], "angle": -1.5707872226777824}, {"category": "CeilingLamp", "position": [250.822, 261.34000000000003], "size": [20.952420043945295, 21.000480651855497], "angle": 0.0}]}]}]}