{"seed": 1, "floorplan": [{"rooms": [{"category": "Bedroom", "corners": [[214.0, 204.0], [214.0, 266.0], [213.0, 267.0], [154.0, 267.0], [154.0, 296.0], [346.0, 296.0], [346.0, 204.0], [214.0, 204.0]], "objects": [{"category": "CoffeeTable", "position": [251.16325327245005, 212.88410010804336], "size": [30.420899963378872, 20.280120849609375], "angle": 0.0}, {"category": "CoffeeTable", "position": [333.9438041148121, 213.07106223299695], "size": [30.420899963378872, 20.280120849609375], "angle": 0.0}, {"category": "DoubleBed", "position": [292.4571082040825, 240.45333456177366], "size": [69.88080139160161, 71.87340087890624], "angle": 0.0}]}]}]}