{"seed": 1, "floorplan": [{"rooms": [{"category": "Bedroom", "corners": [[204.0, 179.0], [204.0, 321.0], [264.0, 321.0], [264.0, 303.0], [265.0, 302.0], [296.0, 302.0], [296.0, 179.0], [204.0, 179.0]], "objects": [{"category": "DoubleBed", "position": [239.05942250416962, 239.572], "size": [70.71484515414305, 60.67075041521351], "angle": -9.10411711395217e-06}, {"category": "Nightstand", "position": [217.9956060101078, 282.18676225457705], "size": [11.453743879361497, 11.459534642530725], "angle": -1.5708054309120132}, {"category": "Nightstand", "position": [213.51647575595086, 197.155237745423], "size": [11.459534642530725, 11.453743879361468], "angle": -9.104117115084254e-06}, {"category": "PendantLamp", "position": [248.1805, 241.09900000000002], "size": [21.338491058349604, 21.338459014892578], "angle": 0.0}]}]}]}