{"seed": 1, "floorplan": [{"rooms": [{"category": "Bedroom", "corners": [[187.0, 203.0], [187.0, 297.0], [313.0, 297.0], [313.0, 203.0], [187.0, 203.0]], "objects": [{"category": "DoubleBed", "position": [240.8001822592165, 239.14047224136962], "size": [72.09539794921875, 70.99530029296872], "angle": 0.0}, {"category": "Cabinet", "position": [305.84295008850097, 220.87599999999998], "size": [31.50028678360546, 13.217910178648292], "angle": -1.5707872226777824}, {"category": "Nightstand", "position": [197.33167910809607, 205.81373108222397], "size": [13.5, 9.600000000000023], "angle": 0.0}, {"category": "Nightstand", "position": [285.60039174547313, 205.88732090689209], "size": [13.5, 9.599999999999994], "angle": 0.0}]}]}]}