{"seed": 1, "floorplan": [{"rooms": [{"category": "Bedroom", "corners": [[196.0, 211.0], [196.0, 289.0], [304.0, 289.0], [304.0, 211.0], [196.0, 211.0]], "objects": [{"category": "Cabinet", "position": [294.81669999999997, 254.27184726754103], "size": [65.99957602778717, 18.418921977836554], "angle": -1.5636467461575543}, {"category": "DoubleBed", "position": [237.00547794639493, 253.82632449161792], "size": [64.56059875488282, 69.31320190429688], "angle": 3.141592653589793}, {"category": "Nightstand", "position": [272.513060842827, 281.8897484396948], "size": [12.600000000000023, 13.182419586181652], "angle": 0.0}]}]}]}