{"seed": 1, "floorplan": [{"rooms": [{"category": "Bedroom", "corners": [[208.0, 196.0], [208.0, 304.0], [292.0, 304.0], [292.0, 196.0], [208.0, 196.0]], "objects": [{"category": "DoubleBed", "position": [241.69299999999998, 251.299], "size": [66.36690212739755, 58.97303598434281], "angle": -9.104117114211959e-06}, {"category": "Nightstand", "position": [214.75900000000001, 289.09299999999996], "size": [13.361641269303417, 17.675231108536217], "angle": -9.104117117056736e-06}, {"category": "PendantLamp", "position": [249.004, 248.125], "size": [24.316740417480503, 24.316740417480474], "angle": 0.0}]}]}]}