{"seed": 1, "floorplan": [{"rooms": [{"category": "Bedroom", "corners": [[208.0, 199.0], [208.0, 301.0], [292.0, 301.0], [292.0, 199.0], [208.0, 199.0]], "objects": [{"category": "DoubleBed", "position": [251.5217244717384, 252.56922933745648], "size": [80.78773806785333, 79.63842950866288], "angle": -1.5707872226777821}, {"category": "Nightstand", "position": [287.52997111105844, 209.9131515060824], "size": [13.839156068944341, 24.000218501794603], "angle": -3.141583549472681}, {"category": "Nightstand", "position": [287.3769314854427, 291.74453323025637], "size": [13.839156068944398, 24.000218501794603], "angle": -3.1415835494726787}, {"category": "PendantLamp", "position": [255.322, 249.68980000000002], "size": [15.303210067749006, 15.08414955139159], "angle": 0.0}]}]}]}