{"seed": 1, "floorplan": [{"rooms": [{"category": "Bedroom", "corners": [[197.0, 176.0], [197.0, 324.0], [198.0, 323.0], [228.0, 323.0], [228.0, 268.0], [229.0, 267.0], [303.0, 267.0], [303.0, 176.0], [302.0, 177.0], [198.0, 177.0], [197.0, 176.0]], "objects": [{"category": "DoubleBed", "position": [267.8065142307536, 218.34784673660124], "size": [62.95737401620053, 69.924335027526], "angle": -1.5707872226777821}, {"category": "Nightstand", "position": [297.69388525514324, 257.9870431672676], "size": [13.131059030886, 10.769258506462817], "angle": -1.5707872226777833}, {"category": "TVStand", "position": [204.87023350016278, 219.53050000000002], "size": [15.306259650907705, 66.75540969275232], "angle": -9.104117113489336e-06}]}]}]}