{"seed": 1, "floorplan": [{"rooms": [{"category": "Bedroom", "corners": [[208.0, 185.0], [208.0, 315.0], [292.0, 315.0], [292.0, 185.0], [208.0, 185.0]], "objects": [{"category": "Nightstand", "position": [283.8483668956577, 300.07869999999997], "size": [12.962277739635699, 15.581721448306386], "angle": -1.5707872226777844}, {"category": "PendantLamp", "position": [281.6278, 296.45079999999996], "size": [10.227329635620151, 11.221349716186523], "angle": 0.0}, {"category": "DoubleBed", "position": [257.7184, 260.70369999999997], "size": [53.222885977815416, 66.10980139803986], "angle": -1.5707872226777824}, {"category": "Table", "position": [279.8587, 216.1813], "size": [30.95728257243089, 12.575845007013276], "angle": -1.5707872226777835}]}]}]}