{"seed": 1, "floorplan": [{"rooms": [{"category": "Bedroom", "corners": [[275.0, 155.0], [275.0, 181.0], [274.0, 182.0], [271.0, 182.0], [271.0, 206.0], [274.0, 206.0], [275.0, 207.0], [275.0, 246.0], [274.0, 247.0], [272.0, 247.0], [271.0, 246.0], [271.0, 230.0], [197.0, 230.0], [197.0, 345.0], [303.0, 345.0], [303.0, 155.0], [275.0, 155.0]], "objects": [{"category": "DoubleBed", "position": [230.76366577148434, 293.57875], "size": [67.5702135586098, 67.67101403686016], "angle": -9.104117114085614e-06}, {"category": "Nightstand", "position": [203.05131497573677, 258.53510847981113], "size": [10.62090624946821, 16.41305988852538], "angle": -9.10411711319505e-06}, {"category": "Nightstand", "position": [203.87289999999996, 330.48685], "size": [10.62090624946821, 16.41305988852538], "angle": -9.104117118547082e-06}]}]}]}