{"seed": 1, "floorplan": [{"rooms": [{"category": "Bedroom", "corners": [[215.0, 193.0], [215.0, 307.0], [285.0, 307.0], [285.0, 193.0], [215.0, 193.0]], "objects": [{"category": "DoubleBed", "position": [252.49967307668084, 231.3171619887317], "size": [74.11117581852822, 74.07637630737204], "angle": -9.104117114119895e-06}, {"category": "Nightstand", "position": [219.91009922620196, 271.0678939503107], "size": [14.93359543047686, 17.76571121084591], "angle": -9.104117114314961e-06}, {"category": "PendantLamp", "position": [251.49100000000004, 228.70000000000002], "size": [58.87193795699678, 24.917507431551766], "angle": -9.104117114388154e-06}]}]}]}