{"seed": 1, "floorplan": [{"rooms": [{"category": "Bedroom", "corners": [[202.0, 193.0], [202.0, 307.0], [298.0, 307.0], [298.0, 193.0], [202.0, 193.0]], "objects": [{"category": "DoubleBed", "position": [264.4111675618535, 255.75999999999996], "size": [67.67101403686021, 67.57021355860982], "angle": -1.5707872226777824}, {"category": "Nightstand", "position": [289.3885, 296.5], "size": [18.900172070163276, 13.506393182240572], "angle": -1.5707872226777841}, {"category": "PendantLamp", "position": [250.00150000000002, 254.22699999999998], "size": [27.341940307617165, 27.559680175781267], "angle": 0.0}]}]}]}