{"seed": 1, "floorplan": [{"rooms": [{"category": "Bedroom", "corners": [[183.0, 210.0], [183.0, 290.0], [317.0, 290.0], [317.0, 231.0], [298.0, 231.0], [297.0, 230.0], [297.0, 210.0], [183.0, 210.0]], "objects": [{"category": "DoubleBed", "position": [256.58674985092614, 242.04109130348382], "size": [41.03730010986331, 63.49680175781248], "angle": 0.0}, {"category": "Nightstand", "position": [222.00117147930416, 217.67417008737257], "size": [8.919810104370157, 7.339739799499512], "angle": 0.0}, {"category": "PendantLamp", "position": [247.49080000000004, 254.3689], "size": [1.3951926890091604, 32.749198758146136], "angle": -9.104117111202625e-06}]}]}]}