{"seed": 1, "floorplan": [{"rooms": [{"category": "Bedroom", "corners": [[269.0, 165.0], [269.0, 205.0], [268.0, 206.0], [201.0, 206.0], [201.0, 315.0], [224.0, 315.0], [225.0, 316.0], [225.0, 335.0], [299.0, 335.0], [299.0, 165.0], [269.0, 165.0]], "objects": [{"category": "DoubleBed", "position": [235.74216762288415, 269.4661], "size": [68.56832597810309, 71.41775224932147], "angle": -9.104117113961657e-06}, {"category": "PendantLamp", "position": [251.8, 262.3201], "size": [8.049029731750494, 8.049029731750522], "angle": 3.141592653589793}, {"category": "TVStand", "position": [292.1832914409138, 285.21003092857825], "size": [54.04099034979546, 12.00694944683851], "angle": -1.5707872226777821}]}]}]}