{"seed": 1, "floorplan": [{"rooms": [{"category": "Bedroom", "corners": [[195.0, 207.0], [195.0, 261.0], [194.0, 262.0], [176.0, 262.0], [176.0, 293.0], [324.0, 293.0], [324.0, 207.0], [195.0, 207.0]], "objects": [{"category": "DoubleBed", "position": [260.810412727769, 243.37971859605648], "size": [58.57679901123049, 71.77949981689454], "angle": 0.0}, {"category": "Nightstand", "position": [224.5136511266751, 210.96879833217216], "size": [36.01920089721682, 12.653400421142578], "angle": 0.0}, {"category": "Table", "position": [301.73234121238, 215.6483439210745], "size": [47.08829956054683, 19.59231033325193], "angle": 0.0}, {"category": "Chair", "position": [310.6464345013408, 228.40823811209685], "size": [14.146290206909157, 14.18147964477538], "angle": 3.141592653589793}]}]}]}