{"seed": 1, "floorplan": [{"rooms": [{"category": "Bedroom", "corners": [[195.0, 208.0], [195.0, 292.0], [305.0, 292.0], [305.0, 208.0], [195.0, 208.0]], "objects": [{"category": "CeilingLamp", "position": [250.35399999999998, 251.836], "size": [11.960579681396496, 11.939429855346702], "angle": 0.0}, {"category": "DoubleBed", "position": [258.8022028429674, 244.69691287000018], "size": [49.232698059082026, 72.5498977661133], "angle": 0.0}, {"category": "Nightstand", "position": [223.61458153257604, 212.69399758965176], "size": [17.79182968139648, 13.5], "angle": 0.0}, {"category": "Nightstand", "position": [295.61678151049796, 215.9764265655087], "size": [17.791829681396507, 13.5], "angle": 0.0}]}]}]}