{"seed": 1, "floorplan": [{"rooms": [{"category": "Bedroom", "corners": [[200.0, 188.0], [200.0, 271.0], [201.0, 272.0], [201.0, 312.0], [297.0, 312.0], [297.0, 234.0], [298.0, 233.0], [300.0, 233.0], [300.0, 209.0], [299.0, 210.0], [298.0, 210.0], [297.0, 209.0], [297.0, 188.0], [200.0, 188.0]], "objects": [{"category": "DoubleBed", "position": [234.88603540299394, 275.98294846625197], "size": [67.94959247782407, 59.80760529015036], "angle": -0.008398921573194126}, {"category": "PendantLamp", "position": [209.06652414867392, 303.7899662071308], "size": [16.53683967590331, 16.68038978576658], "angle": 0.0}, {"category": "Nightstand", "position": [207.4968407680517, 239.87177750506135], "size": [17.54978942871091, 14.01899986267091], "angle": 0.0}]}]}]}