{"seed": 1, "floorplan": [{"rooms": [{"category": "Bedroom", "corners": [[193.0, 200.0], [193.0, 227.0], [223.0, 227.0], [224.0, 228.0], [224.0, 300.0], [307.0, 300.0], [307.0, 200.0], [193.0, 200.0]], "objects": [{"category": "DoubleBed", "position": [266.724833706308, 263.57618600560954], "size": [58.576799011230435, 71.77949981689451], "angle": 3.141592653589793}, {"category": "Nightstand", "position": [241.4786061619429, 295.3530459195619], "size": [12.653589517234819, 36.01973917862006], "angle": -1.557016372218119}, {"category": "Nightstand", "position": [289.6598149949374, 295.39827748200355], "size": [12.653589517234819, 36.01973917862], "angle": -1.557016372218119}]}]}]}