{"seed": 1, "floorplan": [{"rooms": [{"category": "Bedroom", "corners": [[277.0, 193.0], [277.0, 195.0], [276.0, 196.0], [195.0, 196.0], [195.0, 307.0], [305.0, 307.0], [305.0, 196.0], [304.0, 196.0], [303.0, 195.0], [303.0, 193.0], [277.0, 193.0]], "objects": [{"category": "Nightstand", "position": [203.67232518076975, 296.18135683471587], "size": [16.279827703268328, 18.8055812126552], "angle": -9.10411710877305e-06}, {"category": "DoubleBed", "position": [232.92823718868817, 258.0059715314702], "size": [74.39587537092733, 58.21402944043781], "angle": -9.10411711358787e-06}, {"category": "Nightstand", "position": [203.52091637449303, 221.8245551082618], "size": [16.279827703268385, 18.8055812126552], "angle": -9.104117112264666e-06}, {"category": "PendantLamp", "position": [259.0, 257.803], "size": [34.45648321304714, 31.71838266782977], "angle": -0.7854061101504046}]}]}]}