{"seed": 1, "floorplan": [{"rooms": [{"category": "Bedroom", "corners": [[234.0, 140.0], [233.0, 141.0], [202.0, 141.0], [202.0, 360.0], [203.0, 359.0], [298.0, 359.0], [298.0, 215.0], [235.0, 215.0], [234.0, 214.0], [234.0, 140.0]], "objects": [{"category": "Cabinet", "position": [271.177507479789, 225.75164686859216], "size": [27.533551025390636, 8.218980216979958], "angle": 0.0}, {"category": "Cabinet", "position": [288.29515919225, 250.22385145839638], "size": [17.142216536038447, 11.775136957352505], "angle": -1.5707872226777828}, {"category": "Cabinet", "position": [292.24, 337.47400000000005], "size": [17.142216536038447, 11.775136957352505], "angle": -1.5707872226777828}, {"category": "DoubleBed", "position": [263.40999999999997, 294.37], "size": [52.212775463249756, 68.19002205788999], "angle": -1.5707872226777826}]}]}]}