{"seed": 1, "floorplan": [{"rooms": [{"category": "Bedroom", "corners": [[276.0, 147.0], [276.0, 206.0], [275.0, 207.0], [199.0, 207.0], [199.0, 353.0], [301.0, 353.0], [301.0, 147.0], [276.0, 147.0]], "objects": [{"category": "DoubleBed", "position": [236.11118046436314, 288.27518272486935], "size": [55.22780382807341, 74.23387591021877], "angle": -1.5708054309120103}, {"category": "Nightstand", "position": [207.89731263912006, 247.6471499095305], "size": [12.244041143933185, 24.08199872631518], "angle": -9.104117113104031e-06}, {"category": "Nightstand", "position": [207.86530000000005, 331.19499999999994], "size": [12.244041143933156, 24.081998726315266], "angle": -9.104117110782785e-06}, {"category": "PendantLamp", "position": [249.4993, 286.73199999999997], "size": [26.6261718134131, 26.38722226714082], "angle": -1.5682049474010833}]}]}]}