{"seed": 1, "floorplan": [{"rooms": [{"category": "Bedroom", "corners": [[202.0, 164.0], [202.0, 336.0], [298.0, 336.0], [298.0, 227.0], [235.0, 227.0], [234.0, 226.0], [234.0, 165.0], [235.0, 164.0], [202.0, 164.0]], "objects": [{"category": "TVStand", "position": [208.7928827186598, 283.218572525689], "size": [52.356634906261505, 14.335938185671601], "angle": -1.5709185724106496}, {"category": "PendantLamp", "position": [266.1625753836216, 277.47804733675787], "size": [15.851339721679665, 15.83067054748534], "angle": 0.0}, {"category": "DoubleBed", "position": [259.62164457174816, 280.7814257184474], "size": [72.88356149271878, 76.80100133251683], "angle": -1.5707872226777826}]}]}]}