{"seed": 1, "floorplan": [{"rooms": [{"category": "Bedroom", "corners": [[192.0, 199.0], [192.0, 301.0], [308.0, 301.0], [308.0, 199.0], [192.0, 199.0]], "objects": [{"category": "SingleBed", "position": [258.30832226609226, 238.12894232239034], "size": [70.5365982055664, 76.93080139160156], "angle": 0.0}, {"category": "Nightstand", "position": [214.36307678879547, 203.0331536542463], "size": [17.962440490722656, 10.55222969055174], "angle": 0.0}, {"category": "Nightstand", "position": [301.04743766654866, 202.47919505086358], "size": [17.962440490722656, 10.55222969055174], "angle": 0.0}, {"category": "Sofa", "position": [256.5046705056193, 279.7274197926682], "size": [20.86175994873048, 8.323349761962902], "angle": 0.0}]}]}]}