{"seed": 1, "floorplan": [{"rooms": [{"category": "Bedroom", "corners": [[208.0, 190.0], [208.0, 310.0], [292.0, 310.0], [292.0, 190.0], [208.0, 190.0]], "objects": [{"category": "DoubleBed", "position": [244.90746162482137, 238.71979417266945], "size": [71.78015331479149, 58.57733230855161], "angle": -9.104117114042591e-06}, {"category": "PendantLamp", "position": [247.615, 237.238], "size": [10.170783132921295, 10.170783132921295], "angle": -9.104117115538958e-06}, {"category": "Nightstand", "position": [212.27068953216155, 207.0349313413455], "size": [36.01952882471832, 12.6535156207551], "angle": -1.5708054309120103}, {"category": "Nightstand", "position": [212.6513427619367, 279.20802963057133], "size": [36.01952882471832, 12.653515620755071], "angle": -1.570805430912011}]}]}]}