{"seed": 1, "floorplan": [{"rooms": [{"category": "Bedroom", "corners": [[204.0, 204.0], [204.0, 296.0], [296.0, 296.0], [296.0, 204.0], [204.0, 204.0]], "objects": [{"category": "DoubleBed", "position": [239.39552124256855, 244.82065995910637], "size": [71.14804917134327, 61.07365477911956], "angle": -9.104117114266677e-06}, {"category": "Nightstand", "position": [209.26110572744014, 208.64582763749058], "size": [15.111377581870679, 15.174527799744606], "angle": -9.1041171146803e-06}, {"category": "Cabinet", "position": [234.06232478247148, 286.59170791892143], "size": [60.0, 19.711830139160156], "angle": 3.141592653589793}, {"category": "PendantLamp", "position": [254.7985, 242.65299999999996], "size": [8.692440032958984, 8.793569755554188], "angle": 0.0}]}]}]}