{"seed": 1, "floorplan": [{"rooms": [{"category": "Bedroom", "corners": [[144.0, 195.0], [144.0, 305.0], [356.0, 305.0], [356.0, 265.0], [283.0, 265.0], [282.0, 264.0], [282.0, 195.0], [144.0, 195.0]], "objects": [{"category": "DoubleBed", "position": [212.27645785142064, 228.40499703818074], "size": [64.2720016479492, 65.65019989013669], "angle": 0.0}, {"category": "Cabinet", "position": [170.66005, 202.74358551394354], "size": [14.638025822692198, 18.245376383272397], "angle": -1.5649963918309162}, {"category": "Cabinet", "position": [254.19893161706653, 200.92660530531688], "size": [14.63802582269217, 18.245376383272397], "angle": -1.5649963918309162}, {"category": "PendantLamp", "position": [215.19775000000004, 255.64569999999998], "size": [34.03379974365234, 14.157600402832031], "angle": 0.0}]}]}]}