{"seed": 1, "floorplan": [{"rooms": [{"category": "Bedroom", "corners": [[299.0, 194.0], [299.0, 198.0], [298.0, 199.0], [193.0, 199.0], [193.0, 271.0], [192.0, 272.0], [189.0, 272.0], [192.0, 272.0], [193.0, 273.0], [193.0, 289.0], [192.0, 290.0], [192.0, 306.0], [287.0, 306.0], [287.0, 274.0], [288.0, 273.0], [311.0, 273.0], [311.0, 194.0], [299.0, 194.0]], "objects": [{"category": "Nightstand", "position": [200.70190972087755, 206.3611904661316], "size": [12.53297996520999, 13.01675949096682], "angle": 0.0}, {"category": "Nightstand", "position": [282.53769027912244, 206.3611904661316], "size": [12.532979965209961, 13.01675949096682], "angle": 0.0}, {"category": "DoubleBed", "position": [241.61905000000002, 234.33904981799077], "size": [62.32380065917965, 69.33539886474605], "angle": 0.0}, {"category": "PendantLamp", "position": [242.68615, 252.63700000000006], "size": [12.0217197418213, 12.023580551147461], "angle": 0.0}]}]}]}