{"seed": 1, "floorplan": [{"rooms": [{"category": "Bedroom", "corners": [[200.0, 191.0], [200.0, 309.0], [300.0, 309.0], [300.0, 191.0], [200.0, 191.0]], "objects": [{"category": "DoubleBed", "position": [239.44920536513064, 242.48242359053265], "size": [62.51756898675514, 60.16044913849045], "angle": -9.104117114013856e-06}, {"category": "Cabinet", "position": [209.38438940225802, 281.09524630904303], "size": [10.518485273066098, 13.150589695756857], "angle": -9.10411711310575e-06}, {"category": "Cabinet", "position": [210.0906648716105, 204.7444997359886], "size": [10.518485273066098, 13.150589695756828], "angle": -9.104117115807823e-06}, {"category": "CeilingLamp", "position": [257.05899999999997, 244.555], "size": [21.654148864746105, 21.654148864746077], "angle": 0.0}]}]}]}