{"seed": 1, "floorplan": [{"rooms": [{"category": "Bedroom", "corners": [[180.0, 154.0], [180.0, 346.0], [224.0, 346.0], [224.0, 336.0], [225.0, 335.0], [231.0, 335.0], [231.0, 312.0], [232.0, 311.0], [232.0, 310.0], [225.0, 310.0], [224.0, 309.0], [224.0, 276.0], [225.0, 275.0], [258.0, 275.0], [259.0, 276.0], [259.0, 292.0], [320.0, 292.0], [320.0, 154.0], [180.0, 154.0]], "objects": [{"category": "Cabinet", "position": [188.94597627495835, 217.70999934539782], "size": [9.692248655417943, 25.50137200007709], "angle": -9.104117115951737e-06}, {"category": "DoubleBed", "position": [287.8540502848307, 215.74390000000002], "size": [63.6806792463055, 61.90556542913789], "angle": -3.1415835494726796}, {"category": "Armchair", "position": [208.15947663627657, 223.08563564670874], "size": [14.620193019512858, 16.63693715048062], "angle": -1.1507858251177487}, {"category": "CeilingLamp", "position": [260.07984999999996, 215.1193], "size": [18.47552947998048, 18.46976966857912], "angle": 0.0}]}]}]}