{"seed": 1, "floorplan": [{"rooms": [{"category": "Bedroom", "corners": [[202.0, 176.0], [202.0, 324.0], [298.0, 324.0], [298.0, 176.0], [202.0, 176.0]], "objects": [{"category": "DoubleBed", "position": [235.4004292873909, 264.03438221445094], "size": [63.26037512682145, 70.53634316282168], "angle": -9.10411711409408e-06}, {"category": "Nightstand", "position": [207.02238894216708, 302.8714691328098], "size": [18.800600698561812, 14.105558640799975], "angle": -1.5708054309120107}, {"category": "LoungeChair", "position": [216.76034686922134, 202.72726431128874], "size": [31.193683040087944, 52.04267351178259], "angle": -9.10411711415133e-06}, {"category": "TVStand", "position": [292.0173500376383, 203.49590000000003], "size": [54.00049162903794, 12.428153080127169], "angle": -1.5707872226777826}]}]}]}