{"seed": 1, "floorplan": [{"rooms": [{"category": "Bedroom", "corners": [[204.0, 196.0], [204.0, 304.0], [296.0, 304.0], [296.0, 196.0], [204.0, 196.0]], "objects": [{"category": "DoubleBed", "position": [240.11827696429884, 256.9880282020575], "size": [56.596113099342844, 67.01731240674597], "angle": -1.5708054309120105}]}]}]}