{"seed": 1, "floorplan": [{"rooms": [{"category": "Bedroom", "corners": [[159.0, 200.0], [159.0, 300.0], [290.0, 300.0], [290.0, 235.0], [291.0, 234.0], [341.0, 234.0], [341.0, 200.0], [159.0, 200.0]], "objects": [{"category": "DoubleBed", "position": [215.68299999999994, 263.51783457423954], "size": [49.232698059082026, 72.5498977661133], "angle": 3.141592653589793}, {"category": "PendantLamp", "position": [214.51899999999995, 250.09900000000002], "size": [27.055320739746094, 27.463620758056635], "angle": 0.0}]}]}]}