{"seed": 1, "floorplan": [{"rooms": [{"category": "Bedroom", "corners": [[194.0, 204.0], [194.0, 296.0], [306.0, 296.0], [306.0, 204.0], [194.0, 204.0]], "objects": [{"category": "CeilingLamp", "position": [251.91100000000003, 248.38509999999997], "size": [15.00002975463866, 1.818011999130249], "angle": 0.0}, {"category": "DoubleBed", "position": [253.26550000000003, 264.59889999999996], "size": [62.9541000366211, 29.97303085327144], "angle": 3.141592653589793}]}]}]}