{"seed": 1, "floorplan": [{"rooms": [{"category": "Bedroom", "corners": [[276.0, 169.0], [276.0, 210.0], [275.0, 211.0], [191.0, 211.0], [191.0, 331.0], [309.0, 331.0], [309.0, 169.0], [276.0, 169.0]], "objects": [{"category": "CornerSideTable", "position": [201.85488849786356, 319.3167068409245], "size": [21.338113476710262, 21.331482803328324], "angle": -1.5707872225490285}, {"category": "DoubleBed", "position": [221.2508665323045, 281.68449999999996], "size": [60.64645209829471, 55.25390117260131], "angle": -9.104117114054007e-06}, {"category": "CornerSideTable", "position": [202.053689718943, 243.58129315907553], "size": [21.338113476710294, 21.33148280332838], "angle": -1.5707872225490298}, {"category": "TVStand", "position": [301.93899999999996, 280.3645], "size": [11.75419751195577, 54.57769567549904], "angle": -3.1415835494726743}]}]}]}