{"seed": 1, "floorplan": [{"rooms": [{"category": "Bedroom", "corners": [[192.0, 202.0], [192.0, 298.0], [308.0, 298.0], [308.0, 202.0], [192.0, 202.0]], "objects": [{"category": "DoubleBed", "position": [243.37536003084233, 238.52181249108708], "size": [49.232698059082, 72.54989776611328], "angle": 0.0}, {"category": "CeilingLamp", "position": [244.07424999999995, 250.82425], "size": [11.960579681396467, 11.939429855346702], "angle": 0.0}]}]}]}