{"seed": 1, "floorplan": [{"rooms": [{"category": "Bedroom", "corners": [[198.0, 158.0], [198.0, 342.0], [302.0, 342.0], [302.0, 229.0], [248.0, 229.0], [247.0, 228.0], [247.0, 158.0], [198.0, 158.0]], "objects": [{"category": "DoubleBed", "position": [268.42376328193257, 291.0206480872169], "size": [60.88758653155929, 65.97082720486846], "angle": -1.5603798048200366}, {"category": "Nightstand", "position": [294.02630293645643, 256.4723849799894], "size": [11.007166795948962, 11.007166795948962], "angle": -1.5692876016277886}, {"category": "Nightstand", "position": [295.1537287332685, 326.32215479524837], "size": [11.007166795949018, 11.007166795948962], "angle": -1.5692876016277888}, {"category": "CeilingLamp", "position": [244.0645, 279.26349999999996], "size": [18.755489730834967, 18.760860443115234], "angle": 0.0}]}]}]}