{"seed": 1, "floorplan": [{"rooms": [{"category": "Bedroom", "corners": [[220.0, 127.0], [219.0, 128.0], [219.0, 129.0], [218.0, 130.0], [218.0, 221.0], [217.0, 222.0], [217.0, 229.0], [216.0, 230.0], [183.0, 230.0], [176.0, 237.0], [216.0, 237.0], [220.0, 233.0], [221.0, 234.0], [221.0, 248.0], [222.0, 249.0], [222.0, 303.0], [223.0, 304.0], [223.0, 357.0], [224.0, 358.0], [224.0, 373.0], [324.0, 373.0], [324.0, 342.0], [323.0, 341.0], [323.0, 310.0], [324.0, 309.0], [324.0, 298.0], [323.0, 297.0], [323.0, 267.0], [280.0, 267.0], [266.0, 253.0], [266.0, 252.0], [265.0, 251.0], [265.0, 250.0], [263.0, 248.0], [263.0, 247.0], [261.0, 245.0], [261.0, 244.0], [260.0, 243.0], [260.0, 242.0], [258.0, 240.0], [258.0, 239.0], [257.0, 238.0], [257.0, 237.0], [255.0, 235.0], [255.0, 234.0], [254.0, 233.0], [254.0, 232.0], [252.0, 230.0], [252.0, 229.0], [251.0, 228.0], [251.0, 227.0], [249.0, 225.0], [249.0, 224.0], [248.0, 223.0], [248.0, 222.0], [246.0, 220.0], [246.0, 219.0], [244.0, 217.0], [244.0, 216.0], [243.0, 215.0], [243.0, 214.0], [241.0, 212.0], [241.0, 211.0], [240.0, 210.0], [240.0, 209.0], [238.0, 207.0], [238.0, 206.0], [237.0, 205.0], [237.0, 204.0], [235.0, 202.0], [235.0, 201.0], [234.0, 200.0], [234.0, 199.0], [232.0, 197.0], [232.0, 196.0], [231.0, 195.0], [231.0, 194.0], [229.0, 192.0], [229.0, 191.0], [227.0, 189.0], [227.0, 188.0], [226.0, 187.0], [226.0, 186.0], [224.0, 184.0], [224.0, 183.0], [223.0, 182.0], [223.0, 181.0], [222.0, 180.0], [222.0, 130.0], [222.0, 176.0], [221.0, 177.0], [220.0, 177.0], [220.0, 183.0], [219.0, 184.0], [218.0, 183.0], [218.0, 166.0], [219.0, 165.0], [219.0, 138.0], [220.0, 137.0], [220.0, 127.0]], "objects": [{"category": "DoubleBed", "position": [260.97317521796856, 331.8951036948047], "size": [58.57652217262223, 71.77916058127286], "angle": -1.6207047208233127}, {"category": "Nightstand", "position": [228.16534479189528, 365.6935872488699], "size": [6.962403360273842, 9.28037433069761], "angle": -9.104117116128576e-06}, {"category": "Nightstand", "position": [231.49443426824388, 283.81044741229766], "size": [6.962403360273842, 9.28037433069761], "angle": -9.104117107964237e-06}]}]}]}