{"seed": 1, "floorplan": [{"rooms": [{"category": "Bedroom", "corners": [[200.0, 195.0], [200.0, 305.0], [229.0, 305.0], [229.0, 286.0], [230.0, 285.0], [236.0, 285.0], [237.0, 286.0], [237.0, 305.0], [300.0, 305.0], [300.0, 195.0], [200.0, 195.0]], "objects": [{"category": "DoubleBed", "position": [264.073448031083, 241.23728593039573], "size": [56.41281370106381, 64.82609220118213], "angle": -1.5707872226777828}, {"category": "PendantLamp", "position": [254.2765, 240.5215], "size": [16.482780075073265, 16.482780075073208], "angle": 0.0}]}]}]}