{"seed": 1, "floorplan": [{"rooms": [{"category": "Bedroom", "corners": [[211.0, 190.0], [211.0, 310.0], [212.0, 309.0], [288.0, 309.0], [289.0, 310.0], [289.0, 190.0], [211.0, 190.0]], "objects": [{"category": "DoubleBed", "position": [246.11922926902128, 257.35749999999996], "size": [62.95737401620053, 69.92433502752604], "angle": -1.5708054309120112}, {"category": "Nightstand", "position": [218.34472213534966, 218.22735053593095], "size": [14.547792128633732, 14.591353316237305], "angle": -9.104117115767472e-06}, {"category": "Nightstand", "position": [218.34472213534966, 296.487649464069], "size": [14.547792128633732, 14.591353316237361], "angle": -9.104117113813794e-06}, {"category": "PendantLamp", "position": [249.394, 250.7305], "size": [28.904788970947266, 28.904788970947266], "angle": 0.0}]}]}]}