{"seed": 1, "floorplan": [{"rooms": [{"category": "Bedroom", "corners": [[199.0, 162.0], [199.0, 338.0], [200.0, 337.0], [300.0, 337.0], [301.0, 338.0], [301.0, 212.0], [233.0, 212.0], [232.0, 211.0], [232.0, 189.0], [233.0, 188.0], [238.0, 188.0], [239.0, 189.0], [239.0, 205.0], [240.0, 204.0], [301.0, 204.0], [301.0, 162.0], [300.0, 163.0], [200.0, 163.0], [199.0, 162.0]], "objects": [{"category": "DoubleBed", "position": [265.9553167320762, 279.95268002445414], "size": [62.957374016200504, 69.92433502752604], "angle": -1.5707872226777826}, {"category": "Nightstand", "position": [295.63979304150234, 241.25950204896532], "size": [14.591353316237276, 14.547792128633676], "angle": -1.5707872226777844}, {"category": "Nightstand", "position": [292.0147052929502, 321.2455072783412], "size": [14.591353316237248, 14.547792128633676], "angle": -1.5707872226777844}, {"category": "TVStand", "position": [206.34395472787986, 275.32074460672624], "size": [66.75540969275225, 15.306259650907705], "angle": -1.570805430912011}]}]}]}