{"seed": 1, "floorplan": [{"rooms": [{"category": "Bedroom", "corners": [[205.0, 180.0], [205.0, 320.0], [283.0, 320.0], [283.0, 292.0], [284.0, 291.0], [295.0, 291.0], [295.0, 180.0], [205.0, 180.0]], "objects": [{"category": "DoubleBed", "position": [246.1128334960938, 245.42650000000006], "size": [81.49604224585913, 81.21223534074699], "angle": -9.104117113710668e-06}, {"category": "Cabinet", "position": [245.46010000000007, 301.15590128842587], "size": [47.722201538085926, 17.84543952941891], "angle": 0.0}]}]}]}