{"seed": 1, "floorplan": [{"rooms": [{"category": "Bedroom", "corners": [[196.0, 203.0], [196.0, 297.0], [304.0, 297.0], [304.0, 203.0], [196.0, 203.0]], "objects": [{"category": "Cabinet", "position": [295.82965584607246, 257.5928033967613], "size": [13.847465699650268, 71.47775188004029], "angle": -3.1415835494726765}, {"category": "DoubleBed", "position": [242.9946854878131, 239.52270843229306], "size": [68.92799835205076, 72.46979827880858], "angle": 0.0}, {"category": "Armchair", "position": [211.3768248703958, 283.6992885926772], "size": [24.791868190539446, 23.325831653091893], "angle": -0.7072942603031678}]}]}]}