{"seed": 1, "floorplan": [{"rooms": [{"category": "Bedroom", "corners": [[166.0, 200.0], [166.0, 299.0], [165.0, 300.0], [334.0, 300.0], [334.0, 269.0], [277.0, 269.0], [276.0, 268.0], [276.0, 200.0], [166.0, 200.0]], "objects": [{"category": "DoubleBed", "position": [205.03529409845504, 236.7309913702394], "size": [58.57679901123046, 71.77949981689451], "angle": 0.0}, {"category": "Nightstand", "position": [250.7136028315653, 204.73663746457123], "size": [36.01920089721682, 12.653400421142578], "angle": 0.0}, {"category": "CeilingLamp", "position": [216.97599999999994, 248.45799999999997], "size": [18.38465995788573, 18.986970520019554], "angle": 0.0}]}]}]}