{"seed": 1, "floorplan": [{"rooms": [{"category": "Bedroom", "corners": [[208.0, 189.0], [208.0, 311.0], [292.0, 311.0], [292.0, 189.0], [208.0, 189.0]], "objects": [{"category": "DoubleBed", "position": [244.67790873954493, 263.1976636169492], "size": [66.92370803893202, 65.8025979786526], "angle": -1.570805430912011}, {"category": "Nightstand", "position": [214.7690989470863, 224.45337430907026], "size": [14.100128369804361, 10.530095409894564], "angle": -1.5708054309120103}, {"category": "Nightstand", "position": [214.0633319271286, 299.5689534179047], "size": [10.530095409894564, 14.100128369804333], "angle": -9.104117113843686e-06}, {"category": "PendantLamp", "position": [250.36750000000004, 255.30400000000003], "size": [16.918139648437517, 17.176200485229458], "angle": 0.0}]}]}]}