{"seed": 1, "floorplan": [{"rooms": [{"category": "Bedroom", "corners": [[180.0, 197.0], [180.0, 303.0], [320.0, 303.0], [320.0, 274.0], [276.0, 274.0], [275.0, 273.0], [275.0, 197.0], [180.0, 197.0]], "objects": [{"category": "DoubleBed", "position": [228.8007352667147, 230.9217925863109], "size": [37.9799995422363, 67.75680084228517], "angle": 0.0}, {"category": "Cabinet", "position": [193.32324688496828, 203.9942064061719], "size": [16.762620162963856, 12.541679763793951], "angle": 0.0}, {"category": "Cabinet", "position": [265.7831056545258, 203.84475852462162], "size": [16.762620162963913, 12.541679763793951], "angle": 0.0}]}]}]}