{"seed": 1, "floorplan": [{"rooms": [{"category": "Bedroom", "corners": [[196.0, 189.0], [196.0, 311.0], [304.0, 311.0], [304.0, 189.0], [196.0, 189.0]], "objects": [{"category": "DoubleBed", "position": [251.63206577148435, 261.0292], "size": [101.81882858608765, 88.14739979794311], "angle": -3.1415835494726796}, {"category": "Nightstand", "position": [296.8928031711074, 218.0589207841709], "size": [15.000136563621654, 13.422842540600875], "angle": -1.5707872226777817}, {"category": "Cabinet", "position": [202.74220000000003, 261.0292], "size": [14.33617063412697, 60.17604986645942], "angle": -9.104117115126402e-06}, {"category": "PendantLamp", "position": [256.2955, 261.0292], "size": [33.08100033238711, 7.101154509045341], "angle": -1.5707872226777835}]}]}]}