{"seed": 1, "floorplan": [{"rooms": [{"category": "Bedroom", "corners": [[311.0, 204.0], [310.0, 205.0], [189.0, 205.0], [189.0, 296.0], [190.0, 295.0], [311.0, 295.0], [311.0, 204.0]], "objects": [{"category": "DoubleBed", "position": [244.14100000000002, 240.76899999999998], "size": [57.15660095214844, 66.89609985351561], "angle": 0.0}, {"category": "CeilingLamp", "position": [247.85200000000003, 250.29399999999998], "size": [20.952420043945352, 21.00048065185547], "angle": 0.0}]}]}]}