{"seed": 1, "floorplan": [{"rooms": [{"category": "Bedroom", "corners": [[202.0, 199.0], [202.0, 302.0], [211.0, 302.0], [212.0, 301.0], [298.0, 301.0], [298.0, 257.0], [297.0, 256.0], [296.0, 256.0], [295.0, 255.0], [295.0, 199.0], [202.0, 199.0]], "objects": [{"category": "DoubleBed", "position": [237.67183402203648, 242.2684397261711], "size": [56.548116141374784, 70.27143749180111], "angle": -1.5708054309120107}, {"category": "Nightstand", "position": [206.27035855254337, 205.21644492087495], "size": [12.15029029041053, 18.739370816774464], "angle": -9.104117116102148e-06}, {"category": "Nightstand", "position": [205.87335934592593, 277.01090040364755], "size": [12.15029029041053, 18.739370816774464], "angle": -9.10411711376297e-06}]}]}]}