{"seed": 1, "floorplan": [{"rooms": [{"category": "Bedroom", "corners": [[216.0, 208.0], [216.0, 257.0], [215.0, 258.0], [179.0, 258.0], [179.0, 292.0], [321.0, 292.0], [321.0, 208.0], [216.0, 208.0]], "objects": [{"category": "DoubleBed", "position": [272.7131574859684, 244.31937480423346], "size": [68.92799835205076, 72.46979827880861], "angle": 0.0}, {"category": "PendantLamp", "position": [272.14420000000007, 247.4515], "size": [19.397937374602623, 18.531289012086376], "angle": -1.5708054309120114}]}]}]}