{"seed": 1, "floorplan": [{"rooms": [{"category": "Bedroom", "corners": [[201.0, 171.0], [201.0, 329.0], [299.0, 329.0], [299.0, 230.0], [231.0, 230.0], [230.0, 229.0], [230.0, 171.0], [201.0, 171.0]], "objects": [{"category": "DoubleBed", "position": [245.78431219160913, 282.51663985143716], "size": [88.14739979794314, 101.81882858608758], "angle": -1.5707872226777826}, {"category": "Nightstand", "position": [295.24688071234345, 319.72398710641096], "size": [15.110939405689159, 12.148212041772293], "angle": -1.523178969072559}, {"category": "TVStand", "position": [203.71804600372502, 284.03041806630495], "size": [12.160340583325999, 46.000920813836984], "angle": -9.104117112827309e-06}]}]}]}