{"seed": 1, "floorplan": [{"rooms": [{"category": "Bedroom", "corners": [[195.0, 178.0], [194.0, 179.0], [194.0, 321.0], [195.0, 322.0], [305.0, 322.0], [306.0, 321.0], [306.0, 178.0], [195.0, 178.0]], "objects": [{"category": "DoubleBed", "position": [271.189, 247.3795], "size": [53.22288597781547, 66.10980139803986], "angle": -1.570787222677782}, {"category": "TVStand", "position": [201.6724669243307, 222.4705], "size": [14.031368207057781, 67.13161245858224], "angle": -9.104117115878532e-06}, {"category": "PendantLamp", "position": [248.59299999999996, 221.67250000000004], "size": [31.66560058593751, 31.66560058593754], "angle": 3.141592653589793}, {"category": "Cabinet", "position": [265.354, 311.6088500568316], "size": [69.60959930419926, 19.80476989746097], "angle": 3.141592653589793}]}]}]}