{"seed": 1, "floorplan": [{"rooms": [{"category": "Bedroom", "corners": [[179.0, 203.0], [179.0, 297.0], [321.0, 297.0], [321.0, 203.0], [179.0, 203.0]], "objects": [{"category": "DoubleBed", "position": [264.6415, 264.4802904733126], "size": [60.53009948730474, 65.0277008056641], "angle": 3.141592653589793}, {"category": "TVStand", "position": [265.59573502990656, 212.61358799622406], "size": [88.51649780273436, 13.915739822387678], "angle": 0.0}, {"category": "PendantLamp", "position": [254.05449999999996, 249.286], "size": [21.427738952636673, 4.47083988189695], "angle": 0.0}]}]}]}