{"seed": 1, "floorplan": [{"rooms": [{"category": "Bedroom", "corners": [[182.0, 202.0], [182.0, 265.0], [181.0, 266.0], [165.0, 266.0], [164.0, 267.0], [164.0, 298.0], [336.0, 298.0], [336.0, 297.0], [335.0, 296.0], [335.0, 278.0], [334.0, 277.0], [334.0, 260.0], [333.0, 259.0], [333.0, 241.0], [332.0, 240.0], [332.0, 222.0], [331.0, 221.0], [331.0, 204.0], [330.0, 203.0], [331.0, 202.0], [182.0, 202.0]], "objects": [{"category": "Nightstand", "position": [220.28846092945585, 208.6337564625336], "size": [15.019110488891613, 13.491990280151384], "angle": 0.0}, {"category": "Nightstand", "position": [304.90998497057944, 208.62785678455876], "size": [15.019110488891556, 13.491990280151384], "angle": 0.0}, {"category": "Cabinet", "position": [191.51808281950582, 237.97346683347138], "size": [71.47775188004027, 13.847465699650297], "angle": -1.5708054309120107}, {"category": "DoubleBed", "position": [261.29051834177255, 234.88453917122487], "size": [60.15990142822267, 62.5169998168945], "angle": 0.0}]}]}]}