{"seed": 1, "floorplan": [{"rooms": [{"category": "Bedroom", "corners": [[208.0, 182.0], [208.0, 318.0], [237.0, 318.0], [237.0, 288.0], [238.0, 287.0], [292.0, 287.0], [292.0, 182.0], [208.0, 182.0]], "objects": [{"category": "DoubleBed", "position": [250.1072369418822, 222.23629701370507], "size": [81.78885128014556, 70.74789185224218], "angle": -0.006513929902610403}, {"category": "Nightstand", "position": [284.88111715752564, 262.0198824402115], "size": [19.66339804376384, 14.095308354804654], "angle": -1.5773102566975064}]}]}]}