{"seed": 1, "floorplan": [{"rooms": [{"category": "Bedroom", "corners": [[245.0, 199.0], [246.0, 200.0], [246.0, 268.0], [245.0, 269.0], [141.0, 269.0], [141.0, 300.0], [140.0, 301.0], [360.0, 301.0], [359.0, 300.0], [359.0, 199.0], [245.0, 199.0]], "objects": [{"category": "TVStand", "position": [302.65734999999995, 293.3074998331706], "size": [66.75480194091796, 15.306120300293003], "angle": 3.141592653589793}, {"category": "DoubleBed", "position": [300.0839570236026, 234.42255272488308], "size": [62.95680084228519, 69.92369842529297], "angle": 0.0}, {"category": "Nightstand", "position": [340.1076929424055, 208.1413827180039], "size": [14.591220474243187, 14.54765968322755], "angle": 0.0}, {"category": "Nightstand", "position": [261.5686244190028, 208.14139459200248], "size": [14.591220474243158, 14.54765968322755], "angle": 0.0}]}]}]}