{"seed": 1, "floorplan": [{"rooms": [{"category": "Bedroom", "corners": [[298.0, 190.0], [297.0, 191.0], [202.0, 191.0], [202.0, 310.0], [203.0, 309.0], [212.0, 309.0], [213.0, 310.0], [214.0, 309.0], [256.0, 309.0], [257.0, 310.0], [257.0, 276.0], [258.0, 275.0], [298.0, 275.0], [298.0, 190.0]], "objects": [{"category": "DoubleBed", "position": [266.0309774597265, 232.81523009581304], "size": [60.534253200841555, 63.580478443924804], "angle": -1.5707872226777828}, {"category": "LoungeChair", "position": [210.37775735309515, 286.0613225910446], "size": [15.013937119561923, 50.04615570137882], "angle": -9.104117113788591e-06}, {"category": "Chair", "position": [228.02782122709132, 277.5811080399098], "size": [18.564905681541507, 14.694246325443546], "angle": -0.01259449148514041}, {"category": "CeilingLamp", "position": [257.9695, 230.95], "size": [18.239999771118164, 18.179999542236345], "angle": 0.0}]}]}]}