{"seed": 1, "floorplan": [{"rooms": [{"category": "Bedroom", "corners": [[214.0, 201.0], [214.0, 299.0], [286.0, 299.0], [286.0, 201.0], [214.0, 201.0]], "objects": [{"category": "CeilingLamp", "position": [250.339, 245.06800000000004], "size": [17.092649459838867, 15.837570190429688], "angle": 0.0}, {"category": "DoubleBed", "position": [256.878848949959, 244.3904689207974], "size": [82.07954975546961, 86.09778091816135], "angle": -9.104117114295856e-06}, {"category": "Cabinet", "position": [219.19063451441698, 209.5511674338366], "size": [14.003857504325463, 15.963925550511716], "angle": -9.104117115962539e-06}]}]}]}