{"seed": 1, "floorplan": [{"rooms": [{"category": "Bedroom", "corners": [[309.0, 197.0], [308.0, 198.0], [191.0, 198.0], [191.0, 303.0], [192.0, 302.0], [309.0, 302.0], [309.0, 197.0]], "objects": [{"category": "DoubleBed", "position": [256.8470367789638, 268.02591961825016], "size": [71.4171020507813, 68.56770172119138], "angle": 3.141592653589793}, {"category": "Nightstand", "position": [298.79009008465584, 298.08705176616957], "size": [14.844240188598633, 12.767850494384788], "angle": 3.141592653589793}, {"category": "Nightstand", "position": [215.32509050462588, 298.10742400456735], "size": [14.844240188598633, 12.767850494384788], "angle": 3.141592653589793}, {"category": "CeilingLamp", "position": [255.94585000000004, 252.13420000000002], "size": [22.264498901367205, 18.882509994506876], "angle": 0.0}]}]}]}