{"seed": 1, "floorplan": [{"rooms": [{"category": "Bedroom", "corners": [[197.0, 200.0], [197.0, 211.0], [196.0, 212.0], [179.0, 212.0], [179.0, 282.0], [196.0, 282.0], [197.0, 283.0], [197.0, 300.0], [312.0, 300.0], [312.0, 272.0], [300.0, 272.0], [299.0, 271.0], [299.0, 268.0], [300.0, 267.0], [317.0, 267.0], [317.0, 236.0], [318.0, 235.0], [321.0, 235.0], [321.0, 215.0], [318.0, 215.0], [317.0, 214.0], [317.0, 200.0], [197.0, 200.0]], "objects": [{"category": "DoubleBed", "position": [246.63009999999997, 231.07760081324676], "size": [81.85979919433592, 62.88900146484377], "angle": 0.0}]}]}]}