{"seed": 1, "floorplan": [{"rooms": [{"category": "Bedroom", "corners": [[284.0, 150.0], [284.0, 179.0], [282.0, 181.0], [276.0, 181.0], [276.0, 204.0], [283.0, 204.0], [284.0, 205.0], [284.0, 216.0], [283.0, 217.0], [206.0, 217.0], [206.0, 230.0], [205.0, 231.0], [205.0, 232.0], [182.0, 255.0], [182.0, 256.0], [178.0, 260.0], [178.0, 308.0], [177.0, 309.0], [187.0, 319.0], [187.0, 320.0], [198.0, 331.0], [198.0, 332.0], [209.0, 343.0], [209.0, 344.0], [215.0, 350.0], [263.0, 350.0], [266.0, 347.0], [267.0, 347.0], [273.0, 341.0], [274.0, 341.0], [280.0, 335.0], [281.0, 335.0], [286.0, 330.0], [315.0, 330.0], [315.0, 216.0], [316.0, 215.0], [322.0, 215.0], [322.0, 193.0], [323.0, 192.0], [316.0, 192.0], [315.0, 191.0], [315.0, 176.0], [316.0, 175.0], [322.0, 175.0], [322.0, 155.0], [323.0, 154.0], [316.0, 154.0], [315.0, 153.0], [315.0, 150.0], [284.0, 150.0]], "objects": [{"category": "DoubleBed", "position": [242.52299287569724, 289.7781038966385], "size": [62.82206686159851, 63.523465730338934], "angle": -0.7854061101504016}, {"category": "Nightstand", "position": [292.6717488238254, 297.58256641259936], "size": [11.613654051909904, 11.999993802957759], "angle": -0.7854061101503998}, {"category": "Nightstand", "position": [233.96706814619637, 240.9148610895175], "size": [11.613654051909904, 11.9999938029577], "angle": -0.7854061101504033}, {"category": "Shelf", "position": [214.51375000000002, 222.63782506866457], "size": [14.786669540405285, 8.437470245361311], "angle": 0.0}]}]}]}