{"seed": 1, "floorplan": [{"rooms": [{"category": "Bedroom", "corners": [[176.0, 173.0], [176.0, 327.0], [324.0, 327.0], [324.0, 208.0], [209.0, 208.0], [208.0, 207.0], [208.0, 173.0], [176.0, 173.0]], "objects": [{"category": "Nightstand", "position": [316.85562740390225, 243.60580272835375], "size": [13.625464319383658, 10.603717067096271], "angle": -1.570787222677786}, {"category": "DoubleBed", "position": [292.6971451945437, 286.88161680558807], "size": [50.86366497516757, 63.142174892992934], "angle": -1.5707872226777817}, {"category": "PendantLamp", "position": [255.2395, 274.79049999999995], "size": [4.717075819547307, 4.717075819547307], "angle": -1.0404233326965782}]}]}]}