{"seed": 1, "floorplan": [{"rooms": [{"category": "Bedroom", "corners": [[124.0, 91.0], [124.0, 409.0], [267.0, 409.0], [267.0, 214.0], [268.0, 213.0], [376.0, 213.0], [376.0, 91.0], [124.0, 91.0]], "objects": [{"category": "DoubleBed", "position": [332.2348576838052, 158.22609317541844], "size": [58.57733230855158, 71.78015331479153], "angle": -1.5707872226777826}, {"category": "Nightstand", "position": [364.91421646210335, 188.99189806935453], "size": [36.01952882471838, 12.653515620755071], "angle": -1.5707872226777821}, {"category": "Cabinet", "position": [270.4480006434014, 159.43752712879328], "size": [12.03322989850227, 60.384549384300996], "angle": -9.10411711671897e-06}, {"category": "PendantLamp", "position": [320.341, 152.8795], "size": [16.78505973815919, 16.411380386352562], "angle": 0.0}]}]}]}