{"seed": 1, "floorplan": [{"rooms": [{"category": "Bedroom", "corners": [[204.0, 198.0], [204.0, 302.0], [296.0, 302.0], [296.0, 198.0], [204.0, 198.0]], "objects": [{"category": "PendantLamp", "position": [254.3995, 257.716], "size": [19.189979553222656, 6.700289726257324], "angle": 0.0}, {"category": "DoubleBed", "position": [241.4986491235295, 257.0922790702404], "size": [72.47045806134943, 68.92862588918999], "angle": -9.104117114185387e-06}]}]}]}