{"seed": 1, "floorplan": [{"rooms": [{"category": "Bedroom", "corners": [[294.0, 194.0], [293.0, 195.0], [206.0, 195.0], [206.0, 306.0], [207.0, 305.0], [294.0, 305.0], [294.0, 194.0]], "objects": [{"category": "DoubleBed", "position": [256.7668029179481, 274.0699897532508], "size": [51.273600769042986, 56.5332000732422], "angle": 3.141592653589793}, {"category": "CeilingLamp", "position": [254.4493, 254.6692], "size": [23.16264038085933, 23.035739135742176], "angle": 0.0}, {"category": "Table", "position": [266.96590000000003, 203.37070000000003], "size": [41.05829772949215, 15.038040161132812], "angle": 0.0}]}]}]}