{"seed": 1, "floorplan": [{"rooms": [{"category": "Bedroom", "corners": [[179.0, 205.0], [179.0, 266.0], [180.0, 266.0], [181.0, 265.0], [202.0, 265.0], [203.0, 266.0], [203.0, 295.0], [204.0, 294.0], [205.0, 294.0], [206.0, 295.0], [321.0, 295.0], [321.0, 205.0], [179.0, 205.0]], "objects": [{"category": "DoubleBed", "position": [252.70440315596647, 241.15721921618126], "size": [57.156600952148466, 66.89609985351566], "angle": 0.0}, {"category": "Nightstand", "position": [215.86349632974878, 214.35843759775605], "size": [17.427810287475552, 13.807199478149386], "angle": 0.0}, {"category": "Nightstand", "position": [289.69045866650424, 213.93417371335298], "size": [17.427810287475552, 13.807199478149386], "angle": 0.0}, {"category": "CeilingLamp", "position": [253.27649984893705, 248.43857115081317], "size": [18.09044952392577, 18.09044952392577], "angle": 0.0}]}]}]}