{"seed": 1, "floorplan": [{"rooms": [{"category": "Bedroom", "corners": [[249.0, 171.0], [249.0, 207.0], [248.0, 208.0], [199.0, 208.0], [199.0, 329.0], [301.0, 329.0], [301.0, 171.0], [249.0, 171.0]], "objects": [{"category": "Cabinet", "position": [207.8928163319394, 235.80575875681936], "size": [9.241524146371953, 16.39211929870904], "angle": -9.104117114469079e-06}, {"category": "Cabinet", "position": [207.88538688806688, 314.3296323587783], "size": [9.241524146371953, 16.392119298709012], "angle": -9.104117120619951e-06}, {"category": "DoubleBed", "position": [232.6596836378531, 276.19734226705646], "size": [65.97090090251069, 60.88765455058774], "angle": -9.104117113960183e-06}, {"category": "PendantLamp", "position": [249.99399999999997, 277.5955], "size": [31.66560058593754, 31.66560058593751], "angle": 0.0}]}]}]}