{"seed": 1, "floorplan": [{"rooms": [{"category": "Bedroom", "corners": [[201.0, 188.0], [201.0, 312.0], [299.0, 312.0], [299.0, 188.0], [201.0, 188.0]], "objects": [{"category": "DoubleBed", "position": [236.7782137075116, 259.7859163521575], "size": [71.78015331479149, 58.57733230855164], "angle": -9.104117114042591e-06}, {"category": "Nightstand", "position": [219.79502010366411, 300.46175149888745], "size": [36.01920089721682, 12.653400421142578], "angle": 0.0}, {"category": "Nightstand", "position": [219.79527318286966, 218.2619545426242], "size": [36.01920089721679, 12.653400421142578], "angle": 0.0}]}]}]}