{"seed": 1, "floorplan": [{"rooms": [{"category": "Bedroom", "corners": [[201.0, 183.0], [201.0, 269.0], [266.0, 269.0], [267.0, 270.0], [267.0, 317.0], [299.0, 317.0], [299.0, 183.0], [201.0, 183.0]], "objects": [{"category": "DoubleBed", "position": [237.3075223326621, 227.66917298553585], "size": [72.47045806134943, 68.92862588918999], "angle": -9.104117114185387e-06}, {"category": "Nightstand", "position": [205.34457582105648, 189.1489786047806], "size": [13.500122907259449, 18.000163876346036], "angle": -9.10411711402346e-06}, {"category": "Nightstand", "position": [205.2120609335911, 262.5122620474193], "size": [13.500122907259506, 18.000163876346008], "angle": -9.10411711191813e-06}]}]}]}