{"seed": 1, "floorplan": [{"rooms": [{"category": "Bedroom", "corners": [[202.0, 194.0], [202.0, 306.0], [298.0, 306.0], [298.0, 194.0], [202.0, 194.0]], "objects": [{"category": "Cabinet", "position": [290.99320356189, 285.12303840548617], "size": [16.762772773905063, 12.54179394627464], "angle": -1.5707872226777808}, {"category": "DoubleBed", "position": [264.0666286945967, 247.22960002884162], "size": [37.980345321322154, 67.75741771655942], "angle": -1.5707872226777828}]}]}]}