{"seed": 1, "floorplan": [{"rooms": [{"category": "Bedroom", "corners": [[210.0, 198.0], [210.0, 302.0], [290.0, 302.0], [290.0, 198.0], [210.0, 198.0]], "objects": [{"category": "DoubleBed", "position": [253.44010124110716, 256.0624], "size": [49.23314628545206, 72.55055827789923], "angle": -1.5707872226777821}, {"category": "PendantLamp", "position": [256.3804, 255.17620000000002], "size": [18.337966786962316, 19.718070446615585], "angle": -9.104117115307125e-06}, {"category": "Cabinet", "position": [253.60639936941325, 204.85993312783674], "size": [71.47710113525392, 13.847339630126925], "angle": 0.0}]}]}]}