{"seed": 1, "floorplan": [{"rooms": [{"category": "Bedroom", "corners": [[208.0, 187.0], [208.0, 313.0], [292.0, 313.0], [292.0, 187.0], [208.0, 187.0]], "objects": [{"category": "DoubleBed", "position": [250.24333492023965, 225.36100097649108], "size": [83.90730285644531, 75.23430175781249], "angle": 0.0}, {"category": "Nightstand", "position": [215.6725, 194.2321331787013], "size": [14.12633972167967, 14.126339721679699], "angle": 0.0}, {"category": "Nightstand", "position": [284.3275, 194.2321331787013], "size": [14.126339721679642, 14.126339721679699], "angle": 0.0}]}]}]}