{"seed": 1, "floorplan": [{"rooms": [{"category": "Bedroom", "corners": [[189.0, 207.0], [189.0, 293.0], [311.0, 293.0], [311.0, 207.0], [189.0, 207.0]], "objects": [{"category": "Nightstand", "position": [217.83052125614734, 214.81051445189712], "size": [14.319029617309582, 14.367930221557629], "angle": 0.0}, {"category": "DoubleBed", "position": [256.7278, 241.87720000000002], "size": [63.01139831542969, 68.70720062255862], "angle": 0.0}, {"category": "Nightstand", "position": [295.8298, 214.2205], "size": [14.319029617309582, 14.367930221557629], "angle": 0.0}, {"category": "CeilingLamp", "position": [258.97, 250.015], "size": [17.12232055664063, 17.122320556640602], "angle": 0.0}]}]}]}