{"seed": 1, "floorplan": [{"rooms": [{"category": "Bedroom", "corners": [[200.0, 171.0], [200.0, 273.0], [268.0, 273.0], [269.0, 274.0], [269.0, 329.0], [300.0, 329.0], [300.0, 171.0], [200.0, 171.0]], "objects": [{"category": "DoubleBed", "position": [233.09199999999998, 217.85335], "size": [66.14580026093546, 58.022627551400305], "angle": -9.104117114416776e-06}]}]}]}