{"seed": 1, "floorplan": [{"rooms": [{"category": "Bedroom", "corners": [[249.0, 172.0], [249.0, 190.0], [248.0, 191.0], [193.0, 191.0], [193.0, 303.0], [207.0, 303.0], [208.0, 304.0], [208.0, 328.0], [307.0, 328.0], [307.0, 308.0], [287.0, 308.0], [286.0, 307.0], [286.0, 173.0], [287.0, 172.0], [249.0, 172.0]], "objects": [{"category": "Cabinet", "position": [274.8295, 209.05749999999998], "size": [16.39211929870904, 9.241524146371924], "angle": -1.5707872226777821}, {"category": "DoubleBed", "position": [253.5783569282757, 251.90881338192776], "size": [60.88765455058774, 65.97090090251072], "angle": -1.5707872226777821}, {"category": "Cabinet", "position": [275.8597287615466, 293.36800377965614], "size": [9.241524146371924, 16.39211929870907], "angle": -3.1415835494726725}]}]}]}