{"seed": 1, "floorplan": [{"rooms": [{"category": "Bedroom", "corners": [[202.0, 191.0], [202.0, 309.0], [298.0, 309.0], [298.0, 191.0], [202.0, 191.0]], "objects": [{"category": "DoubleBed", "position": [232.98116748046908, 258.69399999999996], "size": [62.88957402149717, 81.86054446571227], "angle": -9.104117114313078e-06}, {"category": "PendantLamp", "position": [243.75373979755108, 257.8212952753555], "size": [47.27022863446513, 30.862481141716657], "angle": -1.5708054309120105}, {"category": "PendantLamp", "position": [214.6776438302242, 294.1934859817918], "size": [27.67229919433592, 32.700299835205044], "angle": 0.0}, {"category": "PendantLamp", "position": [214.6635767074667, 220.81192724284742], "size": [27.67229919433592, 32.70029983520507], "angle": 0.0}]}]}]}