{"seed": 1, "floorplan": [{"rooms": [{"category": "Bedroom", "corners": [[200.0, 210.0], [200.0, 290.0], [300.0, 290.0], [300.0, 210.0], [200.0, 210.0]], "objects": [{"category": "DoubleBed", "position": [253.94799999999998, 257.1636655477176], "size": [56.41230010986328, 64.82550201416018], "angle": 3.141592653589793}, {"category": "CeilingLamp", "position": [259.37199999999996, 247.98850000000002], "size": [17.846789932250942, 17.747879791259777], "angle": 0.0}]}]}]}