{"seed": 1, "floorplan": [{"rooms": [{"category": "Bedroom", "corners": [[202.0, 195.0], [202.0, 305.0], [298.0, 305.0], [298.0, 195.0], [202.0, 195.0]], "objects": [{"category": "DoubleBed", "position": [235.97059528915824, 250.4893279890714], "size": [37.980345321322126, 67.75741771655944], "angle": -1.5708054309120105}, {"category": "Cabinet", "position": [209.7914540480719, 287.6688540208246], "size": [12.54179394627464, 16.762772773905063], "angle": -9.104117113291385e-06}, {"category": "PendantLamp", "position": [250.00000000000003, 255.4105], "size": [17.625090408325207, 17.56445960998539], "angle": 0.0}]}]}]}