{"seed": 1, "floorplan": [{"rooms": [{"category": "Bedroom", "corners": [[167.0, 199.0], [168.0, 200.0], [168.0, 300.0], [167.0, 301.0], [269.0, 301.0], [269.0, 230.0], [270.0, 229.0], [332.0, 229.0], [332.0, 200.0], [333.0, 199.0], [167.0, 199.0]], "objects": [{"category": "DoubleBed", "position": [199.22755428239662, 249.6895], "size": [41.03767372335165, 63.49737984802659], "angle": -1.5708054309120107}, {"category": "PendantLamp", "position": [209.806, 246.97450000000003], "size": [32.748900604248036, 1.3951799869537354], "angle": 0.0}]}]}]}