{"seed": 1, "floorplan": [{"rooms": [{"category": "Bedroom", "corners": [[182.0, 200.0], [182.0, 300.0], [318.0, 300.0], [318.0, 200.0], [182.0, 200.0]], "objects": [{"category": "Table", "position": [229.05249733612538, 292.66019186640074], "size": [32.08949890136719, 14.059530258178711], "angle": 3.141592653589793}, {"category": "DoubleBed", "position": [274.05274548440343, 235.74763758348007], "size": [62.95680084228516, 69.923698425293], "angle": 0.0}, {"category": "TVStand", "position": [277.5129663012433, 291.79519379182483], "size": [66.75480194091801, 15.306120300292946], "angle": 3.141592653589793}]}]}]}