{"seed": 1, "floorplan": [{"rooms": [{"category": "Bedroom", "corners": [[205.0, 195.0], [205.0, 305.0], [295.0, 305.0], [295.0, 195.0], [205.0, 195.0]], "objects": [{"category": "DoubleBed", "position": [236.40113499339563, 250.2071831403181], "size": [60.674050921336104, 51.6211700405591], "angle": -9.104117114068048e-06}, {"category": "Cabinet", "position": [213.03124684082775, 289.99517321600877], "size": [16.00688591782603, 19.494956690499013], "angle": -9.104117112930054e-06}]}]}]}