{"seed": 1, "floorplan": [{"rooms": [{"category": "Bedroom", "corners": [[206.0, 181.0], [206.0, 319.0], [294.0, 319.0], [294.0, 318.0], [293.0, 317.0], [293.0, 314.0], [294.0, 313.0], [294.0, 181.0], [206.0, 181.0]], "objects": [{"category": "Cabinet", "position": [235.76049999999998, 191.914], "size": [52.7898010253906, 18.5175899505615], "angle": 0.0}, {"category": "DoubleBed", "position": [240.76183402535588, 262.495], "size": [68.19002205788999, 52.212775463249784], "angle": -9.104117113955836e-06}, {"category": "Cabinet", "position": [212.67849999999999, 220.10199999999998], "size": [11.775136957352561, 17.14221653603842], "angle": -9.104117112738337e-06}, {"category": "Cabinet", "position": [212.67249999999996, 302.89], "size": [11.775136957352535, 17.14221653603839], "angle": -9.104117112738359e-06}]}]}]}