{"seed": 1, "floorplan": [{"rooms": [{"category": "Bedroom", "corners": [[207.0, 190.0], [207.0, 310.0], [293.0, 310.0], [293.0, 190.0], [207.0, 190.0]], "objects": [{"category": "DoubleBed", "position": [257.11165763850227, 256.10892455077703], "size": [55.32050181556526, 66.04770061293792], "angle": -1.5707872226777826}, {"category": "Nightstand", "position": [283.5386626845117, 219.47689322038525], "size": [14.724085243688146, 15.871192554950277], "angle": -3.13829985416341}, {"category": "Nightstand", "position": [284.00894228615306, 294.379954827382], "size": [14.724085243688146, 15.871192554950218], "angle": -3.1382998541634124}]}]}]}