{"seed": 1, "floorplan": [{"rooms": [{"category": "Bedroom", "corners": [[194.0, 183.0], [194.0, 316.0], [193.0, 317.0], [306.0, 317.0], [306.0, 184.0], [307.0, 183.0], [194.0, 183.0]], "objects": [{"category": "DoubleBed", "position": [226.22748879474383, 246.03930463016835], "size": [63.580478443924804, 60.53425320084158], "angle": -9.10411711413309e-06}, {"category": "TVStand", "position": [299.49745, 242.86225000000002], "size": [14.112308427592938, 75.57038862735887], "angle": -3.1415835494726783}, {"category": "PendantLamp", "position": [213.2052180822979, 282.1231970336232], "size": [37.14150009155276, 6.82680015563966], "angle": 0.0}, {"category": "PendantLamp", "position": [200.37715000000003, 210.16945000000004], "size": [12.715439987182634, 13.199520492553688], "angle": 0.0}]}]}]}