{"seed": 1, "floorplan": [{"rooms": [{"category": "Bedroom", "corners": [[204.0, 193.0], [204.0, 301.0], [259.0, 301.0], [259.0, 284.0], [260.0, 283.0], [261.0, 283.0], [262.0, 284.0], [262.0, 301.0], [266.0, 301.0], [267.0, 302.0], [267.0, 307.0], [293.0, 307.0], [293.0, 302.0], [294.0, 301.0], [296.0, 301.0], [296.0, 193.0], [204.0, 193.0]], "objects": [{"category": "Nightstand", "position": [212.0389916714111, 201.69669491224062], "size": [17.360017896377943, 20.047503072287267], "angle": -1.570805430912011}, {"category": "Nightstand", "position": [212.09407201770316, 273.9144540799874], "size": [20.04750307228724, 17.360017896377972], "angle": -9.104117112279155e-06}, {"category": "DoubleBed", "position": [236.69961739217237, 237.83748888658306], "size": [65.55779747114138, 68.11471924829783], "angle": -9.104117114138816e-06}, {"category": "Cabinet", "position": [237.36121162062648, 291.8897843894459], "size": [66.0, 18.419040298461937], "angle": 3.141592653589793}]}]}]}