{"seed": 1, "floorplan": [{"rooms": [{"category": "Bedroom", "corners": [[184.0, 177.0], [184.0, 323.0], [316.0, 323.0], [316.0, 177.0], [184.0, 177.0]], "objects": [{"category": "DoubleBed", "position": [240.3244089874425, 289.72182645522565], "size": [60.887100219726534, 65.97030029296877], "angle": 3.141592653589793}, {"category": "Shelf", "position": [309.7566475473751, 251.64662447374081], "size": [22.500204845432453, 13.238370112233248], "angle": -1.5707872226777806}, {"category": "PendantLamp", "position": [284.57019999999994, 321.94435], "size": [18.0, 3.0], "angle": 0.0}]}]}]}