{"seed": 1, "floorplan": [{"rooms": [{"category": "Bedroom", "corners": [[237.0, 199.0], [237.0, 269.0], [236.0, 270.0], [144.0, 270.0], [144.0, 301.0], [356.0, 301.0], [356.0, 199.0], [237.0, 199.0]], "objects": [{"category": "DoubleBed", "position": [280.02141062074526, 233.3406416650395], "size": [71.41710205078127, 68.56770172119141], "angle": 0.0}, {"category": "TVStand", "position": [283.0649345551315, 293.9679391952707], "size": [48.000014601597776, 12.000003650399444], "angle": -0.0007799998418161347}]}]}]}