{"seed": 1, "floorplan": [{"rooms": [{"category": "Bedroom", "corners": [[168.0, 205.0], [168.0, 295.0], [332.0, 295.0], [332.0, 205.0], [168.0, 205.0]], "objects": [{"category": "DoubleBed", "position": [272.794, 243.70627079360293], "size": [60.88710021972656, 65.97030029296877], "angle": 0.0}, {"category": "Nightstand", "position": [235.53050202781407, 219.40532578197048], "size": [11.007060241699207, 11.007060241699207], "angle": 0.0}, {"category": "Nightstand", "position": [310.30349797218594, 219.67127552100249], "size": [11.007060241699207, 11.007060241699236], "angle": 0.0}]}]}]}