{"seed": 1, "floorplan": [{"rooms": [{"category": "Bedroom", "corners": [[238.0, 184.0], [238.0, 201.0], [237.0, 202.0], [196.0, 202.0], [196.0, 298.0], [231.0, 298.0], [232.0, 299.0], [232.0, 316.0], [287.0, 316.0], [287.0, 224.0], [288.0, 223.0], [304.0, 223.0], [304.0, 184.0], [238.0, 184.0]], "objects": [{"category": "DoubleBed", "position": [248.6140667627538, 250.75686969547522], "size": [60.53425320084161, 63.58047844392483], "angle": -1.5707872226777824}, {"category": "CeilingLamp", "position": [242.08, 249.232], "size": [16.79720993041991, 17.998560333251987], "angle": 0.0}]}]}]}