{"seed": 1, "floorplan": [{"rooms": [{"category": "Bedroom", "corners": [[218.0, 200.0], [218.0, 268.0], [217.0, 269.0], [169.0, 269.0], [169.0, 300.0], [331.0, 300.0], [331.0, 200.0], [218.0, 200.0]], "objects": [{"category": "Cabinet", "position": [227.07221092603095, 235.88969224815833], "size": [13.847465699650268, 71.47775188004027], "angle": -9.10411711472283e-06}, {"category": "DoubleBed", "position": [281.2416827476593, 236.75664211819844], "size": [68.92799835205074, 72.46979827880864], "angle": 0.0}, {"category": "CeilingLamp", "position": [279.08050000000003, 246.70900000000003], "size": [21.654148864746105, 21.654148864746105], "angle": 0.0}]}]}]}