{"seed": 1, "floorplan": [{"rooms": [{"category": "Bedroom", "corners": [[196.0, 166.0], [196.0, 203.0], [208.0, 203.0], [209.0, 204.0], [209.0, 334.0], [304.0, 334.0], [304.0, 180.0], [248.0, 180.0], [247.0, 179.0], [247.0, 166.0], [196.0, 166.0]], "objects": [{"category": "DoubleBed", "position": [270.6391969838338, 233.00305912835248], "size": [65.80259797865263, 66.92370803893199], "angle": -3.141583549472679}, {"category": "Nightstand", "position": [299.05743413231556, 276.535209960043], "size": [19.10009416311284, 13.29213151171972], "angle": -1.5707872226777833}, {"category": "Nightstand", "position": [298.73673016299006, 191.69132506654887], "size": [19.100094163112868, 13.292131511719663], "angle": -1.5707872226777833}]}]}]}