{"seed": 1, "floorplan": [{"rooms": [{"category": "Bedroom", "corners": [[198.0, 203.0], [198.0, 297.0], [302.0, 297.0], [302.0, 203.0], [198.0, 203.0]], "objects": [{"category": "DoubleBed", "position": [241.91450129893576, 237.9585392870062], "size": [60.659701538085955, 58.29210205078124], "angle": 0.0}, {"category": "PendantLamp", "position": [249.74215000000004, 249.34479999999996], "size": [23.250629425048828, 7.498860168457014], "angle": 0.0}, {"category": "Nightstand", "position": [279.39432585092675, 206.52190722950553], "size": [16.043009948730457, 10.843620300292969], "angle": 0.0}, {"category": "Nightstand", "position": [206.87867584994052, 209.1959054351885], "size": [16.043009948730486, 10.843620300292969], "angle": 0.0}]}]}]}