{"seed": 1, "floorplan": [{"rooms": [{"category": "Bedroom", "corners": [[181.0, 208.0], [181.0, 291.0], [180.0, 292.0], [320.0, 292.0], [319.0, 291.0], [319.0, 260.0], [292.0, 260.0], [291.0, 259.0], [291.0, 208.0], [181.0, 208.0]], "objects": [{"category": "DoubleBed", "position": [246.16923906870426, 243.8113758974983], "size": [60.670198059082, 70.7142013549805], "angle": 0.0}, {"category": "Nightstand", "position": [281.86027986201157, 215.38118181386545], "size": [12.606510543823276, 10.765680313110352], "angle": 0.0}, {"category": "Nightstand", "position": [210.30903511849078, 215.02763563221902], "size": [12.606510543823248, 10.765680313110352], "angle": 0.0}, {"category": "CeilingLamp", "position": [236.19115000000002, 250.11505000000002], "size": [24.905655822187942, 28.041825579208695], "angle": -1.570787222677782}]}]}]}