{"seed": 1, "floorplan": [{"rooms": [{"category": "Bedroom", "corners": [[183.0, 188.0], [183.0, 305.0], [203.0, 305.0], [204.0, 306.0], [204.0, 311.0], [203.0, 312.0], [239.0, 312.0], [239.0, 306.0], [240.0, 305.0], [317.0, 305.0], [317.0, 189.0], [318.0, 188.0], [183.0, 188.0]], "objects": [{"category": "Nightstand", "position": [203.28395638336414, 195.7164858229126], "size": [24.07107009887696, 14.626470565795898], "angle": 0.0}, {"category": "DoubleBed", "position": [247.48503488473946, 224.89468604135385], "size": [65.31239776611329, 73.28909912109373], "angle": 0.0}]}]}]}