{"seed": 1, "floorplan": [{"rooms": [{"category": "Bedroom", "corners": [[197.0, 210.0], [197.0, 290.0], [303.0, 290.0], [303.0, 210.0], [197.0, 210.0]], "objects": [{"category": "Chair", "position": [207.1841201968956, 236.19366686522437], "size": [14.831910324096668, 16.42374000549316], "angle": 3.141592653589793}, {"category": "Table", "position": [212.77845982973014, 217.41049746604048], "size": [35.14470062255859, 18.17685012817384], "angle": 0.0}, {"category": "DoubleBed", "position": [246.27031541248928, 245.8222930358137], "size": [61.82249908447264, 70.34609985351562], "angle": 0.0}, {"category": "Chair", "position": [282.2665207297564, 214.79541152852306], "size": [12.930389785766579, 13.50582046508788], "angle": 0.0}]}]}]}