{"seed": 1, "floorplan": [{"rooms": [{"category": "Bedroom", "corners": [[206.0, 191.0], [206.0, 309.0], [294.0, 309.0], [294.0, 191.0], [206.0, 191.0]], "objects": [{"category": "DoubleBed", "position": [251.86333487968727, 242.93949999999998], "size": [70.74814318678582, 81.78914183811236], "angle": -1.5707872226777826}, {"category": "PendantLamp", "position": [246.223, 240.16750000000002], "size": [19.030260086059542, 17.820659637451143], "angle": 0.0}]}]}]}