{"seed": 1, "floorplan": [{"rooms": [{"category": "Bedroom", "corners": [[210.0, 168.0], [210.0, 239.0], [209.0, 240.0], [165.0, 240.0], [165.0, 332.0], [203.0, 332.0], [203.0, 277.0], [205.0, 275.0], [209.0, 275.0], [210.0, 276.0], [335.0, 276.0], [336.0, 275.0], [336.0, 168.0], [210.0, 168.0]], "objects": [{"category": "DoubleBed", "position": [278.0476727332875, 202.87909834630148], "size": [62.95680084228519, 69.92369842529297], "angle": 0.0}, {"category": "TVStand", "position": [278.002, 267.6702664998372], "size": [66.75480194091793, 15.306120300292946], "angle": 3.141592653589793}, {"category": "Nightstand", "position": [236.98208227971082, 176.6441471174927], "size": [14.591220474243158, 14.54765968322755], "angle": 0.0}, {"category": "Nightstand", "position": [316.816827084698, 177.5332932496492], "size": [14.591220474243187, 14.54765968322755], "angle": 0.0}]}]}]}