{"seed": 1, "floorplan": [{"rooms": [{"category": "Bedroom", "corners": [[265.0, 140.0], [265.0, 198.0], [264.0, 199.0], [200.0, 199.0], [200.0, 360.0], [268.0, 360.0], [268.0, 330.0], [269.0, 329.0], [300.0, 329.0], [300.0, 140.0], [265.0, 140.0]], "objects": [{"category": "PendantLamp", "position": [250.96735, 270.48220000000003], "size": [23.250629425048828, 7.498860168457043], "angle": 0.0}, {"category": "DoubleBed", "position": [236.70675068536735, 279.08429616080036], "size": [49.233146285452, 72.55055827789923], "angle": -1.5708054309120105}, {"category": "Nightstand", "position": [208.9988535170815, 238.04079705865146], "size": [13.76874565313655, 15.116508014931492], "angle": -9.104117113573001e-06}, {"category": "Table", "position": [213.87673906842042, 325.90089863580374], "size": [14.08092844219757, 36.83223611387109], "angle": -9.104117114739672e-06}]}]}]}