{"seed": 1, "floorplan": [{"rooms": [{"category": "Bedroom", "corners": [[319.0, 211.0], [318.0, 212.0], [181.0, 212.0], [181.0, 289.0], [182.0, 288.0], [288.0, 288.0], [288.0, 263.0], [290.0, 261.0], [319.0, 261.0], [319.0, 211.0]], "objects": [{"category": "DoubleBed", "position": [224.68242877964357, 244.1205552739648], "size": [60.659701538085926, 58.29210205078127], "angle": 0.0}, {"category": "Nightstand", "position": [263.8299596937808, 214.92562766017627], "size": [10.843620300293436, 16.04300994873116], "angle": -1.5715563268680566}, {"category": "Nightstand", "position": [188.93579749061308, 217.0277651365991], "size": [16.043009948731104, 10.843620300293436], "angle": -0.000760000073162063}, {"category": "PendantLamp", "position": [225.8888496092431, 252.55585885958746], "size": [23.250629425048857, 7.498860168457043], "angle": 0.0}]}]}]}