{"seed": 1, "floorplan": [{"rooms": [{"category": "Bedroom", "corners": [[194.0, 200.0], [194.0, 300.0], [306.0, 300.0], [306.0, 200.0], [194.0, 200.0]], "objects": [{"category": "Table", "position": [200.75596221232803, 230.11896722064415], "size": [33.90390897784233, 12.201591187759917], "angle": -1.5708054309120103}, {"category": "Sofa", "position": [215.72256675922918, 218.55315860259907], "size": [13.500122907259478, 13.500122907259449], "angle": -1.5707872226777806}, {"category": "CeilingLamp", "position": [248.5876, 252.553], "size": [20.66166000366212, 20.7099609375], "angle": 0.0}, {"category": "DoubleBed", "position": [249.94612725851272, 236.07906534063602], "size": [53.290498352050804, 68.61690216064451], "angle": 0.0}]}]}]}