{"seed": 1, "floorplan": [{"rooms": [{"category": "Bedroom", "corners": [[203.0, 191.0], [203.0, 289.0], [227.0, 289.0], [228.0, 290.0], [228.0, 309.0], [297.0, 309.0], [297.0, 191.0], [203.0, 191.0]], "objects": [{"category": "DoubleBed", "position": [235.1965, 246.6325], "size": [62.906973777075294, 62.627968856599175], "angle": -9.104117113990836e-06}, {"category": "Nightstand", "position": [209.43849999999998, 214.33450000000005], "size": [14.309649854347535, 11.76598732266124], "angle": -1.5708054309120103}, {"category": "Nightstand", "position": [209.6995, 277.75750000000005], "size": [11.76598732266127, 14.309649854347564], "angle": -9.104117115579612e-06}, {"category": "PendantLamp", "position": [236.34250000000003, 239.43550000000002], "size": [26.576280212402338, 2.2454100608825343], "angle": 0.0}]}]}]}