{"seed": 1, "floorplan": [{"rooms": [{"category": "Bedroom", "corners": [[224.0, 191.0], [224.0, 268.0], [223.0, 269.0], [154.0, 269.0], [154.0, 304.0], [153.0, 305.0], [155.0, 305.0], [156.0, 306.0], [156.0, 309.0], [180.0, 309.0], [180.0, 306.0], [181.0, 305.0], [347.0, 305.0], [346.0, 304.0], [346.0, 192.0], [347.0, 191.0], [224.0, 191.0]], "objects": [{"category": "DoubleBed", "position": [292.58860741216165, 227.69146061228665], "size": [59.41560058593751, 72.88109893798827], "angle": 0.0}, {"category": "Cabinet", "position": [328.5224195353473, 198.29531573822783], "size": [13.836090087890625, 12.720300292968773], "angle": 0.0}, {"category": "Cabinet", "position": [255.32202100115813, 198.64467738525687], "size": [13.836090087890625, 12.720300292968773], "angle": 0.0}, {"category": "PendantLamp", "position": [291.77500000000003, 246.22180000000003], "size": [20.219549560546852, 20.220119476318388], "angle": 0.0}]}]}]}