{"seed": 1, "floorplan": [{"rooms": [{"category": "Bedroom", "corners": [[263.0, 190.0], [263.0, 215.0], [262.0, 216.0], [202.0, 216.0], [202.0, 309.0], [201.0, 310.0], [299.0, 310.0], [299.0, 309.0], [298.0, 308.0], [298.0, 191.0], [299.0, 190.0], [263.0, 190.0]], "objects": [{"category": "DoubleBed", "position": [232.1160819223885, 256.8457517925044], "size": [51.1963660632131, 58.88273670032977], "angle": -1.5708054309120103}, {"category": "Cabinet", "position": [209.78414698756978, 293.86848714240864], "size": [12.799226557315901, 16.355218633169727], "angle": -9.104117116326002e-06}]}]}]}