{"seed": 1, "floorplan": [{"rooms": [{"category": "Bedroom", "corners": [[200.0, 186.0], [200.0, 314.0], [300.0, 314.0], [300.0, 186.0], [200.0, 186.0]], "objects": [{"category": "DoubleBed", "position": [267.1315000000001, 253.015], "size": [46.19321992783983, 66.40410491971095], "angle": -1.5707872226777824}, {"category": "TVStand", "position": [207.1641832089057, 252.172], "size": [15.000166318531205, 77.94551248474976], "angle": -9.104117112646215e-06}]}]}]}