{"seed": 1, "floorplan": [{"rooms": [{"category": "Bedroom", "corners": [[240.0, 191.0], [240.0, 209.0], [239.0, 210.0], [189.0, 210.0], [189.0, 309.0], [311.0, 309.0], [311.0, 191.0], [240.0, 191.0]], "objects": [{"category": "DoubleBed", "position": [270.3797948163463, 257.27012057535455], "size": [79.73532980492105, 80.55223482516168], "angle": -1.5707872226777824}, {"category": "Nightstand", "position": [307.04578772461286, 298.4946209539264], "size": [15.000736239491317, 13.000618085030185], "angle": -1.5707872226777813}, {"category": "Nightstand", "position": [307.10084480543924, 217.81319826510398], "size": [15.000736239491317, 13.000618085030128], "angle": -1.570787222677785}, {"category": "Table", "position": [197.9785, 265.5085], "size": [9.714418351883262, 31.688987842390123], "angle": -9.104117116561367e-06}]}]}]}