{"seed": 1, "floorplan": [{"rooms": [{"category": "Bedroom", "corners": [[202.0, 201.0], [202.0, 299.0], [298.0, 299.0], [298.0, 201.0], [202.0, 201.0]], "objects": [{"category": "DoubleBed", "position": [237.4920162736882, 244.43949711410394], "size": [24.279850564210765, 72.42995934059189], "angle": -9.104117114620019e-06}, {"category": "Nightstand", "position": [211.26668320708865, 214.89858055955654], "size": [18.61988983154299, 13.736190032959001], "angle": 0.0}]}]}]}