{"seed": 1, "floorplan": [{"rooms": [{"category": "Bedroom", "corners": [[207.0, 209.0], [207.0, 291.0], [293.0, 291.0], [293.0, 209.0], [207.0, 209.0]], "objects": [{"category": "DoubleBed", "position": [258.0562359663492, 243.91037671183943], "size": [48.39210205078123, 59.31750183105467], "angle": 0.0}, {"category": "PendantLamp", "position": [256.52500000000003, 245.83300000000006], "size": [15.000000000000028, 15.0], "angle": 0.0}]}]}]}