{"seed": 1, "floorplan": [{"rooms": [{"category": "Bedroom", "corners": [[129.0, 193.0], [129.0, 307.0], [369.0, 307.0], [371.0, 305.0], [371.0, 274.0], [369.0, 274.0], [369.0, 304.0], [368.0, 305.0], [366.0, 303.0], [365.0, 303.0], [344.0, 282.0], [343.0, 282.0], [322.0, 261.0], [321.0, 261.0], [300.0, 240.0], [299.0, 240.0], [278.0, 219.0], [277.0, 219.0], [256.0, 198.0], [255.0, 198.0], [251.0, 194.0], [251.0, 193.0], [129.0, 193.0]], "objects": [{"category": "DoubleBed", "position": [182.50842742992683, 230.76072761454787], "size": [55.2273010253906, 74.23320007324219], "angle": 0.0}, {"category": "Nightstand", "position": [143.68623301591543, 200.69935368669232], "size": [24.08177947998044, 12.243929672241194], "angle": 0.0}, {"category": "Nightstand", "position": [217.9256263917896, 196.3154570172265], "size": [24.08177947998044, 12.243929672241222], "angle": 0.0}, {"category": "CeilingLamp", "position": [181.58800000000002, 243.97000000000003], "size": [16.891679763793945, 16.993230056762712], "angle": 0.0}]}]}]}