{"seed": 1, "floorplan": [{"rooms": [{"category": "Bedroom", "corners": [[192.0, 195.0], [192.0, 202.0], [191.0, 203.0], [191.0, 204.0], [192.0, 205.0], [192.0, 211.0], [191.0, 212.0], [191.0, 213.0], [190.0, 214.0], [182.0, 214.0], [183.0, 215.0], [183.0, 220.0], [182.0, 221.0], [182.0, 223.0], [183.0, 224.0], [183.0, 229.0], [182.0, 230.0], [182.0, 232.0], [183.0, 233.0], [183.0, 238.0], [182.0, 239.0], [182.0, 241.0], [183.0, 242.0], [183.0, 247.0], [182.0, 248.0], [182.0, 250.0], [183.0, 251.0], [183.0, 256.0], [182.0, 257.0], [182.0, 259.0], [183.0, 260.0], [183.0, 266.0], [182.0, 267.0], [182.0, 268.0], [183.0, 269.0], [183.0, 275.0], [182.0, 276.0], [182.0, 277.0], [183.0, 278.0], [183.0, 284.0], [182.0, 285.0], [182.0, 286.0], [191.0, 286.0], [192.0, 287.0], [192.0, 293.0], [191.0, 294.0], [191.0, 295.0], [192.0, 296.0], [192.0, 302.0], [191.0, 303.0], [191.0, 304.0], [192.0, 305.0], [317.0, 305.0], [318.0, 304.0], [317.0, 303.0], [317.0, 297.0], [318.0, 296.0], [318.0, 295.0], [317.0, 294.0], [317.0, 288.0], [318.0, 287.0], [318.0, 286.0], [317.0, 285.0], [317.0, 279.0], [318.0, 278.0], [318.0, 277.0], [317.0, 276.0], [317.0, 270.0], [318.0, 269.0], [318.0, 268.0], [317.0, 267.0], [317.0, 261.0], [318.0, 260.0], [318.0, 259.0], [317.0, 258.0], [317.0, 252.0], [318.0, 251.0], [318.0, 250.0], [317.0, 249.0], [317.0, 243.0], [318.0, 242.0], [318.0, 241.0], [317.0, 240.0], [317.0, 234.0], [318.0, 233.0], [318.0, 232.0], [317.0, 231.0], [317.0, 225.0], [318.0, 224.0], [318.0, 223.0], [317.0, 222.0], [317.0, 216.0], [318.0, 215.0], [318.0, 213.0], [317.0, 212.0], [317.0, 207.0], [318.0, 206.0], [318.0, 204.0], [317.0, 203.0], [317.0, 198.0], [318.0, 197.0], [318.0, 196.0], [317.0, 195.0], [192.0, 195.0]], "objects": [{"category": "DoubleBed", "position": [243.62731199070998, 270.1141440441546], "size": [71.41710205078124, 68.56770172119141], "angle": 3.141592653589793}, {"category": "Nightstand", "position": [285.861149259189, 297.1903358659702], "size": [18.644549560546864, 17.997809600830067], "angle": 3.141592653589793}, {"category": "Nightstand", "position": [201.5553502316923, 297.195526225785], "size": [18.644549560546892, 17.997809600830124], "angle": 3.141592653589793}]}]}]}