{"seed": 1, "floorplan": [{"rooms": [{"category": "Bedroom", "corners": [[212.0, 194.0], [212.0, 306.0], [288.0, 306.0], [288.0, 200.0], [287.0, 199.0], [287.0, 195.0], [288.0, 194.0], [212.0, 194.0]], "objects": [{"category": "DoubleBed", "position": [255.48383004080287, 240.84564663646415], "size": [63.49737984802653, 41.03767372335165], "angle": -3.1415835494726787}, {"category": "Nightstand", "position": [279.2452958493996, 209.23675424238985], "size": [8.919891312474912, 7.339806622262824], "angle": -1.5707872226777764}, {"category": "Nightstand", "position": [279.19421722052493, 273.54851811262654], "size": [8.91989131247494, 7.339806622262767], "angle": -1.5707872226777893}, {"category": "PendantLamp", "position": [248.6425, 242.0005], "size": [32.748900604248036, 1.3951799869537354], "angle": 0.0}]}]}]}