{"seed": 1, "floorplan": [{"rooms": [{"category": "Bedroom", "corners": [[205.0, 193.0], [205.0, 307.0], [295.0, 307.0], [295.0, 193.0], [205.0, 193.0]], "objects": [{"category": "DoubleBed", "position": [235.09301216003183, 258.5544766077201], "size": [53.22240142822267, 66.10919952392581], "angle": 3.141592653589793}, {"category": "Nightstand", "position": [209.3153916573114, 298.02726612545587], "size": [9.665757630548026, 12.000168760716457], "angle": -9.104117116341063e-06}, {"category": "Nightstand", "position": [209.30865357639408, 219.18813478759122], "size": [9.665757630548026, 12.000168760716457], "angle": -9.10411711340061e-06}, {"category": "PendantLamp", "position": [240.1855, 254.53750000000002], "size": [25.093679809570318, 25.092210388183616], "angle": 0.0}]}]}]}