{"seed": 1, "floorplan": [{"rooms": [{"category": "Bedroom", "corners": [[147.0, 199.0], [147.0, 301.0], [281.0, 301.0], [281.0, 241.0], [282.0, 240.0], [353.0, 240.0], [353.0, 199.0], [147.0, 199.0]], "objects": [{"category": "TVStand", "position": [203.8201908734842, 206.44790689553292], "size": [66.75480194091799, 15.306120300292974], "angle": 0.0}, {"category": "Nightstand", "position": [159.52329999999995, 293.1601], "size": [14.591220474243215, 14.54765968322755], "angle": 3.141592653589793}, {"category": "DoubleBed", "position": [206.3291646890255, 263.19604956323235], "size": [62.95680084228516, 69.92369842529297], "angle": 3.141592653589793}, {"category": "Nightstand", "position": [250.19799999999995, 293.1601], "size": [14.59122047424313, 14.54765968322755], "angle": 3.141592653589793}]}]}]}