{"seed": 1, "floorplan": [{"rooms": [{"category": "Bedroom", "corners": [[200.0, 191.0], [200.0, 309.0], [300.0, 309.0], [300.0, 191.0], [200.0, 191.0]], "objects": [{"category": "DoubleBed", "position": [267.55615, 249.68499999999997], "size": [56.0060091551656, 64.08658198956003], "angle": -1.5707872226777824}, {"category": "Table", "position": [258.3939163411289, 293.58916604613705], "size": [78.95310058593748, 29.631301116943405], "angle": 0.0}, {"category": "CeilingLamp", "position": [249.99984999999998, 253.33479999999997], "size": [18.0904495239258, 18.0904495239258], "angle": 0.0}]}]}]}