{"seed": 1, "floorplan": [{"rooms": [{"category": "Bedroom", "corners": [[209.0, 188.0], [209.0, 194.0], [208.0, 195.0], [198.0, 195.0], [198.0, 312.0], [302.0, 312.0], [302.0, 231.0], [301.0, 230.0], [301.0, 195.0], [263.0, 195.0], [262.0, 194.0], [262.0, 188.0], [209.0, 188.0]], "objects": [{"category": "DoubleBed", "position": [230.9450492858887, 270.39685], "size": [32.20229207614011, 62.38586917934079], "angle": -9.1041171139118e-06}]}]}]}