{"seed": 1, "floorplan": [{"rooms": [{"category": "Bedroom", "corners": [[199.0, 199.0], [199.0, 301.0], [301.0, 301.0], [301.0, 199.0], [199.0, 199.0]], "objects": [{"category": "DoubleBed", "position": [244.909, 264.7566676211155], "size": [68.92799835205076, 72.46979827880864], "angle": 3.141592653589793}]}]}]}