{"seed": 1, "floorplan": [{"rooms": [{"category": "Bedroom", "corners": [[203.0, 191.0], [203.0, 309.0], [297.0, 309.0], [297.0, 191.0], [203.0, 191.0]], "objects": [{"category": "DoubleBed", "position": [262.60449991839596, 251.3605], "size": [54.808396933554654, 68.51702393633413], "angle": -1.5707872226777821}, {"category": "Nightstand", "position": [289.04783309925796, 218.0155], "size": [14.192769136316283, 15.803544299115616], "angle": -1.5707872226777795}, {"category": "Nightstand", "position": [289.04783309925796, 285.06850000000003], "size": [14.192769136316283, 15.803544299115616], "angle": -1.5707872226777795}]}]}]}