{"seed": 1, "floorplan": [{"rooms": [{"category": "Bedroom", "corners": [[204.0, 204.0], [204.0, 296.0], [296.0, 296.0], [296.0, 204.0], [204.0, 204.0]], "objects": [{"category": "DoubleBed", "position": [239.07168806129738, 245.03063410097036], "size": [65.80259797865257, 66.92370803893196], "angle": -9.104117114208767e-06}, {"category": "Nightstand", "position": [208.1124967109972, 210.89064354134962], "size": [13.292131511719692, 19.100094163112868], "angle": -9.104117113519447e-06}, {"category": "PendantLamp", "position": [254.7985, 242.653], "size": [21.965160369873047, 2.244935989379883], "angle": 0.0}]}]}]}