{"seed": 1, "floorplan": [{"rooms": [{"category": "Bedroom", "corners": [[184.0, 202.0], [184.0, 298.0], [316.0, 298.0], [316.0, 202.0], [184.0, 202.0]], "objects": [{"category": "DoubleBed", "position": [233.49325828495063, 235.0279412220128], "size": [57.15660095214844, 66.89609985351564], "angle": 0.0}, {"category": "Nightstand", "position": [193.03489597574094, 208.47830063010792], "size": [17.427810287475552, 13.807199478149414], "angle": 0.0}, {"category": "Nightstand", "position": [273.46712349451366, 208.4776973405825], "size": [17.427810287475552, 13.807199478149414], "angle": 0.0}, {"category": "TVStand", "position": [234.51249999999993, 291.676], "size": [49.42980194091794, 13.09011039733889], "angle": 3.141592653589793}]}]}]}