{"seed": 1, "floorplan": [{"rooms": [{"category": "Bedroom", "corners": [[204.0, 198.0], [204.0, 302.0], [296.0, 302.0], [296.0, 198.0], [204.0, 198.0]], "objects": [{"category": "DoubleBed", "position": [257.87190545656404, 256.5134120777817], "size": [76.47339520052464, 74.04277614795528], "angle": -1.5707872226777826}, {"category": "Nightstand", "position": [289.69498318466106, 292.93449075312265], "size": [14.192769136316283, 15.803544299115675], "angle": -1.5707872226777837}, {"category": "Cabinet", "position": [210.3609873132121, 251.86910676744134], "size": [43.08789227900319, 10.848968475929388], "angle": -1.570805430912011}, {"category": "PendantLamp", "position": [249.7015, 252.142], "size": [28.62179946899414, 28.62179946899417], "angle": 0.0}]}]}]}