{"seed": 1, "floorplan": [{"rooms": [{"category": "Bedroom", "corners": [[209.0, 186.0], [209.0, 314.0], [291.0, 314.0], [291.0, 186.0], [209.0, 186.0]], "objects": [{"category": "DoubleBed", "position": [254.0600097637402, 257.14828850101947], "size": [72.47045806134949, 68.92862588918999], "angle": -3.141583549472679}, {"category": "PendantLamp", "position": [249.98649999999998, 254.80750000000003], "size": [12.70071029663086, 11.79128952026366], "angle": 0.0}]}]}]}