{"seed": 1, "floorplan": [{"rooms": [{"category": "Bedroom", "corners": [[198.0, 190.0], [198.0, 302.0], [218.0, 302.0], [219.0, 303.0], [219.0, 310.0], [282.0, 310.0], [282.0, 303.0], [283.0, 302.0], [302.0, 302.0], [302.0, 192.0], [303.0, 191.0], [303.0, 190.0], [198.0, 190.0]], "objects": [{"category": "DoubleBed", "position": [268.2017432345584, 254.7620893790198], "size": [63.52407686842421, 62.822671251759246], "angle": -1.5707872226777826}, {"category": "Nightstand", "position": [296.47135018766596, 289.75152932670517], "size": [12.000109250897358, 11.613765783003553], "angle": -1.5707872226777837}]}]}]}