{"seed": 1, "floorplan": [{"rooms": [{"category": "Bedroom", "corners": [[281.0, 180.0], [281.0, 214.0], [279.0, 216.0], [197.0, 216.0], [197.0, 320.0], [303.0, 320.0], [303.0, 180.0], [281.0, 180.0]], "objects": [{"category": "DoubleBed", "position": [229.1698216094846, 264.6427], "size": [58.8827367003298, 51.19636606321304], "angle": -9.10411711437982e-06}, {"category": "Cabinet", "position": [206.84111639914954, 226.7324989808777], "size": [16.35521863316967, 12.79922655731593], "angle": -1.5708054309120105}, {"category": "Cabinet", "position": [206.62462418035358, 302.4968010191223], "size": [12.79922655731593, 16.35521863316967], "angle": -9.104117111884822e-06}]}]}]}