{"seed": 1, "floorplan": [{"rooms": [{"category": "Bedroom", "corners": [[208.0, 196.0], [208.0, 304.0], [292.0, 304.0], [292.0, 196.0], [208.0, 196.0]], "objects": [{"category": "DoubleBed", "position": [251.1729270808843, 243.68852676132582], "size": [79.73532980492105, 80.55223482516165], "angle": -1.5707872226777828}, {"category": "Nightstand", "position": [287.45310924987297, 206.09022054814733], "size": [15.000736239491346, 13.000618085030242], "angle": -1.5707872226777813}, {"category": "CeilingLamp", "position": [249.214, 244.318], "size": [22.353959655761713, 22.309828948974598], "angle": 0.0}]}]}]}