{"seed": 1, "floorplan": [{"rooms": [{"category": "Bedroom", "corners": [[203.0, 191.0], [202.0, 192.0], [202.0, 309.0], [297.0, 309.0], [298.0, 308.0], [298.0, 191.0], [203.0, 191.0]], "objects": [{"category": "DoubleBed", "position": [259.9862499999999, 232.01049999999998], "size": [63.49737984802656, 41.03767372335165], "angle": -3.141583549472679}, {"category": "Nightstand", "position": [291.47545, 262.6633], "size": [8.91989131247494, 7.339806622262767], "angle": -1.5707872226777828}, {"category": "Nightstand", "position": [290.21545000000003, 197.49939999999998], "size": [8.919810104370129, 7.339739799499512], "angle": 0.0}, {"category": "CeilingLamp", "position": [240.50695000000002, 241.80249999999998], "size": [25.6456123574536, 25.6456123574536], "angle": -1.5707872226777817}]}]}]}