{"seed": 1, "floorplan": [{"rooms": [{"category": "Bedroom", "corners": [[197.0, 187.0], [197.0, 313.0], [303.0, 313.0], [303.0, 187.0], [197.0, 187.0]], "objects": [{"category": "DoubleBed", "position": [269.70782460503426, 256.8201328920839], "size": [58.29263275615253, 60.66025379865461], "angle": -3.1415835494726796}, {"category": "Cabinet", "position": [266.97014280190444, 196.7465613078171], "size": [60.0, 19.711830139160156], "angle": 0.0}, {"category": "CornerSideTable", "position": [285.6670692289359, 296.25674167486557], "size": [13.075949478149482, 13.075949478149425], "angle": 0.0}, {"category": "CornerSideTable", "position": [286.1420009941911, 216.7689497597415], "size": [13.075949478149425, 13.075949478149425], "angle": 0.0}]}]}]}