{"seed": 1, "floorplan": [{"rooms": [{"category": "Bedroom", "corners": [[160.0, 179.0], [160.0, 314.0], [309.0, 314.0], [310.0, 315.0], [310.0, 321.0], [337.0, 321.0], [337.0, 315.0], [338.0, 314.0], [340.0, 314.0], [340.0, 179.0], [160.0, 179.0]], "objects": [{"category": "TVStand", "position": [247.6252, 307.0672666680547], "size": [63.0, 13.5], "angle": 3.141592653589793}, {"category": "DoubleBed", "position": [255.00100000000003, 213.01539999999994], "size": [50.37449798583987, 57.3074981689453], "angle": 0.0}]}]}]}