{"seed": 1, "floorplan": [{"rooms": [{"category": "Bedroom", "corners": [[212.0, 195.0], [212.0, 305.0], [288.0, 305.0], [288.0, 195.0], [212.0, 195.0]], "objects": [{"category": "DoubleBed", "position": [245.93584467293445, 244.85826488702332], "size": [65.97090090251066, 60.88765455058771], "angle": -9.104117113960187e-06}, {"category": "Cabinet", "position": [214.93851530154592, 280.53773762918524], "size": [9.241524146371953, 16.392119298709012], "angle": -9.104117114469079e-06}, {"category": "Cabinet", "position": [217.363580567622, 212.14728642153824], "size": [9.241524146371924, 16.392119298709012], "angle": -9.104117114469108e-06}, {"category": "PendantLamp", "position": [248.99700087483723, 245.60950000000005], "size": [73.32630157470703, 5.6516401290893725], "angle": 0.0}]}]}]}