{"seed": 1, "floorplan": [{"rooms": [{"category": "Bedroom", "corners": [[165.0, 210.0], [165.0, 290.0], [335.0, 290.0], [335.0, 210.0], [165.0, 210.0]], "objects": [{"category": "DoubleBed", "position": [257.6349687786197, 243.42901798777737], "size": [45.171601867675804, 51.220797729492205], "angle": 0.0}, {"category": "Armchair", "position": [194.7723487111228, 272.2531879083193], "size": [13.5, 16.577519989013695], "angle": 0.0}, {"category": "Table", "position": [195.40322749262464, 285.92625697229965], "size": [23.506949615478533, 6.738720130920399], "angle": 3.141592653589793}]}]}]}