{"seed": 1, "floorplan": [{"rooms": [{"category": "Bedroom", "corners": [[203.0, 185.0], [203.0, 314.0], [202.0, 315.0], [298.0, 315.0], [298.0, 314.0], [297.0, 313.0], [297.0, 278.0], [291.0, 278.0], [290.0, 277.0], [290.0, 185.0], [203.0, 185.0]], "objects": [{"category": "Nightstand", "position": [210.94314962026831, 214.70880455203636], "size": [15.803544299115647, 14.192769136316311], "angle": -9.104117112836743e-06}, {"category": "Armchair", "position": [231.36685347305564, 293.04384601574134], "size": [22.333884056319295, 20.687588398016576], "angle": -3.1415835494726783}, {"category": "DoubleBed", "position": [237.1367073735385, 251.7270831378762], "size": [68.51607781151529, 54.80764010581116], "angle": -3.1404424279249366}, {"category": "Table", "position": [211.35855990497816, 288.6131827784813], "size": [20.95047989054352, 57.089321324940315], "angle": -9.10411711240467e-06}]}]}]}