{"seed": 1, "floorplan": [{"rooms": [{"category": "Bedroom", "corners": [[196.0, 204.0], [196.0, 296.0], [304.0, 296.0], [304.0, 204.0], [196.0, 204.0]], "objects": [{"category": "DoubleBed", "position": [261.238, 237.06500081407626], "size": [48.48659820556637, 66.6765014648438], "angle": 0.0}, {"category": "CeilingLamp", "position": [259.435, 252.45850000000004], "size": [18.766679763793945, 17.502059555053705], "angle": 0.0}]}]}]}