{"seed": 1, "floorplan": [{"rooms": [{"category": "Bedroom", "corners": [[193.0, 200.0], [193.0, 300.0], [307.0, 300.0], [307.0, 200.0], [193.0, 200.0]], "objects": [{"category": "DoubleBed", "position": [243.9393665358582, 232.86027138182166], "size": [100.72290344238286, 60.840000915527355], "angle": 0.0}, {"category": "Cabinet", "position": [202.91125373022882, 204.00455672916223], "size": [15.0, 12.0], "angle": 0.0}, {"category": "TVStand", "position": [243.73149999999998, 290.66200000000003], "size": [45.0, 12.448199844360317], "angle": 3.141592653589793}, {"category": "PendantLamp", "position": [243.8515, 248.71000000000004], "size": [20.21954956054688, 20.220119476318388], "angle": 0.0}]}]}]}