{"seed": 1, "floorplan": [{"rooms": [{"category": "Bedroom", "corners": [[195.0, 190.0], [195.0, 309.0], [194.0, 310.0], [305.0, 310.0], [305.0, 191.0], [306.0, 190.0], [195.0, 190.0]], "objects": [{"category": "DoubleBed", "position": [239.8965038659104, 256.2895], "size": [50.79376382608117, 83.90026640480485], "angle": -1.5708054309120105}, {"category": "Nightstand", "position": [211.00890342814284, 218.7530434178267], "size": [12.571584332847465, 17.13738594091241], "angle": -9.104117114660798e-06}, {"category": "Nightstand", "position": [211.8840216363596, 293.97895658217334], "size": [12.571584332847493, 17.137385940912466], "angle": -9.104117114660778e-06}, {"category": "PendantLamp", "position": [246.49300000000002, 251.8885], "size": [29.21147918701169, 28.896599578857433], "angle": 0.0}]}]}]}