{"seed": 1, "floorplan": [{"rooms": [{"category": "Bedroom", "corners": [[240.0, 181.0], [240.0, 207.0], [239.0, 208.0], [203.0, 208.0], [202.0, 209.0], [202.0, 319.0], [298.0, 319.0], [298.0, 181.0], [240.0, 181.0]], "objects": [{"category": "DoubleBed", "position": [263.74086267827647, 255.718788991188], "size": [60.88765455058774, 65.97090090251066], "angle": -1.5707872226777821}, {"category": "Cabinet", "position": [287.5361796430094, 299.07684799882907], "size": [16.39211929870907, 9.241524146371924], "angle": -1.5707872226777821}, {"category": "TVStand", "position": [211.26234971618652, 262.1305], "size": [17.53608914047174, 91.98383304086943], "angle": -9.104117113662482e-06}, {"category": "PendantLamp", "position": [249.99849999999998, 259.0375], "size": [31.66560058593754, 31.665600585937483], "angle": 0.0}]}]}]}