{"seed": 1, "floorplan": [{"rooms": [{"category": "Bedroom", "corners": [[196.0, 166.0], [196.0, 334.0], [304.0, 334.0], [304.0, 211.0], [236.0, 211.0], [235.0, 210.0], [235.0, 166.0], [196.0, 166.0]], "objects": [{"category": "DoubleBed", "position": [268.2312104071792, 278.50925629752317], "size": [57.25371948912767, 69.89283602249232], "angle": -1.5707872226777826}, {"category": "Nightstand", "position": [294.89476299224987, 319.8306924256222], "size": [17.689391012230413, 17.728721280577837], "angle": -1.5707872226777813}]}]}]}