{"seed": 1, "floorplan": [{"rooms": [{"category": "Bedroom", "corners": [[183.0, 208.0], [183.0, 292.0], [317.0, 292.0], [317.0, 208.0], [183.0, 208.0]], "objects": [{"category": "DoubleBed", "position": [256.84350176314774, 257.8714992230859], "size": [75.18630065917972, 67.79339904785158], "angle": 3.141592653589793}, {"category": "Nightstand", "position": [212.71792215875354, 286.5088014472657], "size": [22.80000000000001, 10.92000045776365], "angle": 0.0}, {"category": "Nightstand", "position": [303.21981781912234, 288.00240987491185], "size": [22.80000000000001, 10.92000045776365], "angle": 0.0}, {"category": "PendantLamp", "position": [254.65900000000002, 248.68150000000003], "size": [20.29197006225587, 20.291819000244146], "angle": 0.0}]}]}]}