{"seed": 1, "floorplan": [{"rooms": [{"category": "Bedroom", "corners": [[164.0, 204.0], [164.0, 296.0], [336.0, 296.0], [336.0, 204.0], [164.0, 204.0]], "objects": [{"category": "DoubleBed", "position": [298.6777364627991, 246.27045724334602], "size": [81.86054446571228, 62.88957402149717], "angle": -1.5707872226777828}, {"category": "Cabinet", "position": [171.1438, 250.68985], "size": [11.998608916803489, 54.12859338123412], "angle": -9.104117115301348e-06}]}]}]}