{"seed": 1, "floorplan": [{"rooms": [{"category": "Bedroom", "corners": [[195.0, 199.0], [195.0, 301.0], [305.0, 301.0], [305.0, 199.0], [195.0, 199.0]], "objects": [{"category": "DoubleBed", "position": [258.75065101248606, 235.94987676594923], "size": [68.92799835205079, 72.46979827880858], "angle": 0.0}, {"category": "Nightstand", "position": [219.90093491469133, 205.25166356895136], "size": [11.520000457763643, 11.5200004577637], "angle": 0.0}, {"category": "PendantLamp", "position": [254.52370000000002, 244.94709999999998], "size": [15.303210067748978, 15.084149551391619], "angle": 0.0}]}]}]}