{"seed": 1, "floorplan": [{"rooms": [{"category": "Bedroom", "corners": [[152.0, 199.0], [152.0, 299.0], [151.0, 300.0], [151.0, 301.0], [349.0, 301.0], [349.0, 300.0], [348.0, 299.0], [348.0, 268.0], [281.0, 268.0], [280.0, 267.0], [280.0, 199.0], [152.0, 199.0]], "objects": [{"category": "CeilingLamp", "position": [208.7323, 254.01819999999998], "size": [16.5, 16.5], "angle": 0.0}, {"category": "Nightstand", "position": [172.59100556884596, 207.48931548708867], "size": [14.944950485229526, 9.800490188598673], "angle": 0.0}, {"category": "DoubleBed", "position": [211.52092421331895, 232.3488078119604], "size": [48.607200622558594, 61.94459838867189], "angle": 0.0}, {"category": "Nightstand", "position": [247.44863812238594, 201.87695321510768], "size": [14.94495048522947, 9.800490188598644], "angle": 0.0}]}]}]}