{"seed": 1, "floorplan": [{"rooms": [{"category": "Bedroom", "corners": [[239.0, 201.0], [238.0, 202.0], [207.0, 202.0], [207.0, 299.0], [293.0, 299.0], [293.0, 201.0], [292.0, 202.0], [241.0, 202.0], [240.0, 201.0], [239.0, 201.0]], "objects": [{"category": "DoubleBed", "position": [248.2971461541143, 250.95462466878965], "size": [80.55223482516168, 79.73532980492108], "angle": -9.104117114234864e-06}, {"category": "Nightstand", "position": [211.28969230482005, 289.1721006799084], "size": [13.000471455457918, 15.000567051263221], "angle": -3.138210495987149}, {"category": "PendantLamp", "position": [250.0045, 253.77100000000002], "size": [26.74337997436521, 26.743531036376964], "angle": 0.0}]}]}]}