{"seed": 1, "floorplan": [{"rooms": [{"category": "Bedroom", "corners": [[290.0, 174.0], [289.0, 175.0], [210.0, 175.0], [210.0, 326.0], [290.0, 326.0], [290.0, 174.0]], "objects": [{"category": "DoubleBed", "position": [254.36580754642517, 277.22420340884537], "size": [61.82306193143096, 70.34674030139324], "angle": -1.5707872226777824}, {"category": "Nightstand", "position": [285.1973748544766, 241.69619983539985], "size": [11.252322596737637, 11.252322596737637], "angle": -1.570787222677783}, {"category": "Nightstand", "position": [283.29008227256975, 314.9005241465004], "size": [11.252322596737637, 11.25232259673758], "angle": -1.5707872226777881}, {"category": "PendantLamp", "position": [247.6615, 278.62750000000005], "size": [28.8915000915527, 9.024120140075695], "angle": 0.0}]}]}]}