{"seed": 1, "floorplan": [{"rooms": [{"category": "Bedroom", "corners": [[181.0, 181.0], [181.0, 319.0], [319.0, 319.0], [319.0, 181.0], [181.0, 181.0]], "objects": [{"category": "DoubleBed", "position": [222.76449999999997, 252.83800000000005], "size": [69.924335027526, 62.957374016200504], "angle": -9.104117113515056e-06}, {"category": "Nightstand", "position": [191.45049999999998, 301.37800000000004], "size": [14.547792128633704, 14.591353316237248], "angle": -9.104117113813811e-06}, {"category": "Nightstand", "position": [192.2095, 203.623], "size": [14.547792128633732, 14.591353316237305], "angle": -9.104117113813794e-06}]}]}]}