{"seed": 1, "floorplan": [{"rooms": [{"category": "Bedroom", "corners": [[160.0, 199.0], [160.0, 301.0], [282.0, 301.0], [282.0, 235.0], [283.0, 234.0], [340.0, 234.0], [340.0, 199.0], [160.0, 199.0]], "objects": [{"category": "DoubleBed", "position": [223.34695275857254, 268.83346555864017], "size": [51.195899963378906, 58.88220062255857], "angle": 3.141592653589793}, {"category": "Cabinet", "position": [258.94639908608156, 294.9062675401868], "size": [16.35506973266604, 12.799110031127896], "angle": 3.141592653589793}, {"category": "Table", "position": [180.7370756374432, 285.02233717222634], "size": [28.042499542236328, 12.471179580688442], "angle": 3.141592653589793}, {"category": "PendantLamp", "position": [213.08905000000004, 249.51549999999997], "size": [23.706239318847622, 21.171869659423805], "angle": 0.0}]}]}]}