{"seed": 1, "floorplan": [{"rooms": [{"category": "Bedroom", "corners": [[194.0, 167.0], [194.0, 333.0], [221.0, 333.0], [221.0, 297.0], [222.0, 296.0], [306.0, 296.0], [306.0, 167.0], [194.0, 167.0]], "objects": [{"category": "DoubleBed", "position": [272.64522461141, 220.54335650125225], "size": [60.20574984388399, 43.34559268423053], "angle": -3.141583549472679}, {"category": "Nightstand", "position": [296.6973807242298, 264.9789915740706], "size": [15.813804020817672, 11.3908934994224], "angle": -1.5707872226777806}, {"category": "Nightstand", "position": [296.4454291774843, 178.66746112418855], "size": [15.813804020817672, 11.3908934994224], "angle": -1.5707872226777841}, {"category": "Cabinet", "position": [201.05050000000003, 220.483], "size": [13.257270201905207, 55.66250474610871], "angle": -9.104117113380308e-06}]}]}]}