{"seed": 1, "floorplan": [{"rooms": [{"category": "Bedroom", "corners": [[192.0, 198.0], [192.0, 302.0], [308.0, 302.0], [308.0, 198.0], [192.0, 198.0]], "objects": [{"category": "DoubleBed", "position": [253.13617475724416, 234.15481026968212], "size": [61.82249908447267, 70.34609985351562], "angle": 0.0}, {"category": "Nightstand", "position": [291.07679068475113, 207.94326121319705], "size": [11.252220153808594, 11.252220153808565], "angle": 0.0}, {"category": "TVStand", "position": [252.58929999999998, 295.3529165334066], "size": [63.00030212402345, 12.901230239868141], "angle": 3.141592653589793}]}]}]}