{"seed": 1, "floorplan": [{"rooms": [{"category": "Bedroom", "corners": [[193.0, 195.0], [193.0, 305.0], [307.0, 305.0], [307.0, 195.0], [193.0, 195.0]], "objects": [{"category": "DoubleBed", "position": [271.4840377422855, 254.18926223255386], "size": [51.75227017210373, 67.53571617422767], "angle": -1.5707872226777824}, {"category": "Chair", "position": [287.69395000000003, 206.60875000000001], "size": [14.181608756390078, 14.146418998150729], "angle": -9.104117113835707e-06}]}]}]}