{"seed": 1, "floorplan": [{"rooms": [{"category": "Bedroom", "corners": [[206.0, 181.0], [206.0, 201.0], [205.0, 202.0], [199.0, 202.0], [199.0, 253.0], [200.0, 252.0], [205.0, 252.0], [206.0, 253.0], [206.0, 319.0], [294.0, 319.0], [294.0, 224.0], [295.0, 223.0], [301.0, 223.0], [301.0, 196.0], [295.0, 196.0], [294.0, 195.0], [294.0, 181.0], [206.0, 181.0]], "objects": [{"category": "DoubleBed", "position": [250.9847440467646, 283.883094905181], "size": [61.905001831054676, 63.68009948730469], "angle": 3.141592653589793}, {"category": "Table", "position": [286.43635, 236.77480000000003], "size": [20.400725892576016, 12.963507990704285], "angle": -1.5707872226777813}, {"category": "CeilingLamp", "position": [250.00015000000002, 250.00000000000006], "size": [13.188240051269531, 13.18821029663087], "angle": 0.0}, {"category": "Nightstand", "position": [284.85328548303016, 310.75238876815973], "size": [22.495529937744152, 19.034700393676758], "angle": 0.0}]}]}]}