{"seed": 1, "floorplan": [{"rooms": [{"category": "Bedroom", "corners": [[187.0, 207.0], [187.0, 293.0], [313.0, 293.0], [313.0, 207.0], [187.0, 207.0]], "objects": [{"category": "DoubleBed", "position": [231.98988920531963, 244.0248504439535], "size": [68.92799835205079, 72.46979827880858], "angle": 0.0}]}]}]}