{"seed": 1, "floorplan": [{"rooms": [{"category": "Bedroom", "corners": [[169.0, 190.0], [169.0, 283.0], [298.0, 283.0], [299.0, 284.0], [299.0, 309.0], [298.0, 310.0], [331.0, 310.0], [331.0, 254.0], [330.0, 254.0], [329.0, 255.0], [296.0, 255.0], [295.0, 254.0], [295.0, 190.0], [169.0, 190.0]], "objects": [{"category": "DoubleBed", "position": [229.52904999999998, 227.05431542555476], "size": [49.232698059082054, 72.5498977661133], "angle": 0.0}, {"category": "PendantLamp", "position": [231.64345, 239.74075000000005], "size": [13.77314987182615, 13.773149871826178], "angle": 0.0}]}]}]}