{"seed": 1, "floorplan": [{"rooms": [{"category": "Bedroom", "corners": [[202.0, 179.0], [202.0, 319.0], [201.0, 320.0], [201.0, 321.0], [299.0, 321.0], [298.0, 320.0], [298.0, 203.0], [299.0, 202.0], [237.0, 202.0], [237.0, 219.0], [236.0, 220.0], [235.0, 220.0], [234.0, 219.0], [234.0, 201.0], [235.0, 200.0], [234.0, 200.0], [233.0, 199.0], [233.0, 189.0], [234.0, 188.0], [234.0, 179.0], [202.0, 179.0]], "objects": [{"category": "DoubleBed", "position": [267.1926608810994, 265.86115036199806], "size": [100.7238204480146, 60.840554817585094], "angle": -1.5707872226777826}, {"category": "Cabinet", "position": [294.5062447339141, 224.15702878491942], "size": [15.000136563621654, 12.000109250897301], "angle": -1.5707872226777817}, {"category": "Cabinet", "position": [294.5062963595123, 307.5637090736893], "size": [15.000136563621654, 12.000109250897301], "angle": -1.5707872226777817}]}]}]}