{"seed": 1, "floorplan": [{"rooms": [{"category": "Bedroom", "corners": [[205.0, 196.0], [205.0, 304.0], [295.0, 304.0], [295.0, 196.0], [205.0, 196.0]], "objects": [{"category": "DoubleBed", "position": [261.0534107622584, 242.08375542603866], "size": [66.45720598908898, 65.3408933357672], "angle": -3.141583549472679}, {"category": "Nightstand", "position": [290.7206785631947, 203.94428481350513], "size": [19.50017753270813, 12.030019801527978], "angle": -1.5707872226777844}, {"category": "Nightstand", "position": [291.02381559265217, 275.47758608750036], "size": [12.030019801528034, 19.500177532708157], "angle": -3.141583549472682}, {"category": "CeilingLamp", "position": [250.918, 241.73799999999997], "size": [17.592930221557594, 17.592930221557623], "angle": 0.0}]}]}]}