{"seed": 1, "floorplan": [{"rooms": [{"category": "Bedroom", "corners": [[224.0, 200.0], [224.0, 202.0], [223.0, 203.0], [211.0, 203.0], [211.0, 237.0], [210.0, 238.0], [162.0, 238.0], [162.0, 253.0], [161.0, 254.0], [152.0, 254.0], [152.0, 300.0], [311.0, 300.0], [312.0, 299.0], [327.0, 299.0], [327.0, 298.0], [329.0, 296.0], [329.0, 295.0], [333.0, 291.0], [333.0, 290.0], [336.0, 287.0], [336.0, 286.0], [339.0, 283.0], [339.0, 282.0], [341.0, 280.0], [341.0, 259.0], [342.0, 258.0], [348.0, 258.0], [348.0, 201.0], [342.0, 201.0], [341.0, 200.0], [224.0, 200.0]], "objects": [{"category": "DoubleBed", "position": [286.35199861580475, 238.78982205143672], "size": [69.50099945068362, 76.8407958984375], "angle": 0.0}, {"category": "PendantLamp", "position": [186.05349999999999, 268.5889], "size": [14.631120300292991, 14.629410552978527], "angle": 0.0}]}]}]}