{"seed": 1, "floorplan": [{"rooms": [{"category": "Bedroom", "corners": [[148.0, 200.0], [148.0, 300.0], [352.0, 300.0], [352.0, 272.0], [283.0, 272.0], [282.0, 271.0], [282.0, 200.0], [148.0, 200.0]], "objects": [{"category": "DoubleBed", "position": [208.97634999999997, 239.75193581587675], "size": [80.78700256347656, 79.6377044677734], "angle": 0.0}, {"category": "PendantLamp", "position": [206.94865, 249.98199999999997], "size": [13.452569961547852, 13.457130432128878], "angle": 0.0}]}]}]}