{"seed": 1, "floorplan": [{"rooms": [{"category": "Bedroom", "corners": [[199.0, 186.0], [199.0, 314.0], [301.0, 314.0], [301.0, 186.0], [199.0, 186.0]], "objects": [{"category": "DoubleBed", "position": [230.40380927792702, 258.81399999999996], "size": [63.49737984802659, 41.03767372335165], "angle": -9.104117114561631e-06}, {"category": "Nightstand", "position": [205.17942080219242, 221.28752528851422], "size": [7.339806622262795, 8.919891312474968], "angle": -9.10411711306545e-06}, {"category": "Nightstand", "position": [205.17942080219242, 296.34047471148574], "size": [7.339806622262795, 8.919891312474997], "angle": -9.10411711306545e-06}, {"category": "CeilingLamp", "position": [245.70999999999995, 256.147], "size": [24.00000000000003, 24.0], "angle": 0.0}]}]}]}