{"seed": 1, "floorplan": [{"rooms": [{"category": "Bedroom", "corners": [[204.0, 181.0], [204.0, 319.0], [296.0, 319.0], [296.0, 181.0], [204.0, 181.0]], "objects": [{"category": "DoubleBed", "position": [266.41353873039463, 239.8132], "size": [60.66025379865461, 58.2926327561525], "angle": -1.570787222677783}, {"category": "Cabinet", "position": [287.5193614201778, 277.09788232019446], "size": [17.56407935501587, 16.125146805893294], "angle": -1.5707872226777821}, {"category": "Cabinet", "position": [287.5193614201778, 205.26211767980547], "size": [17.564079355015895, 16.125146805893294], "angle": -1.5707872226777821}]}]}]}