{"seed": 1, "floorplan": [{"rooms": [{"category": "Bedroom", "corners": [[211.0, 192.0], [211.0, 308.0], [289.0, 308.0], [289.0, 192.0], [211.0, 192.0]], "objects": [{"category": "DoubleBed", "position": [256.15674552192064, 244.7604778118383], "size": [60.88765455058774, 65.97090090251066], "angle": -1.5707872226777833}, {"category": "Nightstand", "position": [282.48349598649486, 206.18807125618366], "size": [11.007160452633283, 11.007160452633226], "angle": -1.5707872226777824}, {"category": "Nightstand", "position": [281.9386334492377, 281.85018367079226], "size": [11.00691649298328, 11.00691649298322], "angle": -1.541236535399013}, {"category": "CeilingLamp", "position": [248.18949999999998, 240.9814], "size": [15.060000228881847, 15.060000228881847], "angle": 0.0}]}]}]}