{"seed": 1, "floorplan": [{"rooms": [{"category": "Bedroom", "corners": [[203.0, 188.0], [203.0, 312.0], [297.0, 312.0], [297.0, 188.0], [203.0, 188.0]], "objects": [{"category": "DoubleBed", "position": [260.49665059757655, 256.5635319851631], "size": [68.92862588918999, 72.4704580613494], "angle": -1.5707872226777824}, {"category": "Nightstand", "position": [286.7930341266904, 218.12832733677786], "size": [11.520105338629286, 11.520105338629257], "angle": -1.5707872226777828}, {"category": "Nightstand", "position": [289.9929961445354, 298.24917848979226], "size": [11.520105338629257, 11.520105338629257], "angle": -3.1415835494726796}, {"category": "PendantLamp", "position": [252.61450000000002, 255.91], "size": [15.303210067749035, 15.08414955139159], "angle": 0.0}]}]}]}