{"seed": 1, "floorplan": [{"rooms": [{"category": "Bedroom", "corners": [[193.0, 190.0], [193.0, 310.0], [307.0, 310.0], [307.0, 190.0], [193.0, 190.0]], "objects": [{"category": "DoubleBed", "position": [248.18094481240055, 273.47378283241414], "size": [48.486598205566395, 66.67650146484374], "angle": 3.141592653589793}, {"category": "Nightstand", "position": [210.5633993237661, 301.6735964779888], "size": [16.417469787597668, 10.5], "angle": 3.141592653589793}, {"category": "TVStand", "position": [241.8355, 198.03699999999998], "size": [81.25079956054688, 13.50002975463866], "angle": 0.0}, {"category": "PendantLamp", "position": [247.4875, 253.43800000000002], "size": [17.785350036621082, 8.035439872741733], "angle": 0.0}]}]}]}