{"seed": 1, "floorplan": [{"rooms": [{"category": "Bedroom", "corners": [[197.0, 203.0], [197.0, 297.0], [303.0, 297.0], [303.0, 203.0], [197.0, 203.0]], "objects": [{"category": "Nightstand", "position": [207.10719520003371, 207.1853294832061], "size": [24.08177947998047, 12.243929672241222], "angle": 0.0}, {"category": "DoubleBed", "position": [239.90469977261301, 240.176345739547], "size": [55.2273010253906, 74.23320007324222], "angle": 0.0}, {"category": "Table", "position": [284.6744717520071, 210.6629336199623], "size": [23.506949615478504, 6.738720130920399], "angle": 0.0}]}]}]}