{"seed": 1, "floorplan": [{"rooms": [{"category": "Bedroom", "corners": [[196.0, 184.0], [196.0, 316.0], [304.0, 316.0], [304.0, 184.0], [196.0, 184.0]], "objects": [{"category": "DoubleBed", "position": [235.07338661063994, 261.9280008590688], "size": [69.924335027526, 62.957374016200504], "angle": -9.104117113515056e-06}, {"category": "Nightstand", "position": [203.28207433138488, 219.77077309979512], "size": [14.547792128633732, 14.591353316237305], "angle": -9.104117113813794e-06}, {"category": "Nightstand", "position": [203.33608715348436, 304.2442271657794], "size": [14.547792128633732, 14.591353316237305], "angle": -9.104117113813794e-06}, {"category": "PendantLamp", "position": [246.7405, 255.36999999999998], "size": [18.14547042846678, 6.308460044860851], "angle": 0.0}]}]}]}