{"seed": 1, "floorplan": [{"rooms": [{"category": "Bedroom", "corners": [[204.0, 187.0], [204.0, 313.0], [296.0, 313.0], [296.0, 187.0], [204.0, 187.0]], "objects": [{"category": "DoubleBed", "position": [262.3095836362913, 253.77946674571783], "size": [60.65918258717807, 58.29160335496648], "angle": -1.560834508007702}, {"category": "Cabinet", "position": [286.02800992677805, 216.7000766998498], "size": [17.564079355015927, 16.125146805893294], "angle": -1.5707872226777821}, {"category": "Cabinet", "position": [285.33705819366094, 290.6641324589227], "size": [17.56407935501587, 16.125146805893237], "angle": -1.5707872226777821}, {"category": "CeilingLamp", "position": [248.78799999999998, 254.5435], "size": [13.173329544067371, 9.196139717102028], "angle": 0.0}]}]}]}