{"seed": 1, "floorplan": [{"rooms": [{"category": "Bedroom", "corners": [[205.0, 181.0], [205.0, 247.0], [204.0, 248.0], [179.0, 248.0], [179.0, 319.0], [225.0, 319.0], [225.0, 297.0], [226.0, 296.0], [321.0, 296.0], [321.0, 181.0], [205.0, 181.0]], "objects": [{"category": "DoubleBed", "position": [272.8055221037621, 262.1144611132624], "size": [51.27360076904296, 56.53320007324223], "angle": 3.141592653589793}, {"category": "PendantLamp", "position": [261.856, 240.118], "size": [20.21954956054691, 20.22011947631836], "angle": 0.0}, {"category": "Sofa", "position": [205.64499999999992, 269.314], "size": [15.185234138829305, 14.806515948932265], "angle": -0.7854036166213608}]}]}]}