{"seed": 1, "floorplan": [{"rooms": [{"category": "Bedroom", "corners": [[205.0, 192.0], [205.0, 307.0], [204.0, 308.0], [295.0, 308.0], [295.0, 193.0], [296.0, 192.0], [205.0, 192.0]], "objects": [{"category": "DoubleBed", "position": [241.9030713188657, 241.83979652739646], "size": [66.45720598908898, 65.34089333576718], "angle": -9.1041171143198e-06}, {"category": "Nightstand", "position": [212.52046690936373, 205.36560022973026], "size": [12.030019801528006, 19.500177532708157], "angle": -9.104117113767746e-06}, {"category": "Nightstand", "position": [211.53113944023983, 279.6084763965878], "size": [19.5001775327081, 12.030019801528034], "angle": -1.570805430912009}, {"category": "PendantLamp", "position": [250.95849999999996, 242.55700000000004], "size": [24.825659179687534, 24.827460479736317], "angle": 0.0}]}]}]}