{"seed": 1, "floorplan": [{"rooms": [{"category": "Bedroom", "corners": [[186.0, 198.0], [186.0, 235.0], [202.0, 235.0], [203.0, 236.0], [203.0, 237.0], [202.0, 238.0], [186.0, 238.0], [186.0, 302.0], [314.0, 302.0], [314.0, 198.0], [186.0, 198.0]], "objects": [{"category": "DoubleBed", "position": [256.72916992629484, 265.8261102373049], "size": [66.1316986083985, 71.21309967041017], "angle": 3.141592653589793}, {"category": "PendantLamp", "position": [221.4582617798005, 290.4485504192918], "size": [12.0217197418213, 12.023580551147461], "angle": 3.141592653589793}, {"category": "PendantLamp", "position": [294.38016177980046, 290.9234504192918], "size": [12.0217197418213, 12.023580551147461], "angle": 3.141592653589793}]}]}]}