{"seed": 1, "floorplan": [{"rooms": [{"category": "Bedroom", "corners": [[203.0, 199.0], [203.0, 301.0], [297.0, 301.0], [297.0, 199.0], [203.0, 199.0]], "objects": [{"category": "DoubleBed", "position": [248.45649999999998, 267.4996], "size": [48.39210205078126, 59.3175018310547], "angle": 3.141592653589793}, {"category": "CeilingLamp", "position": [251.39799999999997, 245.1952], "size": [19.776509857177757, 19.780979919433605], "angle": 0.0}]}]}]}