{"seed": 1, "floorplan": [{"rooms": [{"category": "Bedroom", "corners": [[178.0, 195.0], [178.0, 305.0], [322.0, 305.0], [322.0, 195.0], [178.0, 195.0]], "objects": [{"category": "Cabinet", "position": [246.89894064635533, 301.03220625808393], "size": [35.818498992919956, 10.57502975463865], "angle": 3.141592653589793}, {"category": "DoubleBed", "position": [255.3067054147638, 265.3904609814029], "size": [66.13169860839838, 71.21309967041009], "angle": 3.141592653589793}, {"category": "TVStand", "position": [257.3065, 202.6447], "size": [72.0, 13.800000000000011], "angle": 0.0}, {"category": "PendantLamp", "position": [264.0979, 243.84429999999998], "size": [16.78505973815919, 16.411380386352533], "angle": 0.0}]}]}]}