{"seed": 1, "floorplan": [{"rooms": [{"category": "Bedroom", "corners": [[275.0, 180.0], [275.0, 228.0], [274.0, 229.0], [194.0, 229.0], [194.0, 320.0], [306.0, 320.0], [306.0, 180.0], [275.0, 180.0]], "objects": [{"category": "DoubleBed", "position": [228.62940530937718, 286.57681019193365], "size": [67.5702135586098, 67.67101403686019], "angle": -9.104117114085614e-06}, {"category": "Nightstand", "position": [198.71543285587103, 248.88947198475978], "size": [13.506393182240544, 18.900172070163276], "angle": -9.104117113895041e-06}, {"category": "Shelf", "position": [299.82856833118376, 301.13893120850537], "size": [36.00032775269196, 12.103370231284835], "angle": -1.5707872226777821}, {"category": "Shelf", "position": [299.817404749102, 265.07170895436667], "size": [36.00032775269199, 12.103370231284892], "angle": -1.5707872226777821}]}]}]}