{"seed": 1, "floorplan": [{"rooms": [{"category": "Bedroom", "corners": [[166.0, 202.0], [166.0, 229.0], [220.0, 229.0], [221.0, 230.0], [221.0, 298.0], [334.0, 298.0], [334.0, 202.0], [166.0, 202.0]], "objects": [{"category": "DoubleBed", "position": [277.3178438211703, 262.786959457104], "size": [62.95785961968265, 69.9248743686454], "angle": -0.010659916016684371}, {"category": "Nightstand", "position": [316.87897288452643, 291.07559497350366], "size": [13.130939483642578, 10.769160461425713], "angle": 3.141592653589793}, {"category": "PendantLamp", "position": [281.4268, 243.7615], "size": [9.378325204147382, 36.362131431131495], "angle": -9.10411711585975e-06}]}]}]}