{"seed": 1, "floorplan": [{"rooms": [{"category": "Bedroom", "corners": [[172.0, 192.0], [172.0, 307.0], [171.0, 308.0], [328.0, 308.0], [328.0, 274.0], [297.0, 274.0], [295.0, 272.0], [295.0, 192.0], [172.0, 192.0]], "objects": [{"category": "DoubleBed", "position": [240.3931, 224.57305], "size": [48.97559967041016, 59.26050109863283], "angle": 0.0}, {"category": "PendantLamp", "position": [237.9826, 253.92055000000005], "size": [13.452569961547852, 13.457130432128935], "angle": 3.141592653589793}]}]}]}