{"seed": 1, "floorplan": [{"rooms": [{"category": "Bedroom", "corners": [[183.0, 208.0], [183.0, 292.0], [317.0, 292.0], [317.0, 208.0], [183.0, 208.0]], "objects": [{"category": "DoubleBed", "position": [249.77786695789894, 241.08024418172963], "size": [48.39210205078126, 59.3175018310547], "angle": 0.0}, {"category": "Nightstand", "position": [286.03367518801974, 214.75097134510142], "size": [12.602340316772427, 12.599999999999994], "angle": 0.0}, {"category": "Table", "position": [202.78223217386955, 216.76856042061988], "size": [43.47089996337891, 19.554780578613247], "angle": 0.0}]}]}]}