{"seed": 1, "floorplan": [{"rooms": [{"category": "Bedroom", "corners": [[224.0, 186.0], [213.0, 197.0], [212.0, 197.0], [207.0, 202.0], [207.0, 264.0], [206.0, 265.0], [205.0, 265.0], [205.0, 314.0], [212.0, 314.0], [212.0, 313.0], [213.0, 312.0], [295.0, 312.0], [295.0, 186.0], [224.0, 186.0]], "objects": [{"category": "DoubleBed", "position": [258.59561594831615, 237.58866516172822], "size": [65.02829283355267, 60.53065056794495], "angle": -3.141583549472679}, {"category": "CeilingLamp", "position": [251.32088684335653, 243.69191696307962], "size": [16.499901775332074, 16.499901775332102], "angle": -0.010457132833322627}]}]}]}