{"seed": 1, "floorplan": [{"rooms": [{"category": "Bedroom", "corners": [[206.0, 193.0], [206.0, 307.0], [294.0, 307.0], [294.0, 193.0], [206.0, 193.0]], "objects": [{"category": "DoubleBed", "position": [241.68692637349437, 242.59084182379593], "size": [61.82306193143094, 70.34674030139327], "angle": -1.5708054309120103}, {"category": "Nightstand", "position": [212.1800405942742, 206.3527103925719], "size": [11.252322596737637, 11.252322596737637], "angle": -1.57080543091201}, {"category": "Nightstand", "position": [212.0722845312286, 279.04914665325543], "size": [11.252322596737637, 11.252322596737637], "angle": -9.104117118621728e-06}, {"category": "PendantLamp", "position": [251.32449999999994, 242.78500000000003], "size": [28.89150009155273, 9.024120140075667], "angle": 0.0}]}]}]}