{"seed": 1, "floorplan": [{"rooms": [{"category": "Bedroom", "corners": [[201.0, 166.0], [201.0, 333.0], [200.0, 334.0], [230.0, 334.0], [230.0, 301.0], [231.0, 300.0], [299.0, 300.0], [299.0, 167.0], [300.0, 166.0], [201.0, 166.0]], "objects": [{"category": "PendantLamp", "position": [245.5441, 228.60219999999993], "size": [23.250629425048857, 7.498860168457043], "angle": 0.0}, {"category": "DoubleBed", "position": [264.87556729765913, 230.93019999999996], "size": [62.324368070108555, 69.33603011095785], "angle": -1.5707872226777828}]}]}]}