{"seed": 1, "floorplan": [{"rooms": [{"category": "Bedroom", "corners": [[184.0, 206.0], [184.0, 294.0], [316.0, 294.0], [316.0, 206.0], [184.0, 206.0]], "objects": [{"category": "DoubleBed", "position": [285.12596816785947, 252.06901318806683], "size": [72.03875552266265, 61.468159103171345], "angle": -1.5707872226777826}, {"category": "Cabinet", "position": [309.82193240008075, 289.37249599817244], "size": [13.593753596724282, 15.829314339638335], "angle": -1.5707872226777848}, {"category": "Cabinet", "position": [309.55983748794085, 213.5407172797581], "size": [13.593753596724282, 15.829314339638335], "angle": -1.5707872226777848}, {"category": "PendantLamp", "position": [256.9435, 253.3195], "size": [3.6639301300048714, 3.697019863128645], "angle": 0.0}]}]}]}