{"seed": 1, "floorplan": [{"rooms": [{"category": "Bedroom", "corners": [[204.0, 171.0], [204.0, 200.0], [211.0, 200.0], [212.0, 201.0], [212.0, 206.0], [211.0, 207.0], [204.0, 207.0], [204.0, 329.0], [296.0, 329.0], [296.0, 207.0], [253.0, 207.0], [252.0, 206.0], [252.0, 200.0], [250.0, 200.0], [249.0, 199.0], [249.0, 177.0], [205.0, 177.0], [204.0, 176.0], [204.0, 173.0], [205.0, 172.0], [227.0, 172.0], [228.0, 171.0], [254.0, 171.0], [204.0, 171.0]], "objects": [{"category": "Armchair", "position": [251.06155952169553, 311.4097570576812], "size": [17.716289520263672, 18.920879745483433], "angle": 0.0}, {"category": "DoubleBed", "position": [257.03737438867745, 268.19057777433716], "size": [75.18698517341409, 67.7940162553247], "angle": -1.5707872226777826}]}]}]}