{"seed": 1, "floorplan": [{"rooms": [{"category": "Bedroom", "corners": [[188.0, 180.0], [188.0, 320.0], [312.0, 320.0], [312.0, 180.0], [188.0, 180.0]], "objects": [{"category": "DoubleBed", "position": [223.07101886233073, 249.98784999999998], "size": [70.22193905531965, 56.54661466286132], "angle": -9.104117114298185e-06}, {"category": "Nightstand", "position": [195.97800298930113, 291.5701358111728], "size": [15.495260547627256, 17.99857427752341], "angle": -9.104117115385316e-06}, {"category": "Nightstand", "position": [196.1445945548685, 208.42956418882721], "size": [15.495260547627256, 17.99857427752341], "angle": -9.104117113551097e-06}]}]}]}