{"seed": 1, "floorplan": [{"rooms": [{"category": "Bedroom", "corners": [[160.0, 194.0], [160.0, 306.0], [340.0, 306.0], [340.0, 273.0], [284.0, 273.0], [283.0, 272.0], [283.0, 194.0], [160.0, 194.0]], "objects": [{"category": "DoubleBed", "position": [214.94139105509078, 228.48391321364278], "size": [52.212300109863264, 68.18940124511721], "angle": 0.0}, {"category": "Cabinet", "position": [252.87606881033759, 202.29444341278855], "size": [17.142060470581043, 11.775029754638666], "angle": 0.0}, {"category": "Cabinet", "position": [176.9883688103376, 202.29444341278855], "size": [17.142060470581043, 11.775029754638666], "angle": 0.0}]}]}]}