{"seed": 1, "floorplan": [{"rooms": [{"category": "Bedroom", "corners": [[205.0, 178.0], [205.0, 322.0], [295.0, 322.0], [295.0, 178.0], [205.0, 178.0]], "objects": [{"category": "DoubleBed", "position": [238.54259643992435, 218.60421882373706], "size": [63.49737984802656, 41.03767372335165], "angle": -9.104117114114032e-06}, {"category": "Cabinet", "position": [214.53618514833406, 271.2570598263253], "size": [17.274097161749378, 37.588541827523244], "angle": -9.104117114234464e-06}, {"category": "Armchair", "position": [232.76957870804767, 269.6657958142806], "size": [13.086808902684034, 12.405472972520862], "angle": -3.1415835494726796}, {"category": "Nightstand", "position": [212.12464324283235, 186.78159568430536], "size": [7.339806622262767, 8.91989131247494], "angle": -9.104117116937755e-06}]}]}]}