{"seed": 1, "floorplan": [{"rooms": [{"category": "Bedroom", "corners": [[172.0, 200.0], [172.0, 300.0], [328.0, 300.0], [328.0, 200.0], [172.0, 200.0]], "objects": [{"category": "Armchair", "position": [301.6400744245713, 227.75155663108103], "size": [18.036027670495667, 15.551998524976371], "angle": -1.243517933538619}, {"category": "Cabinet", "position": [181.06146672566734, 262.3855], "size": [18.500808540495555, 69.1212271299669], "angle": -9.104117113670962e-06}, {"category": "DoubleBed", "position": [256.6205175989518, 236.31811293244203], "size": [64.0281005859375, 70.63289794921877], "angle": 0.0}, {"category": "Nightstand", "position": [217.54908291902524, 208.16231868484917], "size": [15.202890014648432, 15.71714973449707], "angle": 0.0}]}]}]}