{"seed": 1, "floorplan": [{"rooms": [{"category": "Bedroom", "corners": [[194.0, 201.0], [194.0, 299.0], [306.0, 299.0], [306.0, 201.0], [194.0, 201.0]], "objects": [{"category": "Nightstand", "position": [210.2378597647761, 291.8128270418954], "size": [8.919810104370129, 7.339739799499512], "angle": 3.141592653589793}, {"category": "PendantLamp", "position": [245.45804855071532, 250.5632269353309], "size": [17.625090408325207, 17.564459609985363], "angle": 0.0}, {"category": "DoubleBed", "position": [246.89524077566483, 261.57392753708535], "size": [41.03730010986334, 63.496801757812534], "angle": 3.141592653589793}, {"category": "TVStand", "position": [243.9014938597237, 208.8362531162371], "size": [15.390029527994527, 60.00000000872392], "angle": -1.5766363599906739}]}]}]}