{"seed": 1, "floorplan": [{"rooms": [{"category": "Bedroom", "corners": [[205.0, 169.0], [204.0, 170.0], [204.0, 331.0], [295.0, 331.0], [296.0, 330.0], [296.0, 169.0], [205.0, 169.0]], "objects": [{"category": "DoubleBed", "position": [240.7550937460039, 269.07565], "size": [70.06743783182142, 63.88048117519724], "angle": -9.104117114065095e-06}, {"category": "Cabinet", "position": [212.0719259831034, 225.29724133308258], "size": [13.196249748904389, 15.342770069363942], "angle": -9.104117115203558e-06}, {"category": "Cabinet", "position": [210.9959660215634, 312.9812586669174], "size": [13.19624974890433, 15.342770069364], "angle": -9.104117115203597e-06}, {"category": "PendantLamp", "position": [250.0, 258.44575], "size": [25.093679809570347, 25.092210388183588], "angle": 0.0}]}]}]}