{"seed": 1, "floorplan": [{"rooms": [{"category": "Bedroom", "corners": [[199.0, 189.0], [199.0, 311.0], [301.0, 311.0], [301.0, 189.0], [199.0, 189.0]], "objects": [{"category": "Table", "position": [217.3388999266717, 248.76731768602764], "size": [36.132418559373534, 117.03991390344538], "angle": -0.00015053195814599806}, {"category": "Cabinet", "position": [236.10555732762106, 305.7246306598046], "size": [71.47710183572951, 13.847339765830881], "angle": -0.0001399999990859938}, {"category": "DoubleBed", "position": [237.7251496143238, 237.51428696747536], "size": [72.54953264641046, 49.23245028715349], "angle": -0.00015053195814638284}]}]}]}