{"seed": 1, "floorplan": [{"rooms": [{"category": "Bedroom", "corners": [[208.0, 186.0], [208.0, 203.0], [207.0, 204.0], [207.0, 307.0], [208.0, 308.0], [208.0, 312.0], [207.0, 313.0], [207.0, 314.0], [293.0, 314.0], [293.0, 186.0], [208.0, 186.0]], "objects": [{"category": "DoubleBed", "position": [240.5221369183901, 258.9385], "size": [65.97090090251066, 60.88765455058774], "angle": -9.10411711439101e-06}, {"category": "Nightstand", "position": [214.90673273723593, 299.15017647963487], "size": [11.007160452633226, 11.007160452633169], "angle": -9.104117119309737e-06}, {"category": "Nightstand", "position": [214.90673273723593, 219.27282352036505], "size": [11.007160452633226, 11.007160452633226], "angle": -9.104117114145514e-06}, {"category": "PendantLamp", "position": [250.40949999999998, 258.59049999999996], "size": [18.603269577026367, 9.572550201415993], "angle": 0.0}]}]}]}