{"seed": 1, "floorplan": [{"rooms": [{"category": "Bedroom", "corners": [[186.0, 205.0], [186.0, 264.0], [185.0, 265.0], [179.0, 265.0], [179.0, 291.0], [180.0, 290.0], [185.0, 290.0], [186.0, 291.0], [186.0, 295.0], [321.0, 295.0], [321.0, 205.0], [186.0, 205.0]], "objects": [{"category": "DoubleBed", "position": [274.5903591763429, 239.160933463915], "size": [61.905001831054676, 63.68009948730469], "angle": 0.0}, {"category": "Nightstand", "position": [312.83776045849527, 213.26641971266076], "size": [22.495529937744095, 19.034700393676758], "angle": 0.0}]}]}]}