{"seed": 1, "floorplan": [{"rooms": [{"category": "Bedroom", "corners": [[199.0, 195.0], [199.0, 305.0], [301.0, 305.0], [301.0, 195.0], [199.0, 195.0]], "objects": [{"category": "DoubleBed", "position": [230.57336106289435, 239.48523033746136], "size": [62.55386997642482, 63.50637956375045], "angle": -9.10411711401679e-06}, {"category": "Nightstand", "position": [203.61745983122665, 275.19482355043516], "size": [16.84620325148694, 12.69104571707374], "angle": -1.5708054309120103}, {"category": "Nightstand", "position": [203.5464161648495, 204.46999450530848], "size": [12.69104571707371, 16.84620325148694], "angle": -9.10411711362397e-06}, {"category": "PendantLamp", "position": [242.09500000000003, 240.13600000000002], "size": [16.325880432128912, 16.325880432128912], "angle": 0.0}]}]}]}