{"seed": 1, "floorplan": [{"rooms": [{"category": "Bedroom", "corners": [[200.0, 184.0], [200.0, 291.0], [220.0, 291.0], [221.0, 292.0], [221.0, 316.0], [262.0, 316.0], [262.0, 292.0], [263.0, 291.0], [300.0, 291.0], [300.0, 184.0], [200.0, 184.0]], "objects": [{"category": "DoubleBed", "position": [234.0188570653656, 246.8234558807339], "size": [65.97090090251069, 60.88765455058774], "angle": -9.104117114391005e-06}, {"category": "Cabinet", "position": [206.49885510101723, 210.42335579240248], "size": [9.241524146371953, 16.392119298709012], "angle": -9.104117114469079e-06}, {"category": "Cabinet", "position": [202.71009339524255, 285.3744780937792], "size": [9.241524146371924, 16.392119298709012], "angle": -9.104117114469108e-06}, {"category": "PendantLamp", "position": [249.4975, 240.8935], "size": [58.44989776611328, 3.599999999999966], "angle": 0.0}]}]}]}