{"seed": 1, "floorplan": [{"rooms": [{"category": "Bedroom", "corners": [[204.0, 200.0], [204.0, 263.0], [203.0, 264.0], [173.0, 264.0], [173.0, 300.0], [327.0, 300.0], [327.0, 200.0], [204.0, 200.0]], "objects": [{"category": "TVStand", "position": [271.44040578943265, 291.015453927235], "size": [33.000011094598165, 18.000006051598984], "angle": -0.0008199998162109176}, {"category": "Nightstand", "position": [311.1006209982065, 206.0779005862337], "size": [16.51719017028813, 16.496460342407232], "angle": 0.0}, {"category": "Nightstand", "position": [227.2910074398181, 205.10667198852335], "size": [16.517190170288075, 16.496460342407232], "angle": 0.0}, {"category": "DoubleBed", "position": [271.36371107783174, 233.76302671449778], "size": [66.22019805908204, 67.49399871826171], "angle": 0.0}]}]}]}