{"seed": 1, "floorplan": [{"rooms": [{"category": "Bedroom", "corners": [[136.0, 198.0], [136.0, 227.0], [137.0, 227.0], [138.0, 226.0], [216.0, 226.0], [218.0, 228.0], [218.0, 301.0], [217.0, 302.0], [364.0, 302.0], [364.0, 198.0], [136.0, 198.0]], "objects": [{"category": "DoubleBed", "position": [294.67599999999993, 264.8224664143904], "size": [65.34029846191407, 66.45660095214839], "angle": 3.141592653589793}, {"category": "Nightstand", "position": [339.94254975916095, 294.9378228300358], "size": [19.5, 12.029910278320244], "angle": 3.141592653589793}, {"category": "Nightstand", "position": [251.107450240839, 294.9378228300358], "size": [19.5, 12.029910278320244], "angle": 3.141592653589793}, {"category": "PendantLamp", "position": [296.25399999999996, 241.04049999999998], "size": [24.825659179687477, 24.827460479736317], "angle": 0.0}]}]}]}