{"seed": 1, "floorplan": [{"rooms": [{"category": "Bedroom", "corners": [[193.0, 188.0], [193.0, 312.0], [307.0, 312.0], [307.0, 188.0], [193.0, 188.0]], "objects": [{"category": "CeilingLamp", "position": [250.0, 257.1847], "size": [24.00000000000003, 24.0], "angle": 0.0}, {"category": "DoubleBed", "position": [226.04769999999996, 251.5789], "size": [56.46321394018902, 54.40129483856077], "angle": -9.104117114359644e-06}, {"category": "Nightstand", "position": [199.4662, 214.07800000000003], "size": [10.630506785481419, 10.723417635018624], "angle": -9.104117112981122e-06}, {"category": "Table", "position": [208.76739999999995, 294.3478], "size": [15.503031156702189, 30.000273127243307], "angle": -9.104117115302205e-06}]}]}]}