{"seed": 1, "floorplan": [{"rooms": [{"category": "Bedroom", "corners": [[203.0, 189.0], [203.0, 311.0], [297.0, 311.0], [297.0, 189.0], [203.0, 189.0]], "objects": [{"category": "DoubleBed", "position": [236.44526043227805, 261.6445], "size": [60.88765455058774, 65.97090090251066], "angle": -1.5708054309120105}, {"category": "TVStand", "position": [287.323, 261.09850000000006], "size": [50.8504629506774, 12.690145058849561], "angle": -1.570787222677782}, {"category": "PendantLamp", "position": [247.05100000000004, 258.25149999999996], "size": [18.603269577026396, 9.572550201416021], "angle": 0.0}]}]}]}