{"seed": 1, "floorplan": [{"rooms": [{"category": "Bedroom", "corners": [[191.0, 200.0], [191.0, 300.0], [309.0, 300.0], [309.0, 200.0], [191.0, 200.0]], "objects": [{"category": "DoubleBed", "position": [258.805, 264.106], "size": [69.48329772949216, 65.1566986083985], "angle": 3.141592653589793}, {"category": "PendantLamp", "position": [259.345, 251.09799999999996], "size": [38.061000823974666, 33.80459976196286], "angle": 0.0}]}]}]}