{"seed": 1, "floorplan": [{"rooms": [{"category": "Bedroom", "corners": [[274.0, 206.0], [273.0, 207.0], [192.0, 207.0], [192.0, 294.0], [193.0, 294.0], [194.0, 293.0], [273.0, 293.0], [274.0, 294.0], [308.0, 294.0], [308.0, 265.0], [285.0, 265.0], [284.0, 264.0], [284.0, 259.0], [285.0, 258.0], [308.0, 258.0], [308.0, 206.0], [274.0, 206.0]], "objects": [{"category": "Nightstand", "position": [201.17814542415613, 214.10922764847427], "size": [12.599999999999994, 13.182419586181624], "angle": 0.0}, {"category": "DoubleBed", "position": [237.36255962063342, 241.0664403579798], "size": [64.56059875488282, 69.31320190429688], "angle": 0.0}, {"category": "Cabinet", "position": [297.799, 240.48538461538683], "size": [66.0006008799352, 18.41920798985193], "angle": -1.5707872226777828}, {"category": "PendantLamp", "position": [236.10099999999997, 250.55200000000002], "size": [33.23250045776368, 33.23250045776368], "angle": 0.0}]}]}]}