{"seed": 1, "floorplan": [{"rooms": [{"category": "Bedroom", "corners": [[178.0, 203.0], [178.0, 297.0], [322.0, 297.0], [322.0, 269.0], [299.0, 269.0], [298.0, 268.0], [298.0, 203.0], [178.0, 203.0]], "objects": [{"category": "DoubleBed", "position": [225.06399999999996, 237.7836676228841], "size": [71.41710205078124, 68.56770172119144], "angle": 0.0}, {"category": "PendantLamp", "position": [232.21, 253.8415], "size": [8.049103012060517, 8.049103012060574], "angle": -9.104117113102766e-06}, {"category": "TVStand", "position": [226.92467381259667, 290.1417816286363], "size": [54.040498352050804, 12.006840133667026], "angle": 3.141592653589793}]}]}]}