{"seed": 1, "floorplan": [{"rooms": [{"category": "Bedroom", "corners": [[204.0, 190.0], [204.0, 310.0], [296.0, 310.0], [296.0, 190.0], [204.0, 190.0]], "objects": [{"category": "DoubleBed", "position": [238.72544889955756, 238.04727456272803], "size": [58.29263275615256, 60.66025379865464], "angle": -9.104117114226597e-06}, {"category": "Nightstand", "position": [209.86947946845274, 198.33966532967094], "size": [10.843719023230292, 16.043156008166477], "angle": -9.104117116290977e-06}, {"category": "Nightstand", "position": [209.86947946845274, 278.57317518380466], "size": [10.843719023230292, 16.043156008166562], "angle": -9.10411711104892e-06}, {"category": "PendantLamp", "position": [250.0, 243.99999999999997], "size": [23.250629425048828, 7.498860168457043], "angle": 0.0}]}]}]}