{"seed": 1, "floorplan": [{"rooms": [{"category": "Bedroom", "corners": [[273.0, 168.0], [273.0, 226.0], [272.0, 227.0], [184.0, 227.0], [184.0, 332.0], [316.0, 332.0], [316.0, 168.0], [273.0, 168.0]], "objects": [{"category": "DoubleBed", "position": [237.2608921233047, 295.793262650992], "size": [58.57679901123049, 71.77949981689454], "angle": 3.141592653589793}, {"category": "Nightstand", "position": [276.3275319250671, 323.93972615266125], "size": [9.28028984069823, 6.96233997344973], "angle": 3.141592653589793}, {"category": "Nightstand", "position": [198.33062716455026, 323.40663345187926], "size": [9.28028984069826, 6.96233997344973], "angle": 3.141592653589793}, {"category": "PendantLamp", "position": [240.71875047241383, 280.81350329349686], "size": [35.59832519142972, 13.090349736922331], "angle": -1.5707872226777826}]}]}]}