{"seed": 1, "floorplan": [{"rooms": [{"category": "Bedroom", "corners": [[172.0, 186.0], [172.0, 315.0], [173.0, 314.0], [327.0, 314.0], [328.0, 315.0], [328.0, 276.0], [266.0, 276.0], [265.0, 275.0], [265.0, 186.0], [172.0, 186.0]], "objects": [{"category": "DoubleBed", "position": [205.5223146515896, 242.3737597569389], "size": [62.436269418466, 53.12448420304384], "angle": -9.104117114321836e-06}, {"category": "Nightstand", "position": [180.3827530972581, 286.0458401904269], "size": [13.500122907259478, 14.419601111708904], "angle": -9.104117111918148e-06}, {"category": "Nightstand", "position": [180.6451629633092, 201.10436374618746], "size": [13.500122907259506, 14.419601111708875], "angle": -9.104117116128715e-06}, {"category": "CeilingLamp", "position": [219.841, 234.18099999999995], "size": [18.239999771118136, 18.179999542236345], "angle": 0.0}]}]}]}