{"seed": 1, "floorplan": [{"rooms": [{"category": "Bedroom", "corners": [[315.0, 193.0], [314.0, 194.0], [184.0, 194.0], [184.0, 223.0], [213.0, 223.0], [214.0, 224.0], [214.0, 306.0], [316.0, 306.0], [316.0, 193.0], [315.0, 193.0]], "objects": [{"category": "DoubleBed", "position": [278.88335502729655, 257.67780718819324], "size": [60.66025379865461, 58.2926327561525], "angle": -1.5707872226777826}, {"category": "Nightstand", "position": [307.9724696542159, 291.94454063241415], "size": [16.043156008166505, 10.843719023230266], "angle": -1.570787222677786}, {"category": "Table", "position": [291.1012296781592, 216.70681148393405], "size": [45.820317668132475, 46.302420445944506], "angle": -3.1415835494726787}, {"category": "Chair", "position": [293.49525142955815, 204.82649171652065], "size": [14.181608756390135, 14.146418998150729], "angle": -9.104117113835671e-06}]}]}]}