{"seed": 1, "floorplan": [{"rooms": [{"category": "Bedroom", "corners": [[168.0, 196.0], [168.0, 304.0], [332.0, 304.0], [332.0, 236.0], [279.0, 236.0], [278.0, 235.0], [278.0, 196.0], [168.0, 196.0]], "objects": [{"category": "DoubleBed", "position": [222.7765, 242.1068823748965], "size": [62.53260040283203, 89.56799926757813], "angle": 0.0}, {"category": "CornerSideTable", "position": [179.91595785229867, 204.95894534680505], "size": [15.734400558471691, 15.734400558471691], "angle": 0.0}, {"category": "CornerSideTable", "position": [265.8740421477013, 204.95894534680505], "size": [15.734400558471691, 15.734400558471691], "angle": 0.0}]}]}]}