{"seed": 1, "floorplan": [{"rooms": [{"category": "Bedroom", "corners": [[209.0, 191.0], [209.0, 309.0], [291.0, 309.0], [291.0, 210.0], [259.0, 210.0], [258.0, 209.0], [258.0, 191.0], [209.0, 191.0]], "objects": [{"category": "CeilingLamp", "position": [255.169, 247.6315], "size": [16.489860534667997, 16.493489456176746], "angle": 0.0}, {"category": "DoubleBed", "position": [255.07485795748593, 254.76401601881042], "size": [60.53065056794495, 65.02829283355267], "angle": -1.5707872226777824}, {"category": "Nightstand", "position": [282.78678566146925, 219.65359963047803], "size": [8.59192145544969, 14.51643818606054], "angle": -0.014954161948804574}, {"category": "Nightstand", "position": [282.4068844362888, 291.30039901301427], "size": [14.516508194304821, 8.59196289160152], "angle": -1.5423563331491006}]}]}]}