{"seed": 1, "floorplan": [{"rooms": [{"category": "Bedroom", "corners": [[177.0, 212.0], [177.0, 288.0], [323.0, 288.0], [323.0, 212.0], [177.0, 212.0]], "objects": [{"category": "Nightstand", "position": [295.4635631709583, 282.26002043939906], "size": [9.31610984802245, 9.371430015563988], "angle": 3.141592653589793}, {"category": "Nightstand", "position": [221.56663105411553, 280.8881810554087], "size": [9.316109848022478, 9.37143001556393], "angle": 3.141592653589793}, {"category": "DoubleBed", "position": [257.83006654331245, 256.7768627441372], "size": [65.52120208740232, 62.71260223388671], "angle": 3.141592653589793}]}]}]}