{"seed": 1, "floorplan": [{"rooms": [{"category": "Bedroom", "corners": [[166.0, 204.0], [166.0, 265.0], [165.0, 266.0], [159.0, 266.0], [159.0, 293.0], [165.0, 293.0], [166.0, 294.0], [166.0, 296.0], [341.0, 296.0], [341.0, 204.0], [166.0, 204.0]], "objects": [{"category": "DoubleBed", "position": [252.8764, 237.79316514083763], "size": [46.989898681640625, 66.94949798583986], "angle": 0.0}, {"category": "Chair", "position": [215.37836447677614, 211.02729526976765], "size": [12.930389785766579, 13.505820465087908], "angle": 0.0}, {"category": "Chair", "position": [291.12233552322385, 211.02729526976765], "size": [12.930389785766579, 13.505820465087908], "angle": 0.0}, {"category": "Cabinet", "position": [331.58478822358694, 250.00001123686667], "size": [9.584277243962308, 47.075530816983424], "angle": -3.14158354947268}]}]}]}