{"seed": 1, "floorplan": [{"rooms": [{"category": "Bedroom", "corners": [[195.0, 142.0], [195.0, 358.0], [305.0, 358.0], [305.0, 220.0], [228.0, 220.0], [227.0, 219.0], [227.0, 142.0], [195.0, 142.0]], "objects": [{"category": "DoubleBed", "position": [271.0065821436101, 298.5175], "size": [37.980345321322154, 67.75741771655944], "angle": -1.5707872226777828}, {"category": "Cabinet", "position": [297.93893326634634, 337.52485424961657], "size": [16.762772773905063, 12.54179394627464], "angle": -1.5707872226777808}, {"category": "Cabinet", "position": [297.93893326634634, 259.5071457503834], "size": [16.762772773905063, 12.54179394627464], "angle": -1.5707872226777808}, {"category": "PendantLamp", "position": [249.4135, 296.3995], "size": [17.62509040832518, 17.564459609985306], "angle": 0.0}]}]}]}