{"seed": 1, "floorplan": [{"rooms": [{"category": "Bedroom", "corners": [[209.0, 183.0], [209.0, 317.0], [291.0, 317.0], [291.0, 183.0], [209.0, 183.0]], "objects": [{"category": "DoubleBed", "position": [256.55496704134885, 258.32918671947573], "size": [68.56832597810309, 71.41775224932147], "angle": -3.1415835494726787}, {"category": "Nightstand", "position": [284.0492494697717, 213.67029126917421], "size": [18.64471930502769, 17.99797345723412], "angle": -1.5707872226777824}, {"category": "Nightstand", "position": [284.17780878201916, 300.8727662376119], "size": [18.64471930502766, 17.99797345723412], "angle": -1.5707872226777824}]}]}]}