{"seed": 1, "floorplan": [{"rooms": [{"category": "Bedroom", "corners": [[244.0, 154.0], [244.0, 217.0], [243.0, 218.0], [223.0, 218.0], [222.0, 217.0], [222.0, 214.0], [198.0, 214.0], [198.0, 217.0], [197.0, 218.0], [158.0, 218.0], [158.0, 293.0], [157.0, 294.0], [156.0, 294.0], [158.0, 294.0], [159.0, 295.0], [159.0, 325.0], [175.0, 325.0], [176.0, 326.0], [176.0, 344.0], [175.0, 345.0], [175.0, 346.0], [344.0, 346.0], [344.0, 216.0], [275.0, 216.0], [274.0, 215.0], [274.0, 154.0], [244.0, 154.0]], "objects": [{"category": "Nightstand", "position": [332.04302281668754, 250.16025412457904], "size": [12.000109250897301, 11.613765783003611], "angle": -1.5707872226777788}, {"category": "Nightstand", "position": [334.14850838937195, 327.0936578580274], "size": [12.000109250897358, 11.613765783003611], "angle": -1.5707872226777788}, {"category": "DoubleBed", "position": [310.1232595664901, 289.86141796435936], "size": [63.52407686842424, 62.82267125175916], "angle": -1.570787222677783}, {"category": "PendantLamp", "position": [333.175845604335, 324.46010565960967], "size": [3.3112798690795557, 3.2906699180603027], "angle": 0.0}]}]}]}