{"seed": 1, "floorplan": [{"rooms": [{"category": "Bedroom", "corners": [[294.0, 186.0], [293.0, 187.0], [206.0, 187.0], [206.0, 314.0], [207.0, 313.0], [294.0, 313.0], [294.0, 186.0]], "objects": [{"category": "DoubleBed", "position": [262.7243764435582, 249.06081095294323], "size": [62.889574021497225, 81.86054446571228], "angle": -3.1415835494726787}, {"category": "Cabinet", "position": [212.48350000000002, 249.9445], "size": [11.99860891680346, 54.12859338123407], "angle": -9.10411711530137e-06}, {"category": "Armchair", "position": [241.59810644844256, 293.28359393118205], "size": [14.61990343149535, 16.636607616004447], "angle": -1.2039075217324138}, {"category": "CeilingLamp", "position": [250.6975, 248.27049999999997], "size": [13.188240051269531, 13.18821029663087], "angle": 0.0}]}]}]}