{"seed": 1, "floorplan": [{"rooms": [{"category": "Bedroom", "corners": [[196.0, 204.0], [196.0, 258.0], [195.0, 259.0], [178.0, 259.0], [178.0, 296.0], [301.0, 296.0], [301.0, 261.0], [302.0, 260.0], [322.0, 260.0], [322.0, 204.0], [196.0, 204.0]], "objects": [{"category": "DoubleBed", "position": [257.0425, 243.96549999999996], "size": [55.2273010253906, 74.23320007324216], "angle": 0.0}, {"category": "Nightstand", "position": [295.0825, 210.96249999999998], "size": [24.08177947998047, 12.243929672241222], "angle": 0.0}, {"category": "Cabinet", "position": [308.7655, 254.63350000000003], "size": [18.060000228881847, 10.140299606323254], "angle": 3.141592653589793}, {"category": "PendantLamp", "position": [256.3045, 252.40449999999998], "size": [26.626261138915993, 26.387310791015608], "angle": 0.0}]}]}]}