{"seed": 1, "floorplan": [{"rooms": [{"category": "Bedroom", "corners": [[193.0, 207.0], [193.0, 293.0], [307.0, 293.0], [307.0, 287.0], [306.0, 286.0], [306.0, 261.0], [307.0, 260.0], [307.0, 207.0], [193.0, 207.0]], "objects": [{"category": "Cabinet", "position": [202.7366397621642, 261.6024528134201], "size": [11.773937605613183, 22.501465995830188], "angle": -9.104117111580317e-06}, {"category": "DoubleBed", "position": [261.63250000000005, 239.14000000000001], "size": [46.32089996337896, 63.807897949218784], "angle": 0.0}, {"category": "Nightstand", "position": [295.5445, 213.676], "size": [14.956440353393532, 12.00585021972654], "angle": 0.0}]}]}]}