{"seed": 1, "floorplan": [{"rooms": [{"category": "Bedroom", "corners": [[180.0, 210.0], [180.0, 290.0], [320.0, 290.0], [320.0, 210.0], [180.0, 210.0]], "objects": [{"category": "DoubleBed", "position": [255.94857546305326, 242.408754080476], "size": [52.763099670410156, 64.44029846191407], "angle": 0.0}, {"category": "Cabinet", "position": [212.4056632391153, 220.5788300355781], "size": [14.576100540161121, 9.973919677734358], "angle": 0.0}, {"category": "Cabinet", "position": [298.3144829696147, 220.57794817649003], "size": [14.576100540161121, 9.973919677734358], "angle": 0.0}, {"category": "PendantLamp", "position": [256.78299999999996, 251.08299999999997], "size": [20.296259307861305, 18.390750503540033], "angle": 0.0}]}]}]}