{"seed": 1, "floorplan": [{"rooms": [{"category": "Bedroom", "corners": [[204.0, 185.0], [204.0, 315.0], [296.0, 315.0], [296.0, 185.0], [204.0, 185.0]], "objects": [{"category": "DoubleBed", "position": [259.6784362673336, 261.8665], "size": [63.52407686842424, 62.822671251759274], "angle": -1.5707872226777826}, {"category": "Nightstand", "position": [287.3533262243412, 298.1797982706342], "size": [12.000109250897301, 11.613765783003553], "angle": -1.5707872226777837}, {"category": "Nightstand", "position": [288.08667022679515, 224.6742017293658], "size": [12.00010925089733, 11.613765783003611], "angle": -1.5707872226777837}, {"category": "PendantLamp", "position": [247.585, 258.7855], "size": [14.368740463256813, 14.368740463256842], "angle": 0.0}]}]}]}