{"seed": 1, "floorplan": [{"rooms": [{"category": "Bedroom", "corners": [[137.0, 197.0], [137.0, 302.0], [136.0, 303.0], [364.0, 303.0], [363.0, 302.0], [363.0, 273.0], [236.0, 273.0], [235.0, 272.0], [235.0, 197.0], [137.0, 197.0]], "objects": [{"category": "DoubleBed", "position": [188.63889541195502, 233.57126227476923], "size": [68.92799835205079, 72.46979827880858], "angle": 0.0}, {"category": "Nightstand", "position": [228.78486156029362, 201.84962822065495], "size": [18.0, 13.5], "angle": 0.0}, {"category": "Nightstand", "position": [151.81228161376188, 205.43969190791137], "size": [18.000000000000057, 13.5], "angle": 0.0}, {"category": "PendantLamp", "position": [187.61799999999994, 257.18499999999995], "size": [12.700710296630888, 11.79128952026366], "angle": 0.0}]}]}]}