{"seed": 1, "floorplan": [{"rooms": [{"category": "Bedroom", "corners": [[201.0, 181.0], [201.0, 319.0], [299.0, 319.0], [299.0, 181.0], [201.0, 181.0]], "objects": [{"category": "PendantLamp", "position": [250.15900000000002, 257.119], "size": [25.423409271240246, 6.024120140075695], "angle": 0.0}, {"category": "DoubleBed", "position": [236.46063658650579, 258.3099997692174], "size": [70.99594665132392, 72.0960543231286], "angle": -9.104117114020265e-06}, {"category": "Nightstand", "position": [203.52534827828038, 301.38510230314876], "size": [9.600087400717888, 13.500122907259506], "angle": -9.10411710941808e-06}, {"category": "Nightstand", "position": [203.52565225451298, 215.23193842242802], "size": [9.600087400717829, 13.500122907259449], "angle": -9.104117115339268e-06}]}]}]}