{"seed": 1, "floorplan": [{"rooms": [{"category": "Bedroom", "corners": [[362.0, 190.0], [361.0, 191.0], [138.0, 191.0], [138.0, 303.0], [139.0, 302.0], [145.0, 302.0], [147.0, 304.0], [147.0, 310.0], [148.0, 309.0], [362.0, 309.0], [362.0, 190.0]], "objects": [{"category": "Chair", "position": [312.9177611426641, 205.93219642402016], "size": [16.69693878595655, 17.249749707592695], "angle": -2.6289971432517683}, {"category": "DoubleBed", "position": [264.19061361014946, 227.1652597316062], "size": [65.31269989013677, 73.28909912109378], "angle": 0.0}]}]}]}