{"seed": 1, "floorplan": [{"rooms": [{"category": "Bedroom", "corners": [[203.0, 178.0], [203.0, 322.0], [297.0, 322.0], [297.0, 203.0], [236.0, 203.0], [235.0, 202.0], [235.0, 178.0], [203.0, 178.0]], "objects": [{"category": "PendantLamp", "position": [282.18010029511197, 304.0405], "size": [28.622060048767043, 28.6220600487671], "angle": -1.5707872226777804}, {"category": "PendantLamp", "position": [282.18010029511197, 233.05329999999998], "size": [28.6220600487671, 28.622060048767043], "angle": -3.14158354947268}, {"category": "PendantLamp", "position": [251.2045, 260.7949], "size": [25.050959014892555, 24.046620941162132], "angle": 0.0}, {"category": "DoubleBed", "position": [264.7939, 268.81899999999996], "size": [60.64645209829468, 55.25390117260137], "angle": -3.141583549472679}]}]}]}