{"seed": 1, "floorplan": [{"rooms": [{"category": "Bedroom", "corners": [[207.0, 189.0], [207.0, 311.0], [293.0, 311.0], [293.0, 189.0], [207.0, 189.0]], "objects": [{"category": "Nightstand", "position": [214.91470803074753, 294.6594104993138], "size": [14.54779212863376, 14.591353316237361], "angle": -9.104117113813775e-06}, {"category": "DoubleBed", "position": [242.7489846159027, 254.06030583884427], "size": [62.95737401620053, 69.92433502752604], "angle": -1.5708054309120107}, {"category": "PendantLamp", "position": [255.47350000000006, 258.62109999999996], "size": [24.97936788853804, 24.963856425297692], "angle": -9.104117113573304e-06}, {"category": "Cabinet", "position": [285.02423559829066, 254.82874059393419], "size": [57.415421400740655, 12.221301526507665], "angle": -1.5707872226777826}]}]}]}