{"seed": 1, "floorplan": [{"rooms": [{"category": "Bedroom", "corners": [[202.0, 195.0], [202.0, 198.0], [201.0, 199.0], [199.0, 199.0], [199.0, 305.0], [301.0, 305.0], [301.0, 199.0], [232.0, 199.0], [231.0, 198.0], [231.0, 195.0], [202.0, 195.0]], "objects": [{"category": "DoubleBed", "position": [266.6864266053431, 258.8127851038142], "size": [71.4177522493215, 68.568325978103], "angle": -1.570787222677782}, {"category": "Nightstand", "position": [295.1860411637303, 218.8325138225438], "size": [15.117827530728839, 15.331039768477655], "angle": -1.5707872226777813}, {"category": "Nightstand", "position": [295.1484375642024, 299.91402235606597], "size": [15.117827530728839, 15.331039768477655], "angle": -1.5707872226777813}, {"category": "Chair", "position": [221.14630000000002, 292.5374499999999], "size": [11.571945257609496, 11.400734363551344], "angle": -1.5707872226777777}]}]}]}