{"seed": 1, "floorplan": [{"rooms": [{"category": "Bedroom", "corners": [[200.0, 180.0], [200.0, 320.0], [300.0, 320.0], [300.0, 180.0], [200.0, 180.0]], "objects": [{"category": "DoubleBed", "position": [232.72072983176307, 263.38], "size": [65.97090090251066, 60.88765455058774], "angle": -9.10411711439101e-06}, {"category": "Cabinet", "position": [206.41386892598717, 306.0018364128447], "size": [16.39211929870907, 9.241524146371953], "angle": -1.570805430912011}, {"category": "Cabinet", "position": [206.41386892598717, 220.09816358715534], "size": [9.241524146371953, 16.39211929870904], "angle": -9.104117114469079e-06}, {"category": "CeilingLamp", "position": [250.18149999999997, 249.06099999999998], "size": [16.553369522094727, 16.55336952209467], "angle": 0.0}]}]}]}