{"seed": 1, "floorplan": [{"rooms": [{"category": "Bedroom", "corners": [[233.0, 152.0], [232.0, 153.0], [202.0, 153.0], [202.0, 348.0], [203.0, 347.0], [297.0, 347.0], [298.0, 348.0], [298.0, 203.0], [234.0, 203.0], [233.0, 202.0], [233.0, 196.0], [234.0, 195.0], [237.0, 195.0], [237.0, 170.0], [234.0, 170.0], [233.0, 169.0], [233.0, 152.0]], "objects": [{"category": "Nightstand", "position": [294.1136502074007, 238.99958450182416], "size": [14.956576520437682, 12.005959523885629], "angle": -1.5707872226777813}, {"category": "SingleBed", "position": [264.0037652001614, 274.5734657274671], "size": [40.30176614462616, 41.709081813496404], "angle": -1.5707872226777821}, {"category": "Nightstand", "position": [293.2138919622786, 304.52860209216954], "size": [14.956576520437654, 12.005959523885686], "angle": -1.5707872226777853}]}]}]}