{"seed": 1, "floorplan": [{"rooms": [{"category": "Bedroom", "corners": [[212.0, 197.0], [212.0, 271.0], [211.0, 272.0], [166.0, 272.0], [166.0, 303.0], [334.0, 303.0], [334.0, 197.0], [212.0, 197.0]], "objects": [{"category": "Nightstand", "position": [229.43755000000002, 207.37585], "size": [14.591220474243158, 14.547659683227579], "angle": 0.0}, {"category": "Nightstand", "position": [314.74255, 207.55675000000002], "size": [14.591220474243187, 14.54765968322755], "angle": 0.0}, {"category": "DoubleBed", "position": [271.55995, 236.83645], "size": [62.95680084228513, 69.92369842529294], "angle": 0.0}]}]}]}