{"seed": 1, "floorplan": [{"rooms": [{"category": "Bedroom", "corners": [[200.0, 175.0], [200.0, 325.0], [300.0, 325.0], [300.0, 175.0], [200.0, 175.0]], "objects": [{"category": "DoubleBed", "position": [262.49827714127093, 221.8192016839328], "size": [60.53425320084158, 63.580478443924804], "angle": -1.5707872226777828}, {"category": "Cabinet", "position": [290.3901897904958, 283.6018156630202], "size": [18.61356678259628, 45.72030972763594], "angle": -3.128928671588116}, {"category": "Chair", "position": [270.37233495198063, 285.1747389063353], "size": [13.10145858551554, 14.376982056225017], "angle": -1.8388762179993228}, {"category": "PendantLamp", "position": [247.651, 216.65500000000006], "size": [20.32014501979479, 30.58437802388431], "angle": -9.10411711438443e-06}]}]}]}