{"seed": 1, "floorplan": [{"rooms": [{"category": "Bedroom", "corners": [[190.0, 187.0], [190.0, 313.0], [273.0, 313.0], [273.0, 290.0], [274.0, 289.0], [310.0, 289.0], [310.0, 205.0], [290.0, 205.0], [289.0, 204.0], [289.0, 187.0], [190.0, 187.0]], "objects": [{"category": "DoubleBed", "position": [224.21447697154412, 240.28382782280235], "size": [37.980345321322154, 67.75741771655944], "angle": -1.5708054309120112}, {"category": "Cabinet", "position": [197.19722326111287, 283.13951178045727], "size": [12.541793946274582, 16.762772773905006], "angle": -9.104117113291427e-06}, {"category": "Cabinet", "position": [197.38873890185806, 198.4255790677533], "size": [12.54179394627464, 16.762772773905063], "angle": -9.104117113291385e-06}, {"category": "Cabinet", "position": [300.74374970296225, 245.22813215332027], "size": [79.65042302605691, 17.33376834404336], "angle": -1.5707872226777824}]}]}]}