{"seed": 1, "floorplan": [{"rooms": [{"category": "Bedroom", "corners": [[222.0, 204.0], [222.0, 268.0], [220.0, 270.0], [158.0, 270.0], [158.0, 296.0], [342.0, 296.0], [342.0, 204.0], [222.0, 204.0]], "objects": [{"category": "DoubleBed", "position": [288.16060000000004, 238.30090000000004], "size": [57.62429809570318, 67.993798828125], "angle": 0.0}, {"category": "Cabinet", "position": [247.54930293431724, 211.90539688727372], "size": [19.60101013183592, 15.739679718017584], "angle": 0.0}, {"category": "Cabinet", "position": [329.05690000000004, 211.72563318057576], "size": [19.60101013183595, 15.739679718017555], "angle": 0.0}, {"category": "PendantLamp", "position": [287.7424, 250.66029999999998], "size": [22.306020355224575, 22.334969329833967], "angle": 0.0}]}]}]}