{"seed": 1, "floorplan": [{"rooms": [{"category": "Bedroom", "corners": [[180.0, 200.0], [180.0, 300.0], [320.0, 300.0], [320.0, 200.0], [180.0, 200.0]], "objects": [{"category": "DoubleBed", "position": [246.98504943881616, 234.16645941317518], "size": [75.1863006591797, 67.79339904785158], "angle": 0.0}, {"category": "Nightstand", "position": [204.84140519934175, 202.9048978364649], "size": [22.80000000000001, 10.920000457763678], "angle": 0.0}, {"category": "Nightstand", "position": [287.5933613078257, 202.855235818888], "size": [22.80000000000001, 10.92000045776365], "angle": 0.0}]}]}]}