{"seed": 1, "floorplan": [{"rooms": [{"category": "Bedroom", "corners": [[183.0, 168.0], [183.0, 332.0], [317.0, 332.0], [317.0, 168.0], [183.0, 168.0]], "objects": [{"category": "DoubleBed", "position": [216.8181833911399, 244.02400000000003], "size": [58.882736700329716, 51.19636606321304], "angle": -9.10411711389715e-06}, {"category": "PendantLamp", "position": [250.00000000000006, 242.5354], "size": [23.70623931884768, 21.171869659423862], "angle": 0.0}]}]}]}