{"seed": 1, "floorplan": [{"rooms": [{"category": "Bedroom", "corners": [[211.0, 205.0], [211.0, 295.0], [289.0, 295.0], [289.0, 205.0], [211.0, 205.0]], "objects": [{"category": "Cabinet", "position": [253.06462972389903, 213.9628950195642], "size": [69.12059783935547, 18.50064010620116], "angle": 0.0}, {"category": "Nightstand", "position": [283.88230780905184, 230.75440533783973], "size": [15.203028425429777, 15.717292827223043], "angle": -1.5707872226777848}, {"category": "DoubleBed", "position": [253.11282088358388, 263.1776632499216], "size": [64.02868351322437, 70.6335410081755], "angle": -1.5707872226777824}, {"category": "PendantLamp", "position": [251.53750000000002, 254.67549999999994], "size": [10.608487007983529, 10.6084870079835], "angle": -9.104117113916881e-06}]}]}]}