{"seed": 1, "floorplan": [{"rooms": [{"category": "Bedroom", "corners": [[165.0, 210.0], [165.0, 290.0], [335.0, 290.0], [335.0, 210.0], [165.0, 210.0]], "objects": [{"category": "DoubleBed", "position": [258.05129334819446, 243.52199369664316], "size": [45.171601867675776, 51.220797729492176], "angle": 0.0}, {"category": "Armchair", "position": [194.76318315693186, 272.0734261284229], "size": [13.499999999999972, 16.577519989013695], "angle": 0.0}, {"category": "Table", "position": [195.41594114227837, 286.17560668352564], "size": [23.506949615478533, 6.738720130920399], "angle": 3.141592653589793}]}]}]}