{"seed": 1, "floorplan": [{"rooms": [{"category": "Bedroom", "corners": [[273.0, 152.0], [273.0, 211.0], [272.0, 212.0], [195.0, 212.0], [195.0, 348.0], [305.0, 348.0], [305.0, 152.0], [273.0, 152.0]], "objects": [{"category": "DoubleBed", "position": [240.025, 266.58400000000006], "size": [62.957374016200504, 69.924335027526], "angle": -1.5708054309120107}, {"category": "Nightstand", "position": [202.43569982401584, 228.85600000000002], "size": [14.547792128633732, 14.591353316237305], "angle": -9.104117113813794e-06}, {"category": "PendantLamp", "position": [256.999, 269.284], "size": [28.904788970947266, 28.90478897094721], "angle": 0.0}, {"category": "Shelf", "position": [290.4013501739348, 322.54290583442133], "size": [13.279470062255825, 12.103889465332088], "angle": 0.0}]}]}]}