{"seed": 1, "floorplan": [{"rooms": [{"category": "Bedroom", "corners": [[207.0, 220.0], [207.0, 280.0], [293.0, 280.0], [293.0, 220.0], [207.0, 220.0]], "objects": [{"category": "DoubleBed", "position": [258.39118499813856, 258.6861106666244], "size": [68.92799835205079, 72.46979827880858], "angle": 0.0}, {"category": "Nightstand", "position": [227.9847447836403, 224.27179977712183], "size": [18.0, 13.5], "angle": 0.0}, {"category": "PendantLamp", "position": [256.5895, 251.97999999999996], "size": [12.70071029663086, 11.79128952026366], "angle": 0.0}]}]}]}