{"seed": 1, "floorplan": [{"rooms": [{"category": "Bedroom", "corners": [[204.0, 181.0], [204.0, 319.0], [229.0, 319.0], [229.0, 283.0], [230.0, 282.0], [296.0, 282.0], [296.0, 181.0], [204.0, 181.0]], "objects": [{"category": "DoubleBed", "position": [259.2547931311492, 219.77003700323976], "size": [71.87405523170115, 69.88143760328964], "angle": -3.1415835494726787}, {"category": "Nightstand", "position": [290.5381719650677, 185.89999316325134], "size": [15.0, 14.999999999999972], "angle": 3.141592653589793}, {"category": "Nightstand", "position": [290.89562134895147, 254.15507719072008], "size": [15.0, 15.0], "angle": 3.141592653589793}]}]}]}