{"seed": 1, "floorplan": [{"rooms": [{"category": "Bedroom", "corners": [[200.0, 177.0], [200.0, 206.0], [206.0, 206.0], [207.0, 207.0], [207.0, 212.0], [206.0, 213.0], [200.0, 213.0], [200.0, 323.0], [300.0, 323.0], [300.0, 177.0], [200.0, 177.0]], "objects": [{"category": "DoubleBed", "position": [235.80473404044966, 277.88471840683746], "size": [70.6335410081755, 64.0286835132244], "angle": -9.104117114358751e-06}, {"category": "Nightstand", "position": [207.53971068445418, 314.0206473094335], "size": [15.717292827223014, 15.203028425429748], "angle": -9.104117113792373e-06}, {"category": "PendantLamp", "position": [252.08049999999997, 276.9994], "size": [10.608390426635765, 10.608390426635765], "angle": 0.0}]}]}]}