{"seed": 1, "floorplan": [{"rooms": [{"category": "Bedroom", "corners": [[207.0, 187.0], [207.0, 299.0], [223.0, 299.0], [224.0, 300.0], [224.0, 313.0], [276.0, 313.0], [276.0, 300.0], [277.0, 299.0], [293.0, 299.0], [293.0, 187.0], [207.0, 187.0]], "objects": [{"category": "DoubleBed", "position": [261.5042180619709, 249.51232518577416], "size": [41.03767372335165, 63.49737984802656], "angle": -1.5707872226777824}, {"category": "CeilingLamp", "position": [252.50650000000002, 247.9825], "size": [27.040171051025368, 30.02189941406249], "angle": 0.0}]}]}]}