{"seed": 1, "floorplan": [{"rooms": [{"category": "Bedroom", "corners": [[194.0, 191.0], [194.0, 309.0], [306.0, 309.0], [306.0, 191.0], [194.0, 191.0]], "objects": [{"category": "CeilingLamp", "position": [247.73709999999994, 237.71139999999997], "size": [22.264498901367176, 18.882509994506847], "angle": 0.0}, {"category": "Armchair", "position": [213.1375, 240.60009999999994], "size": [11.828057208434041, 11.943198408675292], "angle": -1.5707872226777833}, {"category": "DoubleBed", "position": [258.3003901371676, 227.39249954724983], "size": [65.31239776611329, 73.28909912109376], "angle": 0.0}, {"category": "Nightstand", "position": [295.6894968895183, 196.0228154285353], "size": [24.071070098876987, 14.626470565795898], "angle": 0.0}]}]}]}