{"seed": 1, "floorplan": [{"rooms": [{"category": "Bedroom", "corners": [[202.0, 196.0], [202.0, 304.0], [298.0, 304.0], [298.0, 196.0], [202.0, 196.0]], "objects": [{"category": "Cabinet", "position": [257.9126666666676, 205.30599999999998], "size": [77.99999999999997, 18.300029754638672], "angle": 0.0}, {"category": "DoubleBed", "position": [260.2009373813056, 258.0581079152438], "size": [65.80220058033619, 66.92330386995208], "angle": -0.00569619714532381}, {"category": "Nightstand", "position": [295.422861651493, 221.43867733124733], "size": [14.100128369804361, 10.530095409894564], "angle": -1.570787222677781}, {"category": "Nightstand", "position": [295.4373907648335, 294.25568251323875], "size": [14.100128369804388, 10.530095409894564], "angle": -1.570787222677785}]}]}]}