{"seed": 1, "floorplan": [{"rooms": [{"category": "Bedroom", "corners": [[194.0, 201.0], [194.0, 299.0], [306.0, 299.0], [306.0, 201.0], [194.0, 201.0]], "objects": [{"category": "Nightstand", "position": [209.0102679075656, 291.33726025098497], "size": [8.9198101043701, 7.339739799499512], "angle": 3.141592653589793}, {"category": "Nightstand", "position": [281.2358320924344, 291.3431401505482], "size": [8.919810104370072, 7.339739799499512], "angle": 3.141592653589793}, {"category": "DoubleBed", "position": [242.9545, 263.50789776599544], "size": [41.03730010986328, 63.49680175781248], "angle": 3.141592653589793}, {"category": "PendantLamp", "position": [246.42579999999998, 251.5432], "size": [16.536839675903337, 16.68038978576658], "angle": 0.0}]}]}]}