{"seed": 1, "floorplan": [{"rooms": [{"category": "Bedroom", "corners": [[198.0, 194.0], [198.0, 306.0], [256.0, 306.0], [256.0, 292.0], [257.0, 291.0], [302.0, 291.0], [302.0, 194.0], [198.0, 194.0]], "objects": [{"category": "DoubleBed", "position": [239.3947101009902, 253.28787025675678], "size": [48.48703963926321, 66.67710850381165], "angle": -1.5708054309120103}, {"category": "Nightstand", "position": [203.89709375592554, 288.2962717047664], "size": [10.500095594535154, 16.417619256206507], "angle": -9.104117114324194e-06}, {"category": "Nightstand", "position": [202.81278837052753, 220.43749951310596], "size": [10.500095594535125, 16.41761925620648], "angle": -9.104117117031023e-06}, {"category": "CeilingLamp", "position": [254.68449999999999, 251.01850000000002], "size": [15.060000228881847, 15.060000228881819], "angle": 0.0}]}]}]}