{"seed": 1, "floorplan": [{"rooms": [{"category": "Bedroom", "corners": [[256.0, 176.0], [256.0, 178.0], [255.0, 179.0], [249.0, 179.0], [249.0, 200.0], [255.0, 200.0], [256.0, 201.0], [256.0, 208.0], [255.0, 209.0], [173.0, 209.0], [173.0, 324.0], [286.0, 324.0], [286.0, 226.0], [287.0, 225.0], [327.0, 225.0], [327.0, 176.0], [256.0, 176.0]], "objects": [{"category": "DoubleBed", "position": [210.3074829774643, 266.6058801045548], "size": [58.29263275615256, 60.66025379865461], "angle": -9.104117114714166e-06}, {"category": "CornerSideTable", "position": [184.66835663190562, 221.93424293577755], "size": [12.909477652612102, 12.909477652612102], "angle": -9.104117111115989e-06}, {"category": "PendantLamp", "position": [227.8318, 265.2706], "size": [11.426700210571255, 13.03809013366697], "angle": 0.0}]}]}]}