{"seed": 1, "floorplan": [{"rooms": [{"category": "Bedroom", "corners": [[198.0, 186.0], [198.0, 314.0], [302.0, 314.0], [302.0, 186.0], [198.0, 186.0]], "objects": [{"category": "Cabinet", "position": [206.53180010497553, 292.3765], "size": [16.006885917826, 19.494956690499013], "angle": -9.104117112930071e-06}, {"category": "DoubleBed", "position": [234.95050000000003, 253.06750000000002], "size": [60.674050921336075, 51.6211700405591], "angle": -9.104117114068051e-06}, {"category": "Cabinet", "position": [206.53180010497553, 216.29650000000004], "size": [16.006885917826, 19.494956690499013], "angle": -9.104117114705664e-06}]}]}]}