{"seed": 1, "floorplan": [{"rooms": [{"category": "Bedroom", "corners": [[242.0, 191.0], [241.0, 192.0], [210.0, 192.0], [210.0, 309.0], [290.0, 309.0], [290.0, 192.0], [243.0, 192.0], [242.0, 191.0]], "objects": [{"category": "DoubleBed", "position": [245.59911053873913, 260.18838111919194], "size": [66.04770061293792, 55.32050181556526], "angle": -9.104117114257912e-06}, {"category": "Nightstand", "position": [219.1160454665557, 222.27678223976773], "size": [14.724253619810662, 15.871374048728498], "angle": -9.104117112983722e-06}, {"category": "PendantLamp", "position": [251.998, 249.89200000000005], "size": [38.06100082397461, 33.80459976196292], "angle": 0.0}, {"category": "Nightstand", "position": [217.2040808002765, 298.50669321247227], "size": [14.72425361981072, 15.87137404872847], "angle": -9.104117114913951e-06}]}]}]}