{"seed": 1, "floorplan": [{"rooms": [{"category": "Bedroom", "corners": [[199.0, 186.0], [199.0, 314.0], [301.0, 314.0], [301.0, 186.0], [199.0, 186.0]], "objects": [{"category": "DoubleBed", "position": [233.42574945068358, 261.22900000000004], "size": [69.0651276812403, 62.37626978774718], "angle": -9.104117114320035e-06}]}]}]}