{"seed": 1, "floorplan": [{"rooms": [{"category": "Bedroom", "corners": [[221.0, 199.0], [220.0, 200.0], [194.0, 200.0], [194.0, 206.0], [193.0, 207.0], [193.0, 270.0], [192.0, 271.0], [171.0, 271.0], [171.0, 300.0], [328.0, 300.0], [329.0, 301.0], [329.0, 207.0], [222.0, 207.0], [221.0, 206.0], [221.0, 199.0]], "objects": [{"category": "CeilingLamp", "position": [282.32725000000005, 256.474], "size": [16.891679763793945, 16.993230056762712], "angle": 3.141592653589793}, {"category": "DoubleBed", "position": [274.98564999999996, 265.7283345472906], "size": [58.332600402831986, 69.57899780273439], "angle": 3.141592653589793}, {"category": "Shelf", "position": [193.82244999999998, 252.2398], "size": [31.21078524657032, 1.5724672903109211], "angle": -1.570787222677788}]}]}]}