{"seed": 1, "floorplan": [{"rooms": [{"category": "Bedroom", "corners": [[220.0, 179.0], [220.0, 241.0], [219.0, 242.0], [154.0, 242.0], [154.0, 321.0], [213.0, 321.0], [213.0, 284.0], [214.0, 283.0], [268.0, 283.0], [269.0, 282.0], [346.0, 282.0], [346.0, 179.0], [220.0, 179.0]], "objects": [{"category": "Nightstand", "position": [239.4670127223159, 190.64098610838442], "size": [10.723320007324247, 10.63041000366212], "angle": 0.0}, {"category": "Nightstand", "position": [322.4851532035374, 190.7503719664566], "size": [10.723320007324219, 10.63041000366212], "angle": 0.0}, {"category": "DoubleBed", "position": [279.9481241047353, 211.51848055399108], "size": [54.40079956054686, 56.46269989013672], "angle": 0.0}, {"category": "CeilingLamp", "position": [282.07182479727516, 230.8806220861371], "size": [18.49565963745124, 18.495659637451183], "angle": 0.0}]}]}]}