{"seed": 1, "floorplan": [{"rooms": [{"category": "Bedroom", "corners": [[209.0, 171.0], [209.0, 329.0], [291.0, 329.0], [291.0, 171.0], [209.0, 171.0]], "objects": [{"category": "PendantLamp", "position": [256.1545, 256.6135], "size": [20.296259307861334, 18.390750503540062], "angle": 0.0}, {"category": "Cabinet", "position": [280.49649999999997, 213.88450000000003], "size": [14.576233244499747, 9.974010482707268], "angle": -1.5707872226777817}, {"category": "Cabinet", "position": [280.5985, 309.17650000000003], "size": [14.576233244499747, 9.974010482707268], "angle": -1.5707872226777817}, {"category": "DoubleBed", "position": [259.03900084288443, 261.0475], "size": [64.4408851419499, 52.76358003840887], "angle": -3.1415835494726787}]}]}]}