{"seed": 1, "floorplan": [{"rooms": [{"category": "Bedroom", "corners": [[206.0, 174.0], [206.0, 326.0], [294.0, 326.0], [294.0, 200.0], [241.0, 200.0], [240.0, 199.0], [240.0, 174.0], [206.0, 174.0]], "objects": [{"category": "DoubleBed", "position": [252.58333204295187, 251.68335930729154], "size": [86.09778091816132, 82.07954975546959], "angle": -1.5707872226777826}, {"category": "Cabinet", "position": [286.333, 292.045], "size": [13.836216054995388, 12.720416101653882], "angle": -1.57078722267778}, {"category": "Cabinet", "position": [286.3560564672394, 210.19163647195467], "size": [13.836216054995417, 12.720416101653823], "angle": -1.5707872226777841}, {"category": "CeilingLamp", "position": [249.36100000000005, 250.53100000000003], "size": [17.846789932251028, 17.747879791259777], "angle": 0.0}]}]}]}