{"seed": 1, "floorplan": [{"rooms": [{"category": "Bedroom", "corners": [[271.0, 180.0], [271.0, 200.0], [270.0, 201.0], [200.0, 201.0], [200.0, 320.0], [300.0, 320.0], [300.0, 180.0], [271.0, 180.0]], "objects": [{"category": "DoubleBed", "position": [239.81560646977456, 273.9483796683169], "size": [63.58047844392486, 60.53425320084161], "angle": -9.104117113686061e-06}, {"category": "CeilingLamp", "position": [249.58299999999997, 271.2673], "size": [18.008173669117017, 18.008173669117017], "angle": -9.104117112972966e-06}]}]}]}