{"seed": 1, "floorplan": [{"rooms": [{"category": "Bedroom", "corners": [[201.0, 168.0], [202.0, 169.0], [202.0, 322.0], [201.0, 323.0], [201.0, 332.0], [299.0, 332.0], [299.0, 212.0], [230.0, 212.0], [229.0, 211.0], [229.0, 168.0], [201.0, 168.0]], "objects": [{"category": "DoubleBed", "position": [267.37398571091154, 279.4762419200639], "size": [62.43626941846597, 53.12448420304384], "angle": -3.1415835494726796}, {"category": "Nightstand", "position": [291.85671502614855, 244.15843167779474], "size": [14.419601111708847, 13.500122907259506], "angle": -1.570787222677784}, {"category": "Nightstand", "position": [291.6982926399708, 314.57155746694957], "size": [14.419601111708904, 13.500122907259506], "angle": -1.57078722267778}, {"category": "PendantLamp", "position": [249.9805, 276.65049999999997], "size": [19.093379974365234, 19.093379974365234], "angle": 0.0}]}]}]}