{"seed": 1, "floorplan": [{"rooms": [{"category": "Bedroom", "corners": [[205.0, 177.0], [205.0, 323.0], [295.0, 323.0], [295.0, 177.0], [205.0, 177.0]], "objects": [{"category": "DoubleBed", "position": [261.88805019620963, 251.351474600791], "size": [60.53425320084161, 63.58047844392486], "angle": -1.5707872226777824}, {"category": "Nightstand", "position": [288.0760361117008, 288.9017130023222], "size": [9.642687275858528, 9.64412810013324], "angle": -1.5707872226777833}, {"category": "Nightstand", "position": [287.8105, 208.34650000000002], "size": [9.642687275858556, 9.644128100133297], "angle": -1.5707872226777773}, {"category": "PendantLamp", "position": [257.3185, 254.5675], "size": [25.082599114015967, 26.259208947152196], "angle": -9.104117113466079e-06}]}]}]}