{"seed": 1, "floorplan": [{"rooms": [{"category": "Bedroom", "corners": [[243.0, 169.0], [243.0, 194.0], [242.0, 195.0], [200.0, 195.0], [200.0, 331.0], [300.0, 331.0], [300.0, 169.0], [243.0, 169.0]], "objects": [{"category": "Nightstand", "position": [292.9411874095148, 300.33380305888613], "size": [14.591353316237305, 14.547792128633676], "angle": -1.5707872226777844}, {"category": "Nightstand", "position": [292.9411874095148, 218.13119694111384], "size": [14.591353316237276, 14.547792128633676], "angle": -1.5707872226777844}, {"category": "Cabinet", "position": [207.8395, 259.9285], "size": [12.221301526507665, 57.415421400740655], "angle": -9.104117113983746e-06}, {"category": "DoubleBed", "position": [265.1726567791029, 260.35749999999996], "size": [69.92433502752606, 62.957374016200475], "angle": -3.1415835494726787}]}]}]}