{"seed": 1, "floorplan": [{"rooms": [{"category": "Bedroom", "corners": [[186.0, 200.0], [186.0, 300.0], [314.0, 300.0], [314.0, 200.0], [186.0, 200.0]], "objects": [{"category": "DoubleBed", "position": [260.25967586103695, 234.95592386893685], "size": [54.807897949218685, 68.51640014648436], "angle": -0.00014000000045718506}, {"category": "Table", "position": [221.3019471711408, 206.24835277959113], "size": [15.247139739990251, 43.814401245117196], "angle": -1.5709363267953533}, {"category": "Chair", "position": [222.84952435432604, 228.77360360564384], "size": [18.61131037831368, 20.24507923892912], "angle": -0.0001399999990850843}, {"category": "PendantLamp", "position": [249.625, 250.16949999999997], "size": [28.869149780273418, 27.91265945434569], "angle": -0.00014000000045730305}]}]}]}