{"seed": 1, "floorplan": [{"rooms": [{"category": "Bedroom", "corners": [[193.0, 208.0], [193.0, 292.0], [307.0, 292.0], [307.0, 208.0], [193.0, 208.0]], "objects": [{"category": "DoubleBed", "position": [258.0489317100664, 241.0117434411129], "size": [62.51699981689452, 60.15990142822267], "angle": -1.5706563267944393}, {"category": "Cabinet", "position": [222.38143274170008, 214.489066986816], "size": [10.518389511108346, 13.150469970703117], "angle": -1.5706563267944387}, {"category": "Cabinet", "position": [293.62888644608586, 213.88116950489533], "size": [10.518389511108374, 13.150469970703174], "angle": -1.570656326794436}, {"category": "Cabinet", "position": [202.5695019934841, 231.8194852392046], "size": [8.219055044560276, 27.259839089762533], "angle": -9.104117111682024e-06}]}]}]}