{"seed": 1, "floorplan": [{"rooms": [{"category": "Bedroom", "corners": [[199.0, 166.0], [199.0, 332.0], [198.0, 333.0], [198.0, 334.0], [302.0, 334.0], [301.0, 333.0], [301.0, 223.0], [228.0, 223.0], [227.0, 222.0], [227.0, 166.0], [199.0, 166.0]], "objects": [{"category": "DoubleBed", "position": [265.41875482296604, 286.9429862014884], "size": [61.82306193143103, 70.34674030139321], "angle": -1.570787222677783}, {"category": "Nightstand", "position": [295.0309160637549, 249.72728319779347], "size": [11.252322596737637, 11.252322596737637], "angle": -1.570787222677778}, {"category": "Nightstand", "position": [294.74358221075363, 324.45643464695354], "size": [11.25232259673758, 11.252322596737637], "angle": -1.570787222677783}]}]}]}