{"seed": 1, "floorplan": [{"rooms": [{"category": "Bedroom", "corners": [[177.0, 206.0], [177.0, 294.0], [323.0, 294.0], [323.0, 206.0], [177.0, 206.0]], "objects": [{"category": "DoubleBed", "position": [281.19335867282365, 237.4967213222552], "size": [81.85979919433592, 62.88900146484377], "angle": 0.0}, {"category": "Sofa", "position": [240.5115543640518, 230.34843293674004], "size": [13.596791415948987, 13.603331734574976], "angle": -0.8188636714727197}, {"category": "Sofa", "position": [185.6001219303298, 239.43206541692714], "size": [13.603289794921892, 13.596749496459978], "angle": 0.0}]}]}]}