{"seed": 1, "floorplan": [{"rooms": [{"category": "Bedroom", "corners": [[240.0, 181.0], [240.0, 207.0], [239.0, 208.0], [202.0, 208.0], [202.0, 319.0], [298.0, 319.0], [298.0, 181.0], [240.0, 181.0]], "objects": [{"category": "DoubleBed", "position": [263.77102522639535, 255.76032881084302], "size": [52.932780187232304, 58.61183427061219], "angle": -1.5707872226777826}, {"category": "Nightstand", "position": [287.3335451069755, 298.9867804170107], "size": [20.247904677048723, 13.433732837501795], "angle": -1.5707872226777815}, {"category": "TVStand", "position": [209.0035, 262.13050000000004], "size": [5.243357520293799, 29.600550249821577], "angle": -9.104117115462015e-06}, {"category": "PendantLamp", "position": [249.99849999999998, 259.0375], "size": [13.452569961547852, 13.457130432128906], "angle": 0.0}]}]}]}