{"seed": 1, "floorplan": [{"rooms": [{"category": "Bedroom", "corners": [[269.0, 170.0], [269.0, 228.0], [268.0, 229.0], [199.0, 229.0], [199.0, 330.0], [301.0, 330.0], [301.0, 170.0], [269.0, 170.0]], "objects": [{"category": "DoubleBed", "position": [234.70071464673077, 294.55384123097093], "size": [58.57733230855164, 71.78015331479153], "angle": -1.5708054309120107}, {"category": "Nightstand", "position": [205.22575588049705, 259.2773893102511], "size": [6.962403360273842, 9.280374330697668], "angle": -9.104117112046406e-06}, {"category": "TVStand", "position": [294.11349999999993, 294.8185], "size": [13.508852539958117, 56.88141690529001], "angle": -3.141583549472679}]}]}]}