{"seed": 1, "floorplan": [{"rooms": [{"category": "Bedroom", "corners": [[320.0, 199.0], [319.0, 200.0], [180.0, 200.0], [180.0, 301.0], [181.0, 300.0], [320.0, 300.0], [320.0, 199.0]], "objects": [{"category": "Sofa", "position": [198.08427780203607, 288.9812966442212], "size": [25.858740234375006, 23.085390472412143], "angle": 3.141592653589793}, {"category": "Nightstand", "position": [283.0615834515741, 202.59619408766946], "size": [16.25259017944336, 9.349860191345215], "angle": 0.0}, {"category": "Nightstand", "position": [200.51359524556608, 205.91928135265346], "size": [16.25259017944333, 9.349860191345186], "angle": 0.0}, {"category": "DoubleBed", "position": [239.59044695091305, 236.34014565740225], "size": [68.92799835205079, 72.46979827880858], "angle": 0.0}]}]}]}