{"seed": 1, "floorplan": [{"rooms": [{"category": "Bedroom", "corners": [[267.0, 169.0], [267.0, 231.0], [266.0, 232.0], [201.0, 232.0], [201.0, 331.0], [299.0, 331.0], [298.0, 330.0], [298.0, 326.0], [299.0, 325.0], [299.0, 169.0], [267.0, 169.0]], "objects": [{"category": "DoubleBed", "position": [237.0710722557361, 288.78593959206705], "size": [62.95737401620056, 69.92433502752608], "angle": -1.5708054309120103}, {"category": "TVStand", "position": [290.8563178661639, 289.9548650567455], "size": [66.75540969275232, 15.306259650907762], "angle": -1.5707872226777821}, {"category": "Nightstand", "position": [205.84699741302606, 251.48582265698658], "size": [14.547792128633704, 14.591353316237305], "angle": -9.104117113813811e-06}, {"category": "PendantLamp", "position": [242.88549999999998, 287.98900000000003], "size": [29.162729644775368, 29.162729644775368], "angle": 0.0}]}]}]}