{"seed": 1, "floorplan": [{"rooms": [{"category": "Bedroom", "corners": [[205.0, 113.0], [205.0, 171.0], [204.0, 172.0], [200.0, 172.0], [199.0, 173.0], [195.0, 173.0], [194.0, 174.0], [190.0, 174.0], [189.0, 175.0], [172.0, 175.0], [172.0, 208.0], [203.0, 208.0], [204.0, 209.0], [204.0, 220.0], [203.0, 221.0], [203.0, 235.0], [202.0, 236.0], [202.0, 251.0], [201.0, 252.0], [201.0, 266.0], [200.0, 267.0], [200.0, 281.0], [199.0, 282.0], [199.0, 297.0], [198.0, 298.0], [198.0, 312.0], [197.0, 313.0], [197.0, 327.0], [196.0, 328.0], [196.0, 343.0], [195.0, 344.0], [195.0, 358.0], [194.0, 359.0], [194.0, 373.0], [193.0, 374.0], [193.0, 386.0], [192.0, 387.0], [211.0, 387.0], [210.0, 386.0], [210.0, 364.0], [212.0, 362.0], [212.0, 361.0], [216.0, 357.0], [216.0, 356.0], [219.0, 353.0], [219.0, 352.0], [222.0, 349.0], [222.0, 348.0], [225.0, 345.0], [225.0, 344.0], [228.0, 341.0], [228.0, 340.0], [231.0, 337.0], [231.0, 336.0], [234.0, 333.0], [234.0, 332.0], [237.0, 329.0], [237.0, 328.0], [241.0, 324.0], [241.0, 323.0], [244.0, 320.0], [244.0, 319.0], [247.0, 316.0], [247.0, 315.0], [250.0, 312.0], [250.0, 311.0], [253.0, 308.0], [253.0, 307.0], [256.0, 304.0], [256.0, 303.0], [259.0, 300.0], [259.0, 299.0], [262.0, 296.0], [262.0, 295.0], [266.0, 291.0], [266.0, 290.0], [269.0, 287.0], [269.0, 286.0], [272.0, 283.0], [272.0, 282.0], [275.0, 279.0], [275.0, 278.0], [278.0, 275.0], [278.0, 274.0], [281.0, 271.0], [281.0, 270.0], [284.0, 267.0], [284.0, 266.0], [288.0, 262.0], [288.0, 261.0], [291.0, 258.0], [291.0, 257.0], [294.0, 254.0], [294.0, 253.0], [297.0, 250.0], [297.0, 249.0], [300.0, 246.0], [300.0, 245.0], [303.0, 242.0], [303.0, 241.0], [306.0, 238.0], [306.0, 237.0], [309.0, 234.0], [309.0, 233.0], [313.0, 229.0], [313.0, 228.0], [316.0, 225.0], [316.0, 224.0], [319.0, 221.0], [319.0, 220.0], [322.0, 217.0], [322.0, 216.0], [325.0, 213.0], [325.0, 212.0], [328.0, 209.0], [328.0, 113.0], [205.0, 113.0]], "objects": [{"category": "DoubleBed", "position": [277.14869896591046, 148.91230586811946], "size": [64.02810058593752, 70.63289794921874], "angle": 0.0}, {"category": "Nightstand", "position": [237.571219181652, 121.71316262021949], "size": [15.202890014648432, 15.717149734497042], "angle": 0.0}, {"category": "Nightstand", "position": [314.02196776192636, 122.74625968884163], "size": [15.202890014648403, 15.71714973449707], "angle": 0.0}]}]}]}