{"seed": 1, "floorplan": [{"rooms": [{"category": "Bedroom", "corners": [[216.0, 194.0], [216.0, 304.0], [215.0, 305.0], [215.0, 306.0], [284.0, 306.0], [284.0, 196.0], [285.0, 195.0], [285.0, 194.0], [216.0, 194.0]], "objects": [{"category": "CornerSideTable", "position": [237.94300000000004, 203.67399999999998], "size": [43.054801940918, 12.291389465332031], "angle": 0.0}, {"category": "DoubleBed", "position": [249.62396037854273, 260.25639945804204], "size": [67.57021355860985, 67.67101403686024], "angle": -9.104117114085605e-06}]}]}]}