{"seed": 1, "floorplan": [{"rooms": [{"category": "Bedroom", "corners": [[200.0, 182.0], [200.0, 318.0], [300.0, 318.0], [300.0, 182.0], [200.0, 182.0]], "objects": [{"category": "DoubleBed", "position": [268.6508325195348, 238.7335], "size": [81.86054446571227, 62.88957402149717], "angle": -1.5707872226777828}, {"category": "PendantLamp", "position": [285.75233378098244, 204.12850000000003], "size": [27.67229919433595, 32.7002998352051], "angle": 0.0}, {"category": "PendantLamp", "position": [285.75233378098244, 274.29550000000006], "size": [27.67229919433595, 32.700299835205044], "angle": 0.0}, {"category": "Cabinet", "position": [206.62250298362653, 240.2827541987944], "size": [11.998608916803489, 54.12859338123412], "angle": -9.104117112932597e-06}]}]}]}