{"seed": 1, "floorplan": [{"rooms": [{"category": "Bedroom", "corners": [[186.0, 186.0], [186.0, 314.0], [314.0, 314.0], [314.0, 220.0], [295.0, 220.0], [294.0, 219.0], [294.0, 186.0], [186.0, 186.0]], "objects": [{"category": "DoubleBed", "position": [240.35199999999998, 222.6229828450419], "size": [65.31239776611326, 73.28909912109378], "angle": 0.0}, {"category": "Nightstand", "position": [198.0953167215867, 193.43034999999998], "size": [24.07107009887693, 14.626470565795898], "angle": 0.0}, {"category": "Nightstand", "position": [281.8354499451028, 193.43034999999998], "size": [24.071070098876987, 14.626470565795898], "angle": 0.0}, {"category": "Armchair", "position": [213.1791295897645, 296.5230195360909], "size": [21.30914747908565, 20.608963611224617], "angle": -0.5356736505986235}]}]}]}