{"seed": 1, "floorplan": [{"rooms": [{"category": "Bedroom", "corners": [[190.0, 208.0], [190.0, 292.0], [310.0, 292.0], [310.0, 208.0], [190.0, 208.0]], "objects": [{"category": "PendantLamp", "position": [244.33600000000004, 249.115], "size": [40.46850128173827, 40.155601501464844], "angle": 3.141592653589793}, {"category": "DoubleBed", "position": [241.48840590636638, 241.58748851249965], "size": [60.88710021972656, 65.97030029296877], "angle": 0.0}, {"category": "Cabinet", "position": [204.223943763534, 215.3046200010644], "size": [16.391970062255865, 9.24144001007079], "angle": 0.0}, {"category": "Cabinet", "position": [279.36512025741416, 215.8540748338799], "size": [16.391970062255837, 9.241440010070818], "angle": 0.0}]}]}]}