{"seed": 1, "floorplan": [{"rooms": [{"category": "Bedroom", "corners": [[200.0, 183.0], [200.0, 317.0], [300.0, 317.0], [300.0, 224.0], [265.0, 224.0], [264.0, 223.0], [264.0, 183.0], [200.0, 183.0]], "objects": [{"category": "DoubleBed", "position": [250.351, 281.1989281460806], "size": [64.02810058593752, 70.63289794921874], "angle": 3.141592653589793}, {"category": "Nightstand", "position": [210.0675507933487, 309.15543469012516], "size": [15.202890014648432, 15.717149734497013], "angle": 3.141592653589793}, {"category": "Nightstand", "position": [289.9324492066513, 309.15543469012516], "size": [15.202890014648403, 15.717149734497013], "angle": 3.141592653589793}, {"category": "CeilingLamp", "position": [249.13600000000002, 257.7355], "size": [16.65182991027831, 16.48935012817381], "angle": 0.0}]}]}]}