{"seed": 1, "floorplan": [{"rooms": [{"category": "Bedroom", "corners": [[202.0, 190.0], [202.0, 310.0], [298.0, 310.0], [298.0, 190.0], [202.0, 190.0]], "objects": [{"category": "DoubleBed", "position": [238.54285, 240.1324], "size": [62.553869976424764, 63.50637956375048], "angle": -9.104117114471154e-06}, {"category": "PendantLamp", "position": [255.77845000000002, 240.58989999999997], "size": [49.936500549316406, 5.961240005493181], "angle": 0.0}, {"category": "PendantLamp", "position": [207.46315, 201.5905], "size": [5.242967845420449, 5.400649410983301], "angle": -1.5707872226777884}, {"category": "PendantLamp", "position": [205.17655000000002, 278.8207], "size": [5.400649410983301, 5.242967845420449], "angle": -3.141583549472685}]}]}]}