{"seed": 1, "floorplan": [{"rooms": [{"category": "Bedroom", "corners": [[204.0, 184.0], [204.0, 316.0], [296.0, 316.0], [296.0, 227.0], [235.0, 227.0], [234.0, 226.0], [234.0, 207.0], [235.0, 206.0], [236.0, 207.0], [236.0, 225.0], [237.0, 224.0], [296.0, 224.0], [296.0, 184.0], [204.0, 184.0]], "objects": [{"category": "Chair", "position": [274.30465, 193.94695], "size": [14.254636548759297, 14.722125145999295], "angle": -1.0419112868581895}, {"category": "SingleBed", "position": [263.33280794969346, 299.20896720140905], "size": [38.35324986986876, 61.01365514840071], "angle": -1.5707872226777828}, {"category": "DoubleBed", "position": [259.47442733305405, 254.93251123755888], "size": [73.22316977218807, 65.25119733883407], "angle": -3.1411309520023845}]}]}]}