{"seed": 1, "floorplan": [{"rooms": [{"category": "Bedroom", "corners": [[201.0, 190.0], [201.0, 310.0], [299.0, 310.0], [299.0, 190.0], [201.0, 190.0]], "objects": [{"category": "DoubleBed", "position": [252.91143468365885, 254.45859999999996], "size": [70.06668966796026, 63.87979907422516], "angle": -0.0037209662418771607}, {"category": "Cabinet", "position": [282.1153399995566, 297.0214402419134], "size": [13.196108842408123, 15.342606242821217], "angle": -0.0037209662418782674}, {"category": "Cabinet", "position": [281.74349047202315, 212.9454597580866], "size": [13.196108842408123, 15.342606242821217], "angle": -0.0037209662418782674}, {"category": "PendantLamp", "position": [250.0888, 246.23769999999996], "size": [15.852209472656284, 13.939649963378912], "angle": 0.0}]}]}]}