{"seed": 1, "floorplan": [{"rooms": [{"category": "Bedroom", "corners": [[199.0, 185.0], [199.0, 315.0], [301.0, 315.0], [301.0, 185.0], [199.0, 185.0]], "objects": [{"category": "DoubleBed", "position": [266.2153513923683, 260.4895], "size": [60.66025379865464, 58.2926327561525], "angle": -1.5707872226777826}, {"category": "Nightstand", "position": [293.67202540274377, 300.6445518977998], "size": [16.043156008166505, 10.84371902323032], "angle": -1.5707872226777824}, {"category": "Nightstand", "position": [294.03058843766337, 219.22744810220024], "size": [16.043156008166505, 10.843719023230266], "angle": -1.570787222677786}, {"category": "CeilingLamp", "position": [258.949, 259.0165], "size": [13.1733295440674, 9.196139717102028], "angle": 0.0}]}]}]}