{"seed": 1, "floorplan": [{"rooms": [{"category": "Bedroom", "corners": [[227.0, 199.0], [227.0, 216.0], [226.0, 217.0], [193.0, 217.0], [193.0, 301.0], [307.0, 301.0], [307.0, 199.0], [227.0, 199.0]], "objects": [{"category": "DoubleBed", "position": [250.369, 265.2480916965974], "size": [61.82249908447267, 70.34609985351562], "angle": 3.141592653589793}, {"category": "Nightstand", "position": [210.9823107849062, 294.6253411236147], "size": [11.252220153808594, 11.252220153808594], "angle": 3.141592653589793}, {"category": "Nightstand", "position": [290.1666892150938, 294.6253411236147], "size": [11.252220153808594, 11.252220153808594], "angle": 3.141592653589793}, {"category": "PendantLamp", "position": [252.74200000000002, 255.80349999999999], "size": [28.891500091552757, 9.024120140075638], "angle": 0.0}]}]}]}