{"seed": 1, "floorplan": [{"rooms": [{"category": "Bedroom", "corners": [[194.0, 179.0], [194.0, 321.0], [306.0, 321.0], [306.0, 179.0], [194.0, 179.0]], "objects": [{"category": "PendantLamp", "position": [249.57886883233823, 249.65307490176625], "size": [8.692440032958956, 8.793569755554216], "angle": 0.0}, {"category": "DoubleBed", "position": [270.37224455829517, 263.84884803097566], "size": [71.78015331479155, 58.57733230855158], "angle": -3.14158354947268}, {"category": "Nightstand", "position": [294.65981854414326, 224.42919596454993], "size": [6.962375673545447, 9.280337426314146], "angle": -0.2669392505295828}, {"category": "Nightstand", "position": [294.6598185441432, 302.5972418243703], "size": [9.280319890779477, 6.962362517883699], "angle": -1.3737866786427146}]}]}]}