{"seed": 1, "floorplan": [{"rooms": [{"category": "Bedroom", "corners": [[204.0, 166.0], [204.0, 334.0], [296.0, 334.0], [296.0, 182.0], [271.0, 182.0], [270.0, 181.0], [270.0, 166.0], [204.0, 166.0]], "objects": [{"category": "DoubleBed", "position": [237.3429412717151, 240.00810098948728], "size": [46.99032648902363, 66.95010751023398], "angle": -1.57080543091201}, {"category": "Chair", "position": [211.24963621062506, 204.85099462349964], "size": [13.50594342533834, 12.93050750715714], "angle": -9.104117114568663e-06}, {"category": "CeilingLamp", "position": [250.00000000000003, 239.68659999999997], "size": [18.59258995056149, 18.595109939575195], "angle": 0.0}]}]}]}