{"seed": 1, "floorplan": [{"rooms": [{"category": "Bedroom", "corners": [[206.0, 201.0], [206.0, 299.0], [294.0, 299.0], [294.0, 201.0], [206.0, 201.0]], "objects": [{"category": "Cabinet", "position": [287.764106987715, 215.51126289369262], "size": [15.404960119194596, 12.901887861833773], "angle": -1.5707872226777775}, {"category": "DoubleBed", "position": [259.5988109963772, 249.62738327230375], "size": [56.30931239256058, 69.12512731195915], "angle": -1.570787222677783}, {"category": "Cabinet", "position": [261.41093396983666, 290.0365616681311], "size": [64.84020080566407, 18.123479461669888], "angle": 3.141592653589793}, {"category": "PendantLamp", "position": [248.72155033742246, 245.2324468180944], "size": [21.99984054565431, 20.738369750976574], "angle": 0.0}]}]}]}