{"seed": 1, "floorplan": [{"rooms": [{"category": "Bedroom", "corners": [[191.0, 190.0], [191.0, 310.0], [309.0, 310.0], [309.0, 190.0], [191.0, 190.0]], "objects": [{"category": "DoubleBed", "position": [227.30405718893476, 255.81400000000002], "size": [65.0282928335527, 60.53065056794495], "angle": -9.10411711438571e-06}, {"category": "Nightstand", "position": [201.36099750608196, 215.90934256777712], "size": [17.423168114251872, 10.385554070163563], "angle": -1.5708054309120099}, {"category": "Nightstand", "position": [201.00462098397884, 295.62565743222297], "size": [10.385554070163536, 17.423168114251926], "angle": -9.104117114172001e-06}, {"category": "PendantLamp", "position": [249.823, 251.13100000000003], "size": [21.42773895263673, 4.47083988189695], "angle": 0.0}]}]}]}