{"seed": 1, "floorplan": [{"rooms": [{"category": "Bedroom", "corners": [[202.0, 194.0], [202.0, 306.0], [257.0, 306.0], [257.0, 272.0], [258.0, 271.0], [298.0, 271.0], [298.0, 194.0], [202.0, 194.0]], "objects": [{"category": "PendantLamp", "position": [244.7695, 236.68300000000005], "size": [3.004169940948458, 3.0], "angle": 0.0}, {"category": "DoubleBed", "position": [264.85350026251433, 232.72000000000003], "size": [53.222885977815444, 66.1098013980398], "angle": -1.570787222677783}]}]}]}