{"seed": 1, "floorplan": [{"rooms": [{"category": "Bedroom", "corners": [[200.0, 182.0], [200.0, 318.0], [300.0, 318.0], [300.0, 183.0], [299.0, 182.0], [200.0, 182.0]], "objects": [{"category": "DoubleBed", "position": [235.0651894532757, 260.71899999999994], "size": [58.29263275615253, 60.66025379865461], "angle": -9.104117113739032e-06}, {"category": "Nightstand", "position": [207.06039847066484, 303.2850248956223], "size": [10.84371902323032, 16.04315600816645], "angle": -9.104117116290954e-06}, {"category": "Nightstand", "position": [207.06039847066484, 218.44697510437766], "size": [10.84371902323032, 16.043156008166505], "angle": -9.104117113669924e-06}, {"category": "PendantLamp", "position": [250.0, 259.009], "size": [23.2506294250488, 7.498860168457043], "angle": 0.0}]}]}]}