{"seed": 1, "floorplan": [{"rooms": [{"category": "Bedroom", "corners": [[206.0, 198.0], [206.0, 233.0], [205.0, 234.0], [163.0, 234.0], [163.0, 302.0], [337.0, 302.0], [337.0, 198.0], [206.0, 198.0]], "objects": [{"category": "DoubleBed", "position": [248.06898507347006, 232.03144263796779], "size": [68.11409912109372, 65.55720062255858], "angle": 0.0}, {"category": "Nightstand", "position": [286.5008601303995, 206.06847262747698], "size": [19.293630981445347, 11.954370117187523], "angle": 0.0}, {"category": "Nightstand", "position": [213.17940380342336, 205.9700924686326], "size": [19.29363098144529, 11.954370117187494], "angle": 0.0}, {"category": "Cabinet", "position": [327.95349999999996, 230.48950000000002], "size": [60.00054625448656, 15.156408204238913], "angle": -1.5707872226777826}]}]}]}