{"seed": 1, "floorplan": [{"rooms": [{"category": "Bedroom", "corners": [[188.0, 202.0], [188.0, 298.0], [312.0, 298.0], [312.0, 202.0], [188.0, 202.0]], "objects": [{"category": "DoubleBed", "position": [225.28869999999998, 238.28919904375124], "size": [68.92799835205079, 72.46979827880858], "angle": 0.0}, {"category": "Cabinet", "position": [250.81486829437756, 291.4219], "size": [120.97199707031245, 9.618840408325184], "angle": 0.0}]}]}]}