{"seed": 1, "floorplan": [{"rooms": [{"category": "Bedroom", "corners": [[194.0, 190.0], [194.0, 223.0], [223.0, 223.0], [224.0, 224.0], [224.0, 310.0], [306.0, 310.0], [306.0, 190.0], [194.0, 190.0]], "objects": [{"category": "Cabinet", "position": [225.7323121784779, 227.55981593581663], "size": [6.3103176506329035, 10.661557178032407], "angle": -9.1041171193915e-06}, {"category": "DoubleBed", "position": [257.076027490947, 261.9670615521102], "size": [66.36690212739755, 58.97303598434281], "angle": -9.10411711464021e-06}, {"category": "Cabinet", "position": [225.5398462156283, 296.10611221208023], "size": [6.3103176506329035, 10.661557178032407], "angle": -9.104117110383487e-06}]}]}]}