{"seed": 1, "floorplan": [{"rooms": [{"category": "Bedroom", "corners": [[200.0, 158.0], [200.0, 342.0], [300.0, 342.0], [300.0, 234.0], [233.0, 234.0], [232.0, 233.0], [232.0, 158.0], [200.0, 158.0]], "objects": [{"category": "DoubleBed", "position": [265.5656386283658, 296.00786810496186], "size": [67.67101403686016, 67.57021355860982], "angle": -1.5707872226777824}, {"category": "Nightstand", "position": [290.74352016784604, 330.89495561517526], "size": [17.114705833306047, 17.37351861438335], "angle": -1.5707872226777844}, {"category": "TVStand", "position": [208.01289370839612, 288.9435695173956], "size": [12.391402333555284, 65.29739623566115], "angle": -9.104117115652013e-06}, {"category": "CeilingLamp", "position": [246.25449999999995, 291.358], "size": [14.547509765624994, 14.547509765625023], "angle": 0.0}]}]}]}