{"seed": 1, "floorplan": [{"rooms": [{"category": "Bedroom", "corners": [[170.0, 189.0], [170.0, 311.0], [330.0, 311.0], [330.0, 189.0], [170.0, 189.0]], "objects": [{"category": "DoubleBed", "position": [257.7142, 227.95000000000002], "size": [57.15660095214844, 66.89609985351564], "angle": 0.0}, {"category": "Nightstand", "position": [214.6603, 195.80399970839858], "size": [17.42781028747558, 13.807199478149414], "angle": 0.0}, {"category": "Nightstand", "position": [300.0403, 195.76266637575873], "size": [17.427810287475495, 13.807199478149386], "angle": 0.0}, {"category": "Chair", "position": [256.942, 275.1694], "size": [46.20990142822268, 22.459259033203125], "angle": 0.0}]}]}]}