{"seed": 1, "floorplan": [{"rooms": [{"category": "Bedroom", "corners": [[303.0, 211.0], [302.0, 212.0], [197.0, 212.0], [197.0, 289.0], [198.0, 288.0], [303.0, 288.0], [303.0, 211.0]], "objects": [{"category": "DoubleBed", "position": [251.7853908757806, 247.05331936601533], "size": [62.95680084228513, 69.92369842529297], "angle": 0.0}, {"category": "Nightstand", "position": [292.3399866518628, 217.06469810221515], "size": [14.59122047424313, 14.54765968322755], "angle": 0.0}, {"category": "Shelf", "position": [291.63250000000005, 277.4995], "size": [13.27943009133975, 12.10385303288797], "angle": -0.7853927101735401}, {"category": "PendantLamp", "position": [252.72850000000003, 249.26050000000004], "size": [28.904788970947237, 28.904788970947266], "angle": 0.0}]}]}]}