{"seed": 1, "floorplan": [{"rooms": [{"category": "Bedroom", "corners": [[193.0, 190.0], [193.0, 310.0], [224.0, 310.0], [224.0, 288.0], [225.0, 287.0], [307.0, 287.0], [307.0, 190.0], [193.0, 190.0]], "objects": [{"category": "DoubleBed", "position": [272.8443065080136, 222.09511209196478], "size": [65.52179860824577, 62.71317318455902], "angle": -1.5707872226777826}, {"category": "Nightstand", "position": [291.7938699430283, 261.5709491059276], "size": [9.31610984802245, 9.371430015563988], "angle": 3.141592653589793}]}]}]}