{"seed": 1, "floorplan": [{"rooms": [{"category": "Bedroom", "corners": [[201.0, 197.0], [201.0, 303.0], [299.0, 303.0], [299.0, 197.0], [201.0, 197.0]], "objects": [{"category": "DoubleBed", "position": [265.62640066186873, 251.73399805180586], "size": [58.292632756152585, 60.66025379865461], "angle": -3.1415835494726787}, {"category": "Cabinet", "position": [290.46199221437354, 290.40850301383887], "size": [12.516053660661441, 10.319493593250261], "angle": -1.5707872226777826}, {"category": "PendantLamp", "position": [241.561, 245.86539999999997], "size": [23.250841104392798, 7.498928439890546], "angle": -1.5707872226777821}]}]}]}