{"seed": 1, "floorplan": [{"rooms": [{"category": "Bedroom", "corners": [[181.0, 201.0], [181.0, 299.0], [318.0, 299.0], [318.0, 231.0], [319.0, 230.0], [319.0, 201.0], [181.0, 201.0]], "objects": [{"category": "Shelf", "position": [304.01008548267396, 289.5688752655104], "size": [17.594730377197322, 8.10426006317141], "angle": 0.0}, {"category": "DoubleBed", "position": [255.50958449994232, 234.91173744743895], "size": [37.9799995422363, 67.75680084228517], "angle": 0.0}, {"category": "Cabinet", "position": [214.88019333494205, 208.26864253348518], "size": [16.762620162963856, 12.541679763793951], "angle": 0.0}, {"category": "Cabinet", "position": [296.3017172491546, 208.28373184158642], "size": [16.7626201629638, 12.54167976379398], "angle": 0.0}]}]}]}