{"seed": 1, "floorplan": [{"rooms": [{"category": "Bedroom", "corners": [[203.0, 185.0], [203.0, 315.0], [297.0, 315.0], [297.0, 185.0], [203.0, 185.0]], "objects": [{"category": "DoubleBed", "position": [260.2902096107871, 257.4589999004477], "size": [68.92862970392108, 72.47046207209684], "angle": -1.5703346252074881}, {"category": "Nightstand", "position": [289.78085451927996, 215.54205751672686], "size": [13.500122907259506, 18.00016387634598], "angle": -3.141583549472677}, {"category": "Nightstand", "position": [289.6266554343797, 301.0392798508789], "size": [13.500122907259449, 18.00016387634595], "angle": -3.141583549472677}, {"category": "PendantLamp", "position": [254.01099999999997, 254.8525], "size": [12.700710296630831, 11.791289520263689], "angle": 0.0}]}]}]}