{"seed": 1, "floorplan": [{"rooms": [{"category": "Bedroom", "corners": [[203.0, 199.0], [203.0, 210.0], [202.0, 211.0], [203.0, 212.0], [203.0, 284.0], [206.0, 284.0], [207.0, 285.0], [207.0, 301.0], [299.0, 301.0], [298.0, 300.0], [298.0, 200.0], [299.0, 199.0], [203.0, 199.0]], "objects": [{"category": "PendantLamp", "position": [262.63042913055835, 255.54042551337338], "size": [18.0, 18.00000000000003], "angle": 0.0}, {"category": "DoubleBed", "position": [252.20650790706242, 266.65504270324124], "size": [50.698200988769514, 68.60789794921877], "angle": 3.141592653589793}, {"category": "Nightstand", "position": [286.23215418157804, 293.51648519549826], "size": [12.120000457763695, 12.570000457763626], "angle": 3.141592653589793}, {"category": "Nightstand", "position": [220.21435107424037, 293.61588905869667], "size": [12.120000457763695, 12.570000457763683], "angle": 3.141592653589793}]}]}]}