{"seed": 1, "floorplan": [{"rooms": [{"category": "Bedroom", "corners": [[190.0, 200.0], [190.0, 300.0], [310.0, 300.0], [310.0, 200.0], [190.0, 200.0]], "objects": [{"category": "DoubleBed", "position": [249.99700000000004, 234.30114503788369], "size": [60.659701538085955, 58.29210205078124], "angle": 0.0}, {"category": "Cabinet", "position": [207.35507472405715, 209.73090691839153], "size": [17.563919448852545, 16.12499999999997], "angle": 0.0}, {"category": "Cabinet", "position": [292.88792527594285, 210.25534174306998], "size": [17.563919448852573, 16.12499999999997], "angle": 0.0}]}]}]}