{"seed": 1, "floorplan": [{"rooms": [{"category": "Bedroom", "corners": [[201.0, 202.0], [201.0, 298.0], [299.0, 298.0], [299.0, 202.0], [201.0, 202.0]], "objects": [{"category": "DoubleBed", "position": [261.6939335274957, 259.8730406278226], "size": [74.07637630737204, 74.11117581852828], "angle": -1.5707872226777828}, {"category": "Nightstand", "position": [294.08159114288014, 226.9588909288944], "size": [17.765711210845854, 14.93359543047686], "angle": -1.5707872226777808}, {"category": "TVStand", "position": [210.988, 264.2725], "size": [10.049851169510788, 48.44053958213023], "angle": -9.104117113500951e-06}, {"category": "CeilingLamp", "position": [250.87599999999998, 249.0865], "size": [15.538049697875977, 15.501539611816384], "angle": 0.0}]}]}]}