{"seed": 1, "floorplan": [{"rooms": [{"category": "Bedroom", "corners": [[186.0, 196.0], [186.0, 304.0], [314.0, 304.0], [314.0, 262.0], [302.0, 262.0], [301.0, 261.0], [301.0, 196.0], [186.0, 196.0]], "objects": [{"category": "DoubleBed", "position": [241.67700262632002, 269.27958762253166], "size": [63.01139831542969, 68.70720062255862], "angle": 3.141592653589793}, {"category": "Nightstand", "position": [203.27228872871802, 299.0763044270939], "size": [14.319029617309582, 14.367930221557572], "angle": 3.141592653589793}, {"category": "Nightstand", "position": [278.0442845047568, 296.68177814060675], "size": [14.319029617309582, 14.367930221557629], "angle": 3.141592653589793}, {"category": "Cabinet", "position": [307.5891166687012, 251.78499857584634], "size": [98.48789921292692, 13.519713081949462], "angle": -1.5707872226777824}]}]}]}