{"seed": 1, "floorplan": [{"rooms": [{"category": "Bedroom", "corners": [[238.0, 184.0], [238.0, 204.0], [236.0, 206.0], [205.0, 206.0], [204.0, 205.0], [204.0, 316.0], [296.0, 316.0], [296.0, 205.0], [295.0, 206.0], [288.0, 206.0], [287.0, 205.0], [287.0, 184.0], [238.0, 184.0]], "objects": [{"category": "DoubleBed", "position": [262.51813251794005, 253.98195162185], "size": [60.205189619224306, 43.34518934617777], "angle": -0.0043984100660642315}, {"category": "Nightstand", "position": [290.4138785055832, 218.63049360216115], "size": [15.813804020817672, 11.3908934994224], "angle": -1.5707872226777841}, {"category": "Nightstand", "position": [290.4138785055833, 287.8074936021612], "size": [15.813804020817615, 11.390893499422457], "angle": -1.5707872226777806}, {"category": "CeilingLamp", "position": [254.32278354482327, 251.72582355213856], "size": [16.891679763793945, 16.993230056762684], "angle": 0.0}]}]}]}