{"seed": 1, "floorplan": [{"rooms": [{"category": "Bedroom", "corners": [[56.0, 82.0], [56.0, 189.0], [82.0, 189.0], [83.0, 190.0], [83.0, 418.0], [242.0, 418.0], [242.0, 314.0], [243.0, 313.0], [391.0, 313.0], [391.0, 190.0], [392.0, 189.0], [444.0, 189.0], [444.0, 82.0], [56.0, 82.0]], "objects": [{"category": "DoubleBed", "position": [359.57680000000005, 120.88510000000002], "size": [53.12400054931646, 62.435700988769526], "angle": 0.0}]}]}]}