{"seed": 1, "floorplan": [{"rooms": [{"category": "Bedroom", "corners": [[181.0, 197.0], [181.0, 303.0], [319.0, 303.0], [319.0, 197.0], [181.0, 197.0]], "objects": [{"category": "DoubleBed", "position": [261.96475, 233.448709098013], "size": [47.42969970703126, 66.5042999267578], "angle": 0.0}, {"category": "Nightstand", "position": [221.0786774331198, 205.83246914344346], "size": [14.612009811401379, 13.143929672241228], "angle": 0.0}, {"category": "Nightstand", "position": [302.85052256688016, 205.83246914344346], "size": [14.612009811401379, 13.143929672241228], "angle": 0.0}, {"category": "PendantLamp", "position": [260.77975, 247.97335], "size": [13.722480010986345, 13.722480010986317], "angle": 0.0}]}]}]}