{"seed": 1, "floorplan": [{"rooms": [{"category": "Bedroom", "corners": [[210.0, 171.0], [210.0, 329.0], [290.0, 329.0], [290.0, 203.0], [238.0, 203.0], [237.0, 202.0], [237.0, 171.0], [210.0, 171.0]], "objects": [{"category": "DoubleBed", "position": [254.9118691643539, 273.7767950579346], "size": [64.02868351322437, 70.63354100817547], "angle": -1.5707872226777824}, {"category": "Nightstand", "position": [282.5147276971233, 239.77901979447716], "size": [15.203028425429777, 15.717292827223043], "angle": -1.5707872226777848}, {"category": "Nightstand", "position": [282.4460352005304, 310.36376173550076], "size": [15.203028425429691, 15.717292827222986], "angle": -1.5707872226777848}]}]}]}