{"seed": 1, "floorplan": [{"rooms": [{"category": "Bedroom", "corners": [[198.0, 156.0], [198.0, 343.0], [197.0, 344.0], [238.0, 344.0], [238.0, 273.0], [239.0, 272.0], [302.0, 272.0], [302.0, 157.0], [303.0, 156.0], [198.0, 156.0]], "objects": [{"category": "DoubleBed", "position": [271.5714605677632, 208.7702478859572], "size": [71.83115322978645, 61.41715918817647], "angle": -1.5707872226777824}, {"category": "Nightstand", "position": [296.74815200074045, 247.08456569669255], "size": [15.174527799744606, 15.111377581870736], "angle": -1.5707872226777815}, {"category": "Nightstand", "position": [296.69500547898497, 168.85597390062478], "size": [15.174527799744606, 15.111377581870679], "angle": -1.5707872226777853}]}]}]}