{"seed": 1, "floorplan": [{"rooms": [{"category": "Bedroom", "corners": [[208.0, 192.0], [208.0, 308.0], [292.0, 308.0], [292.0, 192.0], [208.0, 192.0]], "objects": [{"category": "DoubleBed", "position": [256.6846083189024, 243.305771833085], "size": [62.957374016200475, 69.92433502752597], "angle": -1.5707872226777826}, {"category": "Nightstand", "position": [283.3960841510046, 282.00068042482405], "size": [14.547792128633732, 14.591353316237305], "angle": -3.1415835494726796}, {"category": "Nightstand", "position": [282.49025400902195, 204.36518571736738], "size": [14.591353316237305, 14.547792128633732], "angle": -1.5707872226777804}, {"category": "PendantLamp", "position": [249.481, 240.70899999999997], "size": [28.904788970947266, 28.904788970947266], "angle": 0.0}]}]}]}