{"seed": 1, "floorplan": [{"rooms": [{"category": "Bedroom", "corners": [[169.0, 206.0], [169.0, 294.0], [327.0, 294.0], [327.0, 263.0], [328.0, 262.0], [331.0, 262.0], [331.0, 206.0], [296.0, 206.0], [296.0, 263.0], [295.0, 264.0], [291.0, 264.0], [290.0, 263.0], [290.0, 206.0], [169.0, 206.0]], "objects": [{"category": "DoubleBed", "position": [221.9173, 239.15815878745957], "size": [66.04439849853514, 67.11389923095697], "angle": 0.0}, {"category": "Nightstand", "position": [183.76615234942477, 212.5170220762576], "size": [15.116370391845663, 13.76862030029298], "angle": 0.0}, {"category": "Nightstand", "position": [260.07234765057524, 212.61540214862245], "size": [15.11637039184572, 13.76862030029298], "angle": 0.0}]}]}]}