{"seed": 1, "floorplan": [{"rooms": [{"category": "Bedroom", "corners": [[190.0, 200.0], [190.0, 300.0], [310.0, 300.0], [310.0, 200.0], [190.0, 200.0]], "objects": [{"category": "DoubleBed", "position": [275.44905592786404, 269.13285092177506], "size": [60.88765455058757, 65.9709009025106], "angle": -1.5707872226777833}, {"category": "Cabinet", "position": [305.2287782350422, 232.05477034064597], "size": [16.392119298709126, 9.241524146371981], "angle": -1.5707872226777821}, {"category": "Table", "position": [197.93412102701467, 276.43192593927193], "size": [20.400725892575984, 12.963507990704285], "angle": -1.5708054309120107}, {"category": "Sofa", "position": [216.10870397304603, 277.8246594608238], "size": [14.402741522181403, 8.717059532695732], "angle": -1.5707872226777813}]}]}]}