{"seed": 1, "floorplan": [{"rooms": [{"category": "Bedroom", "corners": [[197.0, 153.0], [197.0, 347.0], [303.0, 347.0], [303.0, 235.0], [237.0, 235.0], [236.0, 234.0], [236.0, 153.0], [197.0, 153.0]], "objects": [{"category": "DoubleBed", "position": [266.3144547559731, 304.5340799756725], "size": [68.92791905585716, 72.46971490805517], "angle": -1.5668518120281516}, {"category": "TVStand", "position": [204.52306646728516, 304.4995], "size": [61.80326347237403, 14.33245012601178], "angle": -1.5708054309120107}, {"category": "CeilingLamp", "position": [250.03599999999994, 301.2655], "size": [16.79720993041991, 17.998560333251987], "angle": 0.0}]}]}]}