{"seed": 1, "floorplan": [{"rooms": [{"category": "Bedroom", "corners": [[200.0, 191.0], [200.0, 275.0], [228.0, 275.0], [229.0, 276.0], [229.0, 309.0], [300.0, 309.0], [300.0, 191.0], [200.0, 191.0]], "objects": [{"category": "DoubleBed", "position": [263.74835466704013, 233.1088377113133], "size": [67.67101403686021, 67.57021355860982], "angle": -1.5707872226777828}, {"category": "Nightstand", "position": [292.90130367372785, 196.87508996464163], "size": [17.1147058333061, 17.37351861438341], "angle": -1.570787222677781}, {"category": "Nightstand", "position": [292.8227765370072, 270.6234985073897], "size": [17.1147058333061, 17.37351861438335], "angle": -1.5707872226777844}, {"category": "CeilingLamp", "position": [250.92399999999998, 232.85950000000003], "size": [14.547509765624994, 14.547509765625023], "angle": 0.0}]}]}]}