{"seed": 1, "floorplan": [{"rooms": [{"category": "Bedroom", "corners": [[163.0, 194.0], [163.0, 305.0], [162.0, 306.0], [338.0, 306.0], [337.0, 305.0], [337.0, 274.0], [287.0, 274.0], [286.0, 273.0], [286.0, 194.0], [163.0, 194.0]], "objects": [{"category": "DoubleBed", "position": [202.8213470582003, 234.3388512829669], "size": [80.78700256347656, 79.63770446777346], "angle": 0.0}, {"category": "Nightstand", "position": [249.21200003469164, 199.07144669602766], "size": [24.0, 13.839030075073254], "angle": 0.0}]}]}]}