{"seed": 1, "floorplan": [{"rooms": [{"category": "Bedroom", "corners": [[209.0, 194.0], [209.0, 306.0], [291.0, 306.0], [291.0, 194.0], [209.0, 194.0]], "objects": [{"category": "DoubleBed", "position": [261.67980257938524, 268.179403458419], "size": [58.882736700329744, 51.1963660632131], "angle": -3.1415835494726783}, {"category": "Cabinet", "position": [283.76709773577295, 229.8734737118055], "size": [16.35521863316967, 12.799226557315901], "angle": -1.5707872226777808}, {"category": "CeilingLamp", "position": [250.4545, 248.23899999999998], "size": [18.239999771118164, 18.179999542236345], "angle": 0.0}]}]}]}