{"seed": 1, "floorplan": [{"rooms": [{"category": "Bedroom", "corners": [[194.0, 200.0], [194.0, 299.0], [193.0, 300.0], [306.0, 300.0], [306.0, 271.0], [307.0, 270.0], [307.0, 200.0], [194.0, 200.0]], "objects": [{"category": "Nightstand", "position": [270.8868969871701, 205.3355339820719], "size": [12.0, 11.613660049438465], "angle": 0.0}, {"category": "DoubleBed", "position": [232.34698734761596, 236.33858529349027], "size": [65.31239776611329, 73.28909912109373], "angle": 0.0}, {"category": "Shelf", "position": [204.16870000000006, 293.70820000000003], "size": [10.22853012084957, 11.737080001831089], "angle": 3.141592653589793}, {"category": "PendantLamp", "position": [254.85350524784468, 243.90113841440697], "size": [16.900260543823265, 16.900260543823208], "angle": 0.0}]}]}]}