{"seed": 1, "floorplan": [{"rooms": [{"category": "Bedroom", "corners": [[297.0, 154.0], [296.0, 155.0], [266.0, 155.0], [266.0, 197.0], [265.0, 198.0], [203.0, 198.0], [203.0, 320.0], [227.0, 320.0], [228.0, 321.0], [228.0, 346.0], [229.0, 345.0], [276.0, 345.0], [277.0, 346.0], [277.0, 321.0], [278.0, 320.0], [297.0, 320.0], [297.0, 156.0], [298.0, 155.0], [297.0, 154.0]], "objects": [{"category": "DoubleBed", "position": [238.84229810668222, 264.94029753272605], "size": [68.92862588918999, 72.47045806134943], "angle": -1.570805430912011}, {"category": "Nightstand", "position": [211.75154037005808, 309.96575776931434], "size": [11.775107202442985, 17.142216536038447], "angle": -9.104117115565538e-06}, {"category": "TVStand", "position": [290.44525336314206, 262.6142371169668], "size": [13.885850281496198, 64.95177524607101], "angle": -3.1413006839207243}, {"category": "CeilingLamp", "position": [250.62685901889668, 260.742052586854], "size": [18.392777619220823, 18.392777619220766], "angle": -9.104117112656208e-06}]}]}]}