{"seed": 1, "floorplan": [{"rooms": [{"category": "Bedroom", "corners": [[208.0, 154.0], [208.0, 317.0], [223.0, 317.0], [224.0, 318.0], [224.0, 346.0], [276.0, 346.0], [276.0, 318.0], [277.0, 317.0], [292.0, 317.0], [292.0, 154.0], [208.0, 154.0]], "objects": [{"category": "DoubleBed", "position": [245.24420190821667, 238.831], "size": [73.16106493468146, 62.863472099290846], "angle": -9.104117113918699e-06}, {"category": "Nightstand", "position": [215.37501464952544, 274.3208565817815], "size": [15.000136563621625, 15.000136563621597], "angle": -9.104117114865567e-06}, {"category": "Nightstand", "position": [215.37501464952544, 203.0321434182185], "size": [15.000136563621625, 15.000136563621654], "angle": -9.104117112970805e-06}, {"category": "PendantLamp", "position": [249.9835, 241.477], "size": [27.34218923524328, 27.559931085763647], "angle": -1.570805430912011}]}]}]}