{"seed": 1, "floorplan": [{"rooms": [{"category": "Bedroom", "corners": [[192.0, 209.0], [192.0, 291.0], [308.0, 291.0], [308.0, 209.0], [192.0, 209.0]], "objects": [{"category": "DoubleBed", "position": [259.42294580253076, 242.21448934038983], "size": [60.15990142822267, 62.516999816894554], "angle": 0.0}, {"category": "Cabinet", "position": [294.9952874813191, 215.10258924669174], "size": [13.150469970703114, 10.51838951110841], "angle": 0.0}, {"category": "Cabinet", "position": [223.77169165331208, 215.74500369763388], "size": [13.150469970703114, 10.51838951110841], "angle": 0.0}, {"category": "Cabinet", "position": [201.06541013013262, 236.00234557739023], "size": [27.259839089762533, 8.219055044560305], "angle": -1.5708054309120103}]}]}]}