{"seed": 1, "floorplan": [{"rooms": [{"category": "Bedroom", "corners": [[203.0, 195.0], [203.0, 305.0], [297.0, 305.0], [297.0, 195.0], [203.0, 195.0]], "objects": [{"category": "DoubleBed", "position": [263.533, 231.45100000000002], "size": [67.67039794921874, 67.56959838867192], "angle": 0.0}, {"category": "CornerSideTable", "position": [239.15499999999997, 295.192], "size": [43.05480194091797, 12.291389465332031], "angle": 3.141592653589793}, {"category": "Table", "position": [214.64084291158977, 265.6304068489484], "size": [23.407164956399622, 39.11223771667128], "angle": -3.1161654668197336}, {"category": "Chair", "position": [221.5842755331802, 273.0239116195373], "size": [29.023794815843228, 21.42589468022094], "angle": -3.141583549472678}]}]}]}