{"seed": 1, "floorplan": [{"rooms": [{"category": "Bedroom", "corners": [[199.0, 180.0], [198.0, 181.0], [198.0, 320.0], [301.0, 320.0], [302.0, 319.0], [302.0, 180.0], [199.0, 180.0]], "objects": [{"category": "DoubleBed", "position": [233.58999999999997, 257.716], "size": [62.957374016200504, 69.924335027526], "angle": -1.5708054309120107}, {"category": "Nightstand", "position": [208.13200000000003, 213.94899999999998], "size": [14.547792128633732, 14.591353316237305], "angle": -9.104117113813794e-06}, {"category": "Nightstand", "position": [207.316, 301.849], "size": [14.547792128633732, 14.591353316237248], "angle": -9.104117113813794e-06}]}]}]}