{"seed": 1, "floorplan": [{"rooms": [{"category": "Bedroom", "corners": [[207.0, 179.0], [207.0, 321.0], [293.0, 321.0], [293.0, 179.0], [207.0, 179.0]], "objects": [{"category": "DoubleBed", "position": [260.0501346987004, 256.5674909760138], "size": [60.53425320084161, 63.580478443924804], "angle": -1.5707872226777828}]}]}]}