{"seed": 1, "floorplan": [{"rooms": [{"category": "Bedroom", "corners": [[182.0, 191.0], [182.0, 222.0], [213.0, 222.0], [214.0, 223.0], [214.0, 308.0], [213.0, 309.0], [318.0, 309.0], [318.0, 191.0], [182.0, 191.0]], "objects": [{"category": "CeilingLamp", "position": [278.29150000000004, 246.505], "size": [16.79720993041991, 17.99856033325196], "angle": 0.0}, {"category": "DoubleBed", "position": [278.1048395819968, 272.6802089823003], "size": [68.92799835205082, 72.46979827880858], "angle": 3.141592653589793}, {"category": "Sofa", "position": [277.77863560192, 229.28736856394093], "size": [31.173900604248047, 14.999820327758783], "angle": 0.0}]}]}]}