{"seed": 1, "floorplan": [{"rooms": [{"category": "Bedroom", "corners": [[198.0, 163.0], [198.0, 337.0], [302.0, 337.0], [302.0, 187.0], [248.0, 187.0], [247.0, 186.0], [247.0, 163.0], [198.0, 163.0]], "objects": [{"category": "Nightstand", "position": [205.0733105314226, 321.79808434788873], "size": [14.547792128633676, 14.591353316237305], "angle": -9.10411711381383e-06}, {"category": "DoubleBed", "position": [232.9962412770671, 281.04689059454563], "size": [62.957374016200504, 69.92433502752597], "angle": -1.5708054309120107}, {"category": "Nightstand", "position": [204.81112560435722, 245.18447027135443], "size": [14.547792128633732, 14.591353316237305], "angle": -9.104117113813794e-06}, {"category": "PendantLamp", "position": [253.10049999999998, 254.46009999999995], "size": [36.36180038452147, 9.378239822387684], "angle": 0.0}]}]}]}