{"seed": 1, "floorplan": [{"rooms": [{"category": "Bedroom", "corners": [[200.0, 142.0], [200.0, 358.0], [300.0, 358.0], [300.0, 207.0], [236.0, 207.0], [235.0, 206.0], [235.0, 142.0], [200.0, 142.0]], "objects": [{"category": "Armchair", "position": [263.10272715465163, 345.1755369370353], "size": [17.659557981061955, 15.016516348235223], "angle": -0.27835512465180245}, {"category": "PendantLamp", "position": [290.91700000000003, 249.80649999999997], "size": [15.084164759223503, 15.303225496437648], "angle": -1.5693763277493264}, {"category": "PendantLamp", "position": [290.91700000000003, 315.71950000000004], "size": [15.084164759223558, 15.303225496437648], "angle": -1.5693763277493264}, {"category": "DoubleBed", "position": [266.03772195840224, 284.3790884440367], "size": [53.29098352161438, 68.61752686548888], "angle": -1.5707872226777826}]}]}]}