{"seed": 1, "floorplan": [{"rooms": [{"category": "Bedroom", "corners": [[196.0, 184.0], [195.0, 185.0], [193.0, 185.0], [192.0, 186.0], [191.0, 186.0], [190.0, 187.0], [188.0, 187.0], [187.0, 188.0], [186.0, 188.0], [185.0, 189.0], [183.0, 189.0], [182.0, 190.0], [181.0, 190.0], [180.0, 191.0], [179.0, 191.0], [178.0, 192.0], [176.0, 192.0], [175.0, 193.0], [173.0, 193.0], [173.0, 194.0], [167.0, 200.0], [167.0, 201.0], [160.0, 208.0], [160.0, 209.0], [158.0, 211.0], [158.0, 243.0], [159.0, 242.0], [185.0, 242.0], [186.0, 243.0], [186.0, 254.0], [185.0, 255.0], [179.0, 255.0], [179.0, 282.0], [185.0, 282.0], [186.0, 283.0], [186.0, 290.0], [209.0, 290.0], [210.0, 291.0], [210.0, 309.0], [265.0, 309.0], [266.0, 310.0], [266.0, 316.0], [314.0, 316.0], [314.0, 310.0], [315.0, 309.0], [342.0, 309.0], [342.0, 184.0], [196.0, 184.0]], "objects": [{"category": "DoubleBed", "position": [305.17214526422913, 241.31987250248693], "size": [72.5505582778992, 49.23314628545203], "angle": -3.1415835494726796}, {"category": "Nightstand", "position": [329.52818764347103, 278.6019947983622], "size": [17.791991662509616, 13.500122907259506], "angle": -1.5707872226777806}, {"category": "Nightstand", "position": [329.1958415957953, 207.2492202790645], "size": [17.791991662509616, 13.500122907259563], "angle": -1.5707872226777806}]}]}]}