{"seed": 1, "floorplan": [{"rooms": [{"category": "Bedroom", "corners": [[210.0, 186.0], [210.0, 192.0], [211.0, 193.0], [211.0, 312.0], [210.0, 313.0], [210.0, 314.0], [290.0, 314.0], [289.0, 313.0], [289.0, 200.0], [247.0, 200.0], [246.0, 199.0], [246.0, 186.0], [210.0, 186.0]], "objects": [{"category": "DoubleBed", "position": [243.00985073349744, 245.833445326432], "size": [56.41281370106381, 64.82609220118219], "angle": -1.5708054309120103}, {"category": "Nightstand", "position": [217.77146737578846, 206.7382909689426], "size": [18.987652648704834, 14.51410270448825], "angle": -1.5708054309120119}, {"category": "Nightstand", "position": [217.7675384633854, 284.1885298536277], "size": [14.514102704488222, 18.987652648704806], "angle": -9.104117116593338e-06}, {"category": "PendantLamp", "position": [251.233, 248.00649999999996], "size": [19.03026008605957, 17.820659637451143], "angle": 0.0}]}]}]}