{"seed": 1, "floorplan": [{"rooms": [{"category": "Bedroom", "corners": [[200.0, 152.0], [200.0, 348.0], [229.0, 348.0], [229.0, 326.0], [230.0, 325.0], [236.0, 325.0], [236.0, 302.0], [230.0, 302.0], [229.0, 301.0], [229.0, 278.0], [230.0, 277.0], [300.0, 277.0], [300.0, 152.0], [200.0, 152.0]], "objects": [{"category": "DoubleBed", "position": [264.9173815188383, 206.8185283590124], "size": [63.88048117519727, 70.06743783182142], "angle": -1.5707872226777821}, {"category": "Cabinet", "position": [293.11613987330855, 250.87443059529477], "size": [15.342770069364, 13.196249748904389], "angle": -1.5707872226777828}, {"category": "Cabinet", "position": [293.3043457657667, 162.90898511067783], "size": [15.342770069364, 13.19624974890433], "angle": -1.5707872226777828}, {"category": "PendantLamp", "position": [249.99999999999997, 204.81715], "size": [14.36874046325687, 14.36874046325687], "angle": 0.0}]}]}]}