{"seed": 1, "floorplan": [{"rooms": [{"category": "Bedroom", "corners": [[292.0, 204.0], [291.0, 205.0], [208.0, 205.0], [208.0, 296.0], [209.0, 295.0], [292.0, 295.0], [292.0, 204.0]], "objects": [{"category": "DoubleBed", "position": [257.95534520242023, 250.1199721518746], "size": [61.94516234725168, 48.60764315424893], "angle": -3.1415835494726796}, {"category": "Nightstand", "position": [285.01526116207083, 217.1942144363971], "size": [13.00805581203944, 16.870576723751565], "angle": -3.12448298078022}, {"category": "Nightstand", "position": [284.47199590860805, 283.5139340432514], "size": [13.008055812039496, 16.870576723751505], "angle": -3.1244829807802246}, {"category": "CeilingLamp", "position": [252.89094999999998, 252.36399999999998], "size": [21.84117050170903, 19.75371093749999], "angle": 0.0}]}]}]}