{"seed": 1, "floorplan": [{"rooms": [{"category": "Bedroom", "corners": [[203.0, 185.0], [203.0, 315.0], [297.0, 315.0], [297.0, 185.0], [203.0, 185.0]], "objects": [{"category": "DoubleBed", "position": [254.71726420200997, 258.70592561971694], "size": [53.12448420304384, 62.43626941846597], "angle": -1.5707872226777826}, {"category": "PendantLamp", "position": [245.77000000000004, 256.0675], "size": [19.71789093017577, 18.33779983520506], "angle": 0.0}]}]}]}