{"seed": 1, "floorplan": [{"rooms": [{"category": "Bedroom", "corners": [[207.0, 195.0], [207.0, 305.0], [293.0, 305.0], [293.0, 195.0], [207.0, 195.0]], "objects": [{"category": "DoubleBed", "position": [240.80233398918307, 242.38858363345224], "size": [67.57021355860982, 67.67101403686021], "angle": -9.104117114085609e-06}, {"category": "Nightstand", "position": [213.43858867930442, 205.17735999211843], "size": [17.373518614383382, 17.1147058333061], "angle": -9.104117114911234e-06}, {"category": "TVStand", "position": [286.8574502665202, 246.93550000000002], "size": [12.391402333555284, 65.29739623566115], "angle": -3.1415835494726823}, {"category": "CeilingLamp", "position": [249.02949999999998, 245.67850000000004], "size": [14.547509765625023, 14.547509765624994], "angle": 0.0}]}]}]}