{"seed": 1, "floorplan": [{"rooms": [{"category": "Bedroom", "corners": [[212.0, 201.0], [212.0, 226.0], [211.0, 227.0], [186.0, 227.0], [186.0, 299.0], [314.0, 299.0], [314.0, 201.0], [212.0, 201.0]], "objects": [{"category": "DoubleBed", "position": [263.23300000000006, 235.82250095618], "size": [71.41710205078124, 68.56770172119144], "angle": 0.0}, {"category": "PendantLamp", "position": [263.161, 242.08899999999997], "size": [47.269798278808594, 30.862200164794956], "angle": 0.0}]}]}]}