{"seed": 1, "floorplan": [{"rooms": [{"category": "Bedroom", "corners": [[196.0, 199.0], [196.0, 301.0], [304.0, 301.0], [304.0, 199.0], [196.0, 199.0]], "objects": [{"category": "DoubleBed", "position": [256.71662513651074, 234.93578531775142], "size": [58.576799011230435, 71.77949981689449], "angle": 0.0}, {"category": "Nightstand", "position": [223.44680079421195, 204.8090082438193], "size": [9.28028984069823, 6.962339973449701], "angle": 0.0}, {"category": "Nightstand", "position": [291.9244691937714, 201.20625074551356], "size": [9.280289840698288, 6.96233997344973], "angle": 0.0}, {"category": "Cabinet", "position": [257.08168009134465, 294.7021329739197], "size": [90.1199981689453, 13.200029754638706], "angle": 3.141592653589793}]}]}]}