{"seed": 1, "floorplan": [{"rooms": [{"category": "Bedroom", "corners": [[202.0, 163.0], [202.0, 337.0], [298.0, 337.0], [298.0, 223.0], [228.0, 223.0], [227.0, 222.0], [227.0, 163.0], [202.0, 163.0]], "objects": [{"category": "DoubleBed", "position": [263.7616085404949, 294.47984795527543], "size": [68.1132223474628, 67.72321788127297], "angle": -1.5707872226777821}, {"category": "Nightstand", "position": [291.08412500308555, 331.46284777997505], "size": [17.328758075040398, 12.576924194694833], "angle": -1.5707872226777844}, {"category": "Nightstand", "position": [288.7596543210393, 250.86484893221177], "size": [17.328758075040398, 12.576924194694776], "angle": -1.5707872226777844}, {"category": "PendantLamp", "position": [251.43550000000005, 287.71450000000004], "size": [22.306020355224575, 22.334969329833996], "angle": 0.0}]}]}]}