{"seed": 1, "floorplan": [{"rooms": [{"category": "Bedroom", "corners": [[255.0, 179.0], [255.0, 196.0], [254.0, 197.0], [192.0, 197.0], [192.0, 320.0], [191.0, 321.0], [309.0, 321.0], [308.0, 320.0], [308.0, 180.0], [309.0, 179.0], [255.0, 179.0]], "objects": [{"category": "DoubleBed", "position": [275.08466180465234, 259.519], "size": [66.41374208153947, 60.14913691468419], "angle": -3.1368261104080664}, {"category": "TVStand", "position": [198.583, 263.014], "size": [13.524693596042788, 63.42177948933872], "angle": -9.104117116129469e-06}, {"category": "CeilingLamp", "position": [253.58800000000002, 262.189], "size": [13.143540071029063, 15.176868137823869], "angle": -9.104117113879275e-06}]}]}]}