{"seed": 1, "floorplan": [{"rooms": [{"category": "Bedroom", "corners": [[185.0, 190.0], [185.0, 310.0], [315.0, 310.0], [315.0, 190.0], [185.0, 190.0]], "objects": [{"category": "DoubleBed", "position": [258.58600146797943, 224.2137816975219], "size": [75.18630065917964, 67.79339904785158], "angle": 0.0}, {"category": "Nightstand", "position": [214.97285093779567, 193.96046039229978], "size": [22.80000000000001, 10.920000457763678], "angle": 0.0}, {"category": "Nightstand", "position": [302.19604449034864, 193.9603076753761], "size": [22.80000000000001, 10.92000045776365], "angle": 0.0}, {"category": "CeilingLamp", "position": [257.992, 254.938], "size": [36.42780075073247, 53.83710021972661], "angle": 0.0}]}]}]}