{"seed": 1, "floorplan": [{"rooms": [{"category": "Bedroom", "corners": [[240.0, 181.0], [240.0, 207.0], [239.0, 208.0], [203.0, 208.0], [202.0, 209.0], [202.0, 319.0], [298.0, 319.0], [298.0, 181.0], [240.0, 181.0]], "objects": [{"category": "DoubleBed", "position": [261.50268784084676, 261.8035], "size": [51.62060155318435, 60.67338273749029], "angle": -1.5624826119573494}, {"category": "Cabinet", "position": [289.5161218443725, 221.2832415131266], "size": [16.006680123809904, 19.494706051776983], "angle": -3.1337333143875568}, {"category": "Cabinet", "position": [289.60451216755195, 301.8797584868734], "size": [19.494706051776955, 16.006680123809904], "angle": -1.5629369875926633}, {"category": "CeilingLamp", "position": [251.85249999999996, 260.9035], "size": [23.99999999999997, 24.0], "angle": 0.0}]}]}]}