{"seed": 1, "floorplan": [{"rooms": [{"category": "Bedroom", "corners": [[219.0, 196.0], [219.0, 265.0], [236.0, 265.0], [237.0, 266.0], [237.0, 267.0], [236.0, 268.0], [150.0, 268.0], [150.0, 304.0], [351.0, 304.0], [350.0, 303.0], [350.0, 197.0], [351.0, 196.0], [219.0, 196.0]], "objects": [{"category": "DoubleBed", "position": [289.8586, 227.6761345748108], "size": [65.52120208740234, 62.71260223388671], "angle": 0.0}, {"category": "PendantLamp", "position": [290.6533, 248.93079999999998], "size": [26.626261138915993, 26.387310791015636], "angle": 0.0}]}]}]}