{"seed": 1, "floorplan": [{"rooms": [{"category": "Bedroom", "corners": [[191.0, 203.0], [191.0, 297.0], [236.0, 297.0], [236.0, 282.0], [237.0, 281.0], [309.0, 281.0], [309.0, 203.0], [191.0, 203.0]], "objects": [{"category": "DoubleBed", "position": [261.39502177728787, 235.19155285880714], "size": [60.659701538085926, 58.29210205078121], "angle": 0.0}, {"category": "Nightstand", "position": [219.643284436299, 209.6605682739523], "size": [16.043009948730457, 10.843620300292969], "angle": 0.0}, {"category": "Nightstand", "position": [300.2919084019353, 209.6605682739523], "size": [16.043009948730457, 10.843620300292969], "angle": 0.0}]}]}]}