{"seed": 1, "floorplan": [{"rooms": [{"category": "Bedroom", "corners": [[197.0, 184.0], [197.0, 316.0], [303.0, 316.0], [303.0, 184.0], [197.0, 184.0]], "objects": [{"category": "DoubleBed", "position": [227.51792987827002, 258.7275248346447], "size": [62.55386997642482, 63.50637956375042], "angle": -9.104117114471146e-06}, {"category": "Nightstand", "position": [202.8718166518086, 216.45202607205914], "size": [11.450803865412517, 19.220875063136376], "angle": -9.104117114120381e-06}, {"category": "PendantLamp", "position": [250.0, 258.3319], "size": [24.963616258668452, 24.979127572679534], "angle": -0.785390216644495}, {"category": "CornerSideTable", "position": [204.97324945748298, 298.7368684139739], "size": [13.406309509277378, 13.406309509277321], "angle": 0.0}]}]}]}