{"seed": 1, "floorplan": [{"rooms": [{"category": "Bedroom", "corners": [[197.0, 196.0], [197.0, 304.0], [303.0, 304.0], [303.0, 196.0], [197.0, 196.0]], "objects": [{"category": "TVStand", "position": [203.21499999999997, 258.82900000000006], "size": [10.253283197369473, 35.28302157012315], "angle": -9.104117113363374e-06}, {"category": "PendantLamp", "position": [248.065, 254.497], "size": [19.397760772705055, 18.53112030029297], "angle": 3.141592653589793}, {"category": "DoubleBed", "position": [266.9083666909121, 257.93207630889924], "size": [68.92862588918999, 72.47045806134946], "angle": -1.5707872226777828}]}]}]}