{"seed": 1, "floorplan": [{"rooms": [{"category": "Bedroom", "corners": [[206.0, 184.0], [206.0, 316.0], [294.0, 316.0], [294.0, 184.0], [206.0, 184.0]], "objects": [{"category": "DoubleBed", "position": [259.414, 255.982], "size": [72.03875552266265, 61.468159103171345], "angle": -1.5707872226777821}, {"category": "Cabinet", "position": [285.568, 218.881], "size": [13.593753596724225, 15.82931433963839], "angle": -1.5707872226777806}, {"category": "Cabinet", "position": [286.183, 292.381], "size": [13.593753596724225, 15.82931433963839], "angle": -1.5707872226777806}, {"category": "PendantLamp", "position": [249.76899999999998, 254.29000000000002], "size": [3.6639301300048714, 3.6970198631286735], "angle": 0.0}]}]}]}