{"seed": 1, "floorplan": [{"rooms": [{"category": "Bedroom", "corners": [[192.0, 196.0], [192.0, 304.0], [308.0, 304.0], [308.0, 196.0], [192.0, 196.0]], "objects": [{"category": "Nightstand", "position": [202.71250001821136, 203.98082851506052], "size": [19.07462997436525, 14.577329635620117], "angle": 0.0}, {"category": "Cabinet", "position": [299.422, 232.492], "size": [71.47775188004027, 13.847465699650268], "angle": -1.5707872226777821}, {"category": "TVStand", "position": [249.03699999999998, 297.637], "size": [56.20529937744138, 13.126169586181618], "angle": 3.141592653589793}, {"category": "DoubleBed", "position": [244.52399834559236, 231.4297824869539], "size": [56.54760131835937, 70.27079772949219], "angle": 0.0}]}]}]}