{"seed": 1, "floorplan": [{"rooms": [{"category": "Bedroom", "corners": [[199.0, 193.0], [199.0, 301.0], [200.0, 300.0], [218.0, 300.0], [219.0, 301.0], [219.0, 307.0], [281.0, 307.0], [281.0, 301.0], [282.0, 300.0], [301.0, 300.0], [301.0, 193.0], [199.0, 193.0]], "objects": [{"category": "DoubleBed", "position": [234.5462248689897, 258.46759274132177], "size": [74.23387591021874, 55.227803828073384], "angle": -9.10411711419683e-06}, {"category": "Nightstand", "position": [211.6835256727487, 293.83410916294434], "size": [24.08177947998044, 12.24392967224128], "angle": 0.0}, {"category": "Nightstand", "position": [202.19001230291954, 221.56391532511176], "size": [12.244041143933128, 24.08199872631521], "angle": -9.104117113104074e-06}, {"category": "CeilingLamp", "position": [252.63213782341032, 253.3533577780203], "size": [33.04739913940429, 32.97089996337894], "angle": 0.0}]}]}]}