{"seed": 1, "floorplan": [{"rooms": [{"category": "Bedroom", "corners": [[170.0, 190.0], [170.0, 310.0], [273.0, 310.0], [273.0, 227.0], [274.0, 226.0], [330.0, 226.0], [330.0, 190.0], [170.0, 190.0]], "objects": [{"category": "DoubleBed", "position": [204.24520000000004, 259.31694999999996], "size": [58.29263275615253, 60.66025379865461], "angle": -9.104117114714171e-06}]}]}]}