{"seed": 1, "floorplan": [{"rooms": [{"category": "Bedroom", "corners": [[206.0, 202.0], [206.0, 298.0], [294.0, 298.0], [294.0, 202.0], [206.0, 202.0]], "objects": [{"category": "DoubleBed", "position": [259.7502076968767, 258.4620045484187], "size": [60.53065056794502, 65.0282928335527], "angle": -1.5707872226777824}, {"category": "Nightstand", "position": [291.39288154905904, 227.35385504409754], "size": [14.516652471354067, 8.592048285625774], "angle": -1.5707872226777841}, {"category": "Nightstand", "position": [291.2848142121726, 291.3315821944086], "size": [14.516652471354096, 8.59204828562566], "angle": -1.570787222677788}]}]}]}