{"seed": 1, "floorplan": [{"rooms": [{"category": "Bedroom", "corners": [[203.0, 197.0], [203.0, 303.0], [297.0, 303.0], [297.0, 198.0], [296.0, 197.0], [203.0, 197.0]], "objects": [{"category": "DoubleBed", "position": [262.3066317576234, 254.07298525655727], "size": [67.67101403686021, 67.57021355860985], "angle": -1.5707872226777824}, {"category": "Nightstand", "position": [291.98138465587124, 292.27910016110866], "size": [18.900172070163276, 13.506393182240572], "angle": -1.5707872226777841}, {"category": "CeilingLamp", "position": [253.195, 253.8475], "size": [8.901690101623558, 4.143180084228504], "angle": 0.0}]}]}]}