{"seed": 1, "floorplan": [{"rooms": [{"category": "Bedroom", "corners": [[200.0, 203.0], [200.0, 297.0], [300.0, 297.0], [300.0, 203.0], [200.0, 203.0]], "objects": [{"category": "Nightstand", "position": [207.61213710566432, 285.1908100955508], "size": [13.143902932483345, 14.611980085009613], "angle": -3.1038287552970734}, {"category": "PendantLamp", "position": [249.62515000000002, 245.56150000000002], "size": [13.722480010986374, 13.722480010986317], "angle": 3.141592653589793}, {"category": "DoubleBed", "position": [236.38008413633975, 249.21070000000003], "size": [66.50490539796137, 47.43013151846896], "angle": -9.104117114417517e-06}, {"category": "Nightstand", "position": [207.57716248407576, 212.72328990444925], "size": [14.611980085009588, 13.143902932483403], "angle": -1.533032428502171}]}]}]}