{"seed": 1, "floorplan": [{"rooms": [{"category": "Bedroom", "corners": [[201.0, 201.0], [201.0, 299.0], [299.0, 299.0], [299.0, 201.0], [201.0, 201.0]], "objects": [{"category": "Nightstand", "position": [206.821836960651, 229.79529362553794], "size": [17.765711210845854, 14.93359543047686], "angle": -1.5708054309120107}, {"category": "DoubleBed", "position": [238.81008787915766, 261.12561665247665], "size": [74.11117581852825, 74.07637630737207], "angle": -9.104117114119891e-06}, {"category": "PendantLamp", "position": [251.13550000000004, 259.4455], "size": [24.917280578613315, 58.87140197753905], "angle": 0.0}]}]}]}