{"seed": 1, "floorplan": [{"rooms": [{"category": "Bedroom", "corners": [[211.0, 199.0], [211.0, 262.0], [228.0, 262.0], [229.0, 263.0], [229.0, 264.0], [228.0, 265.0], [175.0, 265.0], [175.0, 301.0], [325.0, 301.0], [325.0, 199.0], [211.0, 199.0]], "objects": [{"category": "DoubleBed", "position": [278.9518, 233.12172963198375], "size": [37.97999954223633, 67.75680084228514], "angle": 0.0}, {"category": "Cabinet", "position": [314.5722381417524, 208.76428703027628], "size": [16.762620162963913, 12.54167976379398], "angle": 0.0}, {"category": "Cabinet", "position": [243.22036185824766, 208.76428703027628], "size": [16.762620162963913, 12.54167976379398], "angle": 0.0}]}]}]}