{"seed": 1, "floorplan": [{"rooms": [{"category": "Bedroom", "corners": [[175.0, 203.0], [175.0, 297.0], [325.0, 297.0], [325.0, 203.0], [175.0, 203.0]], "objects": [{"category": "PendantLamp", "position": [277.97950000000003, 246.69819999999999], "size": [16.91829367526563, 17.176356861505763], "angle": -1.5707872226777848}, {"category": "DoubleBed", "position": [282.42820000000006, 259.94679999999994], "size": [66.9230987548828, 65.8019989013672], "angle": 3.141592653589793}]}]}]}