{"seed": 1, "floorplan": [{"rooms": [{"category": "Bedroom", "corners": [[314.0, 209.0], [313.0, 210.0], [186.0, 210.0], [186.0, 291.0], [187.0, 290.0], [314.0, 290.0], [314.0, 209.0]], "objects": [{"category": "DoubleBed", "position": [266.8462775581928, 242.92493816335417], "size": [60.14909820556636, 66.4136993408203], "angle": 0.0}, {"category": "Nightstand", "position": [307.04060798711436, 212.78086469360105], "size": [18.421530532836982, 10.77885017395019], "angle": 0.0}, {"category": "PendantLamp", "position": [268.048, 245.134], "size": [22.306020355224632, 22.334969329833967], "angle": 0.0}]}]}]}