{"seed": 1, "floorplan": [{"rooms": [{"category": "Bedroom", "corners": [[199.0, 175.0], [199.0, 325.0], [231.0, 325.0], [232.0, 324.0], [232.0, 287.0], [233.0, 286.0], [301.0, 286.0], [301.0, 175.0], [199.0, 175.0]], "objects": [{"category": "DoubleBed", "position": [266.27648674193944, 225.14944455210696], "size": [62.957374016200504, 69.924335027526], "angle": -1.5707872226777826}, {"category": "Nightstand", "position": [296.32648172446704, 262.2755198495853], "size": [14.547792128633732, 14.591353316237333], "angle": -3.1415835494726796}, {"category": "Nightstand", "position": [295.85121890038295, 184.6036628630607], "size": [14.591353316237305, 14.547792128633732], "angle": -1.5707872226777804}, {"category": "PendantLamp", "position": [250.9525, 230.76249999999996], "size": [27.30404891967771, 27.304080963134766], "angle": 0.0}]}]}]}