{"seed": 1, "floorplan": [{"rooms": [{"category": "Bedroom", "corners": [[196.0, 181.0], [196.0, 319.0], [304.0, 319.0], [304.0, 181.0], [196.0, 181.0]], "objects": [{"category": "DoubleBed", "position": [231.43300000000002, 250.078], "size": [63.80847887172766, 46.32132168003598], "angle": -9.104117114629702e-06}, {"category": "Cabinet", "position": [223.46864909177913, 189.21908967120604], "size": [22.501261138915993, 11.773830413818331], "angle": 0.0}, {"category": "Cabinet", "position": [269.28651187399794, 189.12957774015788], "size": [22.50126113891605, 11.77383041381836], "angle": 0.0}, {"category": "Nightstand", "position": [202.28398404020626, 292.1864929144922], "size": [14.956366565105489, 12.005790988310872], "angle": -1.57015499238688}]}]}]}