{"seed": 1, "floorplan": [{"rooms": [{"category": "Bedroom", "corners": [[205.0, 190.0], [205.0, 310.0], [295.0, 310.0], [295.0, 190.0], [205.0, 190.0]], "objects": [{"category": "DoubleBed", "position": [236.48278434911055, 259.08683226097787], "size": [63.49737984802656, 41.03767372335165], "angle": -9.104117114561636e-06}, {"category": "Nightstand", "position": [212.0361230773152, 293.8182658261313], "size": [7.339806622262767, 8.91989131247494], "angle": -9.104117105320945e-06}, {"category": "PendantLamp", "position": [251.1895, 259.363], "size": [32.748900604248036, 1.3951799869537354], "angle": 0.0}, {"category": "Nightstand", "position": [211.75076115763758, 223.88044342321803], "size": [7.339806622262767, 8.91989131247494], "angle": -9.104117113065484e-06}]}]}]}