{"seed": 1, "floorplan": [{"rooms": [{"category": "Bedroom", "corners": [[201.0, 184.0], [201.0, 316.0], [299.0, 316.0], [299.0, 185.0], [300.0, 184.0], [201.0, 184.0]], "objects": [{"category": "DoubleBed", "position": [264.42057092231374, 249.99887909649107], "size": [69.924335027526, 62.95737401620053], "angle": -3.1415835494726787}, {"category": "Nightstand", "position": [292.20296684265134, 294.571], "size": [14.591353316237305, 14.547792128633732], "angle": -1.5707872226777804}, {"category": "Nightstand", "position": [292.1280083353109, 206.9329169265713], "size": [14.591353316237333, 14.547792128633732], "angle": -1.5707872226777804}, {"category": "PendantLamp", "position": [247.786, 251.278], "size": [23.458859252929727, 23.4588592529297], "angle": 0.0}]}]}]}