{"seed": 1, "floorplan": [{"rooms": [{"category": "Bedroom", "corners": [[208.0, 182.0], [208.0, 318.0], [292.0, 318.0], [292.0, 182.0], [208.0, 182.0]], "objects": [{"category": "DoubleBed", "position": [238.11975067316575, 255.83917800839723], "size": [58.29263275615256, 60.66025379865461], "angle": -9.104117114226597e-06}, {"category": "Cabinet", "position": [220.61595375415348, 297.1596641502623], "size": [12.51602180076628, 10.319467324747942], "angle": -1.5428291095111557}, {"category": "Cabinet", "position": [217.20456767874418, 217.49365358442668], "size": [10.319467324747944, 12.51602180076631], "angle": -3.1136254363060516}, {"category": "PendantLamp", "position": [249.60250000000002, 254.60649999999998], "size": [23.250629425048885, 7.498860168457043], "angle": 0.0}]}]}]}