{"seed": 1, "floorplan": [{"rooms": [{"category": "Bedroom", "corners": [[269.0, 199.0], [269.0, 206.0], [268.0, 207.0], [201.0, 207.0], [201.0, 301.0], [299.0, 301.0], [299.0, 199.0], [269.0, 199.0]], "objects": [{"category": "DoubleBed", "position": [237.29473641980712, 250.53173236249484], "size": [70.63354100817553, 64.02868351322434], "angle": -9.104117114358748e-06}, {"category": "CornerSideTable", "position": [204.86810428366152, 211.64783828147597], "size": [10.831988722343977, 13.86384577736596], "angle": -9.104117113658304e-06}, {"category": "CornerSideTable", "position": [208.0813034771118, 287.4525155293043], "size": [10.831988722343977, 13.863845777365988], "angle": -9.104117113658304e-06}, {"category": "PendantLamp", "position": [245.11731880408178, 248.96389692856997], "size": [10.608390426635765, 10.608390426635737], "angle": 0.0}]}]}]}