{"seed": 1, "floorplan": [{"rooms": [{"category": "Bedroom", "corners": [[197.0, 182.0], [197.0, 212.0], [198.0, 212.0], [199.0, 213.0], [199.0, 218.0], [227.0, 218.0], [228.0, 219.0], [228.0, 318.0], [303.0, 318.0], [303.0, 216.0], [293.0, 216.0], [292.0, 215.0], [292.0, 214.0], [229.0, 214.0], [228.0, 213.0], [228.0, 182.0], [197.0, 182.0]], "objects": [{"category": "SingleBed", "position": [263.74136774958436, 251.12206031248715], "size": [70.53724038778704, 76.93150178819184], "angle": -1.5707872226777826}, {"category": "Armchair", "position": [277.16042687315706, 293.42261999578903], "size": [18.82178161649388, 15.614422093918671], "angle": -9.10411711461186e-06}, {"category": "Table", "position": [296.0911924421865, 292.73583017889825], "size": [36.186630107997836, 14.819624971485068], "angle": -1.5707872226777828}]}]}]}