{"seed": 1, "floorplan": [{"rooms": [{"category": "Bedroom", "corners": [[191.0, 206.0], [191.0, 294.0], [309.0, 294.0], [309.0, 206.0], [191.0, 206.0]], "objects": [{"category": "DoubleBed", "position": [263.25250000000005, 237.30099999999993], "size": [56.68590087890624, 57.62519989013671], "angle": 0.0}, {"category": "PendantLamp", "position": [263.00350000000003, 245.41899999999993], "size": [11.426700210571198, 13.038090133666998], "angle": 0.0}]}]}]}