{"seed": 1, "floorplan": [{"rooms": [{"category": "Bedroom", "corners": [[183.0, 190.0], [183.0, 310.0], [317.0, 310.0], [317.0, 190.0], [183.0, 190.0]], "objects": [{"category": "DoubleBed", "position": [280.39260242787464, 261.9052368036232], "size": [60.66025379865461, 58.29263275615256], "angle": -1.5707872226777826}, {"category": "Cabinet", "position": [189.40150000000003, 253.18449999999999], "size": [11.333412736240279, 57.284321269195964], "angle": -9.104117113839212e-06}, {"category": "Cabinet", "position": [310.3189702956754, 220.2132045531842], "size": [10.319493593250261, 12.516053660661441], "angle": -3.1415835494726774}, {"category": "PendantLamp", "position": [255.73913744756396, 256.41759541759404], "size": [23.250629425048828, 7.498860168457043], "angle": 0.0}]}]}]}