{"seed": 1, "floorplan": [{"rooms": [{"category": "Bedroom", "corners": [[264.0, 186.0], [264.0, 212.0], [263.0, 213.0], [210.0, 213.0], [210.0, 314.0], [288.0, 314.0], [288.0, 302.0], [287.0, 301.0], [287.0, 297.0], [288.0, 296.0], [288.0, 237.0], [287.0, 236.0], [287.0, 214.0], [290.0, 211.0], [290.0, 186.0], [264.0, 186.0]], "objects": [{"category": "DoubleBed", "position": [255.81614663313354, 270.8189761449495], "size": [87.21825164296693, 84.45975410775313], "angle": -0.0036611343664569975}, {"category": "PendantLamp", "position": [254.1415, 269.935], "size": [10.608390426635708, 10.608390426635765], "angle": 0.0}]}]}]}