{"seed": 1, "floorplan": [{"rooms": [{"category": "Bedroom", "corners": [[191.0, 191.0], [191.0, 309.0], [309.0, 309.0], [309.0, 191.0], [191.0, 191.0]], "objects": [{"category": "Nightstand", "position": [200.10171939971227, 293.20928201443616], "size": [5.372718706258271, 6.204566413198649], "angle": -9.104117114745466e-06}, {"category": "DoubleBed", "position": [227.05982828023548, 256.2858236492116], "size": [51.1963660632131, 58.882736700329744], "angle": -1.570805430912011}, {"category": "Nightstand", "position": [201.6524513812698, 217.53573242288434], "size": [5.372718706258243, 6.204566413198707], "angle": -9.104117114745513e-06}, {"category": "CeilingLamp", "position": [246.01434999999995, 254.6338], "size": [17.48873977661131, 2.074805974960327], "angle": 0.0}]}]}]}