{"seed": 1, "floorplan": [{"rooms": [{"category": "Bedroom", "corners": [[221.0, 204.0], [221.0, 266.0], [220.0, 267.0], [155.0, 267.0], [155.0, 296.0], [345.0, 296.0], [345.0, 204.0], [221.0, 204.0]], "objects": [{"category": "DoubleBed", "position": [294.9268, 234.88510000000002], "size": [53.124000549316406, 62.435700988769554], "angle": 0.0}]}]}]}