{"seed": 1, "floorplan": [{"rooms": [{"category": "Bedroom", "corners": [[208.0, 194.0], [208.0, 306.0], [292.0, 306.0], [292.0, 194.0], [208.0, 194.0]], "objects": [{"category": "DoubleBed", "position": [242.68519259407424, 262.48017197112523], "size": [53.29098352161438, 68.61752686548883], "angle": -1.5708054309120112}, {"category": "Nightstand", "position": [214.39277136081742, 226.145603083965], "size": [17.59270014475892, 13.590903991923575], "angle": -1.570805430912011}, {"category": "Nightstand", "position": [212.3017733547363, 299.8567031226317], "size": [13.590903991923575, 17.59270014475892], "angle": -9.10411711387358e-06}]}]}]}