{"seed": 1, "floorplan": [{"rooms": [{"category": "Bedroom", "corners": [[187.0, 208.0], [187.0, 292.0], [313.0, 292.0], [313.0, 208.0], [187.0, 208.0]], "objects": [{"category": "DoubleBed", "position": [246.5034754819742, 244.51099585515342], "size": [62.32380065917965, 69.33539886474608], "angle": 0.0}, {"category": "Nightstand", "position": [211.0213050697637, 211.72958120639856], "size": [16.5, 12.900000000000006], "angle": 0.0}, {"category": "Nightstand", "position": [282.02065913267757, 211.73086085086948], "size": [16.5, 12.899999999999977], "angle": 0.0}]}]}]}