{"seed": 1, "floorplan": [{"rooms": [{"category": "Bedroom", "corners": [[200.0, 194.0], [200.0, 306.0], [231.0, 306.0], [231.0, 295.0], [232.0, 294.0], [300.0, 294.0], [300.0, 194.0], [200.0, 194.0]], "objects": [{"category": "DoubleBed", "position": [266.0943964005214, 238.51324597265483], "size": [71.41775224932147, 68.56832597810302], "angle": -1.5707872226777824}, {"category": "Nightstand", "position": [292.9985842942863, 200.5502392725283], "size": [17.99797345723412, 18.64471930502766], "angle": -3.141583549472679}, {"category": "TVStand", "position": [206.84754998113158, 236.14034509529273], "size": [47.99803830011047, 11.400103788352418], "angle": -1.5708054309120107}, {"category": "PendantLamp", "position": [253.2745, 239.272], "size": [15.0, 15.0], "angle": 0.0}]}]}]}