{"seed": 1, "floorplan": [{"rooms": [{"category": "Bedroom", "corners": [[245.0, 148.0], [245.0, 149.0], [244.0, 150.0], [244.0, 152.0], [243.0, 153.0], [243.0, 155.0], [242.0, 156.0], [242.0, 158.0], [241.0, 159.0], [241.0, 161.0], [240.0, 162.0], [240.0, 164.0], [239.0, 165.0], [239.0, 167.0], [238.0, 168.0], [238.0, 170.0], [237.0, 171.0], [237.0, 173.0], [236.0, 174.0], [236.0, 176.0], [235.0, 177.0], [235.0, 178.0], [234.0, 179.0], [234.0, 181.0], [233.0, 182.0], [233.0, 184.0], [232.0, 185.0], [232.0, 187.0], [231.0, 188.0], [231.0, 190.0], [230.0, 191.0], [230.0, 193.0], [229.0, 194.0], [229.0, 196.0], [228.0, 197.0], [228.0, 199.0], [227.0, 200.0], [227.0, 202.0], [226.0, 203.0], [226.0, 205.0], [225.0, 206.0], [225.0, 208.0], [224.0, 209.0], [224.0, 211.0], [223.0, 212.0], [223.0, 214.0], [222.0, 215.0], [222.0, 217.0], [221.0, 218.0], [221.0, 220.0], [220.0, 221.0], [220.0, 223.0], [219.0, 224.0], [219.0, 226.0], [218.0, 227.0], [218.0, 229.0], [217.0, 230.0], [217.0, 232.0], [216.0, 233.0], [216.0, 235.0], [215.0, 236.0], [215.0, 238.0], [214.0, 239.0], [214.0, 241.0], [212.0, 243.0], [209.0, 243.0], [208.0, 242.0], [209.0, 241.0], [209.0, 238.0], [208.0, 238.0], [208.0, 239.0], [207.0, 240.0], [207.0, 241.0], [206.0, 242.0], [206.0, 243.0], [204.0, 245.0], [200.0, 245.0], [199.0, 246.0], [195.0, 246.0], [194.0, 247.0], [189.0, 247.0], [188.0, 248.0], [184.0, 248.0], [183.0, 249.0], [179.0, 249.0], [178.0, 250.0], [174.0, 250.0], [173.0, 251.0], [169.0, 251.0], [168.0, 252.0], [164.0, 252.0], [163.0, 253.0], [159.0, 253.0], [158.0, 254.0], [154.0, 254.0], [153.0, 255.0], [149.0, 255.0], [148.0, 256.0], [146.0, 256.0], [146.0, 352.0], [238.0, 352.0], [238.0, 351.0], [237.0, 350.0], [237.0, 237.0], [238.0, 236.0], [238.0, 224.0], [239.0, 223.0], [239.0, 212.0], [240.0, 211.0], [240.0, 199.0], [241.0, 198.0], [241.0, 187.0], [242.0, 186.0], [242.0, 175.0], [243.0, 174.0], [243.0, 162.0], [244.0, 161.0], [244.0, 150.0], [245.0, 149.0], [354.0, 149.0], [354.0, 148.0], [245.0, 148.0]], "objects": [{"category": "Nightstand", "position": [153.03253332030573, 323.5687], "size": [14.518092151209181, 15.712672805303246], "angle": -9.104117116353683e-06}, {"category": "DoubleBed", "position": [183.79033355722555, 285.1648], "size": [76.18329398761983, 56.900917815251226], "angle": -9.104117114579624e-06}, {"category": "PendantLamp", "position": [201.71499999999997, 294.9505], "size": [8.692440032958984, 8.793569755554245], "angle": 3.141592653589793}]}]}]}