{"seed": 1, "floorplan": [{"rooms": [{"category": "Bedroom", "corners": [[314.0, 181.0], [313.0, 182.0], [186.0, 182.0], [186.0, 319.0], [204.0, 319.0], [205.0, 318.0], [297.0, 318.0], [297.0, 317.0], [298.0, 316.0], [314.0, 316.0], [314.0, 181.0]], "objects": [{"category": "Cabinet", "position": [193.52905, 208.489], "size": [9.562106975287172, 51.302865751064815], "angle": -9.104117113255149e-06}, {"category": "DoubleBed", "position": [278.96584303397617, 241.72089999999997], "size": [61.82306193143096, 70.34674030139327], "angle": -1.570787222677783}, {"category": "Chair", "position": [307.390965840025, 200.2718698184682], "size": [12.93050750715714, 13.505943425338256], "angle": -1.5707872226777781}, {"category": "Chair", "position": [307.390965840025, 284.3129301815317], "size": [12.93050750715714, 13.505943425338256], "angle": -1.5707872226777781}]}]}]}