{"seed": 1, "floorplan": [{"rooms": [{"category": "Bedroom", "corners": [[197.0, 198.0], [197.0, 269.0], [196.0, 270.0], [173.0, 270.0], [173.0, 302.0], [327.0, 302.0], [327.0, 198.0], [197.0, 198.0]], "objects": [{"category": "DoubleBed", "position": [274.59114999999997, 235.80804999999998], "size": [61.82249908447261, 70.34609985351562], "angle": 0.0}, {"category": "Cabinet", "position": [273.82884999999993, 294.69264999999996], "size": [43.62690124511718, 10.56000022888179], "angle": 3.141592653589793}]}]}]}