{"seed": 1, "floorplan": [{"rooms": [{"category": "Bedroom", "corners": [[203.0, 178.0], [203.0, 322.0], [297.0, 322.0], [297.0, 198.0], [232.0, 198.0], [231.0, 197.0], [231.0, 178.0], [203.0, 178.0]], "objects": [{"category": "Cabinet", "position": [264.8592506527178, 206.83263370525592], "size": [22.50126113891602, 11.77383041381836], "angle": 0.0}, {"category": "DoubleBed", "position": [260.58399351779565, 261.06120187544104], "size": [66.34800547098442, 70.90954754930308], "angle": -1.5707872226777828}, {"category": "PendantLamp", "position": [286.73834759425097, 226.63793179236433], "size": [20.35640945434568, 20.35640945434571], "angle": 0.0}, {"category": "Cabinet", "position": [290.5901532987922, 304.96998969197654], "size": [10.764307747278899, 14.097278765003626], "angle": -9.104117115996603e-06}]}]}]}