{"seed": 1, "floorplan": [{"rooms": [{"category": "Bedroom", "corners": [[219.0, 196.0], [219.0, 269.0], [218.0, 270.0], [170.0, 270.0], [170.0, 304.0], [330.0, 304.0], [331.0, 303.0], [331.0, 196.0], [219.0, 196.0]], "objects": [{"category": "DoubleBed", "position": [285.519375941661, 232.44391023895435], "size": [68.92799835205076, 72.46979827880858], "angle": 0.0}, {"category": "Nightstand", "position": [324.84659480388245, 200.00771530769907], "size": [16.682369613647495, 12.1628402709961], "angle": 0.0}, {"category": "Nightstand", "position": [249.14063671942068, 202.3155977651576], "size": [16.682369613647467, 12.1628402709961], "angle": 0.0}, {"category": "CeilingLamp", "position": [276.4304954667423, 249.31481201252984], "size": [18.47114982604984, 17.226450347900396], "angle": 0.0}]}]}]}