{"seed": 1, "floorplan": [{"rooms": [{"category": "Bedroom", "corners": [[205.0, 208.0], [205.0, 291.0], [204.0, 292.0], [295.0, 292.0], [295.0, 209.0], [296.0, 208.0], [205.0, 208.0]], "objects": [{"category": "PendantLamp", "position": [259.3405, 244.89549999999997], "size": [15.000000000000028, 15.0], "angle": 0.0}, {"category": "DoubleBed", "position": [263.02750000000003, 239.43283322926206], "size": [60.15990142822267, 62.5169998168945], "angle": 0.0}, {"category": "TVStand", "position": [263.2915, 285.33985023094874], "size": [56.205299377441406, 13.126169586181618], "angle": 3.141592653589793}]}]}]}