{"seed": 1, "floorplan": [{"rooms": [{"category": "Bedroom", "corners": [[192.0, 195.0], [192.0, 305.0], [308.0, 305.0], [308.0, 195.0], [192.0, 195.0]], "objects": [{"category": "PendantLamp", "position": [258.66574002414353, 252.05566893313443], "size": [23.250629425048828, 7.498860168457043], "angle": 3.141592653589793}, {"category": "Nightstand", "position": [221.3184539120458, 202.22628617462647], "size": [16.043009948730457, 10.843620300292969], "angle": 0.0}, {"category": "Nightstand", "position": [297.7721710469331, 198.55112050531267], "size": [16.0430099487304, 10.843620300292969], "angle": 0.0}, {"category": "DoubleBed", "position": [259.54685377733216, 229.64376885355034], "size": [60.659701538085955, 58.292102050781295], "angle": 0.0}]}]}]}