{"seed": 1, "floorplan": [{"rooms": [{"category": "Bedroom", "corners": [[193.0, 196.0], [193.0, 304.0], [307.0, 304.0], [307.0, 196.0], [193.0, 196.0]], "objects": [{"category": "DoubleBed", "position": [273.0680541243373, 266.4898478342931], "size": [68.11322234746272, 67.72321788127294], "angle": -1.5707872226777826}, {"category": "Cabinet", "position": [199.261, 263.173], "size": [57.415421400740655, 12.221301526507693], "angle": -1.5708054309120107}, {"category": "Nightstand", "position": [299.570832976053, 226.72117171612746], "size": [17.328758075040398, 12.576924194694833], "angle": -1.5707872226777813}, {"category": "PendantLamp", "position": [250.327, 254.38599999999997], "size": [22.306020355224604, 22.33496932983394], "angle": 0.0}]}]}]}