{"seed": 1, "floorplan": [{"rooms": [{"category": "Bedroom", "corners": [[191.0, 203.0], [191.0, 297.0], [309.0, 297.0], [309.0, 203.0], [191.0, 203.0]], "objects": [{"category": "DoubleBed", "position": [227.21533648264162, 250.948], "size": [58.29263275615253, 60.66025379865461], "angle": -9.1041171142266e-06}, {"category": "Cabinet", "position": [201.5501690735007, 213.07269512179164], "size": [12.516053660661441, 10.319493593250233], "angle": -1.5708054309120107}, {"category": "Cabinet", "position": [200.79177577573523, 288.4513048782084], "size": [12.516053660661441, 10.319493593250233], "angle": -1.5708054309120107}, {"category": "PendantLamp", "position": [244.474, 247.018], "size": [23.250629425048828, 7.498860168457014], "angle": 0.0}]}]}]}