{"seed": 1, "floorplan": [{"rooms": [{"category": "Bedroom", "corners": [[273.0, 153.0], [273.0, 224.0], [272.0, 225.0], [203.0, 225.0], [203.0, 339.0], [204.0, 340.0], [204.0, 346.0], [203.0, 347.0], [297.0, 347.0], [297.0, 153.0], [273.0, 153.0]], "objects": [{"category": "DoubleBed", "position": [236.4915783245965, 295.6752173605698], "size": [66.92370803893202, 65.80259797865266], "angle": -1.570805430912011}, {"category": "Nightstand", "position": [209.47944985861744, 256.1364643475682], "size": [10.530095409894564, 14.100128369804388], "angle": -9.104117113843686e-06}, {"category": "Nightstand", "position": [209.21937131904096, 334.3218918010465], "size": [10.53009540989459, 14.100128369804388], "angle": -9.10411711384366e-06}, {"category": "PendantLamp", "position": [250.16199999999992, 291.229], "size": [16.91813964843749, 17.176200485229515], "angle": 0.0}]}]}]}