{"seed": 1, "floorplan": [{"rooms": [{"category": "Bedroom", "corners": [[211.0, 206.0], [211.0, 266.0], [210.0, 267.0], [194.0, 267.0], [194.0, 294.0], [306.0, 294.0], [306.0, 206.0], [211.0, 206.0]], "objects": [{"category": "DoubleBed", "position": [268.72872911101194, 239.16490065949463], "size": [60.14909820556636, 66.41369934082033], "angle": 0.0}, {"category": "Nightstand", "position": [298.8481793956863, 208.6055041443047], "size": [18.42153053283687, 10.778850173950218], "angle": 0.0}, {"category": "Nightstand", "position": [235.88447724011775, 208.59348747841824], "size": [18.421530532836925, 10.77885017395019], "angle": 0.0}, {"category": "TVStand", "position": [266.0792734557931, 286.91154460568436], "size": [47.33730010986329, 13.352279663085938], "angle": 3.141592653589793}]}]}]}