{"seed": 1, "floorplan": [{"rooms": [{"category": "Bedroom", "corners": [[204.0, 198.0], [204.0, 302.0], [296.0, 302.0], [296.0, 198.0], [204.0, 198.0]], "objects": [{"category": "DoubleBed", "position": [260.1982712841849, 262.7538432727563], "size": [64.0286835132244, 70.6335410081755], "angle": -1.5707872226777824}, {"category": "Cabinet", "position": [260.8343345336914, 207.36880005900065], "size": [69.12059783935544, 18.50064010620119], "angle": 0.0}, {"category": "Nightstand", "position": [288.26258236876146, 227.82644096241773], "size": [15.203028425429748, 15.717292827223043], "angle": -1.570787222677781}, {"category": "PendantLamp", "position": [250.48300000000003, 254.485], "size": [10.608487007983529, 10.6084870079835], "angle": -1.5708054309120105}]}]}]}