{"seed": 1, "floorplan": [{"rooms": [{"category": "Bedroom", "corners": [[136.0, 198.0], [136.0, 227.0], [216.0, 227.0], [217.0, 228.0], [217.0, 302.0], [364.0, 302.0], [364.0, 198.0], [136.0, 198.0]], "objects": [{"category": "DoubleBed", "position": [294.67599999999993, 264.82603567200226], "size": [60.15990142822267, 62.516999816894554], "angle": 3.141592653589793}, {"category": "Cabinet", "position": [339.1649852268697, 294.6994810916574], "size": [13.150469970703114, 10.518389511108353], "angle": 3.141592653589793}, {"category": "Cabinet", "position": [251.8850147731302, 294.6994810916574], "size": [13.150469970703142, 10.518389511108353], "angle": 3.141592653589793}, {"category": "PendantLamp", "position": [296.25399999999996, 241.04049999999995], "size": [27.055320739746094, 27.463620758056635], "angle": 0.0}]}]}]}