{"seed": 1, "floorplan": [{"rooms": [{"category": "Bedroom", "corners": [[219.0, 198.0], [219.0, 266.0], [218.0, 267.0], [162.0, 267.0], [162.0, 302.0], [215.0, 302.0], [215.0, 300.0], [216.0, 299.0], [338.0, 299.0], [338.0, 198.0], [219.0, 198.0]], "objects": [{"category": "DoubleBed", "position": [287.86929999999995, 231.58096582898145], "size": [37.97999954223627, 67.75680084228517], "angle": 0.0}, {"category": "Cabinet", "position": [245.95641833934894, 205.77630704345702], "size": [16.762620162963856, 12.541679763793951], "angle": 0.0}, {"category": "Cabinet", "position": [328.83568166065106, 205.77630704345702], "size": [16.762620162963856, 12.541679763793951], "angle": 0.0}, {"category": "PendantLamp", "position": [313.19269495672813, 205.0015], "size": [46.722902097719114, 8.021850568801762], "angle": -0.19340162872667777}]}]}]}