{"seed": 1, "floorplan": [{"rooms": [{"category": "Bedroom", "corners": [[280.0, 198.0], [279.0, 199.0], [161.0, 199.0], [161.0, 302.0], [162.0, 301.0], [338.0, 301.0], [339.0, 302.0], [339.0, 263.0], [281.0, 263.0], [280.0, 262.0], [280.0, 198.0]], "objects": [{"category": "PendantLamp", "position": [219.9538, 252.56619999999998], "size": [10.608390426635708, 10.608390426635708], "angle": 0.0}, {"category": "DoubleBed", "position": [215.97154397654657, 234.69368427810195], "size": [64.02810058593752, 70.63289794921874], "angle": 0.0}, {"category": "CornerSideTable", "position": [173.50645016596678, 205.4523500039312], "size": [13.863719558715815, 10.831890106201172], "angle": 0.0}, {"category": "CornerSideTable", "position": [258.63634231374573, 205.26982254846462], "size": [13.863719558715815, 10.831890106201172], "angle": 0.0}]}]}]}