{"seed": 1, "floorplan": [{"rooms": [{"category": "Bedroom", "corners": [[198.0, 169.0], [198.0, 331.0], [302.0, 331.0], [302.0, 203.0], [232.0, 203.0], [231.0, 202.0], [231.0, 169.0], [198.0, 169.0]], "objects": [{"category": "DoubleBed", "position": [262.1435012989489, 271.0882704878301], "size": [62.324368070108584, 69.33603011095789], "angle": -1.5707872226777824}, {"category": "Nightstand", "position": [295.0057152273014, 233.33348420906344], "size": [16.5001502199838, 12.900117444714624], "angle": -1.5707872226777828}, {"category": "Nightstand", "position": [295.021045425947, 308.3099648778592], "size": [16.5001502199838, 12.900117444714569], "angle": -1.5707872226777861}, {"category": "CeilingLamp", "position": [247.33450000000002, 265.5601], "size": [17.12232055664066, 17.12232055664066], "angle": 0.0}]}]}]}