{"seed": 1, "floorplan": [{"rooms": [{"category": "Bedroom", "corners": [[203.0, 160.0], [203.0, 166.0], [202.0, 167.0], [200.0, 167.0], [200.0, 340.0], [300.0, 340.0], [300.0, 220.0], [256.0, 220.0], [254.0, 218.0], [254.0, 217.0], [256.0, 215.0], [256.0, 214.0], [240.0, 198.0], [239.0, 198.0], [237.0, 200.0], [235.0, 198.0], [235.0, 167.0], [231.0, 167.0], [230.0, 166.0], [230.0, 160.0], [203.0, 160.0]], "objects": [{"category": "DoubleBed", "position": [268.5221669514467, 289.0], "size": [61.90556542913789, 63.6806792463055], "angle": -1.5707872226777821}]}]}]}