{"seed": 1, "floorplan": [{"rooms": [{"category": "Bedroom", "corners": [[293.0, 174.0], [292.0, 175.0], [207.0, 175.0], [207.0, 326.0], [208.0, 325.0], [293.0, 325.0], [293.0, 174.0]], "objects": [{"category": "DoubleBed", "position": [252.81333337410445, 256.9615], "size": [71.87285587996178, 78.6175156730858], "angle": -1.5707872226777826}, {"category": "PendantLamp", "position": [250.22200000000004, 255.43149999999997], "size": [29.162729644775396, 29.162729644775425], "angle": 0.0}]}]}]}