{"seed": 1, "floorplan": [{"rooms": [{"category": "Bedroom", "corners": [[189.0, 172.0], [189.0, 328.0], [311.0, 328.0], [311.0, 172.0], [189.0, 172.0]], "objects": [{"category": "DoubleBed", "position": [222.90939999999998, 250.75015000000002], "size": [66.10980139803983, 53.222885977815416], "angle": -9.10411711396405e-06}, {"category": "PendantLamp", "position": [257.3089, 277.49395000000004], "size": [31.665600585937455, 31.66560058593751], "angle": 0.0}, {"category": "Cabinet", "position": [228.7444, 182.49989994316843], "size": [69.60959930419921, 19.80476989746097], "angle": 0.0}]}]}]}