{"seed": 1, "floorplan": [{"rooms": [{"category": "Bedroom", "corners": [[270.0, 160.0], [270.0, 220.0], [269.0, 221.0], [202.0, 221.0], [202.0, 340.0], [298.0, 340.0], [298.0, 160.0], [270.0, 160.0]], "objects": [{"category": "DoubleBed", "position": [236.42083221433683, 289.351], "size": [69.12512731195912, 56.30931239256052], "angle": -9.104117114584807e-06}, {"category": "Nightstand", "position": [208.03, 326.16999999999996], "size": [11.583495884618918, 15.040937411153312], "angle": -9.104117110586189e-06}, {"category": "Nightstand", "position": [209.53516920811427, 252.6112019468713], "size": [11.583495884618918, 15.040937411153255], "angle": -9.104117115493465e-06}, {"category": "PendantLamp", "position": [252.76, 287.854], "size": [20.423406000182325, 20.423435755091873], "angle": -9.104117115401857e-06}]}]}]}