{"seed": 1, "floorplan": [{"rooms": [{"category": "Bedroom", "corners": [[200.0, 184.0], [200.0, 316.0], [300.0, 316.0], [300.0, 184.0], [200.0, 184.0]], "objects": [{"category": "DoubleBed", "position": [263.42280511690694, 255.14615419792702], "size": [72.55055827789926, 49.233146285452], "angle": -3.1415835494726796}, {"category": "Nightstand", "position": [293.4111228657164, 221.43081994913769], "size": [17.791991662509616, 13.500122907259506], "angle": -1.5707872226777837}]}]}]}