{"seed": 1, "floorplan": [{"rooms": [{"category": "Bedroom", "corners": [[159.0, 197.0], [159.0, 222.0], [158.0, 223.0], [152.0, 223.0], [152.0, 276.0], [151.0, 277.0], [151.0, 280.0], [158.0, 280.0], [159.0, 281.0], [159.0, 303.0], [348.0, 303.0], [348.0, 198.0], [349.0, 197.0], [159.0, 197.0]], "objects": [{"category": "Nightstand", "position": [299.6098, 228.85660000000004], "size": [15.000045393678773, 15.00004539367876], "angle": -2.6832383231353076}, {"category": "DoubleBed", "position": [257.81995327113566, 235.26908130510648], "size": [78.63479919433593, 74.96130065917967], "angle": 0.0}, {"category": "Sofa", "position": [324.22360000000003, 231.43570000000005], "size": [22.49591804415838, 21.865740001898676], "angle": -1.0964004288979632}]}]}]}