{"seed": 1, "floorplan": [{"rooms": [{"category": "Bedroom", "corners": [[202.0, 194.0], [202.0, 302.0], [220.0, 302.0], [221.0, 303.0], [221.0, 306.0], [281.0, 306.0], [281.0, 303.0], [282.0, 302.0], [298.0, 302.0], [298.0, 194.0], [202.0, 194.0]], "objects": [{"category": "DoubleBed", "position": [235.64703623474094, 255.6375390838283], "size": [66.41430398717422, 60.14964581747903], "angle": -9.104117114187103e-06}, {"category": "Nightstand", "position": [205.5109114997908, 294.9919930817705], "size": [10.778948307204674, 18.42169824689868], "angle": -9.104117113710016e-06}, {"category": "Nightstand", "position": [205.18939371409803, 219.48252919978682], "size": [10.778948307204645, 18.42169824689865], "angle": -9.10411711371004e-06}, {"category": "PendantLamp", "position": [250.00015000000002, 249.2086], "size": [16.90488052368164, 2.639780902862526], "angle": 0.0}]}]}]}