{"seed": 1, "floorplan": [{"rooms": [{"category": "Bedroom", "corners": [[304.0, 184.0], [303.0, 185.0], [196.0, 185.0], [196.0, 304.0], [273.0, 304.0], [274.0, 305.0], [274.0, 315.0], [304.0, 315.0], [304.0, 184.0]], "objects": [{"category": "PendantLamp", "position": [249.99999999999994, 235.49200000000002], "size": [24.710579681396496, 24.710609436035156], "angle": 0.0}, {"category": "DoubleBed", "position": [231.8033311194627, 236.24380000000002], "size": [51.1963660632131, 58.88273670032977], "angle": -1.5708054309120103}, {"category": "Nightstand", "position": [202.66949854653296, 198.29258816058376], "size": [5.372718706258243, 6.204566413198649], "angle": -9.104117114745513e-06}, {"category": "Nightstand", "position": [202.66949854653296, 272.91071183941636], "size": [5.372718706258243, 6.204566413198649], "angle": -9.104117114745513e-06}]}]}]}