{"seed": 1, "floorplan": [{"rooms": [{"category": "Bedroom", "corners": [[205.0, 206.0], [205.0, 294.0], [295.0, 294.0], [295.0, 206.0], [205.0, 206.0]], "objects": [{"category": "Nightstand", "position": [291.0747809587661, 268.1736055303562], "size": [17.328758075040398, 12.576924194694833], "angle": -1.5707872226777844}, {"category": "PendantLamp", "position": [249.09370000000004, 242.24349999999998], "size": [28.622060048767043, 28.62206004876707], "angle": -1.570805430912011}, {"category": "DoubleBed", "position": [260.936560625635, 240.1412154268399], "size": [68.11322234746272, 67.72321788127297], "angle": -1.5707872226777821}]}]}]}