{"seed": 1, "floorplan": [{"rooms": [{"category": "Bedroom", "corners": [[201.0, 202.0], [201.0, 298.0], [299.0, 298.0], [299.0, 202.0], [201.0, 202.0]], "objects": [{"category": "DoubleBed", "position": [238.10452023249346, 251.09799871687687], "size": [61.468159103171345, 72.03875552266265], "angle": -9.104117113842017e-06}, {"category": "PendantLamp", "position": [250.06900000000002, 248.44299999999998], "size": [3.6639301300048714, 3.6970198631286735], "angle": 0.0}, {"category": "Cabinet", "position": [209.06868315106072, 289.00677128738283], "size": [15.829314339638335, 13.593753596724225], "angle": -9.104117115499327e-06}, {"category": "Cabinet", "position": [209.03289110379353, 210.72322904288035], "size": [15.829314339638364, 13.593753596724254], "angle": -9.104117113703798e-06}]}]}]}