{"seed": 1, "floorplan": [{"rooms": [{"category": "Bedroom", "corners": [[242.0, 195.0], [242.0, 213.0], [241.0, 214.0], [210.0, 214.0], [210.0, 305.0], [290.0, 305.0], [290.0, 195.0], [242.0, 195.0]], "objects": [{"category": "DoubleBed", "position": [255.80466666666672, 258.862], "size": [68.55062409575093, 45.34751215514002], "angle": -3.141583549472679}, {"category": "Cabinet", "position": [287.28048834177, 226.66569615900164], "size": [12.418313360417912, 15.005206342443742], "angle": -3.1415835494726783}, {"category": "Cabinet", "position": [283.951, 291.067], "size": [15.005206342443714, 12.418313360417855], "angle": -1.5707872226777797}, {"category": "PendantLamp", "position": [247.64500000000004, 260.311], "size": [31.775099945068348, 30.94739913940427], "angle": 0.0}]}]}]}