{"seed": 1, "floorplan": [{"rooms": [{"category": "Bedroom", "corners": [[187.0, 207.0], [187.0, 293.0], [313.0, 293.0], [313.0, 207.0], [187.0, 207.0]], "objects": [{"category": "Nightstand", "position": [207.61503364852655, 285.4934347089744], "size": [17.99999999999997, 14.515499496459938], "angle": 3.141592653589793}, {"category": "DoubleBed", "position": [249.3865, 259.88638804177907], "size": [46.19279937744139, 66.40350036621095], "angle": 3.141592653589793}, {"category": "Nightstand", "position": [287.4439663514735, 286.16342802120664], "size": [18.0, 14.515499496459938], "angle": 3.141592653589793}, {"category": "Table", "position": [214.0039, 214.09111668904623], "size": [51.0, 14.78451004028318], "angle": 0.0}]}]}]}