{"seed": 1, "floorplan": [{"rooms": [{"category": "Bedroom", "corners": [[130.0, 198.0], [130.0, 252.0], [131.0, 251.0], [233.0, 251.0], [234.0, 252.0], [234.0, 302.0], [370.0, 302.0], [370.0, 198.0], [130.0, 198.0]], "objects": [{"category": "DoubleBed", "position": [301.3957, 263.9332740848675], "size": [50.649600219726494, 69.93929901123045], "angle": 3.141592653589793}, {"category": "Cabinet", "position": [346.0383987944306, 292.8258766547591], "size": [16.653509902954113, 15.95588951110841], "angle": 3.141592653589793}, {"category": "Cabinet", "position": [255.70870120556944, 292.0310860410002], "size": [16.653509902954113, 15.95588951110841], "angle": 3.141592653589793}, {"category": "Sofa", "position": [183.71979999999996, 242.10601684672037], "size": [18.393089675903326, 18.393089675903298], "angle": 0.0}]}]}]}