{"seed": 1, "floorplan": [{"rooms": [{"category": "Bedroom", "corners": [[190.0, 204.0], [190.0, 296.0], [310.0, 296.0], [310.0, 204.0], [190.0, 204.0]], "objects": [{"category": "DoubleBed", "position": [241.46323050812555, 257.8631493473109], "size": [66.92309875488283, 65.80199890136717], "angle": 3.141592653589793}, {"category": "Nightstand", "position": [200.5794161934278, 291.4635891819588], "size": [17.94774055480957, 12.659249496460006], "angle": 3.141592653589793}, {"category": "Nightstand", "position": [281.42419646207907, 291.56956642602347], "size": [17.94774055480957, 12.65924949645995], "angle": 3.141592653589793}]}]}]}