{"seed": 1, "floorplan": [{"rooms": [{"category": "Bedroom", "corners": [[256.0, 177.0], [256.0, 217.0], [255.0, 218.0], [200.0, 218.0], [200.0, 323.0], [300.0, 323.0], [300.0, 177.0], [256.0, 177.0]], "objects": [{"category": "DoubleBed", "position": [234.06391481922446, 278.71070528794667], "size": [65.0282928335527, 60.53065056794499], "angle": -9.10411711438571e-06}, {"category": "Nightstand", "position": [209.37150982759795, 242.29820838970744], "size": [10.385554070163591, 17.4231681142519], "angle": -9.104117114171952e-06}, {"category": "Nightstand", "position": [204.14610901669238, 317.469731504292], "size": [10.385554070163563, 17.423168114251872], "angle": -9.104117114171977e-06}]}]}]}