{"seed": 1, "floorplan": [{"rooms": [{"category": "Bedroom", "corners": [[202.0, 199.0], [202.0, 301.0], [298.0, 301.0], [298.0, 199.0], [202.0, 199.0]], "objects": [{"category": "DoubleBed", "position": [247.74099999999999, 231.67504084054724], "size": [60.88710021972656, 65.97030029296877], "angle": 0.0}, {"category": "Nightstand", "position": [284.32814586775487, 205.2798032346999], "size": [11.007060241699207, 11.007060241699207], "angle": 0.0}, {"category": "Nightstand", "position": [210.0768541322452, 205.2798032346999], "size": [11.007060241699236, 11.007060241699207], "angle": 0.0}]}]}]}