{"seed": 1, "floorplan": [{"rooms": [{"category": "Bedroom", "corners": [[192.0, 156.0], [192.0, 344.0], [308.0, 344.0], [308.0, 217.0], [231.0, 217.0], [230.0, 216.0], [230.0, 157.0], [231.0, 156.0], [192.0, 156.0]], "objects": [{"category": "DoubleBed", "position": [271.47256626275, 288.8022793888604], "size": [72.47045806134949, 68.92862588918995], "angle": -3.141583549472679}, {"category": "Nightstand", "position": [304.4506045781292, 331.3817538084474], "size": [18.900172070163332, 11.781677315358968], "angle": -1.570787222677781}, {"category": "Nightstand", "position": [302.280203023373, 250.0183962157692], "size": [18.900172070163276, 11.78167731535891], "angle": -1.5707872226777841}]}]}]}