{"seed": 1, "floorplan": [{"rooms": [{"category": "Bedroom", "corners": [[185.0, 207.0], [185.0, 293.0], [315.0, 293.0], [315.0, 207.0], [185.0, 207.0]], "objects": [{"category": "DoubleBed", "position": [237.24249999999995, 239.65239815060812], "size": [60.88710021972656, 65.97030029296877], "angle": 0.0}, {"category": "Cabinet", "position": [277.00000473766784, 213.8999834923477], "size": [16.391970062255837, 9.24144001007079], "angle": 0.0}, {"category": "Cabinet", "position": [199.14999526233214, 213.8999834923477], "size": [16.391970062255865, 9.24144001007079], "angle": 0.0}, {"category": "PendantLamp", "position": [238.68849999999998, 247.6645], "size": [5.700000000000017, 5.25], "angle": 0.0}]}]}]}