{"seed": 1, "floorplan": [{"rooms": [{"category": "Bedroom", "corners": [[270.0, 136.0], [270.0, 153.0], [269.0, 154.0], [263.0, 154.0], [263.0, 179.0], [264.0, 178.0], [269.0, 178.0], [270.0, 179.0], [270.0, 251.0], [269.0, 252.0], [197.0, 252.0], [197.0, 357.0], [198.0, 356.0], [213.0, 356.0], [214.0, 357.0], [214.0, 364.0], [284.0, 364.0], [284.0, 357.0], [285.0, 356.0], [303.0, 356.0], [303.0, 136.0], [270.0, 136.0]], "objects": [{"category": "DoubleBed", "position": [230.43128370599308, 304.4965], "size": [62.446166359155214, 58.65203544227404], "angle": -9.104117114681427e-06}, {"category": "Nightstand", "position": [204.6805904404973, 343.93580047482146], "size": [15.111377581870622, 15.174527799744634], "angle": -9.10411711279952e-06}, {"category": "Nightstand", "position": [206.0928177806431, 264.0752995251785], "size": [15.174527799744634, 15.111377581870679], "angle": -1.5708054309120116}, {"category": "PendantLamp", "position": [250.00000000000003, 305.51169999999996], "size": [20.89608078002931, 21.223619842529274], "angle": 0.0}]}]}]}