{"seed": 1, "floorplan": [{"rooms": [{"category": "Bedroom", "corners": [[185.0, 199.0], [185.0, 301.0], [315.0, 301.0], [315.0, 199.0], [185.0, 199.0]], "objects": [{"category": "DoubleBed", "position": [242.80074408016628, 267.4694100465819], "size": [37.9799995422363, 67.75680084228517], "angle": 3.141592653589793}, {"category": "Cabinet", "position": [202.5914993457664, 293.53478283896663], "size": [16.762620162963827, 12.54167976379398], "angle": 3.141592653589793}, {"category": "Cabinet", "position": [284.35585879159703, 293.87788984597387], "size": [16.762620162963913, 12.541679763793923], "angle": 3.141592653589793}, {"category": "CeilingLamp", "position": [241.711, 251.7895], "size": [23.16264038085933, 23.035739135742176], "angle": 0.0}]}]}]}