{"seed": 1, "floorplan": [{"rooms": [{"category": "Bedroom", "corners": [[212.0, 176.0], [212.0, 324.0], [289.0, 324.0], [288.0, 323.0], [288.0, 177.0], [289.0, 176.0], [212.0, 176.0]], "objects": [{"category": "DoubleBed", "position": [255.97740731639965, 243.48566333083954], "size": [63.50637956375045, 62.55386997642482], "angle": -1.5707872226777824}, {"category": "Table", "position": [278.5111795566436, 294.5532992118859], "size": [12.768296328822823, 26.551621887646313], "angle": -3.14158354947268}, {"category": "Armchair", "position": [261.114363763749, 298.5368699345121], "size": [18.441018338563264, 15.05398722783686], "angle": -9.104117111470142e-06}, {"category": "PendantLamp", "position": [249.99828404236155, 258.88613174891475], "size": [28.547010040283226, 28.546980285644537], "angle": 0.0}]}]}]}