{"seed": 1, "floorplan": [{"rooms": [{"category": "Bedroom", "corners": [[196.0, 155.0], [196.0, 345.0], [304.0, 345.0], [304.0, 231.0], [246.0, 231.0], [245.0, 230.0], [245.0, 155.0], [196.0, 155.0]], "objects": [{"category": "DoubleBed", "position": [269.33407540175926, 291.49123506320996], "size": [60.534253200841555, 63.580478443924804], "angle": -1.5707872226777828}, {"category": "CornerSideTable", "position": [296.42699869992805, 330.2149924777614], "size": [15.611752162995002, 17.633890094953998], "angle": -1.5707872226777817}, {"category": "CornerSideTable", "position": [296.7932651203699, 255.11376625948645], "size": [15.611752162995002, 17.633890094953998], "angle": -1.5707872226777817}]}]}]}