{"seed": 1, "floorplan": [{"rooms": [{"category": "Bedroom", "corners": [[259.0, 177.0], [259.0, 211.0], [258.0, 212.0], [171.0, 212.0], [171.0, 323.0], [292.0, 323.0], [292.0, 224.0], [293.0, 223.0], [328.0, 223.0], [329.0, 222.0], [329.0, 177.0], [259.0, 177.0]], "objects": [{"category": "DoubleBed", "position": [215.1946162372115, 246.273636348873], "size": [60.659701538085955, 58.29210205078124], "angle": 0.0}, {"category": "Cabinet", "position": [180.14947966310893, 220.32529792942387], "size": [17.563919448852545, 16.125], "angle": 0.0}, {"category": "Cabinet", "position": [251.73082832791164, 220.32529792942387], "size": [17.563919448852516, 16.125], "angle": 0.0}, {"category": "PendantLamp", "position": [226.83129999999994, 280.3885], "size": [5.714512208015164, 6.300657604800596], "angle": -1.570787222677788}]}]}]}