{"seed": 1, "floorplan": [{"rooms": [{"category": "Bedroom", "corners": [[189.0, 203.0], [189.0, 297.0], [311.0, 297.0], [311.0, 203.0], [189.0, 203.0]], "objects": [{"category": "DoubleBed", "position": [244.10395280524796, 261.8691853791977], "size": [62.95680084228516, 69.923698425293], "angle": 3.141592653589793}, {"category": "Nightstand", "position": [202.9662783506048, 291.87749397526454], "size": [14.591220474243158, 14.54765968322755], "angle": 3.141592653589793}, {"category": "Nightstand", "position": [284.2773504514088, 291.8669610100944], "size": [14.591220474243187, 14.54765968322755], "angle": 3.141592653589793}, {"category": "PendantLamp", "position": [247.6765, 250.141], "size": [24.731250000000017, 24.70952911376952], "angle": 0.0}]}]}]}