{"seed": 1, "floorplan": [{"rooms": [{"category": "Bedroom", "corners": [[200.0, 188.0], [200.0, 312.0], [300.0, 312.0], [300.0, 198.0], [231.0, 198.0], [230.0, 197.0], [230.0, 188.0], [200.0, 188.0]], "objects": [{"category": "DoubleBed", "position": [264.97355165078784, 264.192224635895], "size": [60.66025379865458, 58.29263275615253], "angle": -1.5707872226777826}, {"category": "Nightstand", "position": [293.829510097209, 303.8998192664367], "size": [10.84371902323032, 16.043156008166505], "angle": -3.141583549472677}, {"category": "Nightstand", "position": [293.829510097209, 223.666212064671], "size": [10.84371902323032, 16.043156008166505], "angle": -3.1415835494726823}, {"category": "PendantLamp", "position": [246.30100000000004, 261.2872], "size": [23.250629425048857, 7.498860168457043], "angle": 3.141592653589793}]}]}]}