{"seed": 1, "floorplan": [{"rooms": [{"category": "Bedroom", "corners": [[209.0, 181.0], [209.0, 319.0], [291.0, 319.0], [291.0, 181.0], [209.0, 181.0]], "objects": [{"category": "DoubleBed", "position": [250.21300000000002, 220.75449999999995], "size": [60.53370208740233, 63.57989959716798], "angle": 0.0}, {"category": "CeilingLamp", "position": [249.562, 249.8635], "size": [18.008009719848616, 18.008009719848644], "angle": 0.0}]}]}]}