{"seed": 1, "floorplan": [{"rooms": [{"category": "Bedroom", "corners": [[297.0, 180.0], [296.0, 181.0], [203.0, 181.0], [203.0, 320.0], [204.0, 319.0], [297.0, 319.0], [297.0, 180.0]], "objects": [{"category": "DoubleBed", "position": [241.2074006982483, 254.1559], "size": [66.89670889176033, 57.15712131964359], "angle": -9.104117113951357e-06}]}]}]}