{"seed": 1, "floorplan": [{"rooms": [{"category": "Bedroom", "corners": [[207.0, 192.0], [207.0, 209.0], [206.0, 210.0], [204.0, 210.0], [206.0, 210.0], [207.0, 211.0], [207.0, 288.0], [240.0, 288.0], [241.0, 289.0], [241.0, 308.0], [296.0, 308.0], [296.0, 192.0], [207.0, 192.0]], "objects": [{"category": "DoubleBed", "position": [255.37756181540232, 241.54766672500395], "size": [79.73532980492105, 80.55223482516165], "angle": -1.5707872226777824}, {"category": "Nightstand", "position": [290.2262162488714, 201.45504471051817], "size": [13.00055064112041, 15.000658419475732], "angle": -0.34556217534866007}, {"category": "Nightstand", "position": [292.39425900744067, 279.7102094026364], "size": [15.000530126929748, 13.00043945441814], "angle": -1.5695330318021836}]}]}]}