{"seed": 1, "floorplan": [{"rooms": [{"category": "Bedroom", "corners": [[194.0, 203.0], [194.0, 297.0], [306.0, 297.0], [306.0, 203.0], [194.0, 203.0]], "objects": [{"category": "DoubleBed", "position": [260.2603, 234.52115401365234], "size": [58.21349945068357, 74.39519805908205], "angle": 0.0}, {"category": "Nightstand", "position": [292.01440117688935, 210.0403222573837], "size": [16.596390151977573, 13.277099990844704], "angle": 0.0}, {"category": "Nightstand", "position": [223.3440988231107, 210.0403222573837], "size": [16.596390151977516, 13.277099990844704], "angle": 0.0}]}]}]}