{"seed": 1, "floorplan": [{"rooms": [{"category": "Bedroom", "corners": [[277.0, 169.0], [276.0, 170.0], [188.0, 170.0], [188.0, 331.0], [189.0, 330.0], [311.0, 330.0], [312.0, 331.0], [312.0, 316.0], [311.0, 316.0], [310.0, 315.0], [310.0, 274.0], [311.0, 273.0], [293.0, 273.0], [293.0, 284.0], [292.0, 285.0], [290.0, 285.0], [289.0, 284.0], [289.0, 198.0], [278.0, 198.0], [277.0, 197.0], [277.0, 169.0]], "objects": [{"category": "DoubleBed", "position": [256.23999999999995, 239.74899999999994], "size": [50.863664975167545, 30.089672897451795], "angle": -1.5707872226777821}]}]}]}