{"seed": 1, "floorplan": [{"rooms": [{"category": "Bedroom", "corners": [[198.0, 192.0], [198.0, 308.0], [302.0, 308.0], [302.0, 192.0], [198.0, 192.0]], "objects": [{"category": "DoubleBed", "position": [267.97653909099563, 248.28170601247962], "size": [52.93278018723225, 58.611834270612164], "angle": -1.5707872226777826}, {"category": "Nightstand", "position": [294.58126244718824, 207.75264288757893], "size": [20.247904677048666, 13.433732837501738], "angle": -1.5707872226777841}, {"category": "TVStand", "position": [205.08249999999998, 237.907], "size": [5.243357520293799, 29.600550249821577], "angle": -9.104117115462015e-06}]}]}]}