{"seed": 1, "floorplan": [{"rooms": [{"category": "Bedroom", "corners": [[296.0, 187.0], [295.0, 188.0], [204.0, 188.0], [204.0, 313.0], [205.0, 312.0], [296.0, 312.0], [296.0, 187.0]], "objects": [{"category": "DoubleBed", "position": [238.0323757869564, 267.6259458872688], "size": [64.08658198956006, 56.0060091551656], "angle": -9.104117114170381e-06}, {"category": "Table", "position": [210.0143140755337, 220.8502335450067], "size": [15.479720473896958, 40.106766200370394], "angle": -9.10411711448044e-06}, {"category": "Chair", "position": [213.22680113278022, 216.37503236940518], "size": [9.483416111473163, 9.089393015862626], "angle": -1.5707872226777817}, {"category": "CeilingLamp", "position": [260.8512275741962, 257.3574230807849], "size": [14.997180175781239, 19.072169494628923], "angle": 0.0}]}]}]}