{"seed": 1, "floorplan": [{"rooms": [{"category": "Bedroom", "corners": [[201.0, 170.0], [201.0, 330.0], [299.0, 330.0], [299.0, 210.0], [230.0, 210.0], [229.0, 209.0], [229.0, 170.0], [201.0, 170.0]], "objects": [{"category": "DoubleBed", "position": [265.4430767986778, 264.262], "size": [37.98034532132218, 67.75741771655939], "angle": -1.5707872226777828}, {"category": "Cabinet", "position": [290.37122331634276, 303.99261148408095], "size": [12.54179394627464, 16.762772773905063], "angle": -3.1415835494726756}, {"category": "Cabinet", "position": [289.2678848894625, 224.34838851591897], "size": [16.762772773905063, 12.541793946274582], "angle": -1.5707872226777808}]}]}]}