{"seed": 1, "floorplan": [{"rooms": [{"category": "Bedroom", "corners": [[212.0, 208.0], [212.0, 255.0], [211.0, 256.0], [185.0, 256.0], [184.0, 257.0], [184.0, 292.0], [316.0, 292.0], [316.0, 208.0], [212.0, 208.0]], "objects": [{"category": "Nightstand", "position": [234.4643157958164, 212.64767493972846], "size": [19.09992027282715, 13.292010498046892], "angle": 0.0}, {"category": "Nightstand", "position": [306.4693572436793, 212.71029862331767], "size": [19.09992027282715, 13.29201049804692], "angle": 0.0}, {"category": "DoubleBed", "position": [270.4138637855498, 241.24824590569344], "size": [66.9230987548828, 65.8019989013672], "angle": 0.0}]}]}]}