{"seed": 1, "floorplan": [{"rooms": [{"category": "Bedroom", "corners": [[193.0, 202.0], [193.0, 297.0], [192.0, 298.0], [307.0, 298.0], [307.0, 203.0], [308.0, 202.0], [193.0, 202.0]], "objects": [{"category": "DoubleBed", "position": [271.71863320655206, 245.51874053495354], "size": [46.193219927839884, 66.40410491971089], "angle": -1.5707872226777824}, {"category": "Nightstand", "position": [299.2403859289028, 285.92652076009955], "size": [18.000163876346008, 14.515631649072066], "angle": -1.5707872226777806}, {"category": "CeilingLamp", "position": [250.0, 241.6726], "size": [24.627390289306618, 24.627390289306646], "angle": 0.0}]}]}]}