{"seed": 1, "floorplan": [{"rooms": [{"category": "Bedroom", "corners": [[209.0, 185.0], [209.0, 299.0], [222.0, 299.0], [223.0, 300.0], [223.0, 315.0], [278.0, 315.0], [278.0, 300.0], [279.0, 299.0], [291.0, 299.0], [291.0, 202.0], [250.0, 202.0], [249.0, 201.0], [249.0, 185.0], [209.0, 185.0]], "objects": [{"category": "DoubleBed", "position": [245.06986872324268, 250.49622872950664], "size": [68.92862588918999, 72.47045806134946], "angle": -1.5708054309120105}, {"category": "PendantLamp", "position": [246.619, 251.32870000000003], "size": [19.397760772705084, 18.53112030029297], "angle": 0.0}]}]}]}