{"seed": 1, "floorplan": [{"rooms": [{"category": "Bedroom", "corners": [[228.0, 141.0], [228.0, 212.0], [227.0, 213.0], [195.0, 213.0], [195.0, 359.0], [305.0, 359.0], [305.0, 141.0], [228.0, 141.0]], "objects": [{"category": "Nightstand", "position": [200.41313435898792, 234.7688891134976], "size": [13.000618085030156, 15.000736239491346], "angle": -9.104117112679044e-06}, {"category": "Nightstand", "position": [202.58985431024644, 328.4108462173382], "size": [13.000618085030185, 15.000736239491374], "angle": -9.104117114865206e-06}, {"category": "DoubleBed", "position": [235.61323547074366, 283.0338585616039], "size": [79.73532980492108, 80.55223482516168], "angle": -1.570805430912011}, {"category": "TVStand", "position": [297.1710497538249, 284.23749999999995], "size": [130.20238472397529, 16.004756152952922], "angle": -1.5707872226777826}]}]}]}