{"seed": 1, "floorplan": [{"rooms": [{"category": "Bedroom", "corners": [[264.0, 127.0], [264.0, 209.0], [263.0, 210.0], [202.0, 210.0], [202.0, 373.0], [298.0, 373.0], [298.0, 127.0], [264.0, 127.0]], "objects": [{"category": "DoubleBed", "position": [235.2006217302335, 282.94263970771743], "size": [63.58047844392483, 60.53425320084158], "angle": -9.104117114133085e-06}, {"category": "Cabinet", "position": [287.9393835550944, 340.56816750081373], "size": [19.01048267527863, 65.51999500295825], "angle": -3.1415835494726787}, {"category": "CeilingLamp", "position": [250.276, 289.38550000000004], "size": [18.239999771118107, 18.17999954223626], "angle": 0.0}]}]}]}