{"seed": 1, "floorplan": [{"rooms": [{"category": "Bedroom", "corners": [[205.0, 206.0], [205.0, 294.0], [295.0, 294.0], [295.0, 206.0], [205.0, 206.0]], "objects": [{"category": "Nightstand", "position": [290.2305259214709, 254.78308410764106], "size": [18.76781078822091, 14.157609132986453], "angle": -1.5707872226777815}, {"category": "SingleBed", "position": [264.6731700939553, 227.55593722779165], "size": [43.429597660450945, 60.300548985759], "angle": -1.570787222677783}, {"category": "CeilingLamp", "position": [252.37810000000002, 247.50069999999994], "size": [16.891679763793945, 16.993230056762684], "angle": 3.141592653589793}]}]}]}