{"seed": 1, "floorplan": [{"rooms": [{"category": "Bedroom", "corners": [[202.0, 188.0], [202.0, 312.0], [298.0, 312.0], [298.0, 188.0], [202.0, 188.0]], "objects": [{"category": "DoubleBed", "position": [235.460808330972, 254.29957637827434], "size": [66.40410491971095, 46.193219927839884], "angle": -9.104117114297103e-06}, {"category": "Nightstand", "position": [207.14065066400943, 286.9718324250714], "size": [14.70226359722232, 23.709966225502857], "angle": -9.104117115260931e-06}, {"category": "Nightstand", "position": [207.27337159759784, 219.65091061806135], "size": [14.70226359722232, 23.70996622550283], "angle": -9.104117113327778e-06}, {"category": "TVStand", "position": [292.4584167175293, 253.6225], "size": [44.58100737402457, 11.102350986010965], "angle": -1.5707872226777824}]}]}]}