{"seed": 1, "floorplan": [{"rooms": [{"category": "Bedroom", "corners": [[259.0, 164.0], [259.0, 208.0], [258.0, 209.0], [198.0, 209.0], [198.0, 336.0], [302.0, 336.0], [302.0, 164.0], [259.0, 164.0]], "objects": [{"category": "DoubleBed", "position": [243.72246745930772, 278.60692563325404], "size": [70.74814318678585, 81.78914183811239], "angle": -1.5708054309120105}, {"category": "PendantLamp", "position": [249.67029999999994, 279.0235], "size": [19.03026008605957, 17.820659637451172], "angle": 0.0}, {"category": "PendantLamp", "position": [276.1517857699629, 186.43330000000003], "size": [50.37989959716799, 9.570359802246088], "angle": 0.0}]}]}]}