{"seed": 1, "floorplan": [{"rooms": [{"category": "Bedroom", "corners": [[198.0, 204.0], [198.0, 296.0], [302.0, 296.0], [302.0, 204.0], [198.0, 204.0]], "objects": [{"category": "Nightstand", "position": [205.1331917171543, 208.3683730823069], "size": [19.09992027282715, 13.292010498046864], "angle": 0.0}, {"category": "Nightstand", "position": [277.8597090693126, 208.0065240417141], "size": [19.09992027282715, 13.292010498046892], "angle": 0.0}, {"category": "PendantLamp", "position": [240.757, 247.35399999999998], "size": [40.38690032958985, 38.89080047607422], "angle": 0.0}, {"category": "DoubleBed", "position": [241.44914759435466, 236.82008338388013], "size": [66.92309875488277, 65.8019989013672], "angle": 0.0}]}]}]}