{"seed": 1, "floorplan": [{"rooms": [{"category": "Bedroom", "corners": [[179.0, 205.0], [179.0, 266.0], [180.0, 266.0], [181.0, 265.0], [202.0, 265.0], [203.0, 266.0], [203.0, 295.0], [204.0, 294.0], [205.0, 294.0], [206.0, 295.0], [321.0, 295.0], [321.0, 205.0], [179.0, 205.0]], "objects": [{"category": "DoubleBed", "position": [253.5301700891419, 246.36001463334983], "size": [70.74749908447268, 81.78839721679688], "angle": 0.0}, {"category": "Nightstand", "position": [215.99493850265736, 215.2617619384389], "size": [19.663288879394514, 14.095230102539062], "angle": 0.0}, {"category": "Nightstand", "position": [293.73683475571414, 211.39746710727212], "size": [19.663288879394486, 14.095230102539062], "angle": 0.0}, {"category": "CeilingLamp", "position": [256.37848659568624, 256.2026930548102], "size": [16.615889739990223, 16.61588973999025], "angle": 0.0}]}]}]}