{"seed": 1, "floorplan": [{"rooms": [{"category": "Bedroom", "corners": [[204.0, 192.0], [204.0, 308.0], [296.0, 308.0], [296.0, 192.0], [204.0, 192.0]], "objects": [{"category": "Nightstand", "position": [212.79978562396852, 208.0194417096798], "size": [14.547792128633704, 14.591353316237276], "angle": -9.104117113813811e-06}, {"category": "DoubleBed", "position": [240.7008211674531, 246.58122754832], "size": [69.924335027526, 62.957374016200504], "angle": -9.104117114327984e-06}, {"category": "Nightstand", "position": [213.97600369463743, 289.3039205987309], "size": [14.547792128633704, 14.591353316237305], "angle": -9.104117113813811e-06}, {"category": "PendantLamp", "position": [249.56199999999995, 243.34750000000003], "size": [24.731237228283128, 24.70951635326976], "angle": -2.3562024369452974}]}]}]}