{"seed": 1, "floorplan": [{"rooms": [{"category": "Bedroom", "corners": [[200.0, 184.0], [200.0, 291.0], [220.0, 291.0], [221.0, 292.0], [221.0, 316.0], [262.0, 316.0], [262.0, 292.0], [263.0, 291.0], [300.0, 291.0], [300.0, 184.0], [200.0, 184.0]], "objects": [{"category": "DoubleBed", "position": [234.01606164173688, 246.95661877407235], "size": [75.18698517341409, 67.79401625532479], "angle": -1.5708054309120103}, {"category": "Nightstand", "position": [202.39692891795687, 209.05363151448006], "size": [10.920099876084404, 22.800207576704896], "angle": -9.104117114341355e-06}, {"category": "Nightstand", "position": [202.8493240207846, 281.76515991280206], "size": [10.920099876084404, 22.800207576704896], "angle": -9.104117114341355e-06}, {"category": "PendantLamp", "position": [249.4975, 240.89349999999996], "size": [20.291970062255814, 20.291819000244175], "angle": 0.0}]}]}]}