{"seed": 1, "floorplan": [{"rooms": [{"category": "Bedroom", "corners": [[181.0, 204.0], [181.0, 260.0], [216.0, 260.0], [217.0, 261.0], [217.0, 296.0], [319.0, 296.0], [319.0, 204.0], [181.0, 204.0]], "objects": [{"category": "DoubleBed", "position": [276.136, 240.01999989892937], "size": [58.57679901123046, 71.77949981689449], "angle": 0.0}, {"category": "CeilingLamp", "position": [204.712, 235.86849999999998], "size": [17.19056968688963, 17.19056968688966], "angle": 0.0}]}]}]}