{"seed": 1, "floorplan": [{"rooms": [{"category": "Bedroom", "corners": [[183.0, 208.0], [183.0, 292.0], [317.0, 292.0], [317.0, 208.0], [183.0, 208.0]], "objects": [{"category": "DoubleBed", "position": [248.10029954724007, 241.39471465859512], "size": [57.156600952148466, 66.89609985351564], "angle": 0.0}, {"category": "Nightstand", "position": [286.22339759785837, 214.78699156517965], "size": [17.42781028747561, 13.807199478149414], "angle": 0.0}, {"category": "Cabinet", "position": [207.60412159258186, 217.02649653441694], "size": [47.722201538085955, 17.845439529418968], "angle": 0.0}]}]}]}