{"seed": 1, "floorplan": [{"rooms": [{"category": "Bedroom", "corners": [[200.0, 149.0], [200.0, 342.0], [199.0, 343.0], [200.0, 343.0], [201.0, 344.0], [201.0, 351.0], [228.0, 351.0], [228.0, 344.0], [229.0, 343.0], [231.0, 343.0], [231.0, 275.0], [232.0, 274.0], [301.0, 274.0], [300.0, 273.0], [300.0, 163.0], [262.0, 163.0], [261.0, 162.0], [261.0, 151.0], [262.0, 150.0], [262.0, 149.0], [200.0, 149.0]], "objects": [{"category": "DoubleBed", "position": [265.0926647373086, 217.22065422243253], "size": [70.6335410081755, 64.02868351322437], "angle": -3.141583549472679}, {"category": "Nightstand", "position": [292.46362885315347, 253.88116557204754], "size": [15.203028425429748, 15.717292827223043], "angle": -1.5707872226777848}, {"category": "Nightstand", "position": [292.44496575040296, 180.08549424003456], "size": [15.203028425429748, 15.717292827223043], "angle": -1.570787222677781}, {"category": "Cabinet", "position": [205.8988, 219.3691], "size": [59.60964456333143, 12.000199660045663], "angle": -1.5708054309120107}]}]}]}