{"seed": 1, "floorplan": [{"rooms": [{"category": "Bedroom", "corners": [[159.0, 178.0], [159.0, 322.0], [341.0, 322.0], [341.0, 178.0], [159.0, 178.0]], "objects": [{"category": "DoubleBed", "position": [254.1232, 217.78735], "size": [83.90730285644531, 75.23430175781255], "angle": 0.0}, {"category": "CeilingLamp", "position": [254.45739999999995, 239.93365], "size": [19.34504928588865, 19.34504928588865], "angle": 0.0}, {"category": "PendantLamp", "position": [333.68201666119137, 268.01935], "size": [14.416650009155319, 13.429619979858387], "angle": 0.0}, {"category": "PendantLamp", "position": [303.8392, 185.14521665592991], "size": [14.416650009155319, 13.42961997985833], "angle": 0.0}]}]}]}