{"seed": 1, "floorplan": [{"rooms": [{"category": "Bedroom", "corners": [[177.0, 199.0], [177.0, 301.0], [323.0, 301.0], [323.0, 199.0], [177.0, 199.0]], "objects": [{"category": "PendantLamp", "position": [230.27769999999998, 250.0], "size": [27.055320739746094, 27.463620758056663], "angle": 0.0}, {"category": "Cabinet", "position": [192.33930067094514, 294.1496120703787], "size": [16.265969467163075, 12.434280395507812], "angle": 3.141592653589793}, {"category": "DoubleBed", "position": [232.2619916619944, 267.76778111252577], "size": [61.332000732421875, 63.76170043945311], "angle": 3.141592653589793}, {"category": "Cabinet", "position": [234.1273, 207.03338346354167], "size": [22.231709289550764, 15.602490234375011], "angle": 0.0}]}]}]}