{"seed": 1, "floorplan": [{"rooms": [{"category": "Bedroom", "corners": [[196.0, 202.0], [195.0, 203.0], [195.0, 298.0], [305.0, 298.0], [305.0, 203.0], [304.0, 202.0], [196.0, 202.0]], "objects": [{"category": "DoubleBed", "position": [250.0675, 238.98459999999994], "size": [62.95680084228513, 69.92369842529294], "angle": 0.0}, {"category": "PendantLamp", "position": [249.45250000000004, 247.79559999999995], "size": [24.96362915039066, 24.979140472412098], "angle": 0.0}]}]}]}