{"seed": 1, "floorplan": [{"rooms": [{"category": "Bedroom", "corners": [[193.0, 174.0], [193.0, 204.0], [208.0, 204.0], [209.0, 205.0], [209.0, 324.0], [208.0, 325.0], [208.0, 326.0], [307.0, 326.0], [307.0, 187.0], [306.0, 186.0], [305.0, 187.0], [247.0, 187.0], [247.0, 202.0], [246.0, 203.0], [240.0, 203.0], [239.0, 202.0], [239.0, 175.0], [240.0, 174.0], [193.0, 174.0]], "objects": [{"category": "DoubleBed", "position": [271.5483723661174, 266.155], "size": [62.957374016200475, 69.92433502752597], "angle": -1.570787222677783}, {"category": "Nightstand", "position": [297.7578373245031, 220.6472078139693], "size": [14.547792128633676, 14.591353316237276], "angle": -3.1415835494726796}, {"category": "Nightstand", "position": [299.09041202481603, 310.7417921860307], "size": [14.591353316237305, 14.547792128633732], "angle": -1.5707872226777804}]}]}]}