{"seed": 1, "floorplan": [{"rooms": [{"category": "Bedroom", "corners": [[205.0, 196.0], [205.0, 304.0], [295.0, 304.0], [295.0, 196.0], [205.0, 196.0]], "objects": [{"category": "Nightstand", "position": [290.971669979393, 223.0441199983926], "size": [14.844375334145354, 12.767966735978385], "angle": -1.570787222677784}, {"category": "DoubleBed", "position": [259.23649766332505, 263.5938409415137], "size": [71.41775224932144, 68.56832597810306], "angle": -1.5707872226777824}]}]}]}