{"seed": 1, "floorplan": [{"rooms": [{"category": "Bedroom", "corners": [[161.0, 200.0], [161.0, 301.0], [162.0, 300.0], [338.0, 300.0], [339.0, 301.0], [339.0, 265.0], [274.0, 265.0], [273.0, 264.0], [273.0, 200.0], [161.0, 200.0]], "objects": [{"category": "DoubleBed", "position": [219.85000000000005, 236.43999999999997], "size": [65.31239776611329, 73.28909912109376], "angle": 0.0}, {"category": "Nightstand", "position": [176.92510000000001, 208.76439999999997], "size": [24.07107009887696, 14.62647056579587], "angle": 0.0}, {"category": "Nightstand", "position": [260.37441661141287, 208.76439999999997], "size": [24.07107009887693, 14.62647056579587], "angle": 0.0}]}]}]}