{"seed": 1, "floorplan": [{"rooms": [{"category": "Bedroom", "corners": [[202.0, 153.0], [202.0, 347.0], [298.0, 347.0], [298.0, 206.0], [233.0, 206.0], [232.0, 205.0], [232.0, 153.0], [202.0, 153.0]], "objects": [{"category": "DoubleBed", "position": [264.4293463562094, 287.32899999999995], "size": [67.67016244380311, 67.56936323405722], "angle": -1.5682966352923173}, {"category": "Nightstand", "position": [291.6348498789497, 245.149], "size": [18.900172070163304, 13.506393182240515], "angle": -1.5707872226777841}, {"category": "Nightstand", "position": [291.63484987894975, 330.958], "size": [18.900172070163276, 13.506393182240572], "angle": -1.570787222677781}, {"category": "PendantLamp", "position": [247.12, 281.239], "size": [3.8594698905944824, 0.9283319950103532], "angle": 0.0}]}]}]}