{"seed": 1, "floorplan": [{"rooms": [{"category": "Bedroom", "corners": [[200.0, 186.0], [200.0, 314.0], [300.0, 314.0], [300.0, 186.0], [200.0, 186.0]], "objects": [{"category": "DoubleBed", "position": [264.0765331413993, 234.1956971022511], "size": [72.47045806134946, 68.92862588918995], "angle": -3.141583549472679}]}]}]}