{"seed": 1, "floorplan": [{"rooms": [{"category": "Bedroom", "corners": [[205.0, 184.0], [205.0, 316.0], [295.0, 316.0], [295.0, 184.0], [205.0, 184.0]], "objects": [{"category": "DoubleBed", "position": [258.92595735262876, 257.5007480469993], "size": [60.66025379865461, 58.29263275615256], "angle": -1.5707872226777826}, {"category": "Cabinet", "position": [287.93593725722167, 217.75563992343996], "size": [12.516053660661441, 10.319493593250204], "angle": -1.5707872226777826}, {"category": "Cabinet", "position": [287.99121252369565, 296.93291004812886], "size": [12.516053660661441, 10.319493593250261], "angle": -1.5707872226777826}, {"category": "CeilingLamp", "position": [250.99600000000004, 257.2255], "size": [17.12232055664066, 17.122320556640574], "angle": 0.0}]}]}]}