{"seed": 1, "floorplan": [{"rooms": [{"category": "Bedroom", "corners": [[190.0, 195.0], [190.0, 305.0], [310.0, 305.0], [310.0, 195.0], [190.0, 195.0]], "objects": [{"category": "DoubleBed", "position": [255.35070587890456, 268.62181130349774], "size": [68.92799835205079, 72.46979827880858], "angle": 3.141592653589793}, {"category": "Nightstand", "position": [293.1319231502269, 299.02927078163077], "size": [11.520000457763672, 11.520000457763672], "angle": 3.141592653589793}, {"category": "Nightstand", "position": [213.5964402556844, 301.567444608296], "size": [11.520000457763672, 11.520000457763729], "angle": 3.141592653589793}]}]}]}