{"seed": 1, "floorplan": [{"rooms": [{"category": "Bedroom", "corners": [[225.0, 195.0], [225.0, 273.0], [224.0, 274.0], [161.0, 274.0], [161.0, 305.0], [339.0, 305.0], [339.0, 195.0], [225.0, 195.0]], "objects": [{"category": "DoubleBed", "position": [289.70501195618397, 231.07593818544993], "size": [60.88710021972692, 65.97030029296914], "angle": -3.14113265357357}, {"category": "Cabinet", "position": [251.90857755880307, 198.27008743525406], "size": [16.391970062255837, 9.241440010070818], "angle": 0.0}, {"category": "Cabinet", "position": [322.5761627488216, 201.746952489661], "size": [16.391970062255893, 9.241440010070818], "angle": 0.0}]}]}]}