{"seed": 1, "floorplan": [{"rooms": [{"category": "Bedroom", "corners": [[183.0, 209.0], [183.0, 291.0], [317.0, 291.0], [317.0, 209.0], [183.0, 209.0]], "objects": [{"category": "DoubleBed", "position": [244.4155806959298, 242.5508236241016], "size": [75.18630065917966, 67.79339904785152], "angle": 0.0}, {"category": "Nightstand", "position": [290.78727286130015, 212.38883557253445], "size": [22.80000000000001, 10.92000045776365], "angle": 0.0}, {"category": "Nightstand", "position": [198.0349787455513, 212.3941945010627], "size": [22.80000000000001, 10.92000045776365], "angle": 0.0}, {"category": "CeilingLamp", "position": [243.4495, 247.40949999999995], "size": [19.7765098571777, 19.780979919433577], "angle": 0.0}]}]}]}