{"seed": 1, "floorplan": [{"rooms": [{"category": "Bedroom", "corners": [[249.0, 173.0], [249.0, 207.0], [248.0, 208.0], [199.0, 208.0], [199.0, 327.0], [301.0, 327.0], [301.0, 173.0], [249.0, 173.0]], "objects": [{"category": "DoubleBed", "position": [240.94032501308524, 277.10909776169535], "size": [82.07954975546961, 86.09778091816132], "angle": -9.104117114295856e-06}, {"category": "Cabinet", "position": [202.92947647002626, 237.31789134652593], "size": [12.720416101653823, 13.836216054995417], "angle": -9.104117115309088e-06}, {"category": "Cabinet", "position": [202.9909245550934, 318.24871591481696], "size": [12.720416101653882, 13.836216054995388], "angle": -9.104117110840371e-06}, {"category": "PendantLamp", "position": [249.454, 272.67550000000006], "size": [23.815266561615164, 24.00237916599686], "angle": -9.1041171159524e-06}]}]}]}