{"seed": 1, "floorplan": [{"rooms": [{"category": "Bedroom", "corners": [[205.0, 192.0], [205.0, 308.0], [295.0, 308.0], [295.0, 192.0], [205.0, 192.0]], "objects": [{"category": "DoubleBed", "position": [238.74076090309023, 264.54474235280605], "size": [60.88765455058777, 65.97090090251069], "angle": -1.5708054309120105}, {"category": "Cabinet", "position": [213.32375662092454, 223.75701524819416], "size": [9.241524146371953, 16.39211929870907], "angle": -9.104117111393645e-06}, {"category": "TVStand", "position": [285.8783169502973, 262.25166910794565], "size": [91.98383304086943, 17.53608914047174], "angle": -1.5707872226777826}, {"category": "PendantLamp", "position": [250.23850000000004, 248.49699999999999], "size": [5.7000000000000455, 5.25], "angle": 0.0}]}]}]}