{"seed": 1, "floorplan": [{"rooms": [{"category": "Bedroom", "corners": [[199.0, 150.0], [199.0, 350.0], [301.0, 350.0], [301.0, 234.0], [229.0, 234.0], [228.0, 233.0], [228.0, 150.0], [199.0, 150.0]], "objects": [{"category": "DoubleBed", "position": [268.3198546746993, 296.4317598402816], "size": [100.7238204480146, 60.84055481758507], "angle": -1.5707872226777826}, {"category": "Cabinet", "position": [297.2709864287299, 338.0891552361931], "size": [15.000136563621654, 12.000109250897301], "angle": -1.5707872226777855}, {"category": "CeilingLamp", "position": [249.57100000000003, 298.75], "size": [16.04333953857423, 15.926010131835938], "angle": 0.0}]}]}]}