{"seed": 1, "floorplan": [{"rooms": [{"category": "Bedroom", "corners": [[194.0, 195.0], [194.0, 305.0], [306.0, 305.0], [306.0, 195.0], [194.0, 195.0]], "objects": [{"category": "CeilingLamp", "position": [244.36299999999997, 250.0], "size": [16.553369522094727, 16.553369522094755], "angle": 0.0}, {"category": "DoubleBed", "position": [267.8582362702639, 252.048073155638], "size": [56.900917815251255, 76.18329398761986], "angle": -1.570787222677783}, {"category": "Nightstand", "position": [297.7475162269865, 289.786166399591], "size": [15.712672805303246, 14.518092151209181], "angle": -1.57078722267778}]}]}]}