{"seed": 1, "floorplan": [{"rooms": [{"category": "Bedroom", "corners": [[206.0, 194.0], [206.0, 306.0], [294.0, 306.0], [294.0, 194.0], [206.0, 194.0]], "objects": [{"category": "DoubleBed", "position": [242.194350297497, 259.7115711306398], "size": [68.92862588918999, 72.47045806134946], "angle": -1.5708054309120105}, {"category": "CeilingLamp", "position": [250.08249999999995, 260.5315], "size": [17.998724196490837, 16.797362856274695], "angle": -9.104117114641106e-06}]}]}]}