{"seed": 1, "floorplan": [{"rooms": [{"category": "Bedroom", "corners": [[210.0, 202.0], [210.0, 298.0], [290.0, 298.0], [290.0, 202.0], [210.0, 202.0]], "objects": [{"category": "Nightstand", "position": [215.01242837384092, 215.03819163295898], "size": [13.732744501401756, 18.010303433990153], "angle": -9.104117113806638e-06}, {"category": "DoubleBed", "position": [246.25491952438796, 254.79003664251553], "size": [70.90954754930308, 66.34800547098436], "angle": -9.104117114342949e-06}, {"category": "CeilingLamp", "position": [249.853, 260.5705], "size": [16.782030487060524, 6.424889945983864], "angle": 0.0}, {"category": "Nightstand", "position": [214.98047819498157, 291.67420075479095], "size": [13.732744501401699, 18.010303433990124], "angle": -9.104117115876307e-06}]}]}]}