{"seed": 1, "floorplan": [{"rooms": [{"category": "Bedroom", "corners": [[292.0, 204.0], [291.0, 205.0], [208.0, 205.0], [208.0, 296.0], [209.0, 295.0], [292.0, 295.0], [292.0, 204.0]], "objects": [{"category": "DoubleBed", "position": [255.0369350946243, 251.29616570420256], "size": [68.92862588919002, 72.47045806134943], "angle": -1.5707872226777824}, {"category": "Nightstand", "position": [288.71108958875664, 289.79868548536285], "size": [16.73694207914362, 10.500095594535154], "angle": -1.5707872226777835}, {"category": "Nightstand", "position": [286.17205, 215.8846], "size": [16.736942079143592, 10.500095594535154], "angle": -1.5707872226777801}, {"category": "CeilingLamp", "position": [250.34154999999998, 251.947], "size": [21.282511138915993, 21.065879058837908], "angle": 0.0}]}]}]}