{"seed": 1, "floorplan": [{"rooms": [{"category": "Bedroom", "corners": [[184.0, 203.0], [184.0, 297.0], [316.0, 297.0], [316.0, 203.0], [184.0, 203.0]], "objects": [{"category": "DoubleBed", "position": [237.02650000000006, 239.68266514707352], "size": [68.54370117187503, 66.12750091552735], "angle": 0.0}, {"category": "TVStand", "position": [237.16150000000005, 289.97433333333333], "size": [66.00000000000003, 14.400000000000034], "angle": 3.141592653589793}, {"category": "CeilingLamp", "position": [248.71750000000003, 250.591], "size": [16.891679763793945, 16.993230056762684], "angle": 0.0}]}]}]}