{"seed": 1, "floorplan": [{"rooms": [{"category": "Bedroom", "corners": [[199.0, 177.0], [199.0, 323.0], [301.0, 323.0], [301.0, 205.0], [232.0, 205.0], [231.0, 204.0], [231.0, 177.0], [199.0, 177.0]], "objects": [{"category": "DoubleBed", "position": [263.7235005082931, 269.7136], "size": [65.25119372762386, 73.22316571978335], "angle": -1.5707872226777826}, {"category": "TVStand", "position": [206.65546692433065, 269.35060000000004], "size": [67.13161245858227, 14.031368207057753], "angle": -1.5708054309120107}, {"category": "PendantLamp", "position": [253.57599999999996, 270.14860000000004], "size": [31.66560058593751, 31.66560058593751], "angle": 0.0}]}]}]}