{"seed": 1, "floorplan": [{"rooms": [{"category": "Bedroom", "corners": [[172.0, 208.0], [172.0, 292.0], [328.0, 292.0], [328.0, 208.0], [172.0, 208.0]], "objects": [{"category": "DoubleBed", "position": [242.76546315830012, 240.04746047146187], "size": [50.86320190429686, 63.14160003662107], "angle": 0.0}, {"category": "Nightstand", "position": [202.86579652790795, 214.70019188371174], "size": [13.625340270996077, 10.603620529174833], "angle": 0.0}, {"category": "Nightstand", "position": [278.4804820819139, 215.47170055665325], "size": [13.625340270996048, 10.603620529174805], "angle": 0.0}]}]}]}