{"seed": 1, "floorplan": [{"rooms": [{"category": "Bedroom", "corners": [[186.0, 187.0], [186.0, 313.0], [251.0, 313.0], [251.0, 298.0], [252.0, 297.0], [314.0, 297.0], [314.0, 187.0], [186.0, 187.0]], "objects": [{"category": "DoubleBed", "position": [223.79860940995636, 242.86240685330858], "size": [41.03767372335171, 63.49737984802653], "angle": -1.5708054309120107}, {"category": "Nightstand", "position": [193.385282071088, 205.0948334522027], "size": [7.339806622262767, 8.919891312474883], "angle": -9.104117120810024e-06}, {"category": "Nightstand", "position": [193.0103864643061, 281.08991694696164], "size": [7.339806622262795, 8.91989131247494], "angle": -9.10411711306545e-06}, {"category": "CeilingLamp", "position": [251.44584999999995, 248.96214999999995], "size": [16.615889739990223, 16.61588973999028], "angle": 0.0}]}]}]}