{"seed": 1, "floorplan": [{"rooms": [{"category": "Bedroom", "corners": [[197.0, 187.0], [197.0, 313.0], [303.0, 313.0], [303.0, 187.0], [197.0, 187.0]], "objects": [{"category": "DoubleBed", "position": [229.71400000000003, 241.76050000000004], "size": [63.58047844392483, 60.53425320084158], "angle": -9.104117114133085e-06}, {"category": "TVStand", "position": [295.61658976956755, 242.8896312405824], "size": [11.165171611040542, 56.369014474183736], "angle": -3.141583549472679}, {"category": "CeilingLamp", "position": [251.377, 243.68050000000002], "size": [18.255659866333048, 18.25565986633302], "angle": 0.0}]}]}]}