{"seed": 1, "floorplan": [{"rooms": [{"category": "Bedroom", "corners": [[203.0, 207.0], [203.0, 293.0], [256.0, 293.0], [256.0, 275.0], [257.0, 274.0], [296.0, 274.0], [297.0, 273.0], [297.0, 207.0], [203.0, 207.0]], "objects": [{"category": "DoubleBed", "position": [224.873833288589, 254.0446383322971], "size": [24.636524954009165, 42.79538778494123], "angle": -1.5708054309120083}, {"category": "CeilingLamp", "position": [238.7109085693383, 252.02092347767137], "size": [41.944882605283766, 11.693626815857236], "angle": -1.570805430912011}]}]}]}