{"seed": 1, "floorplan": [{"rooms": [{"category": "Bedroom", "corners": [[205.0, 196.0], [205.0, 304.0], [295.0, 304.0], [295.0, 196.0], [205.0, 196.0]], "objects": [{"category": "DoubleBed", "position": [260.32031936595297, 268.55837308636416], "size": [63.47787893806529, 68.52662332792765], "angle": -1.5707872226777826}, {"category": "PendantLamp", "position": [258.0538, 215.3731], "size": [21.99984054565428, 20.738369750976574], "angle": 0.0}]}]}]}