{"seed": 1, "floorplan": [{"rooms": [{"category": "Bedroom", "corners": [[190.0, 214.0], [190.0, 286.0], [310.0, 286.0], [310.0, 214.0], [190.0, 214.0]], "objects": [{"category": "SingleBed", "position": [222.23555159539953, 262.6747520531946], "size": [64.35058585793686, 45.86111851566407], "angle": -9.104117114538719e-06}, {"category": "Cabinet", "position": [281.599325397067, 281.35892102805644], "size": [25.501139831542957, 9.692160415649425], "angle": 3.141592653589793}, {"category": "Table", "position": [296.7236758388842, 252.54329486641487], "size": [45.407813912632875, 26.61834155024846], "angle": -1.5707872226777828}, {"category": "Armchair", "position": [283.4064455948327, 252.27503432598274], "size": [18.433517812513696, 16.791602992434612], "angle": -9.104117113529254e-06}]}]}]}