{"seed": 1, "floorplan": [{"rooms": [{"category": "Bedroom", "corners": [[204.0, 188.0], [204.0, 312.0], [296.0, 312.0], [296.0, 188.0], [204.0, 188.0]], "objects": [{"category": "Nightstand", "position": [289.26354798265413, 198.32945710437227], "size": [12.533094068485578, 13.016877998688026], "angle": -1.5707872226777837}, {"category": "Nightstand", "position": [289.26354798265413, 283.4755428956278], "size": [12.533094068485607, 13.016877998688026], "angle": -1.5707872226777837}, {"category": "PendantLamp", "position": [249.99699999999999, 240.98950000000002], "size": [12.0217197418213, 12.023580551147461], "angle": 0.0}, {"category": "DoubleBed", "position": [261.28575138425845, 239.24650000000003], "size": [62.32436807010853, 69.3360301109579], "angle": -1.5707872226777824}]}]}]}