{"seed": 1, "floorplan": [{"rooms": [{"category": "Bedroom", "corners": [[202.0, 202.0], [202.0, 298.0], [298.0, 298.0], [298.0, 202.0], [202.0, 202.0]], "objects": [{"category": "CeilingLamp", "position": [243.03685, 243.54595000000003], "size": [15.15128974914552, 15.15128974914549], "angle": 0.0}, {"category": "Nightstand", "position": [209.2999663307428, 274.14925], "size": [15.71270024886353, 14.518117508329603], "angle": -1.550711196116078}, {"category": "DoubleBed", "position": [240.49605022455486, 240.33115], "size": [76.18329398761983, 56.900917815251255], "angle": -9.104117114206555e-06}]}]}]}