{"seed": 1, "floorplan": [{"rooms": [{"category": "Bedroom", "corners": [[197.0, 190.0], [197.0, 310.0], [222.0, 310.0], [222.0, 264.0], [223.0, 263.0], [303.0, 263.0], [303.0, 190.0], [197.0, 190.0]], "objects": [{"category": "DoubleBed", "position": [269.19550052839315, 226.70049999999998], "size": [61.28395790224862, 66.66900601305312], "angle": -1.5707872226777824}]}]}]}