{"seed": 1, "floorplan": [{"rooms": [{"category": "Bedroom", "corners": [[177.0, 209.0], [177.0, 290.0], [176.0, 291.0], [323.0, 291.0], [323.0, 210.0], [324.0, 209.0], [177.0, 209.0]], "objects": [{"category": "DoubleBed", "position": [257.93500077440694, 241.79764681425704], "size": [100.72290344238283, 60.840000915527355], "angle": 0.0}, {"category": "Cabinet", "position": [216.33379617125604, 212.84651357127063], "size": [15.0, 12.000000000000028], "angle": 0.0}, {"category": "Cabinet", "position": [299.53307089233306, 212.8464101122871], "size": [15.0, 12.000000000000028], "angle": 0.0}, {"category": "PendantLamp", "position": [260.581, 250.44249999999997], "size": [20.219549560546852, 20.220119476318388], "angle": 0.0}]}]}]}