{"seed": 1, "floorplan": [{"rooms": [{"category": "Bedroom", "corners": [[200.0, 195.0], [200.0, 305.0], [300.0, 305.0], [300.0, 195.0], [266.0, 195.0], [266.0, 212.0], [265.0, 213.0], [264.0, 213.0], [263.0, 212.0], [263.0, 195.0], [200.0, 195.0]], "objects": [{"category": "PendantLamp", "position": [215.8449722053855, 224.10014699767055], "size": [47.2702286344651, 30.86248114171668], "angle": -1.5708054309120105}, {"category": "PendantLamp", "position": [215.84302021270605, 280.5781028861171], "size": [30.862481141716657, 47.27022863446513], "angle": -9.10411711397697e-06}, {"category": "DoubleBed", "position": [239.75902517418737, 257.10746735444263], "size": [78.33161219126892, 73.59486862775142], "angle": -9.104117114089493e-06}, {"category": "CeilingLamp", "position": [246.92654212547717, 249.91080444867737], "size": [18.47552947998048, 18.46976966857909], "angle": 0.0}]}]}]}