{"seed": 1, "floorplan": [{"rooms": [{"category": "Bedroom", "corners": [[201.0, 190.0], [201.0, 310.0], [298.0, 310.0], [299.0, 309.0], [299.0, 190.0], [201.0, 190.0]], "objects": [{"category": "DoubleBed", "position": [265.7054329411321, 242.37044458139468], "size": [60.66025379865458, 58.2926327561525], "angle": -1.5707872226777826}, {"category": "PendantLamp", "position": [244.5265, 254.23150000000007], "size": [23.250629425048828, 7.498860168457071], "angle": 0.0}, {"category": "Cabinet", "position": [271.57049068532626, 298.9328029074829], "size": [39.84210205078119, 16.47107963562013], "angle": 3.141592653589793}]}]}]}