{"seed": 1, "floorplan": [{"rooms": [{"category": "Bedroom", "corners": [[211.0, 196.0], [211.0, 304.0], [289.0, 304.0], [289.0, 196.0], [211.0, 196.0]], "objects": [{"category": "DoubleBed", "position": [248.40028160296916, 255.49929657054648], "size": [74.07637630737204, 74.11117581852825], "angle": -1.570805430912011}, {"category": "Nightstand", "position": [215.8897529957734, 221.79529134077245], "size": [14.93359543047686, 17.765711210845854], "angle": -9.104117114314961e-06}, {"category": "Nightstand", "position": [215.8226592833119, 295.02307754391535], "size": [14.933595430476888, 17.765711210845854], "angle": -9.104117114314944e-06}, {"category": "PendantLamp", "position": [249.35500000000002, 251.3755], "size": [24.917280578613287, 58.87140197753908], "angle": 0.0}]}]}]}