{"seed": 1, "floorplan": [{"rooms": [{"category": "Bedroom", "corners": [[199.0, 196.0], [199.0, 304.0], [301.0, 304.0], [301.0, 196.0], [199.0, 196.0]], "objects": [{"category": "DoubleBed", "position": [260.4765916667927, 260.8226874950435], "size": [60.66025379865461, 58.29263275615253], "angle": -1.5707872226777826}, {"category": "Cabinet", "position": [294.16658817556026, 297.9528176931333], "size": [17.56407935501587, 16.125146805893237], "angle": -1.5707872226777821}, {"category": "Cabinet", "position": [290.6013994578626, 225.96974373139238], "size": [17.564079355015895, 16.125146805893237], "angle": -1.5707872226777821}, {"category": "PendantLamp", "position": [249.90249999999995, 259.90749999999997], "size": [17.62509040832518, 17.564459609985335], "angle": 0.0}]}]}]}