{"seed": 1, "floorplan": [{"rooms": [{"category": "Bedroom", "corners": [[191.0, 208.0], [191.0, 292.0], [309.0, 292.0], [309.0, 208.0], [191.0, 208.0]], "objects": [{"category": "DoubleBed", "position": [241.6013499999999, 255.50991840052149], "size": [49.232698059082026, 72.54989776611328], "angle": 3.141592653589793}, {"category": "CornerSideTable", "position": [204.63038026291258, 282.57995297189746], "size": [13.194269943237316, 13.71450004577639], "angle": 0.0}, {"category": "CornerSideTable", "position": [277.4893197370874, 282.27423001923614], "size": [13.19426994323726, 13.71450004577639], "angle": 0.0}]}]}]}