{"seed": 1, "floorplan": [{"rooms": [{"category": "Bedroom", "corners": [[191.0, 204.0], [191.0, 295.0], [308.0, 295.0], [309.0, 296.0], [309.0, 204.0], [308.0, 205.0], [192.0, 205.0], [191.0, 204.0]], "objects": [{"category": "DoubleBed", "position": [243.9000835851569, 236.9122054809764], "size": [52.763099670410156, 64.44029846191404], "angle": 0.0}, {"category": "Table", "position": [207.96942706472282, 212.00833093593724], "size": [19.25798950195309, 12.7050899505615], "angle": 0.0}, {"category": "Table", "position": [280.06211655926245, 212.07976783788916], "size": [19.25798950195309, 12.70508995056153], "angle": 0.0}]}]}]}