{"seed": 1, "floorplan": [{"rooms": [{"category": "Bedroom", "corners": [[201.0, 170.0], [201.0, 330.0], [299.0, 330.0], [299.0, 308.0], [300.0, 307.0], [300.0, 306.0], [299.0, 305.0], [299.0, 280.0], [300.0, 279.0], [299.0, 278.0], [299.0, 253.0], [300.0, 252.0], [299.0, 251.0], [299.0, 226.0], [300.0, 225.0], [300.0, 224.0], [299.0, 223.0], [299.0, 198.0], [300.0, 197.0], [299.0, 196.0], [299.0, 171.0], [300.0, 170.0], [201.0, 170.0]], "objects": [{"category": "DoubleBed", "position": [235.3174, 259.4473], "size": [75.94929222344165, 63.49767739712225], "angle": -1.5708054309120107}, {"category": "PendantLamp", "position": [245.21590000000003, 256.75], "size": [19.82915954589845, 19.82918930053711], "angle": 0.0}]}]}]}