{"seed": 1, "floorplan": [{"rooms": [{"category": "Bedroom", "corners": [[192.0, 207.0], [192.0, 293.0], [308.0, 293.0], [308.0, 207.0], [192.0, 207.0]], "objects": [{"category": "DoubleBed", "position": [224.97350022484028, 249.41459060709036], "size": [66.41430398717422, 60.14964581747898], "angle": -9.104117114187103e-06}, {"category": "Nightstand", "position": [195.595859301511, 286.5509371749306], "size": [18.42169824689868, 10.778948307204645], "angle": -1.5708054309120094}, {"category": "Nightstand", "position": [194.91670429163378, 213.39541572829296], "size": [18.42169824689862, 10.778948307204645], "angle": -1.5708054309120094}, {"category": "CeilingLamp", "position": [241.8055, 246.6235], "size": [13.143540071029063, 15.176868137823869], "angle": -9.104117113879275e-06}]}]}]}