{"seed": 1, "floorplan": [{"rooms": [{"category": "Bedroom", "corners": [[208.0, 200.0], [208.0, 300.0], [292.0, 300.0], [292.0, 200.0], [208.0, 200.0]], "objects": [{"category": "DoubleBed", "position": [257.87264048623786, 262.5018935342006], "size": [75.18698517341409, 67.79401625532476], "angle": -1.5707872226777821}, {"category": "Nightstand", "position": [289.38667407173904, 290.6468680058704], "size": [22.7998960542176, 10.919950673202651], "angle": -1.5523167265849158}, {"category": "Nightstand", "position": [288.90323770522565, 232.12296110569326], "size": [22.79989605421763, 10.919950673202651], "angle": -1.5523167265849158}, {"category": "CeilingLamp", "position": [246.715, 253.00450000000004], "size": [22.71608963012696, 22.761000823974598], "angle": 0.0}]}]}]}