{"seed": 1, "floorplan": [{"rooms": [{"category": "Bedroom", "corners": [[208.0, 196.0], [208.0, 304.0], [292.0, 304.0], [292.0, 196.0], [208.0, 196.0]], "objects": [{"category": "DoubleBed", "position": [259.7311, 242.85249999999996], "size": [61.90556542913789, 63.68067924630556], "angle": -1.5707872226777821}]}]}]}