{"seed": 1, "floorplan": [{"rooms": [{"category": "Bedroom", "corners": [[181.0, 208.0], [181.0, 292.0], [319.0, 292.0], [319.0, 208.0], [181.0, 208.0]], "objects": [{"category": "DoubleBed", "position": [248.08805978912244, 256.2160694057617], "size": [48.39210205078126, 59.31750183105464], "angle": 3.141592653589793}, {"category": "PendantLamp", "position": [249.0775, 241.135], "size": [14.999999999999972, 15.0], "angle": 0.0}]}]}]}