{"seed": 1, "floorplan": [{"rooms": [{"category": "Bedroom", "corners": [[215.0, 197.0], [215.0, 303.0], [285.0, 303.0], [285.0, 197.0], [215.0, 197.0]], "objects": [{"category": "DoubleBed", "position": [251.1839825367963, 225.08083172569636], "size": [55.32050181556529, 66.04770061293789], "angle": -1.5707872226777821}, {"category": "Table", "position": [275.9348867931012, 275.7714704236042], "size": [57.089321324940286, 20.95047989054349], "angle": -1.5707872226777833}, {"category": "Chair", "position": [254.64734865250307, 285.9922938139132], "size": [16.55631032294909, 15.542751672132662], "angle": -9.10411711267669e-06}, {"category": "CeilingLamp", "position": [251.878, 227.6755], "size": [27.040171051025368, 30.021899414062517], "angle": 0.0}]}]}]}