{"seed": 1, "floorplan": [{"rooms": [{"category": "Bedroom", "corners": [[209.0, 201.0], [209.0, 299.0], [291.0, 299.0], [291.0, 201.0], [209.0, 201.0]], "objects": [{"category": "DoubleBed", "position": [240.40652289839477, 233.52489737532426], "size": [64.2720016479492, 65.65019989013672], "angle": 0.0}]}]}]}