{"seed": 1, "floorplan": [{"rooms": [{"category": "Bedroom", "corners": [[198.0, 193.0], [198.0, 307.0], [302.0, 307.0], [302.0, 193.0], [198.0, 193.0]], "objects": [{"category": "DoubleBed", "position": [230.27211612467283, 258.06565], "size": [65.13989205513609, 70.65244224226704], "angle": -9.104117114064668e-06}, {"category": "TVStand", "position": [296.25745, 241.07365], "size": [53.57628732756157, 10.261563073165766], "angle": -1.5707872226777828}]}]}]}