{"seed": 1, "floorplan": [{"rooms": [{"category": "Bedroom", "corners": [[207.0, 190.0], [207.0, 310.0], [235.0, 310.0], [235.0, 290.0], [236.0, 289.0], [293.0, 289.0], [293.0, 190.0], [207.0, 190.0]], "objects": [{"category": "DoubleBed", "position": [250.17119230742924, 221.7440263530405], "size": [63.50580139160158, 62.55330047607421], "angle": 0.0}, {"category": "Nightstand", "position": [285.5624210593418, 194.42314587740495], "size": [19.220700073242142, 11.450699615478499], "angle": 0.0}, {"category": "Nightstand", "position": [214.42781687396203, 194.444671215516], "size": [19.2207000732422, 11.450699615478527], "angle": 0.0}, {"category": "CeilingLamp", "position": [250.816, 233.13099999999997], "size": [31.906501007080067, 14.80778961181636], "angle": 0.0}]}]}]}