{"seed": 1, "floorplan": [{"rooms": [{"category": "Bedroom", "corners": [[205.0, 208.0], [205.0, 292.0], [294.0, 292.0], [295.0, 291.0], [295.0, 208.0], [205.0, 208.0]], "objects": [{"category": "DoubleBed", "position": [259.9765880785866, 245.45704402952305], "size": [68.92799835205076, 72.46979827880858], "angle": 0.0}, {"category": "CeilingLamp", "position": [252.4555, 244.3], "size": [16.79720993041991, 17.99856033325193], "angle": 0.0}]}]}]}