{"seed": 1, "floorplan": [{"rooms": [{"category": "Bedroom", "corners": [[200.0, 186.0], [200.0, 314.0], [300.0, 314.0], [300.0, 186.0], [200.0, 186.0]], "objects": [{"category": "DoubleBed", "position": [232.98499973595776, 259.99], "size": [66.10980139803983, 53.222885977815444], "angle": -9.104117114393966e-06}, {"category": "PendantLamp", "position": [249.63099999999997, 247.741], "size": [73.326301574707, 5.6516401290893725], "angle": 0.0}]}]}]}