{"seed": 1, "floorplan": [{"rooms": [{"category": "Bedroom", "corners": [[203.0, 210.0], [203.0, 290.0], [297.0, 290.0], [297.0, 210.0], [203.0, 210.0]], "objects": [{"category": "SingleBed", "position": [226.63749999999993, 243.2215], "size": [39.8955001831055, 63.0], "angle": 0.0}, {"category": "Nightstand", "position": [257.6065, 216.47050000000002], "size": [16.391970062255865, 9.24144001007079], "angle": 0.0}, {"category": "CeilingLamp", "position": [240.98949999999996, 247.00150000000002], "size": [21.000191189070307, 21.000191189070307], "angle": -9.104117115677597e-06}]}]}]}