{"seed": 1, "floorplan": [{"rooms": [{"category": "Bedroom", "corners": [[203.0, 185.0], [203.0, 272.0], [204.0, 272.0], [205.0, 273.0], [205.0, 315.0], [297.0, 315.0], [297.0, 185.0], [203.0, 185.0]], "objects": [{"category": "Cabinet", "position": [233.94899902333844, 203.1385], "size": [59.50319824218752, 14.947979736328136], "angle": 0.0}, {"category": "SingleBed", "position": [237.21616566971034, 247.51749999999996], "size": [66.97470795392691, 43.0344936605295], "angle": -9.104117114448533e-06}, {"category": "PendantLamp", "position": [252.53499999999997, 245.17449999999997], "size": [16.173660278320284, 5.244419860839855], "angle": 0.0}]}]}]}