{"seed": 1, "floorplan": [{"rooms": [{"category": "Bedroom", "corners": [[276.0, 167.0], [276.0, 202.0], [275.0, 203.0], [200.0, 203.0], [200.0, 333.0], [300.0, 333.0], [300.0, 167.0], [276.0, 167.0]], "objects": [{"category": "DoubleBed", "position": [236.08390000000003, 281.65960000000007], "size": [61.41715918817644, 67.39621142515044], "angle": -9.104117114128226e-06}, {"category": "Nightstand", "position": [206.62720000000004, 242.64610000000005], "size": [14.399531425207055, 11.292013357258531], "angle": -1.5708054309120114}, {"category": "Nightstand", "position": [206.28700000000003, 318.0502], "size": [11.29201335725856, 14.39953142520711], "angle": -9.104117110160016e-06}, {"category": "CeilingLamp", "position": [247.38640000000004, 262.23040000000003], "size": [15.060000228881847, 15.060000228881847], "angle": 0.0}]}]}]}