{"seed": 1, "floorplan": [{"rooms": [{"category": "Bedroom", "corners": [[206.0, 186.0], [206.0, 314.0], [294.0, 314.0], [294.0, 186.0], [206.0, 186.0]], "objects": [{"category": "DoubleBed", "position": [247.3651358698575, 241.11957023071818], "size": [76.60089727685113, 66.824106912421], "angle": -9.104117113915677e-06}, {"category": "Nightstand", "position": [210.32259945602522, 203.0013546884382], "size": [13.807325182227084, 17.42796895446825], "angle": -9.10411711611547e-06}, {"category": "Nightstand", "position": [210.24924106169058, 277.876957105544], "size": [17.427968954468273, 13.807325182227114], "angle": -1.57080543091201}, {"category": "PendantLamp", "position": [250.62840114500983, 238.33158192779655], "size": [3.2009699821471997, 3.2009699821471997], "angle": 0.0}]}]}]}