{"seed": 1, "floorplan": [{"rooms": [{"category": "Bedroom", "corners": [[294.0, 206.0], [293.0, 207.0], [206.0, 207.0], [206.0, 290.0], [262.0, 290.0], [263.0, 291.0], [263.0, 294.0], [264.0, 293.0], [291.0, 293.0], [291.0, 291.0], [292.0, 290.0], [294.0, 290.0], [294.0, 206.0]], "objects": [{"category": "SingleBed", "position": [234.71103534497638, 230.86710236931236], "size": [59.35043810191213, 36.64563392063036], "angle": -9.104117114093154e-06}, {"category": "Table", "position": [272.1237149740831, 216.25586998837835], "size": [43.72559967041019, 20.379810333251925], "angle": 0.0}, {"category": "CeilingLamp", "position": [249.99999999999994, 242.45800000000003], "size": [22.41732101440431, 21.01920089721679], "angle": 0.0}, {"category": "Chair", "position": [284.1849190288825, 228.55984063920812], "size": [16.365599441528275, 16.013190078735363], "angle": 3.141592653589793}]}]}]}