{"seed": 1, "floorplan": [{"rooms": [{"category": "Bedroom", "corners": [[197.0, 176.0], [197.0, 323.0], [196.0, 324.0], [303.0, 324.0], [303.0, 181.0], [304.0, 180.0], [304.0, 176.0], [197.0, 176.0]], "objects": [{"category": "DoubleBed", "position": [266.4098779055015, 228.8465269727323], "size": [72.47045806134946, 68.92862588918999], "angle": -3.141583549472679}, {"category": "TVStand", "position": [204.33946104584427, 229.7796685492756], "size": [14.321080317298991, 54.98870253016351], "angle": -9.104117113512647e-06}, {"category": "Cabinet", "position": [232.46308825263827, 314.3028555890258], "size": [71.47710113525389, 13.84733963012701], "angle": 3.141592653589793}, {"category": "PendantLamp", "position": [251.11047364815533, 244.61577063937892], "size": [19.71789093017577, 18.33779983520506], "angle": 0.0}]}]}]}