{"seed": 1, "floorplan": [{"rooms": [{"category": "Bedroom", "corners": [[198.0, 207.0], [198.0, 293.0], [302.0, 293.0], [302.0, 207.0], [198.0, 207.0]], "objects": [{"category": "Nightstand", "position": [221.59270000000004, 214.41988332010897], "size": [15.712529754638666, 14.517959976196295], "angle": 0.0}, {"category": "Nightstand", "position": [290.76563720579463, 211.8300582880101], "size": [15.712529754638638, 14.517959976196323], "angle": 0.0}, {"category": "DoubleBed", "position": [255.00906621178387, 245.93766681491041], "size": [56.90039978027343, 76.18260040283201], "angle": 0.0}, {"category": "PendantLamp", "position": [254.16928079603565, 258.93117691199535], "size": [8.692440032958956, 8.793569755554216], "angle": 0.0}]}]}]}