{"seed": 1, "floorplan": [{"rooms": [{"category": "Bedroom", "corners": [[200.0, 190.0], [200.0, 310.0], [233.0, 310.0], [233.0, 270.0], [234.0, 269.0], [235.0, 269.0], [236.0, 270.0], [236.0, 287.0], [300.0, 287.0], [300.0, 206.0], [299.0, 205.0], [299.0, 192.0], [300.0, 191.0], [300.0, 190.0], [200.0, 190.0]], "objects": [{"category": "DoubleBed", "position": [268.67266378209723, 223.60788021293547], "size": [61.905001831054705, 63.68009948730469], "angle": 0.0}, {"category": "Table", "position": [220.39339731312697, 202.7270401620624], "size": [45.40740051269532, 26.618099212646484], "angle": 0.0}, {"category": "Cabinet", "position": [206.2456293388164, 245.8528969557645], "size": [11.649016195481659, 27.25068831065161], "angle": -9.104117112517835e-06}, {"category": "CeilingLamp", "position": [247.67903207981652, 232.72721409460945], "size": [19.345049285888678, 19.345049285888678], "angle": 0.0}]}]}]}