{"seed": 1, "floorplan": [{"rooms": [{"category": "Bedroom", "corners": [[206.0, 214.0], [206.0, 286.0], [294.0, 286.0], [294.0, 214.0], [206.0, 214.0]], "objects": [{"category": "CeilingLamp", "position": [252.48429999999996, 249.9664], "size": [22.264498901367176, 18.882509994506847], "angle": 0.0}, {"category": "SingleBed", "position": [237.6313899230958, 235.6190544026533], "size": [45.86111851566407, 64.35058585793684], "angle": -1.5708054309120105}, {"category": "Table", "position": [248.91584012036674, 255.7894109139221], "size": [69.0, 57.0], "angle": 3.141592653589793}, {"category": "Chair", "position": [255.91166838610468, 278.629381409455], "size": [10.77504043579097, 10.920690536499023], "angle": 0.0}]}]}]}