{"seed": 1, "floorplan": [{"rooms": [{"category": "Bedroom", "corners": [[192.0, 209.0], [192.0, 291.0], [308.0, 291.0], [308.0, 209.0], [192.0, 209.0]], "objects": [{"category": "DoubleBed", "position": [240.83298051987126, 246.94513039989587], "size": [74.07570190429686, 74.11050109863282], "angle": 0.0}, {"category": "Nightstand", "position": [279.8639758607395, 214.66969531582419], "size": [17.765549468994152, 14.933459472656239], "angle": 0.0}, {"category": "Nightstand", "position": [200.3864008436446, 214.74071373311727], "size": [17.765549468994152, 14.933459472656239], "angle": 0.0}, {"category": "CeilingLamp", "position": [242.6755, 248.7625], "size": [15.538049697875977, 15.501539611816384], "angle": 0.0}]}]}]}