{"seed": 1, "floorplan": [{"rooms": [{"category": "Bedroom", "corners": [[294.0, 173.0], [293.0, 174.0], [207.0, 174.0], [207.0, 178.0], [206.0, 179.0], [206.0, 326.0], [207.0, 327.0], [294.0, 327.0], [294.0, 173.0]], "objects": [{"category": "DoubleBed", "position": [242.76237812707376, 238.75752965016574], "size": [72.19055591590796, 63.42597722042663], "angle": -9.104117114308168e-06}, {"category": "Table", "position": [210.6083132210598, 198.9402546903575], "size": [12.705205620767993, 19.258164831339254], "angle": -9.10411711185447e-06}, {"category": "Table", "position": [210.60663189986556, 278.52427050953486], "size": [19.25816483133931, 12.705205620767963], "angle": -1.5708054309120123}, {"category": "PendantLamp", "position": [252.55149999999998, 244.94050000000001], "size": [31.92629928588866, 14.11368026733399], "angle": 3.141592653589793}]}]}]}