{"seed": 1, "floorplan": [{"rooms": [{"category": "Bedroom", "corners": [[196.0, 202.0], [196.0, 298.0], [303.0, 298.0], [303.0, 203.0], [304.0, 202.0], [196.0, 202.0]], "objects": [{"category": "DoubleBed", "position": [270.8706417500493, 246.80620252629154], "size": [70.65244224226704, 65.1398920551361], "angle": -1.5707872226777824}, {"category": "CeilingLamp", "position": [249.0625, 250.82800000000003], "size": [18.592169952392595, 18.503250503540016], "angle": 0.0}, {"category": "TVStand", "position": [204.2097164255778, 247.00000000000006], "size": [15.23092823082563, 57.426224721752014], "angle": -9.104117116589318e-06}]}]}]}