{"seed": 1, "floorplan": [{"rooms": [{"category": "Bedroom", "corners": [[211.0, 214.0], [211.0, 286.0], [289.0, 286.0], [289.0, 214.0], [211.0, 214.0]], "objects": [{"category": "DoubleBed", "position": [247.49757453402913, 249.88295767413544], "size": [71.56385343296543, 72.42995934059192], "angle": -9.10411711366924e-06}, {"category": "Nightstand", "position": [215.6119479606642, 277.8496960341944], "size": [13.753984929152951, 20.453046467787804], "angle": -9.10411711178484e-06}, {"category": "Nightstand", "position": [215.6002715802885, 222.19428925674106], "size": [13.753984929152923, 20.453046467787804], "angle": -9.10411711178486e-06}, {"category": "CeilingLamp", "position": [249.985, 253.003], "size": [18.00000000000003, 18.0], "angle": 0.0}]}]}]}