{"seed": 1, "floorplan": [{"rooms": [{"category": "Bedroom", "corners": [[196.0, 208.0], [196.0, 292.0], [304.0, 292.0], [304.0, 208.0], [196.0, 208.0]], "objects": [{"category": "DoubleBed", "position": [229.9763699947622, 257.35563518058257], "size": [68.51704441576553, 54.80841331553889], "angle": -0.0010841902176151694}, {"category": "Nightstand", "position": [203.6611680304073, 221.93559791464514], "size": [15.803549022724184, 14.192773378471406], "angle": -0.0010841902176140512}, {"category": "Table", "position": [274.2109073152776, 270.62211406766073], "size": [15.038181565924944, 41.05868380640092], "angle": -0.0010841902176144944}, {"category": "Armchair", "position": [224.18724729965226, 217.69143207606976], "size": [18.222051315541787, 18.130609875284126], "angle": -1.571861731199818}]}]}]}