{"seed": 1, "floorplan": [{"rooms": [{"category": "Bedroom", "corners": [[204.0, 201.0], [204.0, 299.0], [296.0, 299.0], [296.0, 201.0], [204.0, 201.0]], "objects": [{"category": "DoubleBed", "position": [238.98897690547875, 240.25547753790602], "size": [64.36168672804392, 76.62069573590799], "angle": -9.104117114068671e-06}, {"category": "TVStand", "position": [289.96000000000004, 231.65546666666665], "size": [60.300548985759, 11.550105153988667], "angle": -1.5707872226777828}]}]}]}