{"seed": 1, "floorplan": [{"rooms": [{"category": "Bedroom", "corners": [[212.0, 209.0], [212.0, 214.0], [211.0, 215.0], [198.0, 215.0], [198.0, 291.0], [301.0, 291.0], [302.0, 292.0], [302.0, 216.0], [301.0, 215.0], [266.0, 215.0], [265.0, 214.0], [265.0, 210.0], [266.0, 209.0], [212.0, 209.0]], "objects": [{"category": "Table", "position": [217.38860261011365, 283.3442194939425], "size": [41.99999999999994, 18.285270309448265], "angle": 3.141592653589793}, {"category": "CeilingLamp", "position": [250.8322, 250.1203], "size": [17.489999771118164, 17.50125045776369], "angle": 0.0}, {"category": "DoubleBed", "position": [268.8959825340571, 264.2112566968159], "size": [53.222885977815416, 66.10980139803983], "angle": -1.5707872226777824}]}]}]}