{"seed": 1, "floorplan": [{"rooms": [{"category": "Bedroom", "corners": [[195.0, 171.0], [195.0, 329.0], [305.0, 329.0], [305.0, 171.0], [195.0, 171.0]], "objects": [{"category": "Nightstand", "position": [203.9112361725581, 214.4789815663164], "size": [12.2440411439331, 24.08199872631521], "angle": -9.104117113104096e-06}, {"category": "Nightstand", "position": [204.16755959741917, 299.9099164002761], "size": [12.244041143933185, 24.08199872631521], "angle": -9.104117110782763e-06}, {"category": "DoubleBed", "position": [231.89663826226558, 257.1027329939217], "size": [74.23387591021874, 55.22780382807341], "angle": -9.10411711419683e-06}, {"category": "LoungeChair", "position": [249.7, 190.82350000000002], "size": [68.65469970703128, 28.657170867919945], "angle": 0.0}]}]}]}