{"seed": 1, "floorplan": [{"rooms": [{"category": "Bedroom", "corners": [[199.0, 180.0], [199.0, 320.0], [301.0, 320.0], [301.0, 180.0], [199.0, 180.0]], "objects": [{"category": "Nightstand", "position": [207.10317389987637, 299.43754488230906], "size": [15.081677604446101, 16.326178985853506], "angle": -9.104117115242483e-06}, {"category": "DoubleBed", "position": [232.70881417665083, 259.9515556671319], "size": [72.03875552266265, 61.468159103171374], "angle": -1.5708054309120107}, {"category": "CeilingLamp", "position": [248.30949999999996, 275.79549999999995], "size": [24.0, 24.000000000000057], "angle": 3.141592653589793}, {"category": "Nightstand", "position": [207.07913349914546, 220.19650000000001], "size": [15.081677604446128, 16.326178985853534], "angle": -9.104117113357946e-06}]}]}]}