{"seed": 1, "floorplan": [{"rooms": [{"category": "Bedroom", "corners": [[197.0, 185.0], [197.0, 315.0], [288.0, 315.0], [288.0, 221.0], [289.0, 220.0], [303.0, 220.0], [303.0, 185.0], [197.0, 185.0]], "objects": [{"category": "DoubleBed", "position": [233.69820482950504, 257.8538166795322], "size": [62.71317318455896, 65.52179860824575], "angle": -9.104117114089652e-06}, {"category": "Nightstand", "position": [205.5098139891321, 300.4228069315935], "size": [9.371515335325508, 9.316194664135883], "angle": -9.104117110362148e-06}, {"category": "Nightstand", "position": [206.3183155534237, 216.33497355236457], "size": [9.37151533532548, 9.316194664135827], "angle": -9.104117113394951e-06}, {"category": "PendantLamp", "position": [240.33249999999998, 255.868], "size": [19.030260086059542, 17.820659637451172], "angle": 0.0}]}]}]}