{"seed": 1, "floorplan": [{"rooms": [{"category": "Bedroom", "corners": [[186.0, 191.0], [186.0, 309.0], [314.0, 309.0], [314.0, 191.0], [186.0, 191.0]], "objects": [{"category": "Nightstand", "position": [193.70510641149954, 211.88069500194808], "size": [15.301789547955364, 16.036915488094987], "angle": -9.104117113855061e-06}, {"category": "Nightstand", "position": [193.68329498295208, 288.11272408409604], "size": [16.036915488095016, 15.301789547955392], "angle": -1.570805430912009}, {"category": "DoubleBed", "position": [218.4231735330199, 251.40499484117348], "size": [65.1398920551361, 70.65244224226701], "angle": -9.104117114064663e-06}]}]}]}