{"seed": 1, "floorplan": [{"rooms": [{"category": "Bedroom", "corners": [[205.0, 203.0], [205.0, 297.0], [295.0, 297.0], [295.0, 203.0], [205.0, 203.0]], "objects": [{"category": "DoubleBed", "position": [262.1075002644857, 240.076], "size": [53.22288597781539, 66.10980139803986], "angle": -1.5707872226777824}, {"category": "Cabinet", "position": [259.4909032164606, 287.401235459678], "size": [69.60959930419924, 19.804769897460915], "angle": 3.141592653589793}, {"category": "PendantLamp", "position": [252.13150000000002, 235.597], "size": [20.21954956054688, 20.22011947631836], "angle": 0.0}]}]}]}