{"seed": 1, "floorplan": [{"rooms": [{"category": "Bedroom", "corners": [[195.0, 201.0], [195.0, 282.0], [261.0, 282.0], [262.0, 283.0], [262.0, 299.0], [305.0, 299.0], [305.0, 201.0], [195.0, 201.0]], "objects": [{"category": "DoubleBed", "position": [256.8067, 236.06833453358655], "size": [53.29049835205075, 68.61690216064457], "angle": 0.0}, {"category": "Nightstand", "position": [218.83900000000003, 207.68060014342166], "size": [17.592539978027332, 13.590780258178711], "angle": 0.0}, {"category": "CeilingLamp", "position": [250.252, 241.50850000000003], "size": [21.000191189070307, 21.00019118907028], "angle": -9.104117115677597e-06}]}]}]}