{"seed": 1, "floorplan": [{"rooms": [{"category": "Bedroom", "corners": [[208.0, 199.0], [208.0, 301.0], [292.0, 301.0], [292.0, 199.0], [208.0, 199.0]], "objects": [{"category": "DoubleBed", "position": [259.6860232792303, 235.73507956052384], "size": [62.86289978027344, 73.16039886474607], "angle": 0.0}, {"category": "Nightstand", "position": [225.57204964216427, 206.1807965553475], "size": [17.038199615478533, 13.02393035888673], "angle": 0.0}, {"category": "PendantLamp", "position": [252.98349999999994, 243.2305], "size": [27.0, 3.986880111694319], "angle": 0.0}]}]}]}