{"seed": 1, "floorplan": [{"rooms": [{"category": "Bedroom", "corners": [[206.0, 206.0], [206.0, 294.0], [294.0, 294.0], [294.0, 206.0], [206.0, 206.0]], "objects": [{"category": "Chair", "position": [234.34845016486537, 264.02965801832255], "size": [13.2276419418767, 14.217379244585835], "angle": -1.1333185559812111}, {"category": "Shelf", "position": [287.35299999999995, 212.7685], "size": [10.22862324385746, 11.73718685904124], "angle": -1.570787222677779}, {"category": "SingleBed", "position": [240.83964316094506, 231.6716556357877], "size": [68.90999908447262, 50.69669952392579], "angle": 3.141592653589793}, {"category": "CeilingLamp", "position": [248.49099999999999, 245.6275], "size": [13.188330365281594, 13.188360120191144], "angle": -9.104117114991998e-06}]}]}]}