{"seed": 1, "floorplan": [{"rooms": [{"category": "Bedroom", "corners": [[199.0, 168.0], [199.0, 333.0], [200.0, 332.0], [300.0, 332.0], [301.0, 333.0], [301.0, 231.0], [236.0, 231.0], [235.0, 230.0], [235.0, 168.0], [199.0, 168.0]], "objects": [{"category": "SingleBed", "position": [268.9537274259886, 255.80067150865102], "size": [57.6950815173358, 50.6123811990176], "angle": -0.008683630174138495}, {"category": "SingleBed", "position": [269.1726116638615, 307.5381604710618], "size": [57.69562567295618, 50.612858553602564], "angle": -3.1415835494726796}, {"category": "Cabinet", "position": [287.36531151238444, 300.0259565383682], "size": [12.901887861833773, 15.404960119194538], "angle": -3.1415835494726823}]}]}]}