{"seed": 1, "floorplan": [{"rooms": [{"category": "Bedroom", "corners": [[206.0, 196.0], [206.0, 304.0], [294.0, 304.0], [294.0, 196.0], [206.0, 196.0]], "objects": [{"category": "DoubleBed", "position": [262.3618690389386, 251.64860379369316], "size": [100.72382044801458, 60.840554817585094], "angle": -1.5707872226777826}]}]}]}