{"seed": 1, "floorplan": [{"rooms": [{"category": "Bedroom", "corners": [[295.0, 213.0], [294.0, 214.0], [205.0, 214.0], [205.0, 287.0], [206.0, 286.0], [295.0, 286.0], [295.0, 213.0]], "objects": [{"category": "DoubleBed", "position": [235.64982451414784, 252.37640054159093], "size": [60.88710021972656, 65.97030029296874], "angle": 3.141592653589793}, {"category": "Nightstand", "position": [261.54838715605104, 283.8086245214027], "size": [11.007060241699207, 11.007060241699207], "angle": 3.141592653589793}, {"category": "TVStand", "position": [231.282364078515, 218.5429891378348], "size": [53.810700988769554, 16.151489639282232], "angle": 0.0}, {"category": "PendantLamp", "position": [245.49850000000004, 250.57], "size": [18.603269577026367, 9.572550201416021], "angle": 0.0}]}]}]}