{"seed": 1, "floorplan": [{"rooms": [{"category": "Bedroom", "corners": [[194.0, 199.0], [194.0, 301.0], [306.0, 301.0], [306.0, 199.0], [194.0, 199.0]], "objects": [{"category": "DoubleBed", "position": [236.22367232491843, 236.919811698158], "size": [78.63479919433595, 74.9613006591797], "angle": 0.0}, {"category": "Cabinet", "position": [296.66521960774446, 228.1933271714158], "size": [16.471229592305892, 39.84246478289794], "angle": -3.141583549472678}, {"category": "TVStand", "position": [238.10649999999998, 294.29499999999996], "size": [53.959501647949224, 11.70138015747068], "angle": 3.141592653589793}, {"category": "PendantLamp", "position": [242.1985, 246.84999999999997], "size": [29.88980941772462, 5.757719993591309], "angle": 0.0}]}]}]}