{"seed": 1, "floorplan": [{"rooms": [{"category": "Bedroom", "corners": [[199.0, 213.0], [199.0, 287.0], [301.0, 287.0], [301.0, 213.0], [199.0, 213.0]], "objects": [{"category": "SingleBed", "position": [222.67246560872826, 241.22815], "size": [46.03679809570312, 50.944798278808605], "angle": 0.0}, {"category": "CeilingLamp", "position": [253.74849999999998, 244.64215000000002], "size": [17.577989959716774, 17.577989959716803], "angle": 0.0}]}]}]}