{"seed": 1, "floorplan": [{"rooms": [{"category": "Bedroom", "corners": [[203.0, 203.0], [203.0, 297.0], [297.0, 297.0], [297.0, 203.0], [203.0, 203.0]], "objects": [{"category": "DoubleBed", "position": [260.04440671439875, 241.124340865281], "size": [62.62796885659914, 62.906973777075294], "angle": -1.5707872226777821}, {"category": "PendantLamp", "position": [281.0996501973366, 217.80118313598746], "size": [29.162729644775425, 29.162729644775396], "angle": 0.0}, {"category": "PendantLamp", "position": [281.0996501973366, 264.751], "size": [29.162729644775425, 29.162729644775425], "angle": 0.0}, {"category": "PendantLamp", "position": [249.47650000000004, 242.635], "size": [18.721110534667957, 18.97317008972169], "angle": 0.0}]}]}]}