{"seed": 1, "floorplan": [{"rooms": [{"category": "Bedroom", "corners": [[212.0, 191.0], [212.0, 309.0], [288.0, 309.0], [288.0, 191.0], [212.0, 191.0]], "objects": [{"category": "Cabinet", "position": [235.456, 299.838], "size": [37.5, 18.0], "angle": 3.141592653589793}, {"category": "DoubleBed", "position": [248.89098278225484, 240.81383570327074], "size": [73.16106493468138, 62.86347209929082], "angle": -9.10411711391871e-06}, {"category": "Cabinet", "position": [279.0231835072836, 201.47800000000004], "size": [18.128069686889717, 14.107559967041027], "angle": 0.0}]}]}]}