{"seed": 1, "floorplan": [{"rooms": [{"category": "Bedroom", "corners": [[204.0, 183.0], [204.0, 310.0], [223.0, 310.0], [224.0, 311.0], [224.0, 317.0], [277.0, 317.0], [277.0, 311.0], [278.0, 310.0], [296.0, 310.0], [296.0, 183.0], [204.0, 183.0]], "objects": [{"category": "DoubleBed", "position": [239.79510916632017, 249.24214008579145], "size": [70.71484515414299, 60.67075041521357], "angle": -9.104117114354098e-06}, {"category": "Wardrobe", "position": [246.68770000000006, 191.76999999999998], "size": [6.947669792175333, 12.921240234375006], "angle": 0.0}]}]}]}