{"seed": 1, "floorplan": [{"rooms": [{"category": "Bedroom", "corners": [[207.0, 182.0], [207.0, 318.0], [293.0, 318.0], [293.0, 182.0], [207.0, 182.0]], "objects": [{"category": "DoubleBed", "position": [241.82888340030394, 261.4645], "size": [63.49737984802656, 41.03767372335165], "angle": -9.104117114114032e-06}, {"category": "Nightstand", "position": [214.8678640618894, 300.7935178438535], "size": [7.339806622262767, 8.91989131247494], "angle": -9.104117113065484e-06}, {"category": "Nightstand", "position": [214.86493380817194, 223.10148215614652], "size": [7.339806622262795, 8.919891312474968], "angle": -9.10411711306545e-06}]}]}]}