{"seed": 1, "floorplan": [{"rooms": [{"category": "Bedroom", "corners": [[216.0, 208.0], [216.0, 292.0], [284.0, 292.0], [284.0, 208.0], [216.0, 208.0]], "objects": [{"category": "Table", "position": [270.35246438115286, 265.91566958757517], "size": [54.00049162903791, 24.000458829910364], "angle": -1.5707872226777826}, {"category": "Nightstand", "position": [220.64502121842162, 262.29516523134396], "size": [14.400131101076802, 17.280156863524258], "angle": -9.10411711336552e-06}, {"category": "DoubleBed", "position": [249.68005735153997, 236.96468885357893], "size": [67.01731240674597, 56.596113099342816], "angle": -9.104117114034177e-06}]}]}]}