{"seed": 1, "floorplan": [{"rooms": [{"category": "Bedroom", "corners": [[222.0, 199.0], [213.0, 208.0], [212.0, 208.0], [200.0, 220.0], [200.0, 301.0], [300.0, 301.0], [300.0, 199.0], [222.0, 199.0]], "objects": [{"category": "DoubleBed", "position": [261.7294596134419, 258.3636078436535], "size": [83.90806676878934, 75.23498670906051], "angle": -1.5707872226777824}, {"category": "Nightstand", "position": [292.61595660691006, 216.1989999945335], "size": [14.12646833128719, 14.12646833128719], "angle": -1.5707872226777813}]}]}]}