{"seed": 1, "floorplan": [{"rooms": [{"category": "Bedroom", "corners": [[194.0, 210.0], [194.0, 290.0], [306.0, 290.0], [306.0, 210.0], [194.0, 210.0]], "objects": [{"category": "DoubleBed", "position": [224.6485012259036, 243.13356434953988], "size": [60.88710021972659, 65.97030029296877], "angle": 0.0}, {"category": "Nightstand", "position": [252.6470193368499, 213.1868243881171], "size": [11.007060241699236, 11.007060241699207], "angle": 0.0}]}]}]}