{"seed": 1, "floorplan": [{"rooms": [{"category": "Bedroom", "corners": [[197.0, 211.0], [197.0, 289.0], [303.0, 289.0], [303.0, 250.0], [287.0, 250.0], [286.0, 249.0], [286.0, 211.0], [197.0, 211.0]], "objects": [{"category": "CornerSideTable", "position": [214.59699999999998, 219.2275], "size": [29.412149047851585, 14.350170135498047], "angle": 0.0}, {"category": "DoubleBed", "position": [225.60399999999998, 241.4535010172317], "size": [54.233591590572374, 90.27082000880374], "angle": -3.141583549472679}, {"category": "Chair", "position": [282.13580422569817, 271.5103889341948], "size": [14.851131891267183, 14.995462411023572], "angle": -0.3624780521072781}, {"category": "CeilingLamp", "position": [246.28599999999997, 245.4565], "size": [22.47464904785153, 21.465808868408203], "angle": 0.0}]}]}]}