{"seed": 1, "floorplan": [{"rooms": [{"category": "Bedroom", "corners": [[198.0, 205.0], [198.0, 293.0], [197.0, 294.0], [197.0, 295.0], [302.0, 295.0], [302.0, 206.0], [303.0, 205.0], [198.0, 205.0]], "objects": [{"category": "DoubleBed", "position": [270.06129999999996, 244.0351], "size": [60.64645209829468, 55.253901172601395], "angle": -3.141583549472679}, {"category": "TVStand", "position": [204.63759999999996, 251.46099999999998], "size": [54.57769567549901, 11.754197511955798], "angle": -1.570805430912011}]}]}]}