{"seed": 1, "floorplan": [{"rooms": [{"category": "Bedroom", "corners": [[203.0, 189.0], [203.0, 304.0], [207.0, 304.0], [208.0, 305.0], [208.0, 310.0], [207.0, 311.0], [231.0, 311.0], [231.0, 305.0], [232.0, 304.0], [297.0, 304.0], [297.0, 189.0], [203.0, 189.0]], "objects": [{"category": "DoubleBed", "position": [262.6322161774847, 246.082878121813], "size": [54.80839693355468, 68.51702393633407], "angle": -1.5707872226777828}, {"category": "Nightstand", "position": [284.92532787395925, 206.31953765369443], "size": [15.803548703635595, 14.192773091905849], "angle": -0.0010654044049236897}, {"category": "Table", "position": [211.41805, 214.24915000000004], "size": [15.038177071081252, 41.05867153414794], "angle": -9.104117114992998e-06}, {"category": "Shelf", "position": [214.92594939607758, 252.06955000000005], "size": [23.31197891235348, 11.199480056762667], "angle": 3.141592653589793}]}]}]}