{"seed": 1, "floorplan": [{"rooms": [{"category": "Bedroom", "corners": [[192.0, 205.0], [192.0, 295.0], [305.0, 295.0], [305.0, 294.0], [306.0, 293.0], [308.0, 293.0], [308.0, 268.0], [306.0, 268.0], [305.0, 267.0], [305.0, 205.0], [192.0, 205.0]], "objects": [{"category": "Cabinet", "position": [199.59381521788336, 234.41626545364807], "size": [9.59753763385204, 114.06643459707058], "angle": -9.104117115529815e-06}, {"category": "Sofa", "position": [213.69698571634478, 227.10382673594762], "size": [16.01900532137588, 12.42518331126864], "angle": -1.5707872226777826}, {"category": "DoubleBed", "position": [267.54082876125545, 232.81136854403388], "size": [55.59740558165828, 60.11184792697437], "angle": -1.5707872226777824}]}]}]}