{"seed": 1, "floorplan": [{"rooms": [{"category": "Bedroom", "corners": [[214.0, 199.0], [214.0, 301.0], [286.0, 301.0], [286.0, 199.0], [214.0, 199.0]], "objects": [{"category": "Cabinet", "position": [218.58073593160722, 211.3188311641571], "size": [12.901887861833773, 15.404960119194568], "angle": -9.104117115189872e-06}, {"category": "DoubleBed", "position": [249.25192957432097, 247.28989533446827], "size": [63.47787893806532, 68.52662332792768], "angle": -1.5708054309120107}, {"category": "PendantLamp", "position": [251.20749999999998, 242.8825], "size": [22.000040837514344, 20.73855855810193], "angle": -1.5707872226777837}]}]}]}