{"seed": 1, "floorplan": [{"rooms": [{"category": "Bedroom", "corners": [[199.0, 204.0], [199.0, 296.0], [300.0, 296.0], [300.0, 226.0], [301.0, 225.0], [301.0, 204.0], [199.0, 204.0]], "objects": [{"category": "DoubleBed", "position": [236.58583296086087, 238.41490562953805], "size": [51.620700073242176, 60.67349853515623], "angle": 0.0}, {"category": "Cabinet", "position": [273.09548350806654, 211.968883012968], "size": [19.49477920532223, 16.006740188598627], "angle": 0.0}, {"category": "CeilingLamp", "position": [245.12394560102445, 249.44692230995318], "size": [18.592169952392595, 18.503250503540073], "angle": 0.0}]}]}]}