{"seed": 1, "floorplan": [{"rooms": [{"category": "Bedroom", "corners": [[208.0, 194.0], [208.0, 306.0], [232.0, 306.0], [232.0, 299.0], [233.0, 298.0], [292.0, 298.0], [292.0, 194.0], [208.0, 194.0]], "objects": [{"category": "DoubleBed", "position": [260.1793993459756, 237.7354519464174], "size": [72.03875552266261, 61.468159103171345], "angle": -1.5707872226777821}, {"category": "Cabinet", "position": [285.8799512906604, 200.88604169887333], "size": [13.593753596724254, 15.829314339638335], "angle": -1.5707872226777848}, {"category": "Cabinet", "position": [285.3136542464621, 274.78071836397817], "size": [13.593753596724282, 15.829314339638335], "angle": -1.5707872226777848}, {"category": "CeilingLamp", "position": [250.00000000000006, 240.24355000000003], "size": [35.38230056762694, 23.486460113525368], "angle": 0.0}]}]}]}