{"seed": 1, "floorplan": [{"rooms": [{"category": "Bedroom", "corners": [[215.0, 192.0], [215.0, 308.0], [285.0, 308.0], [285.0, 192.0], [215.0, 192.0]], "objects": [{"category": "DoubleBed", "position": [252.37366088382913, 262.42503565745324], "size": [56.41281370106381, 64.82609220118216], "angle": -1.5707872226777824}, {"category": "CornerSideTable", "position": [277.1392021867638, 230.34175393289752], "size": [18.044774496721505, 18.215476124058412], "angle": -1.5707872226777804}, {"category": "CornerSideTable", "position": [276.75263727076833, 297.6941242267317], "size": [18.215476124058355, 18.044774496721562], "angle": -3.141583549472678}, {"category": "CeilingLamp", "position": [249.05650000000003, 248.16099999999997], "size": [16.797209930419967, 17.99856033325196], "angle": 0.0}]}]}]}