{"seed": 1, "floorplan": [{"rooms": [{"category": "Bedroom", "corners": [[209.0, 203.0], [209.0, 297.0], [291.0, 297.0], [291.0, 203.0], [209.0, 203.0]], "objects": [{"category": "Cabinet", "position": [254.27716603608326, 287.64549999999997], "size": [71.47710113525386, 13.847339630126953], "angle": 3.141592653589793}, {"category": "DoubleBed", "position": [254.4295012410874, 241.14549999999997], "size": [72.55055827789923, 49.23314628545206], "angle": -3.1415835494726796}]}]}]}