{"seed": 1, "floorplan": [{"rooms": [{"category": "Bedroom", "corners": [[202.0, 212.0], [202.0, 288.0], [298.0, 288.0], [298.0, 212.0], [202.0, 212.0]], "objects": [{"category": "SingleBed", "position": [233.38600428342357, 255.59542772547374], "size": [63.00057356721089, 39.89586340137158], "angle": -9.104117114324197e-06}, {"category": "Cabinet", "position": [208.44243320306902, 227.06053937355597], "size": [9.241524146371924, 16.392119298709012], "angle": -9.104117114469108e-06}, {"category": "Table", "position": [287.88835515029194, 266.0811969666343], "size": [20.328364241352443, 42.85868792178256], "angle": -3.1415835494726787}, {"category": "CeilingLamp", "position": [250.516, 248.122], "size": [16.553369522094755, 16.553369522094727], "angle": 0.0}]}]}]}