{"seed": 1, "floorplan": [{"rooms": [{"category": "Bedroom", "corners": [[200.0, 201.0], [200.0, 263.0], [217.0, 263.0], [218.0, 264.0], [218.0, 265.0], [217.0, 266.0], [194.0, 266.0], [194.0, 299.0], [306.0, 299.0], [306.0, 201.0], [200.0, 201.0]], "objects": [{"category": "Nightstand", "position": [223.37865877947263, 205.43293956436554], "size": [19.663288879394514, 14.095230102539062], "angle": 0.0}, {"category": "Nightstand", "position": [296.5126614116392, 205.4194881453945], "size": [19.663288879394543, 14.095230102539062], "angle": 0.0}, {"category": "Armchair", "position": [262.3262550372668, 289.62869887608144], "size": [26.85159072875979, 25.105890655517612], "angle": 0.0}, {"category": "DoubleBed", "position": [260.15155611100647, 242.47400932868123], "size": [70.74749908447265, 81.78839721679691], "angle": 0.0}]}]}]}