{"seed": 1, "floorplan": [{"rooms": [{"category": "Bedroom", "corners": [[189.0, 207.0], [189.0, 293.0], [307.0, 293.0], [307.0, 283.0], [308.0, 282.0], [311.0, 282.0], [311.0, 262.0], [308.0, 262.0], [307.0, 261.0], [291.0, 261.0], [290.0, 260.0], [290.0, 207.0], [189.0, 207.0]], "objects": [{"category": "PendantLamp", "position": [239.86464999999995, 249.99985000000004], "size": [25.232341003417957, 25.232341003417957], "angle": 0.0}, {"category": "DoubleBed", "position": [234.46758324291397, 240.1382046363848], "size": [60.53009948730471, 65.02770080566407], "angle": 0.0}, {"category": "Nightstand", "position": [199.11876451185856, 211.6008763285978], "size": [14.516970062255865, 12.809280395507812], "angle": 0.0}]}]}]}