{"seed": 1, "floorplan": [{"rooms": [{"category": "Bedroom", "corners": [[199.0, 178.0], [199.0, 322.0], [301.0, 322.0], [301.0, 178.0], [199.0, 178.0]], "objects": [{"category": "DoubleBed", "position": [258.4089713576136, 237.37899999999996], "size": [50.79376382608108, 83.90026640480485], "angle": -1.5707872226777828}, {"category": "Nightstand", "position": [292.9580630990225, 277.8152199883461], "size": [17.137385940912466, 12.571584332847436], "angle": -1.5707872226777813}, {"category": "Nightstand", "position": [292.95806309902247, 197.71678001165392], "size": [17.137385940912466, 12.571584332847493], "angle": -1.5707872226777813}]}]}]}