{"seed": 1, "floorplan": [{"rooms": [{"category": "Bedroom", "corners": [[200.0, 187.0], [200.0, 306.0], [228.0, 306.0], [229.0, 307.0], [229.0, 313.0], [276.0, 313.0], [276.0, 307.0], [277.0, 306.0], [299.0, 306.0], [300.0, 305.0], [300.0, 187.0], [200.0, 187.0]], "objects": [{"category": "DoubleBed", "position": [237.25698495318238, 257.308920096331], "size": [65.31299238595177, 73.28976636274734], "angle": -1.5708054309120107}, {"category": "Nightstand", "position": [204.72524783298542, 292.4014560737347], "size": [11.613765783003583, 12.000109250897358], "angle": -9.104117110872965e-06}, {"category": "Nightstand", "position": [206.803, 223.69], "size": [11.613765783003583, 12.000109250897301], "angle": -9.104117115767452e-06}]}]}]}