{"seed": 1, "floorplan": [{"rooms": [{"category": "Bedroom", "corners": [[213.0, 203.0], [213.0, 214.0], [212.0, 215.0], [194.0, 215.0], [194.0, 271.0], [212.0, 271.0], [213.0, 272.0], [213.0, 297.0], [287.0, 297.0], [287.0, 253.0], [288.0, 252.0], [306.0, 252.0], [306.0, 203.0], [213.0, 203.0]], "objects": [{"category": "Cabinet", "position": [204.0195500226942, 243.12218469738818], "size": [31.484985893571295, 14.983606566938533], "angle": -1.5708054309120114}, {"category": "SingleBed", "position": [251.35221603581022, 273.80966705257094], "size": [70.98960113525393, 46.20959930419923], "angle": 3.141592653589793}]}]}]}