{"seed": 1, "floorplan": [{"rooms": [{"category": "Bedroom", "corners": [[180.0, 207.0], [180.0, 276.0], [181.0, 277.0], [181.0, 293.0], [320.0, 293.0], [320.0, 207.0], [180.0, 207.0]], "objects": [{"category": "DoubleBed", "position": [258.65113107952106, 242.7517313342775], "size": [64.0281005859375, 70.63289794921872], "angle": 0.0}, {"category": "PendantLamp", "position": [257.8000239244714, 248.4182861756491], "size": [5.35221004486084, 5.407050132751465], "angle": 0.0}]}]}]}