{"seed": 1, "floorplan": [{"rooms": [{"category": "Bedroom", "corners": [[198.0, 182.0], [198.0, 293.0], [272.0, 293.0], [273.0, 294.0], [273.0, 315.0], [274.0, 315.0], [275.0, 316.0], [275.0, 318.0], [300.0, 318.0], [300.0, 316.0], [301.0, 315.0], [302.0, 315.0], [302.0, 185.0], [303.0, 184.0], [303.0, 182.0], [198.0, 182.0]], "objects": [{"category": "DoubleBed", "position": [233.1455732937794, 231.66797404918387], "size": [62.88957402149714, 81.86054446571228], "angle": -9.104117113861152e-06}, {"category": "Nightstand", "position": [202.66028945234464, 265.4675784501437], "size": [14.51809215120921, 15.712672805303303], "angle": -9.104117112438316e-06}, {"category": "PendantLamp", "position": [250.0, 231.66939999999997], "size": [27.67229919433592, 32.70029983520507], "angle": 0.0}]}]}]}