{"seed": 1, "floorplan": [{"rooms": [{"category": "Bedroom", "corners": [[208.0, 203.0], [208.0, 297.0], [292.0, 297.0], [292.0, 203.0], [208.0, 203.0]], "objects": [{"category": "SingleBed", "position": [258.61407201564356, 240.02416178690248], "size": [60.02100219726563, 73.29600219726561], "angle": 0.0}, {"category": "Nightstand", "position": [231.37667370385276, 206.8775303951826], "size": [11.007060241699207, 11.007060241699207], "angle": 0.0}, {"category": "Nightstand", "position": [288.92276878840244, 206.78960950445997], "size": [11.007060241699207, 11.007060241699207], "angle": 0.0}, {"category": "PendantLamp", "position": [255.7885, 251.82099999999997], "size": [13.225680541992205, 13.225619888305687], "angle": 0.0}]}]}]}