{"seed": 1, "floorplan": [{"rooms": [{"category": "Bedroom", "corners": [[201.0, 200.0], [201.0, 300.0], [299.0, 300.0], [299.0, 200.0], [201.0, 200.0]], "objects": [{"category": "DoubleBed", "position": [246.79720928078763, 267.21759528718826], "size": [69.48329772949216, 65.15669860839847], "angle": 3.141592653589793}, {"category": "Cabinet", "position": [223.33184980139768, 296.1980371915792], "size": [45.054602050781256, 12.511589813232433], "angle": 3.141592653589793}, {"category": "CeilingLamp", "position": [246.41649999999998, 246.98650000000004], "size": [17.84678993225097, 17.747879791259777], "angle": 0.0}]}]}]}