{"seed": 1, "floorplan": [{"rooms": [{"category": "Bedroom", "corners": [[209.0, 200.0], [209.0, 300.0], [291.0, 300.0], [291.0, 200.0], [209.0, 200.0]], "objects": [{"category": "DoubleBed", "position": [257.1420891842847, 224.0931068791183], "size": [37.980345321322154, 67.75741771655944], "angle": -1.5707872226777828}, {"category": "Cabinet", "position": [283.8991146733438, 255.47218373427145], "size": [16.762772773905063, 12.541793946274582], "angle": -1.5707872226777841}]}]}]}