{"seed": 1, "floorplan": [{"rooms": [{"category": "Bedroom", "corners": [[191.0, 185.0], [191.0, 226.0], [203.0, 226.0], [204.0, 227.0], [204.0, 315.0], [238.0, 315.0], [238.0, 293.0], [239.0, 292.0], [309.0, 292.0], [309.0, 197.0], [242.0, 197.0], [241.0, 196.0], [241.0, 185.0], [191.0, 185.0]], "objects": [{"category": "Nightstand", "position": [306.106837261393, 206.51379531008513], "size": [22.800207576704896, 10.920099876084377], "angle": -1.5707872226777833}, {"category": "DoubleBed", "position": [274.89274829577545, 236.26415198811281], "size": [75.18698517341413, 67.79401625532476], "angle": -1.5707872226777826}]}]}]}