{"seed": 1, "floorplan": [{"rooms": [{"category": "Bedroom", "corners": [[200.0, 200.0], [200.0, 300.0], [300.0, 300.0], [300.0, 200.0], [200.0, 200.0]], "objects": [{"category": "DoubleBed", "position": [253.18780766719857, 235.9912240855101], "size": [61.905001831054705, 63.68009948730469], "angle": 0.0}, {"category": "Nightstand", "position": [209.2805490192515, 208.03166450364802], "size": [22.495529937744152, 19.034700393676758], "angle": 0.0}, {"category": "Nightstand", "position": [291.3940171647763, 207.87237098948276], "size": [22.495529937744152, 19.034700393676758], "angle": 0.0}, {"category": "PendantLamp", "position": [251.05269999999996, 246.8032], "size": [47.269798278808565, 30.8622001647949], "angle": 0.0}]}]}]}