{"seed": 1, "floorplan": [{"rooms": [{"category": "Bedroom", "corners": [[191.0, 204.0], [191.0, 296.0], [309.0, 296.0], [309.0, 204.0], [191.0, 204.0]], "objects": [{"category": "DoubleBed", "position": [244.40312932245865, 263.3423746873829], "size": [59.05139923095706, 64.70279846191409], "angle": 3.141592653589793}, {"category": "Nightstand", "position": [279.84832345163716, 291.52584506640886], "size": [16.87062034606936, 13.008089447021462], "angle": 3.141592653589793}, {"category": "Nightstand", "position": [207.33176535106986, 291.47313940580483], "size": [16.87062034606933, 13.008089447021462], "angle": 3.141592653589793}]}]}]}