{"seed": 1, "floorplan": [{"rooms": [{"category": "Bedroom", "corners": [[190.0, 206.0], [190.0, 294.0], [273.0, 294.0], [273.0, 254.0], [274.0, 253.0], [310.0, 253.0], [310.0, 229.0], [290.0, 229.0], [289.0, 228.0], [289.0, 206.0], [190.0, 206.0]], "objects": [{"category": "DoubleBed", "position": [229.45545010608467, 238.25873543773116], "size": [41.03730010986328, 63.49680175781248], "angle": 0.0}, {"category": "Nightstand", "position": [256.08709772623627, 208.9428787951722], "size": [8.919810104370129, 7.339739799499512], "angle": 0.0}, {"category": "Nightstand", "position": [198.7805201553751, 212.97714939883684], "size": [8.919810104370129, 7.339739799499512], "angle": 0.0}]}]}]}