{"seed": 1, "floorplan": [{"rooms": [{"category": "Bedroom", "corners": [[187.0, 204.0], [187.0, 232.0], [186.0, 233.0], [214.0, 233.0], [215.0, 234.0], [215.0, 296.0], [313.0, 296.0], [313.0, 206.0], [314.0, 205.0], [314.0, 204.0], [187.0, 204.0]], "objects": [{"category": "SingleBed", "position": [277.55447542037984, 271.37005696792386], "size": [61.48559875488283, 38.464201354980446], "angle": 3.141592653589793}, {"category": "Table", "position": [280.74163853770455, 226.4119294399454], "size": [60.232200622558594, 26.41376953125001], "angle": 0.0}, {"category": "Chair", "position": [290.12745421967634, 226.7230650229652], "size": [16.02926618749753, 16.495410034006124], "angle": -9.10411711442755e-06}]}]}]}