{"seed": 1, "floorplan": [{"rooms": [{"category": "Bedroom", "corners": [[192.0, 205.0], [192.0, 295.0], [308.0, 295.0], [308.0, 205.0], [192.0, 205.0]], "objects": [{"category": "DoubleBed", "position": [247.1152079723459, 240.60790162701454], "size": [62.95680084228516, 69.92369842529297], "angle": 0.0}, {"category": "Chair", "position": [290.6730913365318, 232.57184216163014], "size": [17.628180313110306, 18.0834903717041], "angle": 3.141592653589793}, {"category": "CeilingLamp", "position": [261.30024999999995, 249.25134999999995], "size": [23.13687057495119, 23.13687057495116], "angle": 0.0}, {"category": "Table", "position": [279.4754657826693, 214.78001139064372], "size": [57.08880157470702, 20.95028915405271], "angle": 0.0}]}]}]}