{"seed": 1, "floorplan": [{"rooms": [{"category": "Bedroom", "corners": [[195.0, 171.0], [195.0, 283.0], [272.0, 283.0], [273.0, 284.0], [273.0, 329.0], [305.0, 329.0], [305.0, 172.0], [306.0, 171.0], [195.0, 171.0]], "objects": [{"category": "DoubleBed", "position": [231.07426571090468, 232.90059999999997], "size": [68.92862588918995, 72.47045806134949], "angle": -1.57080543091201}, {"category": "Cabinet", "position": [298.02070000000003, 191.37699999999995], "size": [12.946678156086332, 9.813899314336423], "angle": -1.5707872226777804}]}]}]}