{"seed": 1, "floorplan": [{"rooms": [{"category": "Bedroom", "corners": [[204.0, 200.0], [204.0, 300.0], [296.0, 300.0], [296.0, 200.0], [204.0, 200.0]], "objects": [{"category": "SingleBed", "position": [262.6838344874045, 243.3531636831031], "size": [49.84635377248715, 72.34715829378932], "angle": -3.141583549472678}, {"category": "Nightstand", "position": [291.2095746328067, 273.1167896791519], "size": [18.900172070163276, 13.50639318224063], "angle": -1.570787222677781}, {"category": "Nightstand", "position": [291.0146180116734, 209.1760466923227], "size": [18.900172070163304, 13.506393182240572], "angle": -1.5707872226777841}, {"category": "CeilingLamp", "position": [250.3555, 244.1065], "size": [16.891679763793945, 16.993230056762684], "angle": 0.0}]}]}]}