{"seed": 1, "floorplan": [{"rooms": [{"category": "Bedroom", "corners": [[211.0, 204.0], [210.0, 205.0], [210.0, 296.0], [290.0, 296.0], [290.0, 204.0], [211.0, 204.0]], "objects": [{"category": "DoubleBed", "position": [246.94753782331858, 254.33242984910282], "size": [82.35135398783092, 71.91785445858129], "angle": -1.5708054309120107}, {"category": "CornerSideTable", "position": [213.1431435608944, 227.98447688899722], "size": [10.831988722343977, 13.86384577736596], "angle": -9.104117116282172e-06}, {"category": "CornerSideTable", "position": [213.60776653350334, 291.2072802073337], "size": [10.831988722343977, 13.863845777365988], "angle": -9.104117113658304e-06}]}]}]}