{"seed": 1, "floorplan": [{"rooms": [{"category": "Bedroom", "corners": [[204.0, 217.0], [204.0, 283.0], [296.0, 283.0], [296.0, 217.0], [204.0, 217.0]], "objects": [{"category": "DoubleBed", "position": [263.0210894989738, 248.00327997627556], "size": [60.88765455058774, 65.97090090251066], "angle": -1.5707872226777826}, {"category": "Nightstand", "position": [292.99848041644816, 273.20408222531904], "size": [11.007128371519698, 11.007128371519642], "angle": -3.134897283208249}]}]}]}