{"seed": 1, "floorplan": [{"rooms": [{"category": "Bedroom", "corners": [[191.0, 204.0], [191.0, 296.0], [309.0, 296.0], [309.0, 204.0], [191.0, 204.0]], "objects": [{"category": "PendantLamp", "position": [240.92500000000007, 250.0], "size": [49.578900146484386, 30.568199157714844], "angle": 0.0}, {"category": "Nightstand", "position": [277.8686767827247, 211.65728829428193], "size": [16.596390151977573, 13.27709999084476], "angle": 0.0}, {"category": "Nightstand", "position": [205.52212321727535, 212.76879304903417], "size": [16.596390151977516, 13.277099990844704], "angle": 0.0}, {"category": "DoubleBed", "position": [243.22090000000003, 236.04877165895087], "size": [58.21349945068357, 74.39519805908202], "angle": 0.0}]}]}]}