{"seed": 1, "floorplan": [{"rooms": [{"category": "Bedroom", "corners": [[205.0, 201.0], [205.0, 299.0], [295.0, 299.0], [295.0, 201.0], [205.0, 201.0]], "objects": [{"category": "Table", "position": [222.887461189509, 292.5418960925754], "size": [30.900000000000006, 16.586160278320335], "angle": 3.141592653589793}, {"category": "Chair", "position": [221.5056873005404, 272.18306532458655], "size": [14.332019805908232, 15.124139785766602], "angle": 0.0}, {"category": "PendantLamp", "position": [247.6015, 250.36900000000003], "size": [30.811200714111322, 27.13973922729491], "angle": 0.0}, {"category": "DoubleBed", "position": [263.1749351004488, 267.59370631551593], "size": [63.52349853515631, 62.822099304199185], "angle": 3.141592653589793}]}]}]}