{"seed": 1, "floorplan": [{"rooms": [{"category": "Bedroom", "corners": [[203.0, 201.0], [203.0, 299.0], [297.0, 299.0], [297.0, 201.0], [203.0, 201.0]], "objects": [{"category": "DoubleBed", "position": [246.19562860356154, 263.01280963761326], "size": [45.47039794921869, 66.7919998168945], "angle": 3.141592653589793}, {"category": "CornerSideTable", "position": [213.21724315928356, 291.46129289700457], "size": [10.51395034790039, 10.51395034790039], "angle": 3.141592653589793}, {"category": "CeilingLamp", "position": [251.51350000000008, 247.93], "size": [15.060000228881847, 15.060000228881847], "angle": 3.141592653589793}, {"category": "PendantLamp", "position": [212.93691642252605, 288.64593362426757], "size": [20.219549560546852, 20.22011947631836], "angle": 3.141592653589793}]}]}]}