{"seed": 1, "floorplan": [{"rooms": [{"category": "Bedroom", "corners": [[210.0, 204.0], [210.0, 271.0], [209.0, 272.0], [206.0, 272.0], [206.0, 296.0], [294.0, 296.0], [294.0, 204.0], [210.0, 204.0]], "objects": [{"category": "SingleBed", "position": [263.09776364192913, 238.52612381457678], "size": [60.59729919433596, 68.49000091552733], "angle": 0.0}, {"category": "Table", "position": [236.41077277769153, 207.94780755938405], "size": [20.400540161132824, 12.963389968872093], "angle": 0.0}, {"category": "TVStand", "position": [270.37449999999995, 290.00679014118833], "size": [12.000547685678379, 45.00696824051877], "angle": -1.5667563487744358}, {"category": "CeilingLamp", "position": [257.5342, 244.65369999999996], "size": [13.188240051269531, 13.18821029663087], "angle": 0.0}]}]}]}