{"seed": 1, "floorplan": [{"rooms": [{"category": "Bedroom", "corners": [[213.0, 198.0], [213.0, 302.0], [287.0, 302.0], [287.0, 198.0], [213.0, 198.0]], "objects": [{"category": "DoubleBed", "position": [249.07148101290022, 242.07943771872402], "size": [58.21402944043784, 74.3958753709274], "angle": -1.5707872226777824}, {"category": "Nightstand", "position": [280.2838087647571, 275.83079963313475], "size": [16.596541249520552, 13.277220868768719], "angle": -1.570787222677782}, {"category": "Nightstand", "position": [282.4319949806981, 203.48009459151965], "size": [16.59654124952058, 13.277220868768719], "angle": -1.570787222677782}]}]}]}