{"seed": 1, "floorplan": [{"rooms": [{"category": "Bedroom", "corners": [[205.0, 178.0], [205.0, 322.0], [295.0, 322.0], [295.0, 178.0], [205.0, 178.0]], "objects": [{"category": "DoubleBed", "position": [257.4803645027261, 259.34615095876114], "size": [76.47339520052466, 74.04277614795527], "angle": -1.5707872226777826}, {"category": "Nightstand", "position": [288.78156992703913, 297.8945820779157], "size": [14.192769136316283, 15.803544299115675], "angle": -1.5707872226777795}, {"category": "Cabinet", "position": [218.61896359604114, 195.1227668794744], "size": [9.252745427686616, 14.879182761031862], "angle": -2.356186543439393}, {"category": "CeilingLamp", "position": [246.84099999999998, 243.382], "size": [11.961269760131842, 11.937030029296864], "angle": 0.0}]}]}]}