{"seed": 1, "floorplan": [{"rooms": [{"category": "Bedroom", "corners": [[201.0, 209.0], [201.0, 291.0], [299.0, 291.0], [299.0, 209.0], [201.0, 209.0]], "objects": [{"category": "DoubleBed", "position": [259.45862841692315, 246.15795563499637], "size": [74.1105010986328, 74.07570190429685], "angle": -1.5707763267948953}, {"category": "Nightstand", "position": [292.31888766620125, 213.80287992369182], "size": [17.765549468994095, 14.933459472656267], "angle": 0.0}, {"category": "Nightstand", "position": [225.308490422682, 213.59813037278494], "size": [17.765549468994152, 14.933459472656239], "angle": 0.0}, {"category": "CeilingLamp", "position": [259.06466740759566, 244.57331814100954], "size": [15.538049697875977, 15.50153961181644], "angle": 0.0}]}]}]}