{"seed": 1, "floorplan": [{"rooms": [{"category": "Bedroom", "corners": [[215.0, 193.0], [215.0, 307.0], [285.0, 307.0], [285.0, 193.0], [215.0, 193.0]], "objects": [{"category": "DoubleBed", "position": [250.20459393117386, 243.407385404228], "size": [68.52580807768315, 63.4771237519228], "angle": -0.011047903395680405}, {"category": "Cabinet", "position": [280.14937484116456, 278.61607179630386], "size": [12.901887861833773, 15.404960119194596], "angle": -3.1415835494726783}, {"category": "Cabinet", "position": [277.6176028806933, 208.10813167733818], "size": [15.404960119194596, 12.901887861833718], "angle": -1.5707872226777848}, {"category": "CeilingLamp", "position": [248.83, 241.363], "size": [17.489999771118136, 17.50125045776366], "angle": 0.0}]}]}]}