{"seed": 1, "floorplan": [{"rooms": [{"category": "Bedroom", "corners": [[183.0, 199.0], [183.0, 301.0], [298.0, 301.0], [298.0, 227.0], [299.0, 226.0], [317.0, 226.0], [317.0, 199.0], [183.0, 199.0]], "objects": [{"category": "DoubleBed", "position": [221.5915, 263.88399999999996], "size": [66.9230987548828, 65.8019989013672], "angle": 3.141592653589793}, {"category": "Nightstand", "position": [266.4325, 294.232], "size": [19.09992027282715, 13.292010498046864], "angle": 3.141592653589793}, {"category": "TVStand", "position": [221.6365, 206.31699999999995], "size": [60.11609802246093, 14.170979690551746], "angle": 0.0}]}]}]}