{"seed": 1, "floorplan": [{"rooms": [{"category": "Bedroom", "corners": [[209.0, 173.0], [209.0, 327.0], [291.0, 327.0], [291.0, 173.0], [209.0, 173.0]], "objects": [{"category": "DoubleBed", "position": [242.91435983397076, 257.9854664999097], "size": [67.75741771655947, 37.980345321322126], "angle": -9.104117114145675e-06}, {"category": "Cabinet", "position": [216.1802664698354, 300.5592782052643], "size": [12.54179394627464, 16.76277277390512], "angle": -9.104117113291385e-06}, {"category": "Cabinet", "position": [216.02806037577454, 216.05182494621477], "size": [16.76277277390509, 12.541793946274582], "angle": -1.5708054309120123}, {"category": "PendantLamp", "position": [249.94407138557574, 249.9458791884933], "size": [17.625090408325207, 17.564459609985363], "angle": 0.0}]}]}]}