{"seed": 1, "floorplan": [{"rooms": [{"category": "Bedroom", "corners": [[204.0, 213.0], [204.0, 287.0], [296.0, 287.0], [296.0, 213.0], [204.0, 213.0]], "objects": [{"category": "DoubleBed", "position": [266.3843365869727, 259.308262161733], "size": [36.72539978027339, 57.42209930419918], "angle": 3.141592653589793}, {"category": "Cabinet", "position": [266.0238207977215, 219.63401334242764], "size": [37.714801025390585, 16.679999542236345], "angle": 0.0}, {"category": "Nightstand", "position": [289.8094753960568, 231.50683252172172], "size": [12.000168760716486, 9.66575763054811], "angle": -1.5707872226777797}]}]}]}