{"seed": 1, "floorplan": [{"rooms": [{"category": "Bedroom", "corners": [[189.0, 211.0], [189.0, 289.0], [311.0, 289.0], [311.0, 212.0], [312.0, 211.0], [189.0, 211.0]], "objects": [{"category": "DoubleBed", "position": [223.71141688496965, 239.96803295794368], "size": [69.61803341078254, 57.652123995171685], "angle": -9.10411711423131e-06}, {"category": "Nightstand", "position": [200.53812751567204, 278.8538450304492], "size": [19.494271087646496, 14.972100448608387], "angle": 0.0}, {"category": "Table", "position": [282.1812878524157, 233.31981368949178], "size": [54.1134017944336, 45.284399414062534], "angle": 0.0}, {"category": "Chair", "position": [300.00207396254103, 236.14447660785618], "size": [14.738984588884714, 18.15724576603917], "angle": -1.5708054309120136}]}]}]}