{"seed": 1, "floorplan": [{"rooms": [{"category": "Bedroom", "corners": [[196.0, 191.0], [196.0, 309.0], [304.0, 309.0], [304.0, 191.0], [196.0, 191.0]], "objects": [{"category": "DoubleBed", "position": [250.75029999999998, 235.12359999999998], "size": [62.95680084228513, 69.923698425293], "angle": 0.0}, {"category": "Nightstand", "position": [290.1235, 201.66129999999998], "size": [14.591220474243187, 14.547659683227522], "angle": 0.0}, {"category": "Nightstand", "position": [211.5124, 200.27499999999998], "size": [14.591220474243158, 14.547659683227522], "angle": 0.0}]}]}]}