{"seed": 1, "floorplan": [{"rooms": [{"category": "Bedroom", "corners": [[215.0, 201.0], [215.0, 299.0], [285.0, 299.0], [285.0, 201.0], [215.0, 201.0]], "objects": [{"category": "DoubleBed", "position": [247.80914964047003, 242.64915836037216], "size": [65.02829283355264, 60.53065056794495], "angle": -9.104117114385717e-06}, {"category": "Nightstand", "position": [223.1139004070913, 272.2912017848987], "size": [15.00154648856722, 15.61916227989632], "angle": -1.5708054309120116}, {"category": "Nightstand", "position": [225.14048551711937, 207.46945412281454], "size": [15.001420063110093, 15.619030649485266], "angle": -1.481035118342984}, {"category": "CeilingLamp", "position": [249.598, 240.54249999999996], "size": [16.879440307617216, 16.875899505615223], "angle": 0.0}]}]}]}