{"seed": 1, "floorplan": [{"rooms": [{"category": "Bedroom", "corners": [[206.0, 194.0], [206.0, 306.0], [294.0, 306.0], [294.0, 194.0], [206.0, 194.0]], "objects": [{"category": "PendantLamp", "position": [250.52649999999997, 240.2725], "size": [17.359049606323225, 16.415219879150357], "angle": 0.0}, {"category": "DoubleBed", "position": [240.12088823481565, 241.30114136674635], "size": [66.04770061293789, 55.32050181556526], "angle": -9.104117114257915e-06}, {"category": "Nightstand", "position": [214.69296594292194, 276.0604763618837], "size": [14.724253619810693, 15.87137404872847], "angle": -9.10411711491397e-06}]}]}]}