{"seed": 1, "floorplan": [{"rooms": [{"category": "Bedroom", "corners": [[198.0, 207.0], [198.0, 293.0], [292.0, 293.0], [292.0, 237.0], [293.0, 236.0], [302.0, 236.0], [302.0, 207.0], [198.0, 207.0]], "objects": [{"category": "DoubleBed", "position": [230.09675164138997, 260.28418802201793], "size": [47.070899963378906, 65.98920135498045], "angle": 3.141592653589793}]}]}]}