{"seed": 1, "floorplan": [{"rooms": [{"category": "Bedroom", "corners": [[191.0, 208.0], [191.0, 292.0], [309.0, 292.0], [309.0, 208.0], [191.0, 208.0]], "objects": [{"category": "DoubleBed", "position": [254.79289398669664, 258.3919055530652], "size": [65.26620025634764, 67.54949798583982], "angle": 3.141592653589793}, {"category": "PendantLamp", "position": [250.925985458146, 238.149069931855], "size": [28.62179946899414, 28.62179946899417], "angle": 0.0}]}]}]}