{"seed": 1, "floorplan": [{"rooms": [{"category": "Bedroom", "corners": [[267.0, 200.0], [267.0, 205.0], [266.0, 206.0], [260.0, 206.0], [260.0, 224.0], [259.0, 225.0], [258.0, 225.0], [257.0, 224.0], [257.0, 206.0], [203.0, 206.0], [203.0, 300.0], [297.0, 300.0], [297.0, 206.0], [295.0, 206.0], [294.0, 205.0], [294.0, 200.0], [267.0, 200.0]], "objects": [{"category": "DoubleBed", "position": [236.7365635253215, 262.2948851010296], "size": [66.92370803893202, 65.80259797865266], "angle": -1.570805430912011}, {"category": "Nightstand", "position": [206.10080852043455, 229.11368066469157], "size": [10.500095594535125, 12.00010925089733], "angle": -9.10411711432422e-06}, {"category": "Nightstand", "position": [205.83328341550413, 293.3649844968031], "size": [10.500095594535154, 12.000109250897358], "angle": -9.104117119737804e-06}]}]}]}