{"seed": 1, "floorplan": [{"rooms": [{"category": "Bedroom", "corners": [[201.0, 198.0], [201.0, 302.0], [299.0, 302.0], [299.0, 198.0], [201.0, 198.0]], "objects": [{"category": "SingleBed", "position": [232.3700444774741, 244.57809582783273], "size": [57.695625672956155, 50.612858553602564], "angle": -9.104117113943663e-06}, {"category": "Cabinet", "position": [207.203206020157, 277.81642587325393], "size": [12.901887861833746, 15.404960119194596], "angle": -9.104117115189892e-06}, {"category": "Cabinet", "position": [204.85350223617797, 210.03019992103305], "size": [12.901887861833746, 15.404960119194596], "angle": -9.104117115189892e-06}, {"category": "Table", "position": [291.502, 224.32539999999997], "size": [12.67082496718489, 38.87585594611673], "angle": -3.1415835494726796}]}]}]}