{"seed": 1, "floorplan": [{"rooms": [{"category": "Bedroom", "corners": [[207.0, 202.0], [207.0, 277.0], [214.0, 277.0], [215.0, 278.0], [215.0, 284.0], [235.0, 284.0], [235.0, 278.0], [236.0, 277.0], [241.0, 277.0], [242.0, 278.0], [242.0, 298.0], [293.0, 298.0], [293.0, 202.0], [207.0, 202.0]], "objects": [{"category": "SingleBed", "position": [241.3482417515355, 227.91060275067295], "size": [63.133774853138675, 41.036172244838184], "angle": -9.104117114277343e-06}, {"category": "TVStand", "position": [284.8997355647069, 232.298574033988], "size": [54.00049162903794, 15.30013929489404], "angle": -1.5707872226777837}, {"category": "CeilingLamp", "position": [254.60755000000006, 225.2539], "size": [17.48873977661134, 2.074805974960327], "angle": 0.0}]}]}]}