{"seed": 1, "floorplan": [{"rooms": [{"category": "Bedroom", "corners": [[188.0, 207.0], [188.0, 292.0], [187.0, 293.0], [312.0, 293.0], [312.0, 208.0], [313.0, 207.0], [188.0, 207.0]], "objects": [{"category": "DoubleBed", "position": [243.3445005418374, 247.80172049131664], "size": [79.73460388183591, 80.55150146484374], "angle": 0.0}, {"category": "Nightstand", "position": [287.22865923778807, 211.02039737089655], "size": [15.000599670410168, 13.000499725341825], "angle": 0.0}, {"category": "Nightstand", "position": [198.54771617608642, 211.10697039649435], "size": [15.000599670410168, 13.000499725341825], "angle": 0.0}]}]}]}