{"seed": 1, "floorplan": [{"rooms": [{"category": "Bedroom", "corners": [[187.0, 212.0], [187.0, 288.0], [313.0, 288.0], [313.0, 212.0], [187.0, 212.0]], "objects": [{"category": "CeilingLamp", "position": [250.5732683776911, 252.7159951847482], "size": [15.176729965209972, 13.143420410156239], "angle": 0.0}, {"category": "SingleBed", "position": [274.54650953284397, 245.47317569686103], "size": [45.118798828124994, 65.72639923095704], "angle": 0.0}, {"category": "Sofa", "position": [213.5679349066341, 220.60083217596917], "size": [53.386198425292974, 17.951010131835915], "angle": 0.0}]}]}]}