{"seed": 1, "floorplan": [{"rooms": [{"category": "Bedroom", "corners": [[203.0, 211.0], [203.0, 289.0], [297.0, 289.0], [297.0, 211.0], [203.0, 211.0]], "objects": [{"category": "DoubleBed", "position": [262.5546045675093, 247.52056720372923], "size": [68.92799835205076, 72.46979827880861], "angle": 0.0}]}]}]}