{"seed": 1, "floorplan": [{"rooms": [{"category": "Bedroom", "corners": [[204.0, 203.0], [204.0, 297.0], [296.0, 297.0], [296.0, 203.0], [204.0, 203.0]], "objects": [{"category": "DoubleBed", "position": [249.6685, 265.13346030418825], "size": [41.03730010986325, 63.496801757812506], "angle": 3.141592653589793}, {"category": "Nightstand", "position": [217.38255781717538, 289.3099418216804], "size": [8.919810104370157, 7.339739799499512], "angle": 3.141592653589793}, {"category": "Nightstand", "position": [281.1294421828247, 289.3099418216804], "size": [8.919810104370185, 7.339739799499512], "angle": 3.141592653589793}, {"category": "PendantLamp", "position": [249.89950000000002, 248.05], "size": [23.815266561615164, 24.002379165996917], "angle": -9.10411711356555e-06}]}]}]}