{"seed": 1, "floorplan": [{"rooms": [{"category": "Bedroom", "corners": [[206.0, 211.0], [206.0, 289.0], [294.0, 289.0], [294.0, 211.0], [206.0, 211.0]], "objects": [{"category": "DoubleBed", "position": [263.63109244709045, 249.95830717180107], "size": [60.66025379865461, 58.2926327561525], "angle": -1.5707872226777826}]}]}]}