{"seed": 1, "floorplan": [{"rooms": [{"category": "Bedroom", "corners": [[210.0, 192.0], [210.0, 308.0], [290.0, 308.0], [290.0, 192.0], [210.0, 192.0]], "objects": [{"category": "DoubleBed", "position": [257.22260113971384, 241.7706904835281], "size": [70.65244224226707, 65.13989205513606], "angle": -1.5707872226777828}, {"category": "CornerSideTable", "position": [283.230493344152, 205.4350089326565], "size": [14.700133832349243, 12.486563112023447], "angle": -1.5707872226777815}, {"category": "CornerSideTable", "position": [283.1061150238799, 280.04492731294505], "size": [14.700133832349215, 12.486563112023447], "angle": -1.5707872226777815}]}]}]}