{"seed": 1, "floorplan": [{"rooms": [{"category": "Bedroom", "corners": [[202.0, 201.0], [202.0, 299.0], [298.0, 299.0], [298.0, 201.0], [202.0, 201.0]], "objects": [{"category": "DoubleBed", "position": [234.96429999999998, 250.68970000000002], "size": [65.65079758540729, 64.27258679577021], "angle": -9.104117114354682e-06}, {"category": "CeilingLamp", "position": [250.61769999999996, 251.15890000000002], "size": [18.0, 18.0], "angle": 0.0}]}]}]}