{"seed": 1, "floorplan": [{"rooms": [{"category": "Bedroom", "corners": [[191.0, 208.0], [191.0, 292.0], [309.0, 292.0], [309.0, 208.0], [191.0, 208.0]], "objects": [{"category": "DoubleBed", "position": [237.97055185241118, 260.0482863298318], "size": [41.03730010986331, 63.496801757812534], "angle": 3.141592653589793}, {"category": "Nightstand", "position": [203.9813955998955, 284.557036137028], "size": [8.919810104370129, 7.339739799499512], "angle": 3.141592653589793}, {"category": "Nightstand", "position": [271.3862353676219, 284.6465994490691], "size": [8.919810104370129, 7.339739799499512], "angle": 3.141592653589793}, {"category": "PendantLamp", "position": [240.35200000000003, 250.4545], "size": [32.74890060424809, 1.3951799869537354], "angle": 0.0}]}]}]}