{"seed": 1, "floorplan": [{"rooms": [{"category": "Bedroom", "corners": [[203.0, 207.0], [203.0, 293.0], [297.0, 293.0], [297.0, 207.0], [203.0, 207.0]], "objects": [{"category": "DoubleBed", "position": [265.8408679983851, 233.58872278273248], "size": [61.60435876844761, 47.731333601480785], "angle": -3.1415835494726787}, {"category": "Table", "position": [211.80293627196755, 230.2825559227203], "size": [39.000355065416315, 22.500204845432453], "angle": -1.570805430912011}, {"category": "Nightstand", "position": [289.7301691794846, 266.1826880614579], "size": [14.945086547667069, 9.800579414627592], "angle": -1.5707872226777806}, {"category": "CeilingLamp", "position": [248.96050000000002, 241.98249999999996], "size": [16.50000000000003, 16.5], "angle": 0.0}]}]}]}