{"seed": 1, "floorplan": [{"rooms": [{"category": "Bedroom", "corners": [[201.0, 198.0], [201.0, 302.0], [299.0, 302.0], [299.0, 198.0], [201.0, 198.0]], "objects": [{"category": "DoubleBed", "position": [263.4170320493577, 243.46363471737038], "size": [67.1145102520998, 66.04499978268501], "angle": -3.141583549472679}, {"category": "Nightstand", "position": [293.7452466610304, 277.2750172088752], "size": [15.152657941214173, 14.27335000909745], "angle": -1.5707872226777797}, {"category": "Nightstand", "position": [294.0655300905905, 209.60762760678392], "size": [15.152657941214088, 14.27335000909745], "angle": -1.5707872226777835}, {"category": "CeilingLamp", "position": [251.2975, 241.9255], "size": [16.92000045776365, 16.92000045776365], "angle": 0.0}]}]}]}