{"seed": 1, "floorplan": [{"rooms": [{"category": "Bedroom", "corners": [[195.0, 204.0], [195.0, 296.0], [305.0, 296.0], [305.0, 204.0], [195.0, 204.0]], "objects": [{"category": "Cabinet", "position": [295.73098954431566, 265.297820826816], "size": [39.84246478289791, 16.47122959230595], "angle": -1.570787222677784}, {"category": "CeilingLamp", "position": [249.8581295143651, 249.94059290411923], "size": [12.179999542236345, 12.179999542236317], "angle": 0.0}, {"category": "DoubleBed", "position": [243.7626706385113, 265.7477032963468], "size": [60.659701538085926, 58.29210205078124], "angle": 3.141592653589793}]}]}]}