{"seed": 1, "floorplan": [{"rooms": [{"category": "Bedroom", "corners": [[205.0, 200.0], [205.0, 259.0], [204.0, 260.0], [169.0, 260.0], [169.0, 300.0], [331.0, 300.0], [331.0, 200.0], [205.0, 200.0]], "objects": [{"category": "DoubleBed", "position": [274.80532407965774, 232.96907958156172], "size": [60.53009948730471, 65.0277008056641], "angle": 0.0}, {"category": "Nightstand", "position": [234.9626721291277, 208.04015672639053], "size": [14.979840087890636, 12.037770080566418], "angle": 0.0}, {"category": "Nightstand", "position": [314.069736883185, 207.5228084065106], "size": [14.979840087890636, 12.037770080566418], "angle": 0.0}, {"category": "TVStand", "position": [276.70852080935913, 292.7285428396989], "size": [60.946499633789074, 12.0], "angle": 3.141592653589793}]}]}]}