{"seed": 1, "floorplan": [{"rooms": [{"category": "Bedroom", "corners": [[210.0, 190.0], [210.0, 310.0], [290.0, 310.0], [290.0, 190.0], [210.0, 190.0]], "objects": [{"category": "DoubleBed", "position": [258.20926163463844, 241.53423817420884], "size": [59.12483637758815, 64.22638428773294], "angle": -1.5707872226777826}, {"category": "Nightstand", "position": [284.0103265883435, 205.33427076215355], "size": [11.721587275491816, 10.9849003470196], "angle": -1.5707872226777797}, {"category": "Nightstand", "position": [283.6692176549552, 277.88178260761083], "size": [11.721587275491846, 10.9849003470196], "angle": -1.5707872226777846}]}]}]}