{"seed": 1, "floorplan": [{"rooms": [{"category": "Bedroom", "corners": [[197.0, 211.0], [197.0, 289.0], [303.0, 289.0], [303.0, 211.0], [197.0, 211.0]], "objects": [{"category": "DoubleBed", "position": [234.15587442302478, 245.1219439600376], "size": [75.18630065917966, 67.79339904785155], "angle": 0.0}, {"category": "Nightstand", "position": [277.1756545050214, 214.62225957964995], "size": [22.80000000000001, 10.92000045776365], "angle": 0.0}, {"category": "CeilingLamp", "position": [243.78850000000003, 252.88], "size": [18.25565986633302, 18.25565986633299], "angle": 0.0}]}]}]}