{"seed": 1, "floorplan": [{"rooms": [{"category": "Bedroom", "corners": [[194.0, 211.0], [194.0, 289.0], [306.0, 289.0], [306.0, 211.0], [194.0, 211.0]], "objects": [{"category": "DoubleBed", "position": [250.1838959023793, 254.99454530575315], "size": [48.486598205566395, 66.67650146484374], "angle": 3.141592653589793}, {"category": "Nightstand", "position": [283.72421195874404, 281.6128494221149], "size": [16.417469787597668, 10.499999999999943], "angle": 3.141592653589793}, {"category": "LoungeChair", "position": [250.3352976686116, 214.465556068012], "size": [44.977500915527315, 11.928750228881853], "angle": 0.0}, {"category": "PendantLamp", "position": [247.35700000000003, 246.89649999999997], "size": [24.567029571533226, 11.0620204925537], "angle": 0.0}]}]}]}