{"seed": 1, "floorplan": [{"rooms": [{"category": "Bedroom", "corners": [[206.0, 203.0], [206.0, 290.0], [205.0, 291.0], [205.0, 297.0], [295.0, 297.0], [295.0, 291.0], [294.0, 290.0], [294.0, 203.0], [206.0, 203.0]], "objects": [{"category": "Nightstand", "position": [289.96789115478305, 289.5872450507128], "size": [17.999786468756845, 13.499839851567604], "angle": -1.5547988394908854}, {"category": "DoubleBed", "position": [257.84177377876614, 254.22126031612868], "size": [68.92862588918999, 72.47045806134943], "angle": -1.5707872226777824}, {"category": "CeilingLamp", "position": [252.352, 253.97200000000004], "size": [18.392610168456997, 18.392610168457054], "angle": 0.0}]}]}]}