{"seed": 1, "floorplan": [{"rooms": [{"category": "Bedroom", "corners": [[203.0, 203.0], [203.0, 298.0], [204.0, 297.0], [296.0, 297.0], [297.0, 298.0], [297.0, 227.0], [252.0, 227.0], [251.0, 226.0], [251.0, 203.0], [203.0, 203.0]], "objects": [{"category": "DoubleBed", "position": [260.8358621983373, 267.14598638109123], "size": [55.596899414062534, 60.111300659179705], "angle": 3.141592653589793}, {"category": "Nightstand", "position": [229.28969207853532, 295.1235430412419], "size": [18.458429718017584, 10.577129745483433], "angle": 3.141592653589793}, {"category": "PendantLamp", "position": [254.14600000000002, 260.23900000000003], "size": [20.21954956054688, 20.220119476318388], "angle": 0.0}]}]}]}