{"seed": 1, "floorplan": [{"rooms": [{"category": "Bedroom", "corners": [[291.0, 208.0], [290.0, 209.0], [209.0, 209.0], [209.0, 292.0], [210.0, 291.0], [291.0, 291.0], [291.0, 208.0]], "objects": [{"category": "SingleBed", "position": [243.3566509521484, 258.2845], "size": [68.71320190429685, 66.67499999999998], "angle": 3.141592653589793}]}]}]}