{"seed": 1, "floorplan": [{"rooms": [{"category": "Bedroom", "corners": [[203.0, 181.0], [203.0, 319.0], [297.0, 319.0], [297.0, 181.0], [203.0, 181.0]], "objects": [{"category": "DoubleBed", "position": [239.40599936928493, 242.8255], "size": [73.16106493468138, 62.863472099290846], "angle": -9.10411711391871e-06}, {"category": "CoffeeTable", "position": [213.21624577050477, 285.4765], "size": [15.000280236422515, 16.285889516542287], "angle": -0.4649721202921266}, {"category": "CoffeeTable", "position": [213.2095791038388, 202.6225], "size": [15.00028023642254, 16.285889516542355], "angle": -0.4649721202921215}, {"category": "PendantLamp", "position": [248.79999999999998, 243.35350000000003], "size": [34.89659957885743, 10.67636947631837], "angle": 0.0}]}]}]}