{"seed": 1, "floorplan": [{"rooms": [{"category": "Bedroom", "corners": [[186.0, 204.0], [186.0, 296.0], [314.0, 296.0], [314.0, 262.0], [288.0, 262.0], [287.0, 261.0], [287.0, 204.0], [186.0, 204.0]], "objects": [{"category": "DoubleBed", "position": [217.56516641313806, 242.55319402854005], "size": [63.09450073242189, 67.69740142822269], "angle": 0.0}, {"category": "Armchair", "position": [253.3901219363633, 215.62122089774348], "size": [15.552000045776367, 18.036029434204096], "angle": 3.141592653589793}, {"category": "CeilingLamp", "position": [228.63729999999995, 249.6397], "size": [16.615889739990223, 16.61588973999025], "angle": 0.0}]}]}]}