{"seed": 1, "floorplan": [{"rooms": [{"category": "Bedroom", "corners": [[191.0, 197.0], [190.0, 198.0], [190.0, 303.0], [309.0, 303.0], [310.0, 302.0], [310.0, 197.0], [191.0, 197.0]], "objects": [{"category": "DoubleBed", "position": [277.98425298442726, 244.4046731302034], "size": [61.084458100130945, 29.024183918506736], "angle": -1.5707872226777828}, {"category": "Nightstand", "position": [305.4771990735409, 208.94709411217718], "size": [11.995489228977503, 14.998696883766513], "angle": -1.5707872226777846}]}]}]}