{"seed": 1, "floorplan": [{"rooms": [{"category": "Bedroom", "corners": [[296.0, 198.0], [295.0, 199.0], [204.0, 199.0], [204.0, 302.0], [205.0, 301.0], [296.0, 301.0], [296.0, 198.0]], "objects": [{"category": "DoubleBed", "position": [260.5945008744284, 249.41949999999997], "size": [62.957374016200475, 69.924335027526], "angle": -1.5707872226777826}, {"category": "PendantLamp", "position": [251.824, 247.10049999999995], "size": [24.963629150390602, 24.979140472412098], "angle": 0.0}]}]}]}