{"seed": 1, "floorplan": [{"rooms": [{"category": "Bedroom", "corners": [[183.0, 194.0], [183.0, 299.0], [291.0, 299.0], [292.0, 300.0], [292.0, 306.0], [314.0, 306.0], [314.0, 300.0], [315.0, 299.0], [317.0, 299.0], [317.0, 194.0], [183.0, 194.0]], "objects": [{"category": "DoubleBed", "position": [240.49659999999994, 226.67683258076477], "size": [61.579801940918, 64.39829864501957], "angle": 0.0}]}]}]}