{"seed": 1, "floorplan": [{"rooms": [{"category": "Bedroom", "corners": [[196.0, 204.0], [196.0, 296.0], [304.0, 296.0], [304.0, 204.0], [196.0, 204.0]], "objects": [{"category": "Cabinet", "position": [297.7607587332919, 239.269783335643], "size": [18.500586244607433, 69.12039660601779], "angle": -0.008063985873742085}, {"category": "DoubleBed", "position": [246.7895125518504, 240.23996264884926], "size": [82.35060424804689, 71.91719970703127], "angle": 0.0}, {"category": "CornerSideTable", "position": [202.57121975189386, 207.2586069697236], "size": [13.863719558715786, 10.831890106201172], "angle": 0.0}, {"category": "CeilingLamp", "position": [245.97700000000003, 252.24699999999999], "size": [16.61588973999025, 16.615889739990223], "angle": 0.0}]}]}]}