{"seed": 1, "floorplan": [{"rooms": [{"category": "Bedroom", "corners": [[257.0, 195.0], [257.0, 220.0], [256.0, 221.0], [197.0, 221.0], [197.0, 305.0], [303.0, 305.0], [303.0, 195.0], [257.0, 195.0]], "objects": [{"category": "DoubleBed", "position": [268.2541804952558, 270.838279872137], "size": [68.52662332792768, 63.47787893806532], "angle": -3.141583549472679}, {"category": "Table", "position": [295.4802947233803, 227.93621050493698], "size": [40.50336710112694, 18.002474459515664], "angle": -1.5707872226777824}, {"category": "CeilingLamp", "position": [260.773, 256.9705], "size": [21.84117050170903, 19.75371093749999], "angle": 3.141592653589793}, {"category": "Cabinet", "position": [230.80700044759118, 229.71509970092774], "size": [64.84020080566407, 18.123479461669945], "angle": 0.0}]}]}]}