{"seed": 1, "floorplan": [{"rooms": [{"category": "Bedroom", "corners": [[200.0, 206.0], [200.0, 294.0], [300.0, 294.0], [300.0, 206.0], [200.0, 206.0]], "objects": [{"category": "DoubleBed", "position": [244.86339546868214, 236.75002588340874], "size": [77.55030212402346, 62.69999999999999], "angle": 0.0}, {"category": "DoubleBed", "position": [245.21217671610628, 245.97507735198346], "size": [69.77100219726566, 69.58829956054689], "angle": 0.0}, {"category": "CeilingLamp", "position": [251.88549999999998, 246.007], "size": [24.0, 23.99999999999997], "angle": 0.0}]}]}]}