{"seed": 1, "floorplan": [{"rooms": [{"category": "Bedroom", "corners": [[333.0, 207.0], [332.0, 208.0], [167.0, 208.0], [167.0, 293.0], [168.0, 292.0], [333.0, 292.0], [333.0, 207.0]], "objects": [{"category": "Chair", "position": [171.4701763226623, 284.71496936645286], "size": [13.505943425338284, 12.930507507157197], "angle": -9.104117112464315e-06}, {"category": "Chair", "position": [171.43958741388784, 215.78550421388977], "size": [13.505943425338312, 12.930507507157168], "angle": -9.104117114568682e-06}, {"category": "DoubleBed", "position": [202.67443662459203, 249.67984277087177], "size": [61.82306193143096, 70.34674030139327], "angle": -1.5708054309120107}]}]}]}