{"seed": 1, "floorplan": [{"rooms": [{"category": "Bedroom", "corners": [[205.0, 186.0], [205.0, 276.0], [206.0, 275.0], [215.0, 275.0], [217.0, 277.0], [217.0, 313.0], [216.0, 314.0], [217.0, 315.0], [218.0, 314.0], [272.0, 314.0], [272.0, 313.0], [274.0, 311.0], [295.0, 311.0], [295.0, 186.0], [205.0, 186.0]], "objects": [{"category": "PendantLamp", "position": [249.7939, 228.991], "size": [26.14548110961917, 23.66705932617188], "angle": 0.0}, {"category": "DoubleBed", "position": [259.7174632925983, 232.1187948309442], "size": [56.54661466286132, 70.22193905531965], "angle": -1.5707872226777828}, {"category": "Nightstand", "position": [289.22140188112564, 195.94508931758293], "size": [15.000136563621625, 15.000136563621597], "angle": -1.5707872226777855}]}]}]}