{"seed": 1, "floorplan": [{"rooms": [{"category": "Bedroom", "corners": [[204.0, 193.0], [204.0, 307.0], [296.0, 307.0], [296.0, 193.0], [204.0, 193.0]], "objects": [{"category": "DoubleBed", "position": [260.04855018464065, 244.7688255571798], "size": [71.78015331479149, 58.57733230855164], "angle": -3.141583549472679}, {"category": "Nightstand", "position": [292.0581485624098, 209.60272156696962], "size": [36.01952882471838, 12.653515620755071], "angle": -1.5707872226777821}]}]}]}