{"seed": 1, "floorplan": [{"rooms": [{"category": "Bedroom", "corners": [[282.0, 193.0], [281.0, 194.0], [188.0, 194.0], [188.0, 305.0], [187.0, 306.0], [313.0, 306.0], [312.0, 305.0], [312.0, 273.0], [283.0, 273.0], [282.0, 272.0], [282.0, 270.0], [283.0, 269.0], [299.0, 269.0], [299.0, 212.0], [298.0, 213.0], [283.0, 213.0], [282.0, 212.0], [282.0, 193.0]], "objects": [{"category": "DoubleBed", "position": [230.62804837237707, 235.68288471667339], "size": [86.09699707031248, 82.07880249023438], "angle": 0.0}, {"category": "Cabinet", "position": [269.76595, 203.12965], "size": [13.836090087890625, 12.720300292968773], "angle": 0.0}]}]}]}