{"seed": 1, "floorplan": [{"rooms": [{"category": "Bedroom", "corners": [[255.0, 193.0], [255.0, 213.0], [254.0, 214.0], [191.0, 214.0], [191.0, 307.0], [309.0, 307.0], [309.0, 193.0], [255.0, 193.0]], "objects": [{"category": "DoubleBed", "position": [221.1895093061676, 246.49571359980678], "size": [53.22240142822267, 66.10919952392578], "angle": 0.0}, {"category": "Sofa", "position": [275.877866338804, 243.1126583710517], "size": [18.335100173950195, 12.251010131835926], "angle": 0.0}]}]}]}