{"seed": 1, "floorplan": [{"rooms": [{"category": "Bedroom", "corners": [[211.0, 189.0], [211.0, 309.0], [245.0, 309.0], [246.0, 310.0], [245.0, 311.0], [289.0, 311.0], [289.0, 189.0], [211.0, 189.0]], "objects": [{"category": "DoubleBed", "position": [241.04353872854819, 255.31625189408697], "size": [60.11184792697434, 55.59740558165825], "angle": -9.104117114381101e-06}, {"category": "Nightstand", "position": [219.05600335172377, 215.25232780129127], "size": [10.577226042226355, 18.45859776801842], "angle": -9.104117111787595e-06}, {"category": "Nightstand", "position": [217.98388494500156, 296.0623972250794], "size": [10.577226042226355, 18.458597768018393], "angle": -9.104117117161727e-06}, {"category": "PendantLamp", "position": [254.90049999999997, 252.0865], "size": [20.21954956054691, 20.22011947631836], "angle": 0.0}]}]}]}