{"seed": 1, "floorplan": [{"rooms": [{"category": "Bedroom", "corners": [[204.0, 208.0], [204.0, 292.0], [296.0, 292.0], [296.0, 208.0], [204.0, 208.0]], "objects": [{"category": "Cabinet", "position": [287.0080118136467, 264.8031539397564], "size": [52.79028163648488, 18.51775853917136], "angle": -1.5707872226777821}, {"category": "DoubleBed", "position": [238.67565595809617, 255.132293932984], "size": [68.92799835205079, 72.46979827880861], "angle": 3.141592653589793}, {"category": "Nightstand", "position": [269.96039894247144, 287.9156151257215], "size": [16.682369613647495, 12.162840270996128], "angle": 3.141592653589793}, {"category": "CeilingLamp", "position": [239.96649999999994, 250.036], "size": [18.47114982604981, 17.226450347900368], "angle": 0.0}]}]}]}