{"seed": 1, "floorplan": [{"rooms": [{"category": "Bedroom", "corners": [[201.0, 198.0], [201.0, 302.0], [299.0, 302.0], [299.0, 199.0], [267.0, 199.0], [266.0, 198.0], [265.0, 199.0], [260.0, 199.0], [259.0, 198.0], [201.0, 198.0]], "objects": [{"category": "DoubleBed", "position": [233.7440074148206, 260.66331158130606], "size": [66.3669021273975, 58.973035984342836], "angle": -9.104117114211967e-06}, {"category": "Cabinet", "position": [234.92288597743595, 207.902606660637], "size": [59.99999999999997, 18.006599807739235], "angle": 0.0}]}]}]}