{"seed": 1, "floorplan": [{"rooms": [{"category": "Bedroom", "corners": [[208.0, 206.0], [208.0, 295.0], [209.0, 294.0], [291.0, 294.0], [292.0, 295.0], [292.0, 206.0], [208.0, 206.0]], "objects": [{"category": "DoubleBed", "position": [243.4492886817413, 244.82882719981137], "size": [62.957374016200504, 69.92433502752606], "angle": -1.5708054309120107}, {"category": "Nightstand", "position": [213.25245057035386, 210.2021364269814], "size": [14.591353316237305, 14.547792128633732], "angle": -1.570805430912009}, {"category": "Nightstand", "position": [213.33564641106125, 282.3536335028383], "size": [14.591353316237305, 14.547792128633732], "angle": -1.570805430912009}, {"category": "CeilingLamp", "position": [249.16642567487867, 249.93436929016576], "size": [18.59216995239254, 18.503250503540045], "angle": 0.0}]}]}]}