{"seed": 1, "floorplan": [{"rooms": [{"category": "Bedroom", "corners": [[198.0, 169.0], [198.0, 268.0], [197.0, 269.0], [268.0, 269.0], [269.0, 270.0], [269.0, 331.0], [303.0, 331.0], [303.0, 169.0], [198.0, 169.0]], "objects": [{"category": "DoubleBed", "position": [231.99779685975412, 215.431443092904], "size": [62.517568986755165, 60.16044913849042], "angle": -9.104117114013853e-06}, {"category": "Cabinet", "position": [204.18348239305377, 178.88758837495817], "size": [10.518485273066098, 13.150589695756828], "angle": -9.104117115807823e-06}, {"category": "PendantLamp", "position": [245.734, 219.1135], "size": [8.937749862670898, 8.920109939575212], "angle": 0.0}, {"category": "TVStand", "position": [294.9126830444336, 214.15083333333337], "size": [90.00081938172987, 15.012107192623704], "angle": -1.5707872226777824}]}]}]}