{"seed": 1, "floorplan": [{"rooms": [{"category": "Bedroom", "corners": [[194.0, 211.0], [194.0, 289.0], [306.0, 289.0], [306.0, 260.0], [286.0, 260.0], [285.0, 259.0], [285.0, 211.0], [194.0, 211.0]], "objects": [{"category": "Nightstand", "position": [270.7230900521072, 217.5181268950598], "size": [27.599999999999966, 13.560000228881847], "angle": 0.0}, {"category": "DoubleBed", "position": [232.71361750963834, 247.41261223437817], "size": [49.232698059082026, 72.5498977661133], "angle": 0.0}, {"category": "PendantLamp", "position": [242.9665, 250.02550000000002], "size": [16.102946210098743, 16.02122549539729], "angle": -1.5707872226777833}]}]}]}