{"seed": 1, "floorplan": [{"rooms": [{"category": "Bedroom", "corners": [[267.0, 193.0], [266.0, 194.0], [229.0, 194.0], [229.0, 218.0], [228.0, 219.0], [210.0, 219.0], [210.0, 307.0], [211.0, 306.0], [289.0, 306.0], [290.0, 307.0], [290.0, 219.0], [269.0, 219.0], [268.0, 218.0], [268.0, 193.0], [267.0, 193.0]], "objects": [{"category": "PendantLamp", "position": [244.21300000000002, 258.41499999999996], "size": [28.62179946899414, 28.621799468994112], "angle": 3.141592653589793}, {"category": "DoubleBed", "position": [255.8432621347862, 252.58643892078217], "size": [68.11311065588258, 67.72310682921928], "angle": -1.5637320007686164}, {"category": "Nightstand", "position": [286.54690883020436, 286.01833084677367], "size": [17.328758075040398, 12.576924194694833], "angle": -1.5707872226777844}]}]}]}