{"seed": 1, "floorplan": [{"rooms": [{"category": "Bedroom", "corners": [[208.0, 189.0], [208.0, 311.0], [292.0, 311.0], [292.0, 189.0], [208.0, 189.0]], "objects": [{"category": "PendantLamp", "position": [252.04899999999998, 229.93], "size": [12.600000000000023, 4.5898798942565975], "angle": 0.0}, {"category": "DoubleBed", "position": [241.91348521422117, 243.94288997989125], "size": [65.0282928335527, 60.53065056794499], "angle": -9.10411711438571e-06}, {"category": "Nightstand", "position": [215.29245360505536, 280.8687624905167], "size": [10.385554070163563, 17.423168114251926], "angle": -9.104117114171977e-06}, {"category": "Nightstand", "position": [214.75493764755646, 207.03919319050402], "size": [10.385554070163536, 17.4231681142519], "angle": -9.104117114172001e-06}]}]}]}