{"seed": 1, "floorplan": [{"rooms": [{"category": "Bedroom", "corners": [[191.0, 204.0], [191.0, 295.0], [263.0, 295.0], [264.0, 296.0], [308.0, 296.0], [308.0, 253.0], [309.0, 252.0], [309.0, 204.0], [191.0, 204.0]], "objects": [{"category": "DoubleBed", "position": [248.49589977823229, 240.09952930678156], "size": [72.09539794921875, 70.99530029296875], "angle": 0.0}, {"category": "Nightstand", "position": [203.9636368289944, 211.41710073632396], "size": [29.796180725097656, 17.09054946899414], "angle": 0.0}, {"category": "Nightstand", "position": [293.6175845077895, 211.43449025833965], "size": [29.796180725097656, 17.09054946899414], "angle": 0.0}, {"category": "PendantLamp", "position": [249.8760416329303, 250.14687092854518], "size": [29.162995149307232, 29.162995149307203], "angle": -9.104117113641116e-06}]}]}]}