{"seed": 1, "floorplan": [{"rooms": [{"category": "Bedroom", "corners": [[206.0, 202.0], [206.0, 298.0], [294.0, 298.0], [294.0, 202.0], [206.0, 202.0]], "objects": [{"category": "DoubleBed", "position": [253.5325655288344, 242.11859401379857], "size": [80.55109566119577, 79.73420219356773], "angle": -1.918009662726292e-05}, {"category": "Nightstand", "position": [290.86486885191346, 272.3559879014697], "size": [13.000434231215408, 15.000524100148185], "angle": -1.918009662826831e-05}, {"category": "CeilingLamp", "position": [251.6731, 241.71384999999998], "size": [25.645378875732433, 25.645378875732433], "angle": 0.0}]}]}]}