{"seed": 1, "floorplan": [{"rooms": [{"category": "Bedroom", "corners": [[194.0, 192.0], [194.0, 308.0], [305.0, 308.0], [306.0, 307.0], [306.0, 192.0], [194.0, 192.0]], "objects": [{"category": "DoubleBed", "position": [252.4283772512607, 228.9899516225444], "size": [68.92799835205074, 72.46979827880858], "angle": 0.0}, {"category": "CeilingLamp", "position": [255.03400000000016, 240.949], "size": [18.392610168457054, 18.392610168457054], "angle": 0.0}]}]}]}