{"seed": 1, "floorplan": [{"rooms": [{"category": "Bedroom", "corners": [[204.0, 184.0], [204.0, 279.0], [260.0, 279.0], [261.0, 280.0], [261.0, 316.0], [296.0, 316.0], [296.0, 184.0], [204.0, 184.0]], "objects": [{"category": "Cabinet", "position": [211.2014164015864, 198.06699999999995], "size": [14.078077692977264, 19.69304885651033], "angle": -9.104117115805463e-06}, {"category": "PendantLamp", "position": [248.79700000000003, 225.697], "size": [24.569670867919967, 24.569609069824224], "angle": 0.0}, {"category": "SingleBed", "position": [233.52700000000002, 228.94299999999998], "size": [50.945262092552376, 46.037217225828215], "angle": -9.104117114238317e-06}]}]}]}