{"seed": 1, "floorplan": [{"rooms": [{"category": "Bedroom", "corners": [[205.0, 193.0], [205.0, 307.0], [295.0, 307.0], [295.0, 193.0], [205.0, 193.0]], "objects": [{"category": "DoubleBed", "position": [257.77834805931394, 242.1411504084285], "size": [58.57733230855164, 71.78015331479153], "angle": -1.5707872226777821}, {"category": "Nightstand", "position": [285.978982217856, 208.30818845786573], "size": [6.962407317734009, 9.280379605702475], "angle": -0.0015176561028511185}, {"category": "Nightstand", "position": [287.51151303679626, 276.0494847158395], "size": [6.962407317734065, 9.280379605702532], "angle": -0.0015176561028429419}, {"category": "CeilingLamp", "position": [249.4, 240.922], "size": [15.060000228881847, 15.060000228881847], "angle": 0.0}]}]}]}