{"seed": 1, "floorplan": [{"rooms": [{"category": "Bedroom", "corners": [[197.0, 205.0], [197.0, 295.0], [303.0, 295.0], [303.0, 265.0], [290.0, 265.0], [289.0, 264.0], [289.0, 205.0], [197.0, 205.0]], "objects": [{"category": "DoubleBed", "position": [245.8583936499973, 237.38949824887862], "size": [52.763099670410156, 64.44029846191404], "angle": 0.0}, {"category": "Cabinet", "position": [207.6636444909655, 211.6052115049708], "size": [14.576100540161121, 9.973919677734386], "angle": 0.0}, {"category": "PendantLamp", "position": [248.9551, 246.31150000000002], "size": [20.296259307861362, 18.390750503540062], "angle": 0.0}]}]}]}