{"seed": 1, "floorplan": [{"rooms": [{"category": "Bedroom", "corners": [[210.0, 181.0], [210.0, 187.0], [209.0, 188.0], [205.0, 188.0], [205.0, 319.0], [295.0, 319.0], [295.0, 188.0], [235.0, 188.0], [234.0, 187.0], [234.0, 181.0], [210.0, 181.0]], "objects": [{"category": "DoubleBed", "position": [262.42629999999997, 261.8515], "size": [61.90556542913789, 63.68067924630553], "angle": -1.5707872226777828}]}]}]}