{"seed": 1, "floorplan": [{"rooms": [{"category": "Bedroom", "corners": [[197.0, 206.0], [197.0, 294.0], [303.0, 294.0], [303.0, 206.0], [197.0, 206.0]], "objects": [{"category": "DoubleBed", "position": [243.34629999999999, 245.93644788400718], "size": [45.69780120849609, 78.01109619140624], "angle": 0.0}, {"category": "Nightstand", "position": [206.50030000000004, 211.93015], "size": [16.50000000000003, 12.000000000000028], "angle": 0.0}, {"category": "CeilingLamp", "position": [248.4703, 245.96755], "size": [7.198800086975126, 17.99856033325196], "angle": 0.0}]}]}]}