{"seed": 1, "floorplan": [{"rooms": [{"category": "Bedroom", "corners": [[200.0, 161.0], [200.0, 338.0], [199.0, 339.0], [300.0, 339.0], [300.0, 237.0], [236.0, 237.0], [235.0, 236.0], [235.0, 161.0], [200.0, 161.0]], "objects": [{"category": "DoubleBed", "position": [264.67809349721256, 298.5471909187171], "size": [70.7148451541431, 60.6707504152136], "angle": -3.1415835494726787}, {"category": "Nightstand", "position": [294.5589605742005, 262.6940436385034], "size": [12.606625316539011, 10.765778326463245], "angle": -1.5707872226777833}]}]}]}