{"seed": 1, "floorplan": [{"rooms": [{"category": "Bedroom", "corners": [[200.0, 191.0], [200.0, 309.0], [202.0, 307.0], [300.0, 307.0], [300.0, 191.0], [200.0, 191.0]], "objects": [{"category": "Nightstand", "position": [294.3482564655121, 221.94920983490857], "size": [15.117827530728752, 15.331039768477599], "angle": -1.5707872226777813}, {"category": "Nightstand", "position": [294.24628153873556, 290.3471265272262], "size": [15.11782753072878, 15.331039768477655], "angle": -1.5707872226777813}, {"category": "CeilingLamp", "position": [250.0, 259.46889999999996], "size": [22.264498901367205, 18.882509994506847], "angle": 0.0}, {"category": "DoubleBed", "position": [261.8159886607461, 255.9142007543931], "size": [83.90806676878937, 75.23498670906048], "angle": -1.5707872226777824}]}]}]}