{"seed": 1, "floorplan": [{"rooms": [{"category": "Bedroom", "corners": [[203.0, 202.0], [203.0, 298.0], [297.0, 298.0], [297.0, 202.0], [203.0, 202.0]], "objects": [{"category": "DoubleBed", "position": [255.37300000000002, 246.25300000000001], "size": [66.79260790738732, 45.4708119227002], "angle": -3.141583549472679}, {"category": "PendantLamp", "position": [286.0679494120467, 212.4490327860229], "size": [21.338491058349575, 21.338459014892578], "angle": 0.0}, {"category": "CeilingLamp", "position": [252.47199999999998, 245.38], "size": [19.040760040283175, 19.040760040283203], "angle": 0.0}]}]}]}