{"seed": 1, "floorplan": [{"rooms": [{"category": "Bedroom", "corners": [[194.0, 209.0], [194.0, 291.0], [305.0, 291.0], [306.0, 290.0], [306.0, 209.0], [194.0, 209.0]], "objects": [{"category": "DoubleBed", "position": [241.91581647745068, 254.73304409840483], "size": [66.34740142822261, 70.90890197753907], "angle": 3.141592653589793}, {"category": "Nightstand", "position": [278.9170353598129, 285.9366916124941], "size": [18.01013946533203, 13.732619476318405], "angle": 3.141592653589793}, {"category": "Nightstand", "position": [203.7732763620853, 286.1247045577562], "size": [18.01013946533203, 13.732619476318348], "angle": 3.141592653589793}]}]}]}