{"seed": 1, "floorplan": [{"rooms": [{"category": "Bedroom", "corners": [[209.0, 185.0], [209.0, 295.0], [253.0, 295.0], [254.0, 296.0], [254.0, 315.0], [291.0, 315.0], [291.0, 185.0], [209.0, 185.0]], "objects": [{"category": "DoubleBed", "position": [261.0143042229685, 244.64851233613948], "size": [51.19636606321304, 58.882736700329716], "angle": -1.5707872226777828}, {"category": "Cabinet", "position": [286.8883124792756, 208.22101230961292], "size": [16.35521863316967, 12.799226557315901], "angle": -1.5707872226777844}, {"category": "Cabinet", "position": [282.9774543493252, 279.0516043210178], "size": [16.35521863316967, 12.799226557315901], "angle": -1.5707872226777844}, {"category": "CeilingLamp", "position": [250.28049999999996, 245.638], "size": [22.264498901367176, 18.88250999450682], "angle": 0.0}]}]}]}