{"seed": 1, "floorplan": [{"rooms": [{"category": "Bedroom", "corners": [[209.0, 185.0], [209.0, 315.0], [291.0, 315.0], [291.0, 185.0], [209.0, 185.0]], "objects": [{"category": "DoubleBed", "position": [245.29553561635117, 259.38568292231787], "size": [58.57733230855158, 71.78015331479153], "angle": -1.5708054309120107}, {"category": "Nightstand", "position": [212.84335374172724, 299.3610894540401], "size": [12.6535156207551, 36.01952882471838], "angle": -9.104117112915682e-06}, {"category": "PendantLamp", "position": [250.77100000000002, 258.532], "size": [8.122679901123036, 8.075220108032227], "angle": 0.0}, {"category": "Nightstand", "position": [212.96177984135971, 217.51570797110176], "size": [12.6535156207551, 36.01952882471835], "angle": -9.104117112915682e-06}]}]}]}