{"seed": 1, "floorplan": [{"rooms": [{"category": "Bedroom", "corners": [[197.0, 187.0], [197.0, 313.0], [303.0, 313.0], [303.0, 187.0], [197.0, 187.0]], "objects": [{"category": "DoubleBed", "position": [230.0210616151009, 250.30871367219945], "size": [56.5337147651452, 51.27406757628402], "angle": -9.104117114027678e-06}, {"category": "CornerSideTable", "position": [204.5656133264194, 214.32549546916425], "size": [15.734543808253335, 15.734543808253335], "angle": -9.104117114051776e-06}, {"category": "CornerSideTable", "position": [204.98815235120585, 287.2060611971787], "size": [15.734543808253335, 15.734543808253335], "angle": -9.104117114051776e-06}, {"category": "Cabinet", "position": [294.6135761177954, 265.1477528354665], "size": [79.65042302605688, 17.33376834404336], "angle": -1.5707872226777824}]}]}]}