{"seed": 1, "floorplan": [{"rooms": [{"category": "Bedroom", "corners": [[214.0, 191.0], [214.0, 309.0], [286.0, 309.0], [286.0, 191.0], [214.0, 191.0]], "objects": [{"category": "DoubleBed", "position": [247.9028676081835, 252.50047855936208], "size": [66.45720598908895, 65.34089333576718], "angle": -9.104117114319803e-06}]}]}]}