{"seed": 1, "floorplan": [{"rooms": [{"category": "Bedroom", "corners": [[214.0, 188.0], [214.0, 312.0], [286.0, 312.0], [286.0, 188.0], [214.0, 188.0]], "objects": [{"category": "DoubleBed", "position": [249.2938246410642, 240.57849797225697], "size": [71.4177522493215, 68.56832597810302], "angle": -1.570805430912011}, {"category": "Nightstand", "position": [221.6126583249493, 279.9600324663883], "size": [18.644719305027717, 17.99797345723415], "angle": -1.570805430912011}, {"category": "Nightstand", "position": [221.61255068657525, 201.2001126745228], "size": [18.64471930502766, 17.997973457234092], "angle": -1.570805430912011}, {"category": "PendantLamp", "position": [251.5, 243.84549999999996], "size": [15.0, 15.0], "angle": 0.0}]}]}]}