{"seed": 1, "floorplan": [{"rooms": [{"category": "Bedroom", "corners": [[193.0, 209.0], [193.0, 291.0], [307.0, 291.0], [307.0, 209.0], [193.0, 209.0]], "objects": [{"category": "Cabinet", "position": [206.8375, 213.47396663157141], "size": [24.359999084472662, 9.445739936828602], "angle": 3.141592653589793}, {"category": "SingleBed", "position": [223.95507457491289, 257.4859715416243], "size": [45.11879882812502, 65.72639923095704], "angle": 3.141592653589793}, {"category": "Chair", "position": [265.5998004088425, 263.876812533647], "size": [16.55118026733402, 16.77870025634769], "angle": 0.0}]}]}]}