{"seed": 1, "floorplan": [{"rooms": [{"category": "Bedroom", "corners": [[203.0, 196.0], [203.0, 230.0], [204.0, 231.0], [204.0, 304.0], [297.0, 304.0], [297.0, 196.0], [203.0, 196.0]], "objects": [{"category": "DoubleBed", "position": [237.000472556061, 237.46979824691095], "size": [67.0936767916981, 67.79926925483137], "angle": -0.007177966216279768}, {"category": "Nightstand", "position": [208.48412344738614, 275.80889710440044], "size": [11.535075491399414, 17.69395152433123], "angle": -9.10411711151608e-06}, {"category": "PendantLamp", "position": [250.31215961959958, 244.14770759548142], "size": [8.579220199584938, 8.579220199584967], "angle": 0.0}]}]}]}