{"seed": 1, "floorplan": [{"rooms": [{"category": "Bedroom", "corners": [[203.0, 182.0], [203.0, 283.0], [204.0, 282.0], [244.0, 282.0], [245.0, 283.0], [245.0, 318.0], [297.0, 318.0], [297.0, 182.0], [203.0, 182.0]], "objects": [{"category": "CeilingLamp", "position": [252.00400000000002, 230.30200000000002], "size": [17.122320556640602, 17.12232055664063], "angle": 0.0}, {"category": "DoubleBed", "position": [239.75274959925878, 230.9250844455502], "size": [58.2926327561525, 60.66025379865461], "angle": -9.104117114226606e-06}, {"category": "Cabinet", "position": [211.11288703607525, 196.88021509230208], "size": [10.319493593250233, 12.516053660661441], "angle": -9.104117115918466e-06}, {"category": "Cabinet", "position": [254.60871015659137, 293.6363380334458], "size": [13.566393957378963, 50.97856470287352], "angle": -9.104117116118564e-06}]}]}]}