{"seed": 1, "floorplan": [{"rooms": [{"category": "Bedroom", "corners": [[256.0, 186.0], [256.0, 205.0], [255.0, 206.0], [201.0, 206.0], [201.0, 314.0], [299.0, 314.0], [299.0, 186.0], [256.0, 186.0]], "objects": [{"category": "SingleBed", "position": [233.56997410659415, 243.0165235225691], "size": [61.81076170958448, 60.00054625448656], "angle": -9.104117114416197e-06}, {"category": "Cabinet", "position": [213.8129362872018, 282.41337435423355], "size": [64.84079112650738, 18.12364446220271], "angle": -1.5708054309120107}, {"category": "Table", "position": [290.5519701063349, 293.75536400224007], "size": [36.57633244741359, 16.76415294394105], "angle": -1.5707872226777828}, {"category": "Table", "position": [269.9954912390742, 295.07575459992046], "size": [16.335718867628017, 12.513204055860736], "angle": -9.10411711305684e-06}]}]}]}