{"seed": 1, "floorplan": [{"rooms": [{"category": "Bedroom", "corners": [[203.0, 208.0], [203.0, 291.0], [202.0, 292.0], [286.0, 292.0], [286.0, 258.0], [287.0, 257.0], [297.0, 257.0], [297.0, 209.0], [298.0, 208.0], [203.0, 208.0]], "objects": [{"category": "SingleBed", "position": [238.89072375049523, 247.50367198143408], "size": [70.53659820556646, 76.93080139160156], "angle": 0.0}, {"category": "Nightstand", "position": [263.79866841331364, 212.3180089087751], "size": [17.99999999999997, 13.5], "angle": 0.0}]}]}]}