{"seed": 1, "floorplan": [{"rooms": [{"category": "Bedroom", "corners": [[188.0, 205.0], [188.0, 295.0], [293.0, 295.0], [293.0, 257.0], [294.0, 256.0], [312.0, 256.0], [312.0, 205.0], [188.0, 205.0]], "objects": [{"category": "PendantLamp", "position": [237.88855, 249.61330000000004], "size": [3.6639301300048714, 3.6970198631286735], "angle": 0.0}, {"category": "DoubleBed", "position": [240.51475, 239.03680000000003], "size": [72.03809967041013, 61.46759948730471], "angle": 0.0}, {"category": "Cabinet", "position": [204.14454999999998, 213.0274834596242], "size": [13.593629837036133, 15.829170227050781], "angle": 0.0}, {"category": "Cabinet", "position": [276.88495, 213.0274834596242], "size": [13.593629837036133, 15.829170227050781], "angle": 0.0}]}]}]}