{"seed": 1, "floorplan": [{"rooms": [{"category": "Bedroom", "corners": [[199.0, 184.0], [199.0, 316.0], [301.0, 316.0], [301.0, 184.0], [199.0, 184.0]], "objects": [{"category": "SingleBed", "position": [266.5975, 256.516], "size": [39.89586340137161, 63.00057356721092], "angle": -1.5707872226777828}, {"category": "Nightstand", "position": [294.2425, 218.803], "size": [16.39211929870904, 9.241524146371924], "angle": -1.5707872226777821}, {"category": "Nightstand", "position": [294.2425, 296.338], "size": [16.39211929870907, 9.241524146371924], "angle": -1.5707872226777821}]}]}]}