{"seed": 1, "floorplan": [{"rooms": [{"category": "Bedroom", "corners": [[191.0, 211.0], [191.0, 288.0], [190.0, 289.0], [309.0, 289.0], [309.0, 212.0], [310.0, 211.0], [191.0, 211.0]], "objects": [{"category": "Cabinet", "position": [198.70000000000002, 251.93633270263774], "size": [13.847465699650268, 71.47775188004029], "angle": -9.10411711472283e-06}, {"category": "DoubleBed", "position": [255.7246914506121, 252.1046207845962], "size": [68.92799835205079, 72.46979827880858], "angle": 3.141592653589793}, {"category": "PendantLamp", "position": [255.13, 247.69750000000005], "size": [19.71789093017577, 18.33779983520509], "angle": 0.0}]}]}]}