{"seed": 1, "floorplan": [{"rooms": [{"category": "Bedroom", "corners": [[263.0, 189.0], [262.0, 190.0], [198.0, 190.0], [198.0, 272.0], [199.0, 273.0], [199.0, 311.0], [302.0, 311.0], [302.0, 189.0], [263.0, 189.0]], "objects": [{"category": "DoubleBed", "position": [262.81494377288897, 262.2658284343031], "size": [62.957374016200504, 69.924335027526], "angle": -1.5707872226777821}, {"category": "Nightstand", "position": [294.2496662250324, 220.17278180110895], "size": [14.547792128633676, 14.591353316237305], "angle": -3.1415835494726796}, {"category": "PendantLamp", "position": [247.52562713180828, 256.49575305406984], "size": [31.477800750732456, 31.4778007507324], "angle": 0.0}]}]}]}