{"seed": 1, "floorplan": [{"rooms": [{"category": "Bedroom", "corners": [[243.0, 169.0], [243.0, 189.0], [242.0, 190.0], [207.0, 190.0], [207.0, 322.0], [213.0, 322.0], [214.0, 323.0], [214.0, 331.0], [294.0, 331.0], [293.0, 330.0], [293.0, 170.0], [294.0, 169.0], [243.0, 169.0]], "objects": [{"category": "CeilingLamp", "position": [250.0003, 255.99910000000003], "size": [21.841170501708973, 19.753710937500017], "angle": 0.0}, {"category": "DoubleBed", "position": [241.73469999999998, 262.70140000000004], "size": [69.92433502752608, 62.957374016200504], "angle": -9.104117113515044e-06}, {"category": "Nightstand", "position": [213.91536649068198, 304.252], "size": [14.547792128633732, 14.591353316237248], "angle": -9.104117113813794e-06}, {"category": "Nightstand", "position": [213.83802008679328, 221.40660110945157], "size": [14.547792128633704, 14.591353316237276], "angle": -9.10411711576749e-06}]}]}]}