{"seed": 1, "floorplan": [{"rooms": [{"category": "Bedroom", "corners": [[210.0, 206.0], [210.0, 294.0], [290.0, 294.0], [290.0, 206.0], [210.0, 206.0]], "objects": [{"category": "DoubleBed", "position": [259.959245951546, 258.095678969386], "size": [49.20404598389717, 56.8514193787698], "angle": -1.5707872226777824}, {"category": "Nightstand", "position": [283.9807644438964, 286.3454419340957], "size": [5.893643630115767, 9.691288487374639], "angle": -9.104117109979994e-06}, {"category": "Nightstand", "position": [283.24030849657726, 229.41869594982728], "size": [5.893643630115767, 9.691288487374639], "angle": -9.104117119624862e-06}, {"category": "CeilingLamp", "position": [250.0, 256.0], "size": [16.891679763793945, 16.993230056762656], "angle": 0.0}]}]}]}