{"seed": 1, "floorplan": [{"rooms": [{"category": "Bedroom", "corners": [[204.0, 201.0], [204.0, 299.0], [296.0, 299.0], [296.0, 201.0], [204.0, 201.0]], "objects": [{"category": "Nightstand", "position": [291.8073961731542, 211.24184432993331], "size": [15.000736239491374, 13.000618085030185], "angle": -1.570787222677785}, {"category": "Nightstand", "position": [290.8171409766113, 291.7264965187587], "size": [15.000736239491374, 13.000618085030185], "angle": -1.5707872226777813}, {"category": "DoubleBed", "position": [255.6773876377738, 248.44860147958957], "size": [79.73532980492102, 80.5522348251617], "angle": -1.5707872226777828}, {"category": "CeilingLamp", "position": [253.477, 248.88399999999996], "size": [20.323200988769543, 20.815530395507835], "angle": 0.0}]}]}]}