{"seed": 1, "floorplan": [{"rooms": [{"category": "Bedroom", "corners": [[153.0, 202.0], [153.0, 298.0], [285.0, 298.0], [285.0, 234.0], [286.0, 233.0], [347.0, 233.0], [347.0, 202.0], [153.0, 202.0]], "objects": [{"category": "Cabinet", "position": [274.93149999999997, 261.56166603597006], "size": [71.47775188004027, 13.847465699650268], "angle": -1.5707872226777828}, {"category": "DoubleBed", "position": [209.4409521894556, 260.95458030063827], "size": [68.92799835205079, 72.46979827880861], "angle": 3.141592653589793}, {"category": "Cabinet", "position": [166.45149999999995, 210.7015], "size": [9.148290252685541, 9.228779983520525], "angle": 0.0}]}]}]}