{"seed": 1, "floorplan": [{"rooms": [{"category": "Bedroom", "corners": [[202.0, 197.0], [202.0, 303.0], [298.0, 303.0], [298.0, 197.0], [202.0, 197.0]], "objects": [{"category": "DoubleBed", "position": [263.1495421229383, 235.94697326425955], "size": [59.3180418719131, 48.39254262416226], "angle": -3.141583549472679}, {"category": "Nightstand", "position": [289.84401003249724, 272.87313592542404], "size": [12.600114713442183, 12.602455051521474], "angle": -3.141583549472681}, {"category": "Cabinet", "position": [207.67055029805502, 235.35999999999996], "size": [54.039191322186355, 12.008299861964975], "angle": -1.5707872226777821}, {"category": "PendantLamp", "position": [249.95799999999997, 244.05699999999996], "size": [25.894679260253895, 25.894679260253923], "angle": 0.0}]}]}]}