{"seed": 1, "floorplan": [{"rooms": [{"category": "Bedroom", "corners": [[206.0, 197.0], [206.0, 303.0], [294.0, 303.0], [294.0, 197.0], [206.0, 197.0]], "objects": [{"category": "DoubleBed", "position": [242.76664157897818, 252.9535], "size": [49.23314628545206, 72.5505582778992], "angle": -1.5708054309120105}, {"category": "Nightstand", "position": [214.78597059916697, 215.55292947195653], "size": [13.500122907259478, 17.791991662509616], "angle": -9.104117114023441e-06}, {"category": "Nightstand", "position": [214.78597059916697, 290.35707052804344], "size": [13.500122907259506, 17.791991662509616], "angle": -9.10411711191813e-06}, {"category": "PendantLamp", "position": [249.39700000000005, 249.34449999999998], "size": [19.82915954589845, 19.82918930053711], "angle": 0.0}]}]}]}