{"seed": 1, "floorplan": [{"rooms": [{"category": "Bedroom", "corners": [[190.0, 209.0], [190.0, 290.0], [189.0, 291.0], [203.0, 291.0], [203.0, 283.0], [204.0, 282.0], [210.0, 282.0], [211.0, 283.0], [211.0, 291.0], [310.0, 291.0], [310.0, 210.0], [311.0, 209.0], [190.0, 209.0]], "objects": [{"category": "DoubleBed", "position": [250.5844805610705, 256.0785095971068], "size": [62.95680084228516, 69.92369842529297], "angle": 3.141592653589793}, {"category": "PendantLamp", "position": [250.087, 248.65], "size": [24.731250000000017, 24.70952911376952], "angle": 0.0}]}]}]}