{"seed": 1, "floorplan": [{"rooms": [{"category": "Bedroom", "corners": [[209.0, 195.0], [209.0, 305.0], [291.0, 305.0], [291.0, 201.0], [290.0, 200.0], [290.0, 196.0], [291.0, 195.0], [209.0, 195.0]], "objects": [{"category": "DoubleBed", "position": [255.19807021629703, 242.78342633999767], "size": [64.53868724085181, 69.04412987044398], "angle": -1.5707872226777826}, {"category": "Nightstand", "position": [284.05417257874547, 202.95248653358203], "size": [16.562130841027898, 16.49081976699585], "angle": -1.5707872226777835}, {"category": "Nightstand", "position": [281.8560486759127, 280.4001824411448], "size": [16.490819766995905, 16.562130841027898], "angle": -3.1415835494726805}, {"category": "CeilingLamp", "position": [250.22050000000002, 242.1355], "size": [12.851909637451172, 13.433429718017578], "angle": 0.0}]}]}]}