{"seed": 1, "floorplan": [{"rooms": [{"category": "Bedroom", "corners": [[207.0, 187.0], [207.0, 313.0], [293.0, 313.0], [293.0, 187.0], [207.0, 187.0]], "objects": [{"category": "DoubleBed", "position": [240.5623328057531, 256.6195], "size": [67.79401625532476, 75.18698517341409], "angle": -9.104117114268612e-06}, {"category": "PendantLamp", "position": [256.71999999999997, 267.4195], "size": [15.084286881131044, 15.303349391868274], "angle": -9.104117114475694e-06}]}]}]}