{"seed": 1, "floorplan": [{"rooms": [{"category": "Bedroom", "corners": [[203.0, 198.0], [203.0, 302.0], [297.0, 302.0], [297.0, 198.0], [203.0, 198.0]], "objects": [{"category": "DoubleBed", "position": [240.0511457976138, 266.220121047481], "size": [69.88080139160161, 71.87340087890624], "angle": 3.141592653589793}, {"category": "Cabinet", "position": [226.196477466135, 205.0538594048439], "size": [37.588199615478544, 17.273939895629894], "angle": 0.0}, {"category": "Armchair", "position": [214.77544250142608, 225.06183390293083], "size": [23.16903112496264, 22.729796016477447], "angle": -9.104117114489911e-06}, {"category": "PendantLamp", "position": [244.69000000000003, 251.323], "size": [15.0, 14.999999999999972], "angle": 0.0}]}]}]}