{"seed": 1, "floorplan": [{"rooms": [{"category": "Bedroom", "corners": [[205.0, 203.0], [205.0, 263.0], [204.0, 264.0], [175.0, 264.0], [175.0, 297.0], [325.0, 297.0], [325.0, 203.0], [205.0, 203.0]], "objects": [{"category": "DoubleBed", "position": [270.322, 240.02545089721679], "size": [77.02109985351564, 25.61637039184569], "angle": 0.0}]}]}]}