{"seed": 1, "floorplan": [{"rooms": [{"category": "Bedroom", "corners": [[200.0, 203.0], [199.0, 204.0], [199.0, 296.0], [200.0, 297.0], [300.0, 297.0], [301.0, 296.0], [301.0, 203.0], [200.0, 203.0]], "objects": [{"category": "SingleBed", "position": [250.25642422924454, 233.9057378122867], "size": [96.78930358886717, 39.63209838867189], "angle": 0.0}, {"category": "Armchair", "position": [286.4424331310719, 281.21895741400465], "size": [15.811614098688194, 21.17364168250572], "angle": -1.50901533704472}, {"category": "CeilingLamp", "position": [251.26299999999998, 252.7], "size": [20.85831069946289, 20.217269897460938], "angle": 0.0}]}]}]}