{"seed": 1, "floorplan": [{"rooms": [{"category": "Bedroom", "corners": [[190.0, 205.0], [190.0, 293.0], [189.0, 294.0], [189.0, 295.0], [310.0, 295.0], [310.0, 207.0], [311.0, 206.0], [311.0, 205.0], [190.0, 205.0]], "objects": [{"category": "DoubleBed", "position": [260.996497979401, 259.14871944463476], "size": [61.82249908447261, 70.34609985351562], "angle": 3.141592653589793}, {"category": "Nightstand", "position": [222.86900131298222, 291.200697166742], "size": [11.252220153808594, 11.252220153808594], "angle": 3.141592653589793}, {"category": "Nightstand", "position": [299.13627712002904, 291.1996447963836], "size": [11.252220153808537, 11.252220153808594], "angle": 3.141592653589793}, {"category": "PendantLamp", "position": [256.4185, 248.3545], "size": [28.891500091552757, 9.024120140075695], "angle": 0.0}]}]}]}