{"seed": 1, "floorplan": [{"rooms": [{"category": "Bedroom", "corners": [[199.0, 196.0], [199.0, 304.0], [301.0, 304.0], [301.0, 196.0], [199.0, 196.0]], "objects": [{"category": "DoubleBed", "position": [241.24366968677597, 233.3760948690932], "size": [83.90026640480485, 50.79376382608111], "angle": -9.104117114551573e-06}, {"category": "Nightstand", "position": [205.77085456244055, 274.7978707421737], "size": [12.571584332847465, 17.13738594091241], "angle": -9.104117114660798e-06}, {"category": "Table", "position": [292.44592238019044, 232.52423299259416], "size": [35.70032502141952, 17.159586536706993], "angle": -1.570787222677782}, {"category": "Chair", "position": [290.221534643376, 226.3746141895007], "size": [14.146418998150729, 14.181608756390078], "angle": -1.5708054309120152}]}]}]}