{"seed": 1, "floorplan": [{"rooms": [{"category": "Bedroom", "corners": [[196.0, 203.0], [196.0, 297.0], [304.0, 297.0], [304.0, 203.0], [196.0, 203.0]], "objects": [{"category": "Cabinet", "position": [296.4322204865421, 272.92087696312205], "size": [27.259839089762533, 8.219055044560333], "angle": -1.5707872226777808}, {"category": "PendantLamp", "position": [249.37554999999998, 241.3843], "size": [20.423249816894526, 20.423220062255837], "angle": 0.0}, {"category": "DoubleBed", "position": [239.39664999999997, 260.30706790771484], "size": [49.232698059082026, 72.5498977661133], "angle": 3.141592653589793}, {"category": "PendantLamp", "position": [279.5860500913469, 283.38457961827777], "size": [25.89467926025395, 25.894679260253838], "angle": 0.0}]}]}]}