{"seed": 1, "floorplan": [{"rooms": [{"category": "Bedroom", "corners": [[309.0, 201.0], [308.0, 202.0], [191.0, 202.0], [191.0, 299.0], [192.0, 298.0], [309.0, 298.0], [309.0, 201.0]], "objects": [{"category": "PendantLamp", "position": [252.4798, 249.99999999999997], "size": [31.66560058593754, 31.66560058593751], "angle": 0.0}, {"category": "DoubleBed", "position": [261.0748, 234.554833067473], "size": [53.22240142822267, 66.10919952392575], "angle": 0.0}]}]}]}