{"seed": 1, "floorplan": [{"rooms": [{"category": "Bedroom", "corners": [[204.0, 183.0], [204.0, 282.0], [243.0, 282.0], [244.0, 283.0], [244.0, 317.0], [296.0, 317.0], [296.0, 183.0], [204.0, 183.0]], "objects": [{"category": "DoubleBed", "position": [236.81512246565308, 224.17510165311973], "size": [65.55779747114138, 68.11471924829783], "angle": -9.104117114572353e-06}, {"category": "Nightstand", "position": [211.15015023255933, 192.85061811808973], "size": [11.95447895265932, 19.29380663532009], "angle": -9.104117112447428e-06}, {"category": "Nightstand", "position": [211.76997154561906, 255.87431187329648], "size": [11.954478952659349, 19.29380663532006], "angle": -9.104117112447406e-06}, {"category": "Cabinet", "position": [234.9824211628682, 272.7686427713119], "size": [15.156232297618397, 59.99984988281459], "angle": -1.5621362834832773}]}]}]}