{"seed": 1, "floorplan": [{"rooms": [{"category": "Bedroom", "corners": [[194.0, 204.0], [194.0, 295.0], [193.0, 296.0], [307.0, 296.0], [306.0, 295.0], [306.0, 263.0], [289.0, 263.0], [288.0, 262.0], [288.0, 260.0], [289.0, 259.0], [306.0, 259.0], [306.0, 205.0], [307.0, 204.0], [194.0, 204.0]], "objects": [{"category": "DoubleBed", "position": [248.0787198680229, 245.9700673946611], "size": [70.74749908447265, 81.78839721679688], "angle": 0.0}, {"category": "Nightstand", "position": [282.3314080279587, 208.37721762071038], "size": [19.663288879394543, 14.095230102539062], "angle": 0.0}, {"category": "Table", "position": [217.1107776897477, 213.5567785922354], "size": [49.066497802734375, 23.732970428466786], "angle": 0.0}]}]}]}