{"seed": 1, "floorplan": [{"rooms": [{"category": "Bedroom", "corners": [[181.0, 208.0], [181.0, 292.0], [319.0, 292.0], [319.0, 208.0], [181.0, 208.0]], "objects": [{"category": "DoubleBed", "position": [256.80850000000004, 243.01742425556512], "size": [56.308799743652344, 69.12449798583987], "angle": 0.0}, {"category": "Cabinet", "position": [295.6478822507029, 215.94847580256925], "size": [15.404819869995151, 12.901770401000988], "angle": 0.0}, {"category": "Cabinet", "position": [218.33511774929715, 215.94847580256925], "size": [15.404819869995123, 12.901770401000988], "angle": 0.0}, {"category": "CeilingLamp", "position": [255.8695, 250.1005], "size": [21.841170501708973, 19.753710937500045], "angle": 0.0}]}]}]}