{"seed": 1, "floorplan": [{"rooms": [{"category": "Bedroom", "corners": [[194.0, 208.0], [194.0, 292.0], [306.0, 292.0], [306.0, 208.0], [194.0, 208.0]], "objects": [{"category": "Cabinet", "position": [296.3412624336494, 268.9050505356689], "size": [12.853467468614213, 30.580477841892023], "angle": -3.141583549472682}, {"category": "DoubleBed", "position": [231.46095714560198, 255.49531507184412], "size": [58.57679901123046, 71.77949981689457], "angle": 3.141592653589793}, {"category": "Nightstand", "position": [273.9335478769068, 287.1636455559572], "size": [36.01920089721682, 12.653400421142578], "angle": 3.141592653589793}, {"category": "CeilingLamp", "position": [238.0435, 248.45049999999998], "size": [17.489999771118164, 17.50125045776369], "angle": 0.0}]}]}]}