{"seed": 1, "floorplan": [{"rooms": [{"category": "Bedroom", "corners": [[205.0, 212.0], [205.0, 288.0], [295.0, 288.0], [295.0, 212.0], [205.0, 212.0]], "objects": [{"category": "DoubleBed", "position": [259.9359463930972, 252.22107215270364], "size": [46.321321680036036, 63.80847887172763], "angle": -1.570787222677783}]}]}]}