{"seed": 1, "floorplan": [{"rooms": [{"category": "Bedroom", "corners": [[202.0, 202.0], [202.0, 298.0], [298.0, 298.0], [298.0, 202.0], [202.0, 202.0]], "objects": [{"category": "DoubleBed", "position": [266.0718341878256, 257.9515], "size": [64.44088514194996, 52.763580038408804], "angle": -3.1415835494726787}, {"category": "Cabinet", "position": [207.8160739187128, 254.17709456564376], "size": [67.19701374980679, 12.00010925089733], "angle": -1.570805430912011}]}]}]}