{"seed": 1, "floorplan": [{"rooms": [{"category": "Bedroom", "corners": [[204.0, 196.0], [204.0, 304.0], [296.0, 304.0], [296.0, 197.0], [297.0, 196.0], [204.0, 196.0]], "objects": [{"category": "DoubleBed", "position": [261.78218696734456, 242.27676276184985], "size": [47.19342892403782, 68.90852530335901], "angle": -1.5707872226777826}, {"category": "Nightstand", "position": [291.22765588961573, 273.8035140209056], "size": [15.174527799744634, 15.111377581870679], "angle": -1.5707872226777815}, {"category": "Nightstand", "position": [291.25799010750336, 211.53709576682408], "size": [15.174527799744634, 15.111377581870622], "angle": -1.5707872226777853}, {"category": "Cabinet", "position": [266.4326037098456, 294.09454798678627], "size": [60.0, 19.711830139160156], "angle": 3.141592653589793}]}]}]}