{"seed": 1, "floorplan": [{"rooms": [{"category": "Bedroom", "corners": [[212.0, 203.0], [212.0, 297.0], [288.0, 297.0], [288.0, 203.0], [212.0, 203.0]], "objects": [{"category": "DoubleBed", "position": [245.57056002615178, 233.48800678208437], "size": [65.97090090251069, 60.88765455058774], "angle": -9.104117114391005e-06}, {"category": "Cabinet", "position": [215.11952966428834, 266.79046403657594], "size": [9.241524146371953, 16.39211929870907], "angle": -9.104117108318209e-06}, {"category": "PendantLamp", "position": [251.794, 244.91950000000003], "size": [31.66560058593751, 31.665600585937483], "angle": 0.0}]}]}]}