{"seed": 1, "floorplan": [{"rooms": [{"category": "Bedroom", "corners": [[211.0, 190.0], [211.0, 310.0], [244.0, 310.0], [244.0, 304.0], [245.0, 303.0], [247.0, 303.0], [248.0, 302.0], [258.0, 302.0], [259.0, 303.0], [260.0, 302.0], [278.0, 302.0], [279.0, 303.0], [283.0, 303.0], [284.0, 302.0], [287.0, 302.0], [288.0, 303.0], [289.0, 303.0], [289.0, 190.0], [211.0, 190.0]], "objects": [{"category": "Nightstand", "position": [285.67313756259574, 271.21516172176655], "size": [16.39211929870907, 9.241524146371981], "angle": -1.5707872226777821}, {"category": "Nightstand", "position": [285.39338885788703, 200.80390141537768], "size": [16.39211929870904, 9.241524146371924], "angle": -1.5707872226777821}, {"category": "DoubleBed", "position": [252.06143411809612, 238.1858877738382], "size": [68.51462523285531, 63.5228775166848], "angle": -1.5707872226777828}]}]}]}