{"seed": 1, "floorplan": [{"rooms": [{"category": "Bedroom", "corners": [[205.0, 199.0], [205.0, 301.0], [295.0, 301.0], [295.0, 199.0], [205.0, 199.0]], "objects": [{"category": "DoubleBed", "position": [240.8789988606091, 257.0614], "size": [70.63354100817547, 64.02868351322437], "angle": -9.104117114358755e-06}, {"category": "CeilingLamp", "position": [244.08339999999998, 246.8017], "size": [28.458270263671892, 28.458270263671892], "angle": 0.0}]}]}]}