{"seed": 1, "floorplan": [{"rooms": [{"category": "Bedroom", "corners": [[190.0, 199.0], [190.0, 301.0], [310.0, 301.0], [310.0, 199.0], [190.0, 199.0]], "objects": [{"category": "DoubleBed", "position": [243.27113615969472, 267.42605896079175], "size": [60.88710021972659, 65.9703002929688], "angle": 3.141592653589793}, {"category": "Cabinet", "position": [270.4867627811309, 293.756336672458], "size": [16.39197006225595, 9.241440010070846], "angle": 3.141592653589793}, {"category": "Cabinet", "position": [216.31291358089246, 293.5158008567481], "size": [16.391970062255893, 9.241440010070846], "angle": 3.141592653589793}, {"category": "PendantLamp", "position": [244.65400000000005, 241.39599999999996], "size": [40.46850128173827, 40.155601501464815], "angle": 0.0}]}]}]}