{"seed": 1, "floorplan": [{"rooms": [{"category": "Bedroom", "corners": [[184.0, 208.0], [185.0, 209.0], [185.0, 225.0], [184.0, 226.0], [184.0, 244.0], [185.0, 245.0], [185.0, 261.0], [184.0, 262.0], [184.0, 280.0], [185.0, 281.0], [185.0, 286.0], [184.0, 287.0], [184.0, 292.0], [316.0, 292.0], [315.0, 291.0], [315.0, 287.0], [316.0, 286.0], [316.0, 280.0], [315.0, 279.0], [315.0, 263.0], [316.0, 262.0], [316.0, 244.0], [315.0, 243.0], [315.0, 226.0], [316.0, 225.0], [316.0, 208.0], [184.0, 208.0]], "objects": [{"category": "DoubleBed", "position": [259.04838491728276, 239.86518381712617], "size": [60.53370208740233, 63.57989959716798], "angle": 0.0}, {"category": "Armchair", "position": [209.7222521022669, 233.9390365035091], "size": [24.48535822995772, 23.880105007569643], "angle": -1.7567303387325435}, {"category": "PendantLamp", "position": [259.58538122210666, 247.55952168546662], "size": [16.78505973815919, 16.411380386352533], "angle": 0.0}]}]}]}