{"seed": 1, "floorplan": [{"rooms": [{"category": "Bedroom", "corners": [[296.0, 188.0], [295.0, 189.0], [226.0, 189.0], [226.0, 266.0], [225.0, 267.0], [204.0, 267.0], [204.0, 304.0], [268.0, 304.0], [269.0, 305.0], [269.0, 310.0], [268.0, 311.0], [269.0, 312.0], [270.0, 311.0], [292.0, 311.0], [292.0, 305.0], [293.0, 304.0], [296.0, 304.0], [296.0, 188.0]], "objects": [{"category": "DoubleBed", "position": [261.66367302419076, 234.6436746088912], "size": [66.50490539796134, 47.43013151846893], "angle": -9.104117113990158e-06}, {"category": "TVStand", "position": [291.9702198359326, 238.73495367153527], "size": [12.428153080127226, 54.00049162903791], "angle": -3.1415835494726783}]}]}]}