{"seed": 1, "floorplan": [{"rooms": [{"category": "Bedroom", "corners": [[258.0, 190.0], [258.0, 199.0], [257.0, 200.0], [208.0, 200.0], [208.0, 303.0], [215.0, 303.0], [216.0, 304.0], [216.0, 309.0], [215.0, 310.0], [283.0, 310.0], [283.0, 304.0], [284.0, 303.0], [292.0, 303.0], [292.0, 190.0], [258.0, 190.0]], "objects": [{"category": "DoubleBed", "position": [242.23706518348166, 247.61748873065326], "size": [68.56832597810302, 71.41775224932147], "angle": -9.104117114376166e-06}, {"category": "Nightstand", "position": [212.09742405374982, 207.79331299484642], "size": [12.767966735978357, 14.844375334145354], "angle": -9.104117115495048e-06}, {"category": "Nightstand", "position": [212.1312446928814, 288.4512683180949], "size": [12.767966735978385, 14.844375334145383], "angle": -9.104117113269011e-06}, {"category": "PendantLamp", "position": [255.56275000000002, 248.97445], "size": [14.41665000915529, 13.429619979858387], "angle": 0.0}]}]}]}