{"seed": 1, "floorplan": [{"rooms": [{"category": "Bedroom", "corners": [[178.0, 201.0], [178.0, 299.0], [301.0, 299.0], [301.0, 275.0], [302.0, 274.0], [322.0, 274.0], [322.0, 217.0], [302.0, 217.0], [301.0, 216.0], [301.0, 201.0], [178.0, 201.0]], "objects": [{"category": "DoubleBed", "position": [252.9391466256548, 237.76867966420798], "size": [68.92799835205079, 72.46979827880861], "angle": 0.0}, {"category": "Nightstand", "position": [212.22977490645445, 207.84041683859374], "size": [21.158310699462902, 14.161980056762701], "angle": 0.0}, {"category": "Nightstand", "position": [292.3630220182083, 205.7858134471632], "size": [21.158310699462845, 14.161980056762701], "angle": 0.0}, {"category": "TVStand", "position": [253.7965, 291.4332164306641], "size": [69.05399780273439, 15.52131042480471], "angle": 3.141592653589793}]}]}]}