{"seed": 1, "floorplan": [{"rooms": [{"category": "Bedroom", "corners": [[204.0, 204.0], [204.0, 296.0], [296.0, 296.0], [296.0, 204.0], [204.0, 204.0]], "objects": [{"category": "DoubleBed", "position": [258.13603361925357, 262.8598151421183], "size": [64.5611865301616, 69.31383294842219], "angle": -1.5707872226777826}, {"category": "Cabinet", "position": [217.17737794270732, 290.1331189204186], "size": [12.0, 12.0], "angle": 3.141592653589793}, {"category": "CornerSideTable", "position": [267.1231, 210.09660018208822], "size": [12.599999999999966, 12.674820327758795], "angle": 0.0}]}]}]}