{"seed": 1, "floorplan": [{"rooms": [{"category": "Bedroom", "corners": [[197.0, 202.0], [197.0, 298.0], [303.0, 298.0], [303.0, 202.0], [197.0, 202.0]], "objects": [{"category": "DoubleBed", "position": [230.28099651473156, 244.84851178141145], "size": [50.82916301310702, 66.47490329376271], "angle": -1.570805430912011}, {"category": "Nightstand", "position": [203.42812351588196, 211.47077910031993], "size": [10.843719023230292, 16.043156008166505], "angle": -9.104117113669948e-06}, {"category": "CeilingLamp", "position": [240.22390000000001, 248.91069999999996], "size": [15.157668210217077, 15.84530417027095], "angle": -1.5707872226777828}, {"category": "PendantLamp", "position": [203.37100000000004, 217.42386705322724], "size": [30.403177491149297, 3.657093250353725], "angle": -1.5707872226777828}]}]}]}