{"seed": 1, "floorplan": [{"rooms": [{"category": "Bedroom", "corners": [[201.0, 191.0], [201.0, 287.0], [242.0, 287.0], [243.0, 288.0], [243.0, 309.0], [299.0, 309.0], [299.0, 191.0], [201.0, 191.0]], "objects": [{"category": "DoubleBed", "position": [263.0276700976906, 235.59790846669725], "size": [57.2537194891277, 69.89283602249232], "angle": -1.5707872226777826}, {"category": "Nightstand", "position": [291.2283808591054, 197.46623056886332], "size": [17.689391012230498, 17.728721280577894], "angle": -1.5707872226777844}, {"category": "PendantLamp", "position": [244.9255, 235.1005], "size": [21.415874142214992, 20.47044622336587], "angle": -1.57080543091201}]}]}]}