{"seed": 1, "floorplan": [{"rooms": [{"category": "Bedroom", "corners": [[210.0, 207.0], [209.0, 208.0], [209.0, 293.0], [291.0, 293.0], [291.0, 208.0], [272.0, 208.0], [271.0, 207.0], [210.0, 207.0]], "objects": [{"category": "SingleBed", "position": [262.4129535086671, 240.6588044809786], "size": [45.379801940918014, 35.91480102539066], "angle": 0.0}]}]}]}