{"seed": 1, "floorplan": [{"rooms": [{"category": "Bedroom", "corners": [[195.0, 193.0], [195.0, 307.0], [288.0, 307.0], [288.0, 244.0], [289.0, 243.0], [305.0, 243.0], [305.0, 193.0], [195.0, 193.0]], "objects": [{"category": "DoubleBed", "position": [252.4486324819572, 230.1382047378719], "size": [76.47269897460939, 74.0421020507813], "angle": 0.0}, {"category": "Nightstand", "position": [216.66431222992193, 197.94654427252445], "size": [14.192639923095726, 15.803400421142584], "angle": 0.0}, {"category": "PendantLamp", "position": [246.63850000000002, 247.8295], "size": [28.62179946899414, 28.62179946899417], "angle": 0.0}]}]}]}