{"seed": 1, "floorplan": [{"rooms": [{"category": "Bedroom", "corners": [[210.0, 199.0], [210.0, 301.0], [290.0, 301.0], [290.0, 199.0], [271.0, 199.0], [270.0, 200.0], [228.0, 200.0], [227.0, 199.0], [210.0, 199.0]], "objects": [{"category": "DoubleBed", "position": [247.23936904733253, 245.8665710685254], "size": [74.11117581852828, 74.07637630737207], "angle": -9.104117114119888e-06}, {"category": "Nightstand", "position": [216.7661355715895, 208.11011921415516], "size": [14.93359543047686, 17.765711210845886], "angle": -9.104117114314961e-06}]}]}]}