{"seed": 1, "floorplan": [{"rooms": [{"category": "Bedroom", "corners": [[205.0, 189.0], [205.0, 311.0], [295.0, 311.0], [295.0, 189.0], [205.0, 189.0]], "objects": [{"category": "DoubleBed", "position": [241.02216388635298, 240.42925940442035], "size": [58.57733230855161, 71.78015331479153], "angle": -1.5708054309120107}, {"category": "Nightstand", "position": [209.18062699269478, 281.11579609024466], "size": [12.653515620755128, 36.01952882471838], "angle": -9.10411711291566e-06}, {"category": "PendantLamp", "position": [249.9925, 241.00149999999996], "size": [27.645071326225946, 27.645071326225946], "angle": -9.104117113121355e-06}, {"category": "PendantLamp", "position": [218.7694339497878, 277.00149999999996], "size": [26.14548110961914, 23.66705932617191], "angle": 0.0}]}]}]}