{"seed": 1, "floorplan": [{"rooms": [{"category": "Bedroom", "corners": [[193.0, 201.0], [193.0, 299.0], [307.0, 299.0], [307.0, 201.0], [193.0, 201.0]], "objects": [{"category": "PendantLamp", "position": [245.98135000000002, 230.05075527907772], "size": [42.46962793387016, 40.084621706027974], "angle": -0.9702544475838597}, {"category": "DoubleBed", "position": [245.81244461279653, 264.387252198578], "size": [71.41710205078127, 68.56770172119141], "angle": 3.141592653589793}, {"category": "Nightstand", "position": [205.67500966919653, 292.89790998906176], "size": [15.720420455932612, 16.1194198608398], "angle": 3.141592653589793}]}]}]}