{"seed": 1, "floorplan": [{"rooms": [{"category": "Bedroom", "corners": [[198.0, 183.0], [198.0, 318.0], [199.0, 317.0], [240.0, 317.0], [240.0, 279.0], [241.0, 278.0], [302.0, 278.0], [302.0, 183.0], [198.0, 183.0]], "objects": [{"category": "Cabinet", "position": [292.9448323138805, 178.25757339481976], "size": [172.09357116168968, 17.647720405803927], "angle": -1.5707872226777824}, {"category": "Table", "position": [271.1988651268494, 197.43226278362806], "size": [43.81440124511721, 15.247139739990246], "angle": 0.0}, {"category": "DoubleBed", "position": [265.4964957249837, 246.379247001778], "size": [65.45789421785634, 69.57333238125865], "angle": -1.5707872226777824}, {"category": "Armchair", "position": [271.8598672290935, 202.8409427088655], "size": [22.36150139653189, 24.58965955391273], "angle": -0.00718009201781398}]}]}]}