{"seed": 1, "floorplan": [{"rooms": [{"category": "Bedroom", "corners": [[196.0, 205.0], [196.0, 295.0], [304.0, 295.0], [304.0, 205.0], [196.0, 205.0]], "objects": [{"category": "DoubleBed", "position": [255.42461031979144, 263.7379344973894], "size": [51.273600769042986, 56.5332000732422], "angle": 3.141592653589793}, {"category": "CornerSideTable", "position": [289.42267870416237, 285.7892049829939], "size": [17.60370025634768, 17.60370025634768], "angle": 3.141592653589793}, {"category": "PendantLamp", "position": [256.9909, 240.75280000000004], "size": [13.413600540161156, 13.228800201416021], "angle": 0.0}]}]}]}