{"seed": 1, "floorplan": [{"rooms": [{"category": "Bedroom", "corners": [[205.0, 181.0], [205.0, 319.0], [295.0, 319.0], [295.0, 181.0], [205.0, 181.0]], "objects": [{"category": "Cabinet", "position": [287.75949999999995, 210.382], "size": [15.011446862515287, 12.000109250897301], "angle": -1.5707872226777833}, {"category": "Cabinet", "position": [286.97758857671016, 286.0516410163722], "size": [15.011446862515315, 12.000109250897301], "angle": -1.5707872226777833}, {"category": "DoubleBed", "position": [255.8695, 247.94800000000004], "size": [64.08658198956006, 56.00600915516557], "angle": -3.1415835494726796}]}]}]}