{"seed": 1, "floorplan": [{"rooms": [{"category": "Bedroom", "corners": [[192.0, 209.0], [192.0, 291.0], [308.0, 291.0], [308.0, 258.0], [294.0, 258.0], [293.0, 257.0], [293.0, 209.0], [192.0, 209.0]], "objects": [{"category": "DoubleBed", "position": [242.24571259948357, 255.5671410556651], "size": [60.158097839355406, 70.60529937744138], "angle": 3.141592653589793}, {"category": "Nightstand", "position": [205.70250934440506, 287.1267951475263], "size": [13.790190124511724, 10.810770034790039], "angle": 3.141592653589793}, {"category": "Nightstand", "position": [279.5315417998493, 287.47419383532906], "size": [13.790190124511696, 10.810770034790096], "angle": 3.141592653589793}, {"category": "PendantLamp", "position": [243.937, 248.053], "size": [12.021719741821272, 12.023580551147461], "angle": 0.0}]}]}]}