{"seed": 1, "floorplan": [{"rooms": [{"category": "Bedroom", "corners": [[205.0, 198.0], [205.0, 302.0], [295.0, 302.0], [295.0, 198.0], [205.0, 198.0]], "objects": [{"category": "SingleBed", "position": [260.6344, 239.79129999999998], "size": [66.57690770143093, 69.61833553755658], "angle": -3.1415835494726796}]}]}]}