{"seed": 1, "floorplan": [{"rooms": [{"category": "Bedroom", "corners": [[208.0, 184.0], [208.0, 316.0], [292.0, 316.0], [292.0, 184.0], [208.0, 184.0]], "objects": [{"category": "DoubleBed", "position": [259.94774717172595, 257.335], "size": [63.49737984802656, 41.03767372335165], "angle": -3.1415835494726787}, {"category": "Nightstand", "position": [284.6927366882675, 295.71005014345684], "size": [7.339806622262767, 8.91989131247494], "angle": -3.14158354947268}, {"category": "Nightstand", "position": [284.6927366882675, 218.96294985654313], "size": [8.91989131247494, 7.339806622262767], "angle": -1.5707872226777828}]}]}]}