{"seed": 1, "floorplan": [{"rooms": [{"category": "Bedroom", "corners": [[197.0, 195.0], [197.0, 305.0], [303.0, 305.0], [303.0, 195.0], [197.0, 195.0]], "objects": [{"category": "DoubleBed", "position": [233.06815, 256.82215], "size": [67.01731240674597, 56.596113099342816], "angle": -9.104117114034177e-06}, {"category": "Nightstand", "position": [204.5218500015519, 296.721683578426], "size": [17.280156863524287, 14.400131101076802], "angle": -1.5708054309120114}]}]}]}