{"seed": 1, "floorplan": [{"rooms": [{"category": "Bedroom", "corners": [[212.0, 199.0], [212.0, 301.0], [288.0, 301.0], [288.0, 199.0], [212.0, 199.0]], "objects": [{"category": "SingleBed", "position": [244.60549135872037, 221.74229125423395], "size": [64.35058585793684, 45.86111851566407], "angle": -9.104117114097052e-06}, {"category": "Table", "position": [228.30945639733716, 267.05278324295955], "size": [26.61834155024846, 45.407813912632875], "angle": -9.104117114786777e-06}, {"category": "CeilingLamp", "position": [251.93650000000002, 249.0535], "size": [13.188240051269531, 13.18821029663087], "angle": 3.141592653589793}]}]}]}