{"seed": 1, "floorplan": [{"rooms": [{"category": "Bedroom", "corners": [[293.0, 199.0], [292.0, 200.0], [210.0, 200.0], [210.0, 269.0], [209.0, 270.0], [207.0, 270.0], [207.0, 297.0], [209.0, 297.0], [210.0, 298.0], [210.0, 301.0], [211.0, 301.0], [212.0, 300.0], [292.0, 300.0], [293.0, 301.0], [293.0, 199.0]], "objects": [{"category": "DoubleBed", "position": [248.19214766471913, 232.7912733411296], "size": [61.28339996337894, 66.66839904785155], "angle": 0.0}, {"category": "TVStand", "position": [248.1925, 292.7915998329688], "size": [66.75480194091799, 15.306120300293003], "angle": 3.141592653589793}, {"category": "CeilingLamp", "position": [248.19250000000002, 243.7], "size": [15.411149597167963, 14.272080230712902], "angle": 0.0}]}]}]}