{"seed": 1, "floorplan": [{"rooms": [{"category": "Bedroom", "corners": [[200.0, 197.0], [200.0, 302.0], [199.0, 303.0], [300.0, 303.0], [300.0, 198.0], [301.0, 197.0], [200.0, 197.0]], "objects": [{"category": "DoubleBed", "position": [231.32373938630064, 261.32108436549174], "size": [62.8895740214972, 81.86054446571227], "angle": -9.104117114313073e-06}, {"category": "Nightstand", "position": [204.41803204803972, 221.9727190997223], "size": [13.422842540600847, 15.000136563621625], "angle": -9.104117114834899e-06}, {"category": "Nightstand", "position": [204.33330992288356, 298.1700972677936], "size": [13.422842540600847, 15.00013656362171], "angle": -9.104117110600071e-06}, {"category": "Cabinet", "position": [290.27081686197914, 258.3697], "size": [75.421284486688, 19.69331893953567], "angle": -1.570787222677782}]}]}]}