{"seed": 1, "floorplan": [{"rooms": [{"category": "Bedroom", "corners": [[185.0, 209.0], [185.0, 291.0], [315.0, 291.0], [315.0, 209.0], [185.0, 209.0]], "objects": [{"category": "DoubleBed", "position": [219.92010844321368, 253.83784378952703], "size": [69.3360301109579, 62.32436807010853], "angle": -9.10411711367381e-06}, {"category": "Nightstand", "position": [189.29251530583466, 221.4212448834356], "size": [12.900117444714596, 16.5001502199838], "angle": -9.104117114513055e-06}, {"category": "Nightstand", "position": [189.31723530543664, 285.443691424345], "size": [12.900117444714624, 16.5001502199838], "angle": -9.104117116716249e-06}, {"category": "PendantLamp", "position": [243.4015, 250.2535], "size": [10.674330139160162, 13.154279708862362], "angle": 0.0}]}]}]}