{"seed": 1, "floorplan": [{"rooms": [{"category": "Bedroom", "corners": [[214.0, 207.0], [214.0, 293.0], [286.0, 293.0], [286.0, 207.0], [214.0, 207.0]], "objects": [{"category": "DoubleBed", "position": [254.24433233457944, 256.2836161183894], "size": [58.21402944043781, 74.39587537092736], "angle": -1.5707872226777824}, {"category": "CeilingLamp", "position": [250.0255, 255.538], "size": [21.087899780273403, 13.826820373535156], "angle": 0.0}]}]}]}