{"seed": 1, "floorplan": [{"rooms": [{"category": "Bedroom", "corners": [[209.0, 189.0], [208.0, 190.0], [208.0, 311.0], [257.0, 311.0], [257.0, 293.0], [258.0, 292.0], [292.0, 292.0], [292.0, 189.0], [209.0, 189.0]], "objects": [{"category": "DoubleBed", "position": [243.793849222605, 232.52252458337045], "size": [70.3467403013933, 61.823061931430914], "angle": -9.104117114246689e-06}, {"category": "Chair", "position": [212.72286060273316, 198.79848374287872], "size": [13.505943425338284, 12.930507507157168], "angle": -9.1041171145687e-06}, {"category": "Table", "position": [212.1828168548272, 273.5578728714718], "size": [11.608396166246665, 40.78027086721993], "angle": -9.104117112921408e-06}, {"category": "CeilingLamp", "position": [251.64820000000003, 238.6036], "size": [16.65182991027828, 16.48935012817384], "angle": 0.0}]}]}]}