{"seed": 1, "floorplan": [{"rooms": [{"category": "Bedroom", "corners": [[192.0, 200.0], [192.0, 222.0], [191.0, 223.0], [174.0, 223.0], [174.0, 276.0], [191.0, 276.0], [192.0, 277.0], [192.0, 300.0], [326.0, 300.0], [326.0, 200.0], [192.0, 200.0]], "objects": [{"category": "DoubleBed", "position": [253.20960470182382, 263.8876472493848], "size": [62.95680084228516, 69.92369842529297], "angle": 3.141592653589793}, {"category": "Nightstand", "position": [293.1575803239531, 294.0748596919963], "size": [14.59122047424313, 14.54765968322755], "angle": 3.141592653589793}, {"category": "Nightstand", "position": [212.04264649359874, 293.0245152439601], "size": [14.59122047424313, 14.54765968322755], "angle": 3.141592653589793}]}]}]}