{"seed": 1, "floorplan": [{"rooms": [{"category": "Bedroom", "corners": [[201.0, 193.0], [201.0, 307.0], [299.0, 307.0], [299.0, 193.0], [201.0, 193.0]], "objects": [{"category": "DoubleBed", "position": [233.88997603285492, 265.5414688524048], "size": [81.86054446571228, 62.889574021497225], "angle": -1.5708054309120107}, {"category": "Nightstand", "position": [205.3108046291781, 224.80594643454205], "size": [12.475223058220292, 13.425122224441354], "angle": -9.104117115292419e-06}, {"category": "Table", "position": [290.69215, 212.3776], "size": [35.55752434389803, 15.914154742165774], "angle": -1.570787222677783}, {"category": "Nightstand", "position": [205.266565143597, 302.9311628435422], "size": [12.475223058220292, 13.425122224441381], "angle": -9.104117115292419e-06}]}]}]}