{"seed": 1, "floorplan": [{"rooms": [{"category": "Bedroom", "corners": [[215.0, 200.0], [215.0, 300.0], [285.0, 300.0], [285.0, 200.0], [215.0, 200.0]], "objects": [{"category": "DoubleBed", "position": [251.81279549768266, 252.70004858320593], "size": [58.57733230855161, 71.78015331479153], "angle": -1.5708054309120107}, {"category": "CeilingLamp", "position": [249.547, 254.49850000000004], "size": [17.57798995971683, 17.577989959716803], "angle": 0.0}, {"category": "Nightstand", "position": [225.42007216120743, 284.28882837559496], "size": [12.653515620755071, 36.01952882471838], "angle": -9.104117112915702e-06}]}]}]}