{"seed": 1, "floorplan": [{"rooms": [{"category": "Bedroom", "corners": [[191.0, 208.0], [191.0, 285.0], [192.0, 285.0], [193.0, 286.0], [193.0, 292.0], [218.0, 292.0], [218.0, 286.0], [219.0, 285.0], [309.0, 285.0], [309.0, 208.0], [191.0, 208.0]], "objects": [{"category": "SingleBed", "position": [262.22619999999995, 251.89470985971064], "size": [49.74120025634767, 65.69160003662105], "angle": 3.141592653589793}, {"category": "CeilingLamp", "position": [261.41049999999996, 251.79024999999996], "size": [17.69999999999999, 17.700000000000017], "angle": 0.0}]}]}]}