{"seed": 1, "floorplan": [{"rooms": [{"category": "Bedroom", "corners": [[212.0, 184.0], [212.0, 316.0], [288.0, 316.0], [288.0, 184.0], [212.0, 184.0]], "objects": [{"category": "Table", "position": [220.5686660982863, 224.97744015444192], "size": [35.70032502141952, 17.159586536706964], "angle": -1.5708054309120105}, {"category": "DoubleBed", "position": [245.21336789338486, 284.4895], "size": [83.90026640480485, 50.79376382608108], "angle": -3.141583549472679}, {"category": "Chair", "position": [236.54710033363597, 222.02492522922142], "size": [14.1815024325909, 14.146312938179774], "angle": -0.8413710687189632}, {"category": "PendantLamp", "position": [250.0, 274.0075], "size": [16.10279960632326, 16.02107963562014], "angle": 0.0}]}]}]}