{"seed": 1, "floorplan": [{"rooms": [{"category": "Bedroom", "corners": [[208.0, 200.0], [208.0, 300.0], [292.0, 300.0], [292.0, 200.0], [208.0, 200.0]], "objects": [{"category": "DoubleBed", "position": [255.09331756025145, 252.4631538022345], "size": [68.92862588918999, 72.47045806134943], "angle": -1.5707872226777824}, {"category": "Cabinet", "position": [255.0374993693041, 207.30479979451493], "size": [71.47710113525386, 13.847339630126953], "angle": 0.0}, {"category": "PendantLamp", "position": [249.99099999999999, 251.44750000000005], "size": [19.717890930175827, 18.33779983520509], "angle": 0.0}]}]}]}