{"seed": 1, "floorplan": [{"rooms": [{"category": "Bedroom", "corners": [[203.0, 197.0], [203.0, 303.0], [297.0, 303.0], [297.0, 197.0], [203.0, 197.0]], "objects": [{"category": "CeilingLamp", "position": [247.41069999999996, 256.5028], "size": [11.960579681396496, 11.939429855346646], "angle": 0.0}, {"category": "DoubleBed", "position": [259.39203179156834, 258.45529613721885], "size": [58.21402944043784, 74.39587537092736], "angle": -1.5707872226777828}, {"category": "Nightstand", "position": [292.8107771412074, 224.4856967175262], "size": [13.277220868768719, 16.59654124952058], "angle": -3.1415835494726787}, {"category": "Nightstand", "position": [292.9233974963915, 293.5020618851342], "size": [13.277220868768719, 16.596541249520552], "angle": -3.1415835494726805}]}]}]}