{"seed": 1, "floorplan": [{"rooms": [{"category": "Bedroom", "corners": [[209.0, 186.0], [209.0, 314.0], [291.0, 314.0], [291.0, 186.0], [209.0, 186.0]], "objects": [{"category": "DoubleBed", "position": [245.63031606467692, 231.13295947499864], "size": [70.34674030139327, 61.82306193143094], "angle": -9.104117114246694e-06}, {"category": "Nightstand", "position": [216.03435934271812, 268.36923190551084], "size": [11.252322596737637, 11.252322596737637], "angle": -9.104117113570021e-06}, {"category": "Nightstand", "position": [216.32177002229645, 193.66835232877776], "size": [11.252322596737637, 11.252322596737637], "angle": -9.104117113570021e-06}, {"category": "CeilingLamp", "position": [252.5365, 244.54899999999998], "size": [20.952390289306663, 21.000480651855497], "angle": 0.0}]}]}]}