{"seed": 1, "floorplan": [{"rooms": [{"category": "Bedroom", "corners": [[201.0, 206.0], [201.0, 294.0], [299.0, 294.0], [299.0, 206.0], [201.0, 206.0]], "objects": [{"category": "DoubleBed", "position": [241.40063601363894, 262.6887715899288], "size": [81.85979919433595, 62.8890014648438], "angle": 3.141592653589793}, {"category": "CeilingLamp", "position": [243.679, 242.053], "size": [13.18824005126956, 13.18821029663087], "angle": 0.0}]}]}]}