{"seed": 1, "floorplan": [{"rooms": [{"category": "Bedroom", "corners": [[323.0, 153.0], [321.0, 155.0], [321.0, 156.0], [318.0, 159.0], [318.0, 160.0], [315.0, 163.0], [315.0, 164.0], [312.0, 167.0], [312.0, 168.0], [309.0, 171.0], [309.0, 172.0], [306.0, 175.0], [306.0, 176.0], [303.0, 179.0], [303.0, 180.0], [300.0, 183.0], [300.0, 184.0], [297.0, 187.0], [297.0, 188.0], [294.0, 191.0], [294.0, 192.0], [291.0, 195.0], [291.0, 196.0], [288.0, 199.0], [288.0, 200.0], [285.0, 203.0], [285.0, 204.0], [282.0, 207.0], [282.0, 208.0], [279.0, 211.0], [279.0, 212.0], [276.0, 215.0], [276.0, 216.0], [272.0, 220.0], [270.0, 220.0], [269.0, 221.0], [266.0, 221.0], [265.0, 222.0], [263.0, 222.0], [262.0, 223.0], [259.0, 223.0], [258.0, 224.0], [255.0, 224.0], [254.0, 225.0], [251.0, 225.0], [250.0, 226.0], [247.0, 226.0], [246.0, 227.0], [244.0, 227.0], [243.0, 228.0], [240.0, 228.0], [239.0, 229.0], [236.0, 229.0], [235.0, 230.0], [232.0, 230.0], [231.0, 231.0], [229.0, 231.0], [228.0, 232.0], [225.0, 232.0], [224.0, 233.0], [221.0, 233.0], [220.0, 234.0], [217.0, 234.0], [216.0, 235.0], [213.0, 235.0], [212.0, 236.0], [210.0, 236.0], [209.0, 237.0], [206.0, 237.0], [205.0, 238.0], [202.0, 238.0], [201.0, 239.0], [198.0, 239.0], [197.0, 240.0], [194.0, 240.0], [193.0, 241.0], [191.0, 241.0], [190.0, 242.0], [187.0, 242.0], [186.0, 243.0], [183.0, 243.0], [182.0, 244.0], [179.0, 244.0], [178.0, 245.0], [177.0, 245.0], [178.0, 246.0], [178.0, 346.0], [177.0, 347.0], [308.0, 347.0], [308.0, 337.0], [309.0, 336.0], [309.0, 324.0], [310.0, 323.0], [310.0, 311.0], [311.0, 310.0], [311.0, 298.0], [312.0, 297.0], [312.0, 285.0], [313.0, 284.0], [313.0, 271.0], [314.0, 270.0], [314.0, 258.0], [315.0, 257.0], [315.0, 245.0], [316.0, 244.0], [316.0, 232.0], [317.0, 231.0], [317.0, 223.0], [318.0, 222.0], [318.0, 220.0], [319.0, 219.0], [319.0, 218.0], [320.0, 217.0], [320.0, 215.0], [321.0, 214.0], [321.0, 213.0], [322.0, 212.0], [322.0, 156.0], [323.0, 155.0], [323.0, 153.0]], "objects": [{"category": "DoubleBed", "position": [244.21536224811805, 189.3804936150118], "size": [65.34029846191407, 66.45660095214845], "angle": 0.0}, {"category": "Nightstand", "position": [281.6645883354363, 163.53528625315636], "size": [15.202890014648403, 15.717149734497042], "angle": 0.0}, {"category": "Nightstand", "position": [205.95210221522365, 163.53528625315636], "size": [15.202890014648432, 15.717149734497042], "angle": 0.0}, {"category": "Cabinet", "position": [313.2844332743326, 173.92229343810152], "size": [69.1212271299669, 18.500808540495555], "angle": -1.5707872226777817}]}]}]}