{"seed": 1, "floorplan": [{"rooms": [{"category": "Bedroom", "corners": [[298.0, 193.0], [297.0, 194.0], [202.0, 194.0], [202.0, 307.0], [203.0, 306.0], [298.0, 306.0], [298.0, 193.0]], "objects": [{"category": "DoubleBed", "position": [238.31493900541955, 244.50744555656874], "size": [72.55055827789923, 49.233146285452115], "angle": -9.104117113732242e-06}, {"category": "Nightstand", "position": [208.9677378965582, 207.17917442779134], "size": [13.500122907259478, 17.791991662509588], "angle": -9.104117116128733e-06}]}]}]}