{"seed": 1, "floorplan": [{"rooms": [{"category": "Bedroom", "corners": [[208.0, 182.0], [208.0, 318.0], [292.0, 318.0], [292.0, 182.0], [208.0, 182.0]], "objects": [{"category": "DoubleBed", "position": [257.20444306127604, 250.25408588043305], "size": [67.2996132556663, 68.39312449290422], "angle": -1.5707872226777824}, {"category": "Table", "position": [213.7510159180802, 294.253167275499], "size": [17.089445059504744, 39.72875982925295], "angle": -9.104117115276415e-06}, {"category": "Armchair", "position": [226.51485615553958, 291.1586616465941], "size": [16.895685318324812, 15.4792213733241], "angle": -0.0016307030054259018}, {"category": "CeilingLamp", "position": [251.40100000000004, 257.8135], "size": [22.334490966796892, 20.57757110595702], "angle": 0.0}]}]}]}