{"seed": 1, "floorplan": [{"rooms": [{"category": "Bedroom", "corners": [[190.0, 198.0], [190.0, 302.0], [310.0, 302.0], [310.0, 198.0], [190.0, 198.0]], "objects": [{"category": "DoubleBed", "position": [245.0794174003346, 234.19187602080564], "size": [61.82249908447267, 70.34609985351562], "angle": 0.0}, {"category": "Nightstand", "position": [207.23507595303562, 204.6628324190154], "size": [11.252220153808594, 11.252220153808594], "angle": 0.0}, {"category": "TVStand", "position": [242.84649999999996, 294.49], "size": [63.00030212402345, 12.901230239868198], "angle": 3.141592653589793}]}]}]}