{"seed": 1, "floorplan": [{"rooms": [{"category": "Bedroom", "corners": [[200.0, 208.0], [200.0, 292.0], [300.0, 292.0], [300.0, 208.0], [200.0, 208.0]], "objects": [{"category": "DoubleBed", "position": [265.1435008545146, 251.28550215644674], "size": [70.36529846191411, 84.79710388183594], "angle": 0.0}]}]}]}