{"seed": 1, "floorplan": [{"rooms": [{"category": "Bedroom", "corners": [[211.0, 193.0], [211.0, 307.0], [289.0, 307.0], [289.0, 193.0], [211.0, 193.0]], "objects": [{"category": "CeilingLamp", "position": [249.27483726443876, 248.6451727028528], "size": [21.841170501709, 19.753710937500017], "angle": 0.0}, {"category": "SingleBed", "position": [245.4711957955697, 258.24919278544496], "size": [53.324556023909174, 60.32481601482616], "angle": -1.555814303145663}]}]}]}