{"seed": 1, "floorplan": [{"rooms": [{"category": "Bedroom", "corners": [[196.0, 192.0], [196.0, 308.0], [304.0, 308.0], [304.0, 192.0], [196.0, 192.0]], "objects": [{"category": "DoubleBed", "position": [230.93698740021495, 229.80167249697791], "size": [55.2273010253906, 74.23320007324222], "angle": 0.0}, {"category": "Nightstand", "position": [268.85280317636557, 196.29617645691803], "size": [24.08177947998047, 12.243929672241194], "angle": 0.0}]}]}]}