{"seed": 1, "floorplan": [{"rooms": [{"category": "Bedroom", "corners": [[190.0, 196.0], [190.0, 304.0], [224.0, 304.0], [224.0, 277.0], [225.0, 276.0], [310.0, 276.0], [310.0, 250.0], [300.0, 250.0], [299.0, 249.0], [299.0, 196.0], [190.0, 196.0]], "objects": [{"category": "DoubleBed", "position": [238.56597758166453, 230.9058509684497], "size": [62.95680084228513, 69.92369842529303], "angle": 0.0}, {"category": "Nightstand", "position": [199.61230380295086, 205.16368963884213], "size": [13.13093948364255, 10.769160461425741], "angle": 0.0}, {"category": "PendantLamp", "position": [237.06850000000003, 234.397], "size": [36.3618003845215, 9.378239822387712], "angle": 0.0}]}]}]}