{"seed": 1, "floorplan": [{"rooms": [{"category": "Bedroom", "corners": [[210.0, 195.0], [210.0, 305.0], [289.0, 305.0], [289.0, 253.0], [290.0, 252.0], [290.0, 195.0], [210.0, 195.0]], "objects": [{"category": "DoubleBed", "position": [258.8873526217625, 247.07054089031925], "size": [58.29211873698267, 60.65971890201622], "angle": -0.008824431200851681}, {"category": "Cabinet", "position": [281.08393327684183, 281.53672321458157], "size": [12.516053660661441, 10.319493593250204], "angle": -1.5707872226777826}, {"category": "PendantLamp", "position": [247.9609704364973, 253.6165275423119], "size": [23.250629425048828, 7.498860168457043], "angle": 0.0}]}]}]}