{"seed": 1, "floorplan": [{"rooms": [{"category": "Bedroom", "corners": [[209.0, 200.0], [209.0, 299.0], [208.0, 300.0], [291.0, 300.0], [291.0, 201.0], [292.0, 200.0], [209.0, 200.0]], "objects": [{"category": "DoubleBed", "position": [240.5486052449519, 238.5168971670829], "size": [63.6806792463055, 61.905565429137916], "angle": -9.104117113705752e-06}]}]}]}