{"seed": 1, "floorplan": [{"rooms": [{"category": "Bedroom", "corners": [[187.0, 200.0], [187.0, 300.0], [313.0, 300.0], [313.0, 200.0], [187.0, 200.0]], "objects": [{"category": "CeilingLamp", "position": [250.15599999999995, 251.053], "size": [23.22071914672847, 23.22071914672847], "angle": 3.141592653589793}, {"category": "Nightstand", "position": [267.3955868103649, 205.9371445175679], "size": [15.202890014648403, 15.71714973449707], "angle": 0.0}, {"category": "Nightstand", "position": [197.57946689683536, 205.91211366844692], "size": [15.202890014648432, 15.71714973449707], "angle": 0.0}, {"category": "DoubleBed", "position": [232.92865286656337, 238.18276378903113], "size": [64.0281005859375, 70.63289794921874], "angle": 0.0}]}]}]}