{"seed": 1, "floorplan": [{"rooms": [{"category": "Bedroom", "corners": [[209.0, 191.0], [209.0, 308.0], [208.0, 309.0], [279.0, 309.0], [279.0, 282.0], [280.0, 281.0], [291.0, 281.0], [291.0, 193.0], [292.0, 192.0], [292.0, 191.0], [209.0, 191.0]], "objects": [{"category": "DoubleBed", "position": [256.5881507873535, 249.57159957885742], "size": [69.92433502752604, 62.957374016200504], "angle": -3.1415835494726787}]}]}]}