{"seed": 1, "floorplan": [{"rooms": [{"category": "Bedroom", "corners": [[211.0, 204.0], [211.0, 296.0], [289.0, 296.0], [289.0, 204.0], [211.0, 204.0]], "objects": [{"category": "DoubleBed", "position": [257.43964208763134, 262.41126523814984], "size": [60.14909820556642, 66.4136993408203], "angle": 3.141592653589793}, {"category": "Table", "position": [262.29993220521146, 216.66641726370858], "size": [52.830601501464855, 24.199859619140625], "angle": 0.0}, {"category": "Cabinet", "position": [217.65964997863756, 235.37380000000002], "size": [12.215181170494027, 29.4002676646984], "angle": -9.104117115428576e-06}, {"category": "CeilingLamp", "position": [261.9244, 254.7577], "size": [15.176729965209944, 13.143420410156267], "angle": 0.0}]}]}]}