{"seed": 1, "floorplan": [{"rooms": [{"category": "Bedroom", "corners": [[210.0, 188.0], [210.0, 260.0], [209.0, 261.0], [184.0, 261.0], [184.0, 312.0], [316.0, 312.0], [316.0, 188.0], [210.0, 188.0]], "objects": [{"category": "Chair", "position": [290.8819, 200.38735000000003], "size": [14.94533958435062, 18.42374954223635], "angle": 0.0}, {"category": "Cabinet", "position": [259.75030000000004, 305.55775], "size": [30.76590042114259, 9.983490371704079], "angle": 3.141592653589793}, {"category": "DoubleBed", "position": [240.81009999999998, 225.39355], "size": [58.57679901123046, 71.77949981689449], "angle": 0.0}, {"category": "Armchair", "position": [257.5816, 279.28555000000006], "size": [15.686939620971714, 16.768770217895508], "angle": 0.0}]}]}]}