{"seed": 1, "floorplan": [{"rooms": [{"category": "Bedroom", "corners": [[200.0, 200.0], [200.0, 300.0], [300.0, 300.0], [300.0, 200.0], [200.0, 200.0]], "objects": [{"category": "DoubleBed", "position": [264.4831501131422, 234.5494158156572], "size": [69.88143760328967, 71.87405523170126], "angle": -1.5707872226777821}, {"category": "CornerSideTable", "position": [291.70000000000005, 268.1173], "size": [12.912300109863338, 12.912300109863338], "angle": 0.0}, {"category": "Sofa", "position": [222.07276162368007, 236.21683887186896], "size": [14.279859467774651, 14.280129550799934], "angle": -1.5707872226777821}]}]}]}