{"seed": 1, "floorplan": [{"rooms": [{"category": "Bedroom", "corners": [[262.0, 183.0], [262.0, 189.0], [261.0, 190.0], [207.0, 190.0], [207.0, 310.0], [228.0, 310.0], [229.0, 311.0], [229.0, 317.0], [282.0, 317.0], [282.0, 311.0], [283.0, 310.0], [293.0, 310.0], [293.0, 190.0], [290.0, 190.0], [289.0, 189.0], [289.0, 184.0], [290.0, 183.0], [262.0, 183.0]], "objects": [{"category": "DoubleBed", "position": [241.47600728591823, 257.57308999127747], "size": [71.4177522493215, 68.56832597810306], "angle": -1.570805430912011}, {"category": "Nightstand", "position": [211.04241401288064, 220.6851033444774], "size": [12.767966735978385, 14.844375334145354], "angle": -9.104117113269011e-06}, {"category": "Nightstand", "position": [211.00193343340902, 293.333319379978], "size": [12.767966735978414, 14.84437533414544], "angle": -9.104117113268991e-06}, {"category": "PendantLamp", "position": [232.60573237711606, 289.2472], "size": [47.269798278808594, 30.862200164794956], "angle": 0.0}]}]}]}