{"seed": 1, "floorplan": [{"rooms": [{"category": "Bedroom", "corners": [[196.0, 209.0], [196.0, 291.0], [304.0, 291.0], [304.0, 209.0], [196.0, 209.0]], "objects": [{"category": "DoubleBed", "position": [259.66496835845834, 258.8178996472804], "size": [62.62739868164064, 62.906401062011696], "angle": 3.141592653589793}, {"category": "Nightstand", "position": [226.55950104093128, 283.8219087975439], "size": [14.309519577026379, 11.765880203247093], "angle": 3.141592653589793}, {"category": "Nightstand", "position": [291.31899999999996, 284.335], "size": [14.309519577026379, 11.765880203247093], "angle": 3.141592653589793}, {"category": "CeilingLamp", "position": [257.83599999999996, 246.54999999999998], "size": [18.592589950561518, 18.595109939575195], "angle": 0.0}]}]}]}