{"seed": 1, "floorplan": [{"rooms": [{"category": "Bedroom", "corners": [[200.0, 206.0], [200.0, 294.0], [300.0, 294.0], [300.0, 206.0], [200.0, 206.0]], "objects": [{"category": "Nightstand", "position": [229.18799223446206, 212.86221004371518], "size": [15.000719833374035, 10.761809921264643], "angle": 0.0}, {"category": "CeilingLamp", "position": [256.15930000000003, 250.38189999999997], "size": [20.66166000366212, 20.7099609375], "angle": 0.0}, {"category": "DoubleBed", "position": [267.011012417748, 239.00488351410456], "size": [60.88710021972656, 65.97030029296874], "angle": 0.0}]}]}]}