{"seed": 1, "floorplan": [{"rooms": [{"category": "Bedroom", "corners": [[196.0, 203.0], [195.0, 204.0], [195.0, 297.0], [304.0, 297.0], [304.0, 214.0], [305.0, 213.0], [305.0, 203.0], [196.0, 203.0]], "objects": [{"category": "Nightstand", "position": [277.3914097271955, 211.1499020748413], "size": [12.001259994506768, 9.099540138244663], "angle": 0.0}, {"category": "Nightstand", "position": [210.12398195816735, 210.91662623040315], "size": [12.001259994506881, 9.099540138244635], "angle": 0.0}, {"category": "DoubleBed", "position": [242.11901357125646, 235.23128033220917], "size": [50.52089996337895, 63.39689941406249], "angle": 0.0}]}]}]}