{"seed": 1, "floorplan": [{"rooms": [{"category": "Bedroom", "corners": [[310.0, 156.0], [309.0, 157.0], [190.0, 157.0], [190.0, 336.0], [195.0, 336.0], [196.0, 337.0], [196.0, 344.0], [197.0, 343.0], [223.0, 343.0], [223.0, 337.0], [224.0, 336.0], [310.0, 336.0], [310.0, 156.0]], "objects": [{"category": "Table", "position": [302.03968358845634, 178.72749999999996], "size": [43.587696939167344, 15.611811672814099], "angle": -1.5707872226777817}, {"category": "Chair", "position": [285.3763, 179.01549999999997], "size": [13.962066733840985, 13.139999236790795], "angle": -9.104117112099713e-06}, {"category": "DoubleBed", "position": [275.22516705283505, 248.18769999999995], "size": [64.1078819271304, 68.97272724284412], "angle": -1.5707872226777821}, {"category": "PendantLamp", "position": [250.0, 246.39999999999998], "size": [37.48499908447263, 37.48499908447263], "angle": 0.0}]}]}]}