{"seed": 1, "floorplan": [{"rooms": [{"category": "Bedroom", "corners": [[209.0, 197.0], [209.0, 302.0], [208.0, 303.0], [291.0, 303.0], [291.0, 198.0], [292.0, 197.0], [209.0, 197.0]], "objects": [{"category": "PendantLamp", "position": [250.45749999999998, 243.7165], "size": [20.316629791259743, 20.85401916503909], "angle": 3.141592653589793}, {"category": "DoubleBed", "position": [256.9518704451434, 241.7727128623581], "size": [53.29050103394944, 68.61690561386008], "angle": -1.5662849317187844}, {"category": "Nightstand", "position": [284.40046353932144, 205.50713626818214], "size": [17.59270014475892, 13.590903991923518], "angle": -1.570787222677784}, {"category": "Nightstand", "position": [286.99547994604336, 276.6416650183555], "size": [17.59270014475886, 13.590903991923575], "angle": -1.570787222677784}]}]}]}