{"seed": 1, "floorplan": [{"rooms": [{"category": "Bedroom", "corners": [[204.0, 194.0], [204.0, 306.0], [297.0, 306.0], [297.0, 194.0], [204.0, 194.0]], "objects": [{"category": "DoubleBed", "position": [246.96497053865974, 226.9581577566653], "size": [60.88710021972659, 65.97030029296874], "angle": 0.0}, {"category": "Cabinet", "position": [282.08950000000004, 200.02030000000002], "size": [16.391970062255893, 9.241440010070818], "angle": 0.0}, {"category": "Cabinet", "position": [209.09860615411117, 196.4445204072748], "size": [16.391970062255865, 9.241440010070818], "angle": 0.0}, {"category": "PendantLamp", "position": [244.0, 250.0], "size": [58.45042990809487, 3.600032775269179], "angle": -1.5707872226777824}]}]}]}