{"seed": 1, "floorplan": [{"rooms": [{"category": "Bedroom", "corners": [[198.0, 196.0], [198.0, 304.0], [302.0, 304.0], [302.0, 196.0], [198.0, 196.0]], "objects": [{"category": "DoubleBed", "position": [231.04533294700454, 249.80349999999999], "size": [66.04770061293792, 55.32050181556526], "angle": -9.104117114257912e-06}, {"category": "CeilingLamp", "position": [254.03050000000002, 246.70749999999998], "size": [17.072820281982445, 17.072820281982445], "angle": 0.0}, {"category": "Nightstand", "position": [205.2912330933646, 287.73549999999994], "size": [15.871374048728526, 14.724253619810693], "angle": -1.5708054309120099}]}]}]}