{"seed": 1, "floorplan": [{"rooms": [{"category": "Bedroom", "corners": [[189.0, 178.0], [189.0, 209.0], [205.0, 209.0], [206.0, 210.0], [206.0, 322.0], [311.0, 322.0], [311.0, 178.0], [189.0, 178.0]], "objects": [{"category": "Nightstand", "position": [222.93249999999998, 304.6885], "size": [19.842990712327452, 18.425117772659465], "angle": -9.104117112101437e-06}, {"category": "DoubleBed", "position": [244.81689223368318, 262.0290970651847], "size": [76.84149547559606, 69.50163220456314], "angle": -9.104117114218637e-06}, {"category": "Nightstand", "position": [219.72403896290677, 216.2853707642102], "size": [19.842990712327424, 18.425117772659437], "angle": -9.10411711496611e-06}, {"category": "PendantLamp", "position": [257.63349999999997, 248.6365], "size": [49.93650054931638, 5.961240005493153], "angle": 0.0}]}]}]}