{"seed": 1, "floorplan": [{"rooms": [{"category": "Bedroom", "corners": [[193.0, 173.0], [193.0, 327.0], [219.0, 327.0], [219.0, 294.0], [221.0, 292.0], [307.0, 292.0], [307.0, 173.0], [193.0, 173.0]], "objects": [{"category": "Table", "position": [202.81431912671093, 195.12889011549166], "size": [19.592488706375672, 47.0887282637952], "angle": -9.104117113371904e-06}, {"category": "Armchair", "position": [216.06103618221817, 191.14013261546967], "size": [11.943004923888424, 11.827865588982556], "angle": -0.3138531581207567}, {"category": "DoubleBed", "position": [275.0197, 226.22994999999997], "size": [60.66025379865461, 58.2926327561525], "angle": -1.5707872226777821}, {"category": "TVStand", "position": [200.37043501134883, 237.88481029300422], "size": [15.574851497455628, 66.00060087993528], "angle": -9.10411711447776e-06}]}]}]}