{"seed": 1, "floorplan": [{"rooms": [{"category": "Bedroom", "corners": [[186.0, 204.0], [186.0, 296.0], [314.0, 296.0], [314.0, 204.0], [186.0, 204.0]], "objects": [{"category": "DoubleBed", "position": [256.6842234061095, 240.26782498878336], "size": [68.92799835205079, 72.46979827880858], "angle": 0.0}, {"category": "Nightstand", "position": [295.7619081615411, 207.24960559202555], "size": [11.520000457763615, 11.520000457763672], "angle": 0.0}, {"category": "PendantLamp", "position": [267.92650000000003, 253.78900000000002], "size": [15.303210067748978, 15.08414955139159], "angle": 0.0}]}]}]}