{"seed": 1, "floorplan": [{"rooms": [{"category": "Bedroom", "corners": [[203.0, 212.0], [203.0, 230.0], [204.0, 231.0], [204.0, 246.0], [203.0, 247.0], [202.0, 247.0], [202.0, 288.0], [299.0, 288.0], [299.0, 212.0], [203.0, 212.0]], "objects": [{"category": "DoubleBed", "position": [266.3352839356067, 244.62737210987785], "size": [62.71317318455896, 65.52179860824577], "angle": -3.1415835494726796}, {"category": "Table", "position": [209.8254747724065, 234.46462891502597], "size": [12.670824967184918, 38.87585594611673], "angle": -9.104117113779388e-06}, {"category": "Sofa", "position": [222.76062641256652, 233.85891764123727], "size": [13.648923776736662, 13.195679827944218], "angle": -9.104117116206376e-06}, {"category": "CeilingLamp", "position": [249.4294, 247.60389999999998], "size": [18.592589950561518, 18.595109939575167], "angle": 0.0}]}]}]}