{"seed": 1, "floorplan": [{"rooms": [{"category": "Bedroom", "corners": [[210.0, 196.0], [210.0, 303.0], [209.0, 304.0], [290.0, 304.0], [290.0, 197.0], [291.0, 196.0], [210.0, 196.0]], "objects": [{"category": "DoubleBed", "position": [254.15396135373402, 256.3165], "size": [58.57733230855164, 71.78015331479153], "angle": -1.5707872226777826}, {"category": "Nightstand", "position": [284.0808737960484, 222.85539972278093], "size": [9.28037433069761, 6.962403360273813], "angle": -1.5707872226777875}, {"category": "Nightstand", "position": [284.0808737960484, 289.87060027721907], "size": [9.280374330697668, 6.962403360273813], "angle": -1.5707872226777875}, {"category": "PendantLamp", "position": [250.00150000000002, 258.9925], "size": [20.21954956054688, 20.220119476318388], "angle": 0.0}]}]}]}