{"seed": 1, "floorplan": [{"rooms": [{"category": "Bedroom", "corners": [[198.0, 196.0], [198.0, 304.0], [302.0, 304.0], [302.0, 196.0], [198.0, 196.0]], "objects": [{"category": "DoubleBed", "position": [232.18675, 261.63175], "size": [51.27406757628399, 56.5337147651452], "angle": -1.570805430912011}, {"category": "PendantLamp", "position": [258.34105, 255.37885], "size": [20.219549560546852, 20.22011947631836], "angle": 0.0}]}]}]}