{"seed": 1, "floorplan": [{"rooms": [{"category": "Bedroom", "corners": [[202.0, 198.0], [202.0, 302.0], [298.0, 302.0], [298.0, 198.0], [202.0, 198.0]], "objects": [{"category": "DoubleBed", "position": [236.53750000000002, 250.1485], "size": [56.596113099342816, 67.017312406746], "angle": -1.5708054309120105}, {"category": "Nightstand", "position": [210.45550000000003, 211.1845], "size": [12.00010925089733, 15.011417107605682], "angle": -9.104117112970783e-06}, {"category": "Nightstand", "position": [210.45550000000003, 289.4275], "size": [12.00010925089733, 15.011417107605626], "angle": -9.104117112970783e-06}, {"category": "CeilingLamp", "position": [240.69250000000005, 249.29350000000002], "size": [22.71608963012696, 22.761000823974598], "angle": 0.0}]}]}]}