{"seed": 1, "floorplan": [{"rooms": [{"category": "Bedroom", "corners": [[186.0, 211.0], [186.0, 289.0], [314.0, 289.0], [314.0, 211.0], [186.0, 211.0]], "objects": [{"category": "Nightstand", "position": [220.81989094419168, 216.9206283364496], "size": [9.149039840698237, 9.069750022888172], "angle": 0.0}, {"category": "DoubleBed", "position": [259.0240869286937, 247.6408827783903], "size": [68.92799835205079, 72.46979827880858], "angle": 0.0}, {"category": "Nightstand", "position": [300.2687430632001, 214.31599243238], "size": [9.149039840698208, 9.069750022888172], "angle": 0.0}]}]}]}