{"seed": 1, "floorplan": [{"rooms": [{"category": "Bedroom", "corners": [[209.0, 208.0], [209.0, 292.0], [291.0, 292.0], [291.0, 208.0], [209.0, 208.0]], "objects": [{"category": "SingleBed", "position": [267.5075161484551, 239.30572255726875], "size": [62.15066806342315, 47.6485325546782], "angle": -1.5707872226777821}, {"category": "Table", "position": [226.66436930278294, 228.7715193226294], "size": [40.10910186767575, 40.109101867675776], "angle": 0.0}, {"category": "CeilingLamp", "position": [250.0, 251.01250000000005], "size": [17.577989959716774, 17.577989959716803], "angle": 0.0}]}]}]}