{"seed": 1, "floorplan": [{"rooms": [{"category": "Bedroom", "corners": [[183.0, 206.0], [183.0, 294.0], [317.0, 294.0], [317.0, 206.0], [183.0, 206.0]], "objects": [{"category": "DoubleBed", "position": [257.7818612502388, 258.25874440163403], "size": [58.57679901123049, 71.77949981689457], "angle": 3.141592653589793}, {"category": "Nightstand", "position": [212.68980241419825, 289.7695973473651], "size": [36.01865272779058, 12.653207851427704], "angle": -3.134552558694315}, {"category": "Nightstand", "position": [302.00381796562016, 289.89317322779124], "size": [12.653207851427647, 36.01865272779064], "angle": -1.563756231899421}]}]}]}