{"seed": 1, "floorplan": [{"rooms": [{"category": "Bedroom", "corners": [[209.0, 191.0], [209.0, 309.0], [291.0, 309.0], [291.0, 191.0], [209.0, 191.0]], "objects": [{"category": "DoubleBed", "position": [259.62688811173916, 264.16109161670806], "size": [62.627968856599175, 62.906973777075294], "angle": -1.5707872226777821}, {"category": "Nightstand", "position": [285.3112332204183, 230.37550000000002], "size": [14.309649854347535, 11.765987322661212], "angle": -1.5707872226777808}, {"category": "Nightstand", "position": [285.2726933173309, 300.0623013260733], "size": [11.765987322661212, 14.309649854347564], "angle": -3.141583549472678}, {"category": "PendantLamp", "position": [247.7935, 259.3045], "size": [13.464810562133806, 13.485300064086914], "angle": 0.0}]}]}]}