{"seed": 1, "floorplan": [{"rooms": [{"category": "Bedroom", "corners": [[185.0, 207.0], [185.0, 293.0], [315.0, 293.0], [315.0, 207.0], [185.0, 207.0]], "objects": [{"category": "Nightstand", "position": [309.7219934150329, 207.88439483768775], "size": [9.280289840698288, 6.962339973449701], "angle": 0.0}, {"category": "Table", "position": [234.96696196056655, 214.50390834435632], "size": [41.99999999999997, 18.285270309448237], "angle": 0.0}, {"category": "CeilingLamp", "position": [259.39, 246.829], "size": [17.092649459838867, 15.837570190429688], "angle": 0.0}, {"category": "DoubleBed", "position": [278.4404312614786, 243.34465271118796], "size": [58.576799011230435, 71.77949981689451], "angle": 0.0}]}]}]}