{"seed": 1, "floorplan": [{"rooms": [{"category": "Bedroom", "corners": [[275.0, 188.0], [275.0, 207.0], [274.0, 208.0], [196.0, 208.0], [196.0, 312.0], [304.0, 312.0], [304.0, 188.0], [275.0, 188.0]], "objects": [{"category": "DoubleBed", "position": [227.64300161482805, 239.99409830784657], "size": [63.142174892992934, 58.232330998659656], "angle": -9.104117114287907e-06}, {"category": "Table", "position": [212.47332303264596, 290.1100046255635], "size": [17.982344118775178, 35.92832773806157], "angle": -9.104117112751423e-06}, {"category": "Chair", "position": [234.47702062961466, 291.0842094922551], "size": [20.06757161436943, 16.853942961232725], "angle": -1.5707872226777821}]}]}]}