{"seed": 1, "floorplan": [{"rooms": [{"category": "Bedroom", "corners": [[196.0, 194.0], [196.0, 210.0], [197.0, 211.0], [197.0, 259.0], [196.0, 260.0], [197.0, 261.0], [197.0, 305.0], [196.0, 306.0], [303.0, 306.0], [303.0, 211.0], [304.0, 210.0], [304.0, 194.0], [196.0, 194.0]], "objects": [{"category": "CeilingLamp", "position": [244.43650000000002, 257.63800000000003], "size": [23.7541488647461, 25.052368927001936], "angle": 0.0}, {"category": "DoubleBed", "position": [270.88617868910467, 255.83246186653284], "size": [62.627968856599175, 62.90697377707532], "angle": -1.5707872226777821}, {"category": "Table", "position": [291.6564995995651, 225.5854939444102], "size": [64.43878856524518, 25.166269919713603], "angle": -1.5707872226777828}]}]}]}