{"seed": 1, "floorplan": [{"rooms": [{"category": "Bedroom", "corners": [[209.0, 212.0], [209.0, 288.0], [291.0, 288.0], [291.0, 212.0], [209.0, 212.0]], "objects": [{"category": "DoubleBed", "position": [257.3462365288816, 244.19150119891285], "size": [60.530467844055885, 65.02809653262973], "angle": -1.5607493739102398}, {"category": "PendantLamp", "position": [250.76799999999997, 248.821], "size": [31.66560058593751, 31.66560058593751], "angle": 0.0}]}]}]}