{"seed": 1, "floorplan": [{"rooms": [{"category": "Bedroom", "corners": [[207.0, 164.0], [207.0, 336.0], [293.0, 336.0], [293.0, 212.0], [263.0, 212.0], [262.0, 211.0], [262.0, 164.0], [207.0, 164.0]], "objects": [{"category": "DoubleBed", "position": [257.81817687173304, 274.797300827109], "size": [62.957374016200504, 69.924335027526], "angle": -1.5707872226777826}, {"category": "Nightstand", "position": [285.7753876102462, 231.16060947940542], "size": [14.591353316237276, 14.547792128633732], "angle": -1.5707872226777804}, {"category": "Nightstand", "position": [285.775374317917, 315.01156767044375], "size": [14.591353316237248, 14.547792128633732], "angle": -1.5707872226777844}, {"category": "PendantLamp", "position": [248.73674483807952, 270.6616900047012], "size": [24.73124999999999, 24.70952911376952], "angle": 0.0}]}]}]}