{"seed": 1, "floorplan": [{"rooms": [{"category": "Bedroom", "corners": [[211.0, 196.0], [211.0, 304.0], [289.0, 304.0], [289.0, 196.0], [211.0, 196.0]], "objects": [{"category": "SingleBed", "position": [257.5734992676678, 263.8975], "size": [69.67953452001483, 60.29815028228022], "angle": -1.5707872226777824}, {"category": "Table", "position": [266.3416111955955, 203.92067799496704], "size": [44.17859802246093, 15.4290596008301], "angle": 0.0}, {"category": "CeilingLamp", "position": [251.7685, 250.4905], "size": [22.334490966796864, 20.577571105957077], "angle": 0.0}]}]}]}