{"seed": 1, "floorplan": [{"rooms": [{"category": "Bedroom", "corners": [[249.0, 192.0], [249.0, 209.0], [248.0, 210.0], [209.0, 210.0], [209.0, 308.0], [227.0, 308.0], [228.0, 307.0], [291.0, 307.0], [291.0, 192.0], [249.0, 192.0]], "objects": [{"category": "DoubleBed", "position": [256.4387837898304, 261.2419941632455], "size": [60.88765455058774, 65.97090090251072], "angle": -1.5707872226777826}, {"category": "CeilingLamp", "position": [245.32734074392576, 258.3574248803387], "size": [18.179999542236345, 18.179999542236317], "angle": 0.0}]}]}]}