{"seed": 1, "floorplan": [{"rooms": [{"category": "Bedroom", "corners": [[195.0, 214.0], [195.0, 247.0], [205.0, 247.0], [206.0, 248.0], [206.0, 286.0], [305.0, 286.0], [305.0, 214.0], [195.0, 214.0]], "objects": [{"category": "CeilingLamp", "position": [266.644, 251.8], "size": [16.615889739990223, 16.61588973999028], "angle": 0.0}, {"category": "Table", "position": [242.12997972088067, 276.37020173169657], "size": [57.08880157470708, 20.95028915405271], "angle": 3.141592653589793}, {"category": "DoubleBed", "position": [277.8139051156136, 252.1200863842247], "size": [54.19439849853512, 65.96999816894527], "angle": 3.141592653589793}]}]}]}