{"seed": 1, "floorplan": [{"rooms": [{"category": "Bedroom", "corners": [[201.0, 200.0], [201.0, 300.0], [299.0, 300.0], [299.0, 200.0], [201.0, 200.0]], "objects": [{"category": "DoubleBed", "position": [236.49866579234526, 258.067], "size": [69.92433502752606, 62.957374016200504], "angle": -9.104117114327975e-06}, {"category": "PendantLamp", "position": [251.6905, 257.932], "size": [28.869149780273432, 27.912659454345686], "angle": 0.0}]}]}]}