{"seed": 1, "floorplan": [{"rooms": [{"category": "Bedroom", "corners": [[203.0, 201.0], [203.0, 299.0], [297.0, 299.0], [297.0, 201.0], [203.0, 201.0]], "objects": [{"category": "DoubleBed", "position": [263.825531112166, 249.1135], "size": [56.68641696103424, 57.6257245238697], "angle": -1.5707872226777821}, {"category": "Nightstand", "position": [286.86753891897183, 211.76326525973883], "size": [11.906028804530266, 12.042799535186303], "angle": -1.5707872226777804}, {"category": "Nightstand", "position": [286.16854425127093, 285.11973474026115], "size": [11.906028804530266, 12.04279953518636], "angle": -1.5707872226777804}]}]}]}