{"seed": 1, "floorplan": [{"rooms": [{"category": "Bedroom", "corners": [[249.0, 171.0], [249.0, 204.0], [248.0, 205.0], [213.0, 205.0], [213.0, 329.0], [281.0, 329.0], [281.0, 303.0], [282.0, 302.0], [287.0, 302.0], [287.0, 171.0], [249.0, 171.0]], "objects": [{"category": "Table", "position": [222.0023107280382, 300.85521131780285], "size": [15.631401847504053, 33.58920503240538], "angle": -9.104117113292591e-06}, {"category": "DoubleBed", "position": [235.74883691760365, 247.33366858642125], "size": [83.08185990605074, 43.82349773095468], "angle": -1.5708054309120107}, {"category": "Table", "position": [219.50635401942264, 301.19866296913705], "size": [15.631401847504053, 33.58920503240544], "angle": -9.104117113292591e-06}, {"category": "Chair", "position": [237.3376201004598, 304.14198865073354], "size": [10.132802135280796, 10.363984049567932], "angle": -3.1415835494726787}]}]}]}