{"seed": 1, "floorplan": [{"rooms": [{"category": "Bedroom", "corners": [[250.0, 192.0], [250.0, 209.0], [249.0, 210.0], [210.0, 210.0], [210.0, 308.0], [290.0, 308.0], [290.0, 192.0], [250.0, 192.0]], "objects": [{"category": "DoubleBed", "position": [254.54005278400274, 257.785684327167], "size": [62.957374016200504, 69.92433502752604], "angle": -1.5707872226777821}, {"category": "Nightstand", "position": [284.76392577661693, 295.72427277521797], "size": [14.591353316237305, 14.547792128633732], "angle": -1.5707872226777844}, {"category": "Nightstand", "position": [285.0405514112957, 222.22137066613402], "size": [14.591353316237333, 14.547792128633732], "angle": -1.5707872226777804}, {"category": "PendantLamp", "position": [247.36251562037342, 257.4216159562451], "size": [31.477800750732456, 31.4778007507324], "angle": 0.0}]}]}]}