{"seed": 1, "floorplan": [{"rooms": [{"category": "Bedroom", "corners": [[208.0, 189.0], [208.0, 311.0], [292.0, 311.0], [292.0, 209.0], [241.0, 209.0], [240.0, 208.0], [240.0, 189.0], [208.0, 189.0]], "objects": [{"category": "Nightstand", "position": [286.09772681626913, 298.4343803964928], "size": [17.32875807504034, 12.576924194694833], "angle": -1.5707872226777813}, {"category": "PendantLamp", "position": [250.012, 266.41150000000005], "size": [28.62179946899414, 28.621799468994197], "angle": 0.0}, {"category": "DoubleBed", "position": [258.4754628063457, 261.28072387801797], "size": [68.11322234746275, 67.72321788127292], "angle": -1.5707872226777821}]}]}]}