{"seed": 1, "floorplan": [{"rooms": [{"category": "Bedroom", "corners": [[325.0, 205.0], [324.0, 206.0], [175.0, 206.0], [175.0, 295.0], [176.0, 294.0], [309.0, 294.0], [309.0, 233.0], [310.0, 232.0], [325.0, 232.0], [325.0, 205.0]], "objects": [{"category": "DoubleBed", "position": [234.67749999999995, 257.54535055995314], "size": [48.48659820556642, 66.67650146484374], "angle": 3.141592653589793}, {"category": "Nightstand", "position": [270.558300536322, 286.34478513480343], "size": [16.417469787597668, 10.5], "angle": 3.141592653589793}, {"category": "Nightstand", "position": [199.888699463678, 286.34478513480343], "size": [16.41746978759764, 10.5], "angle": 3.141592653589793}, {"category": "PendantLamp", "position": [235.88949999999994, 250.00000000000006], "size": [25.91558990478515, 5.196120071411144], "angle": 0.0}]}]}]}