{"seed": 1, "floorplan": [{"rooms": [{"category": "Bedroom", "corners": [[203.0, 202.0], [203.0, 298.0], [297.0, 298.0], [297.0, 202.0], [203.0, 202.0]], "objects": [{"category": "DoubleBed", "position": [265.2152560207603, 237.51628781744398], "size": [61.82249908447264, 70.3460998535156], "angle": 0.0}, {"category": "Table", "position": [289.4893235574793, 283.2162347132359], "size": [35.145020588398495, 18.177015614606045], "angle": -1.5707872226777835}, {"category": "CeilingLamp", "position": [249.05200000000002, 250.85949999999997], "size": [13.218929856510751, 13.17344947724017], "angle": -9.104117115123288e-06}, {"category": "Chair", "position": [239.01675614444525, 206.0210686965393], "size": [12.930389785766607, 13.505820465087908], "angle": 0.0}]}]}]}