{"seed": 1, "floorplan": [{"rooms": [{"category": "Bedroom", "corners": [[189.0, 210.0], [189.0, 290.0], [311.0, 290.0], [311.0, 210.0], [189.0, 210.0]], "objects": [{"category": "SingleBed", "position": [288.6767749553289, 250.0653387283458], "size": [76.63989909677362, 43.83610007957517], "angle": -1.5707872226777828}, {"category": "Cabinet", "position": [252.37249829348625, 218.47692332540893], "size": [37.64309921264649, 14.98898963928221], "angle": 0.0}, {"category": "Chair", "position": [252.90340683081894, 235.62788874639938], "size": [17.357040023803705, 15.801480102539045], "angle": 3.141592653589793}]}]}]}