{"seed": 1, "floorplan": [{"rooms": [{"category": "Bedroom", "corners": [[199.0, 213.0], [199.0, 287.0], [301.0, 287.0], [301.0, 213.0], [199.0, 213.0]], "objects": [{"category": "SingleBed", "position": [220.79020118901957, 242.65694711532797], "size": [42.94470062255863, 62.31779937744136], "angle": 0.0}, {"category": "CeilingLamp", "position": [253.74849999999998, 244.64215000000002], "size": [24.0, 24.0], "angle": 0.0}]}]}]}