{"seed": 1, "floorplan": [{"rooms": [{"category": "Bedroom", "corners": [[198.0, 208.0], [197.0, 209.0], [197.0, 292.0], [303.0, 292.0], [303.0, 208.0], [198.0, 208.0]], "objects": [{"category": "DoubleBed", "position": [233.53817622552612, 242.31623340487357], "size": [65.20559547313468, 71.99165578965997], "angle": -1.570805430912011}, {"category": "Table", "position": [273.9118038246494, 280.6516652439307], "size": [52.8306015014648, 24.199859619140625], "angle": 3.141592653589793}, {"category": "PendantLamp", "position": [252.337, 252.51099999999997], "size": [31.127400970459007, 31.12740097045895], "angle": 0.0}, {"category": "Chair", "position": [271.47565044167504, 274.1421731894965], "size": [14.703750228881802, 16.373610305786144], "angle": 0.0}]}]}]}