{"seed": 1, "floorplan": [{"rooms": [{"category": "Bedroom", "corners": [[200.0, 207.0], [200.0, 293.0], [300.0, 293.0], [300.0, 207.0], [200.0, 207.0]], "objects": [{"category": "DoubleBed", "position": [241.76062216063264, 241.01732895036255], "size": [60.14909820556642, 66.4136993408203], "angle": 0.0}, {"category": "Nightstand", "position": [210.38058357462762, 210.23044890462822], "size": [18.421530532836925, 10.77885017395019], "angle": 0.0}, {"category": "PendantLamp", "position": [241.68100000000004, 251.07850000000002], "size": [31.12768436183291, 31.12768436183291], "angle": -1.57080543091201}]}]}]}