{"seed": 1, "floorplan": [{"rooms": [{"category": "Bedroom", "corners": [[191.0, 211.0], [191.0, 289.0], [309.0, 289.0], [309.0, 211.0], [191.0, 211.0]], "objects": [{"category": "DoubleBed", "position": [267.13606213036536, 253.76580270850292], "size": [56.308799743652315, 69.12449798583987], "angle": 3.141592653589793}, {"category": "Cabinet", "position": [298.4207499737045, 218.69487867750405], "size": [12.901749813397123, 15.404795288226934], "angle": -0.5997988621531921}, {"category": "PendantLamp", "position": [258.1465, 252.89049999999997], "size": [26.209680175781244, 25.121910095214844], "angle": 0.0}, {"category": "Cabinet", "position": [199.91609970092776, 255.05016621907643], "size": [64.84079112650744, 18.123644462202734], "angle": -1.5708054309120107}]}]}]}