{"seed": 1, "floorplan": [{"rooms": [{"category": "Bedroom", "corners": [[215.0, 207.0], [214.0, 208.0], [214.0, 293.0], [285.0, 293.0], [286.0, 292.0], [286.0, 207.0], [215.0, 207.0]], "objects": [{"category": "DoubleBed", "position": [254.290088425962, 256.3605564837067], "size": [58.21402944043781, 74.3958753709274], "angle": -1.5707872226777824}, {"category": "Cabinet", "position": [263.2571389876179, 216.22497196126696], "size": [44.08080139160151, 15.91094970703125], "angle": 0.0}, {"category": "CeilingLamp", "position": [250.0255, 255.538], "size": [21.087899780273403, 13.826820373535156], "angle": 0.0}]}]}]}