{"seed": 1, "floorplan": [{"rooms": [{"category": "Bedroom", "corners": [[197.0, 178.0], [197.0, 322.0], [303.0, 322.0], [303.0, 178.0], [197.0, 178.0]], "objects": [{"category": "SingleBed", "position": [230.19905043800452, 250.5718329772988], "size": [49.54365021096186, 60.87925451073357], "angle": -1.5708054309120103}, {"category": "Table", "position": [207.53433147766864, 201.9046884548262], "size": [20.19018473017041, 44.28040496688247], "angle": -9.104117113819905e-06}, {"category": "CeilingLamp", "position": [250.0, 245.2297], "size": [15.176729965209944, 13.143420410156239], "angle": 0.0}]}]}]}