{"seed": 1, "floorplan": [{"rooms": [{"category": "Bedroom", "corners": [[210.0, 200.0], [210.0, 300.0], [289.0, 300.0], [290.0, 299.0], [290.0, 200.0], [210.0, 200.0]], "objects": [{"category": "DoubleBed", "position": [239.50888346976654, 241.57649643067663], "size": [66.10919917272402, 53.22240114548136], "angle": -1.6637297091513927}, {"category": "Table", "position": [269.7959594946505, 207.5863545860083], "size": [42.0, 18.285270309448208], "angle": 3.141592653589793}, {"category": "Chair", "position": [277.4964942161426, 250.53704771133852], "size": [19.59824981689451, 23.25714111328125], "angle": 3.141592653589793}, {"category": "CeilingLamp", "position": [251.94250000000005, 238.74550000000002], "size": [15.837714379492565, 17.092805075446464], "angle": -9.10411711374625e-06}]}]}]}