{"seed": 1, "floorplan": [{"rooms": [{"category": "Bedroom", "corners": [[146.0, 162.0], [146.0, 331.0], [147.0, 330.0], [320.0, 330.0], [321.0, 331.0], [321.0, 338.0], [348.0, 338.0], [348.0, 331.0], [349.0, 330.0], [354.0, 330.0], [354.0, 162.0], [146.0, 162.0]], "objects": [{"category": "DoubleBed", "position": [198.09069620048314, 296.02218607137456], "size": [66.04439849853512, 67.11389923095703], "angle": 3.141592653589793}, {"category": "Sofa", "position": [158.87709999999998, 256.75165], "size": [18.845790481567406, 17.33997001647944], "angle": 0.0}, {"category": "Nightstand", "position": [159.00249999999997, 324.63925], "size": [17.487420272827137, 11.433869934082054], "angle": 0.0}, {"category": "CeilingLamp", "position": [232.65699999999998, 248.98765000000003], "size": [21.00000000000003, 21.00000000000003], "angle": 0.0}]}]}]}