{"seed": 1, "floorplan": [{"rooms": [{"category": "Bedroom", "corners": [[195.0, 200.0], [195.0, 300.0], [305.0, 300.0], [305.0, 200.0], [195.0, 200.0]], "objects": [{"category": "DoubleBed", "position": [230.59126180526346, 253.29246029493757], "size": [62.82267125175922, 63.52407686842424], "angle": -9.104117114357925e-06}, {"category": "Nightstand", "position": [201.08781518661752, 213.96515707087696], "size": [11.613765783003583, 12.00010925089733], "angle": -9.104117113320208e-06}, {"category": "Nightstand", "position": [203.73976071097755, 292.544988420363], "size": [12.000109250897358, 11.613765783003583], "angle": -1.5708054309120119}, {"category": "PendantLamp", "position": [253.8987276404278, 249.67645709610957], "size": [16.900260543823208, 16.900260543823265], "angle": 0.0}]}]}]}