{"seed": 1, "floorplan": [{"rooms": [{"category": "Bedroom", "corners": [[317.0, 171.0], [316.0, 172.0], [183.0, 172.0], [183.0, 321.0], [283.0, 321.0], [284.0, 322.0], [284.0, 329.0], [285.0, 329.0], [286.0, 328.0], [311.0, 328.0], [311.0, 322.0], [312.0, 321.0], [317.0, 321.0], [317.0, 173.0], [318.0, 172.0], [318.0, 171.0], [317.0, 171.0]], "objects": [{"category": "DoubleBed", "position": [216.71156226141562, 247.40977946752162], "size": [68.56832597810306, 71.41775224932144], "angle": -9.10411711396166e-06}]}]}]}