{"seed": 1, "floorplan": [{"rooms": [{"category": "Bedroom", "corners": [[208.0, 198.0], [208.0, 302.0], [292.0, 302.0], [292.0, 198.0], [208.0, 198.0]], "objects": [{"category": "DoubleBed", "position": [243.9385, 242.26600000000002], "size": [64.82609220118213, 56.41281370106378], "angle": -9.104117114033777e-06}]}]}]}