{"seed": 1, "floorplan": [{"rooms": [{"category": "Bedroom", "corners": [[187.0, 197.0], [186.0, 198.0], [186.0, 303.0], [313.0, 303.0], [314.0, 302.0], [314.0, 197.0], [187.0, 197.0]], "objects": [{"category": "DoubleBed", "position": [263.8993250448279, 263.3567804979907], "size": [62.95680084228513, 69.92369842529294], "angle": 3.141592653589793}, {"category": "Nightstand", "position": [223.6686652078822, 297.5918618188626], "size": [14.59122047424313, 14.547659683227607], "angle": 3.141592653589793}, {"category": "Nightstand", "position": [303.7662347115524, 297.5456292109862], "size": [14.591220474243187, 14.547659683227607], "angle": 3.141592653589793}, {"category": "PendantLamp", "position": [258.3895, 251.9455], "size": [27.30404891967777, 27.304080963134822], "angle": 0.0}]}]}]}