{"seed": 1, "floorplan": [{"rooms": [{"category": "Bedroom", "corners": [[205.0, 199.0], [205.0, 301.0], [295.0, 301.0], [295.0, 199.0], [205.0, 199.0]], "objects": [{"category": "Nightstand", "position": [220.2180539725746, 206.6748861406055], "size": [14.419469833374023, 13.499999999999972], "angle": 0.0}, {"category": "DoubleBed", "position": [261.93309334521, 231.47914067412748], "size": [53.124000549316406, 62.4357009887695], "angle": 0.0}, {"category": "Cabinet", "position": [263.19399999999996, 290.6731499226888], "size": [59.99999999999994, 19.711830139160156], "angle": 3.141592653589793}, {"category": "CeilingLamp", "position": [247.54299999999998, 249.80949999999999], "size": [21.111570739746128, 21.118590545654286], "angle": 0.0}]}]}]}