{"seed": 1, "floorplan": [{"rooms": [{"category": "Bedroom", "corners": [[197.0, 185.0], [197.0, 315.0], [288.0, 315.0], [288.0, 221.0], [289.0, 220.0], [303.0, 220.0], [303.0, 185.0], [197.0, 185.0]], "objects": [{"category": "DoubleBed", "position": [234.04124006484886, 257.88894765965154], "size": [55.22780382807341, 74.23387591021874], "angle": -1.5708054309120107}, {"category": "Nightstand", "position": [205.9735, 300.31300000000005], "size": [12.244041143933128, 24.081998726315266], "angle": -9.104117115425344e-06}, {"category": "Nightstand", "position": [202.14076402232183, 219.71282253235603], "size": [12.244041143933185, 24.08199872631521], "angle": -9.104117115425301e-06}, {"category": "PendantLamp", "position": [240.33249999999998, 255.868], "size": [26.62626113891602, 26.38731079101558], "angle": 0.0}]}]}]}