{"seed": 1, "floorplan": [{"rooms": [{"category": "Bedroom", "corners": [[191.0, 198.0], [191.0, 302.0], [304.0, 302.0], [305.0, 303.0], [305.0, 293.0], [306.0, 292.0], [309.0, 292.0], [309.0, 269.0], [306.0, 269.0], [305.0, 268.0], [305.0, 198.0], [191.0, 198.0]], "objects": [{"category": "DoubleBed", "position": [267.9274, 231.26346652425133], "size": [59.799897766113304, 67.52129974365235], "angle": 0.0}, {"category": "Sofa", "position": [208.8505583640028, 280.5002555642812], "size": [29.482741304930155, 29.848349182726544], "angle": -2.356199943416256}, {"category": "CeilingLamp", "position": [248.2, 248.74060000000003], "size": [18.766679763793945, 17.502059555053734], "angle": 0.0}]}]}]}