{"seed": 1, "floorplan": [{"rooms": [{"category": "Bedroom", "corners": [[309.0, 207.0], [308.0, 208.0], [191.0, 208.0], [191.0, 293.0], [192.0, 292.0], [309.0, 292.0], [309.0, 207.0]], "objects": [{"category": "DoubleBed", "position": [240.22092138109468, 241.22018654282343], "size": [56.841902160644565, 66.74640197753905], "angle": 0.0}, {"category": "Nightstand", "position": [272.9164640446493, 214.90921836438355], "size": [12.000059507022657, 9.665669630141931], "angle": -0.007059988050185932}, {"category": "Nightstand", "position": [207.3143194530939, 213.64025260497885], "size": [12.00005950927735, 9.665669631957996], "angle": 0.0}, {"category": "Cabinet", "position": [300.09250000000003, 231.47499999999997], "size": [16.680151400979405, 37.715144390045126], "angle": -3.1415835494726783}]}]}]}