{"seed": 1, "floorplan": [{"rooms": [{"category": "Bedroom", "corners": [[210.0, 205.0], [210.0, 295.0], [290.0, 295.0], [290.0, 205.0], [210.0, 205.0]], "objects": [{"category": "Nightstand", "position": [213.17067644656126, 225.88353131782242], "size": [10.500095594535154, 16.417619256206507], "angle": -9.104117114324194e-06}, {"category": "DoubleBed", "position": [244.10829788703856, 257.41576505088045], "size": [48.48703963926324, 66.67710850381165], "angle": -1.5708054309120103}, {"category": "Nightstand", "position": [213.25948825069187, 289.28377887280584], "size": [16.417619256206507, 10.500095594535154], "angle": -1.5708054309120114}, {"category": "PendantLamp", "position": [250.00599999999997, 256.0], "size": [14.269649505615234, 14.269649505615234], "angle": 0.0}]}]}]}