{"seed": 1, "floorplan": [{"rooms": [{"category": "Bedroom", "corners": [[203.0, 209.0], [203.0, 291.0], [297.0, 291.0], [297.0, 209.0], [203.0, 209.0]], "objects": [{"category": "DoubleBed", "position": [240.02712370015843, 269.3428482227833], "size": [73.01159820556637, 42.815400695800804], "angle": 3.141592653589793}, {"category": "Table", "position": [267.3705480738399, 222.9292460082212], "size": [30.060272757962103, 56.36061443432956], "angle": -1.5707872226777821}, {"category": "Chair", "position": [263.58574653204795, 239.813745657624], "size": [20.8740184340957, 20.832766432914823], "angle": -1.5520762671584258}, {"category": "CeilingLamp", "position": [252.4765, 241.498], "size": [16.499999999999943, 16.5], "angle": 0.0}]}]}]}