{"seed": 1, "floorplan": [{"rooms": [{"category": "Bedroom", "corners": [[210.0, 182.0], [210.0, 301.0], [209.0, 302.0], [210.0, 303.0], [210.0, 314.0], [209.0, 315.0], [209.0, 318.0], [291.0, 318.0], [291.0, 194.0], [238.0, 194.0], [237.0, 193.0], [237.0, 182.0], [210.0, 182.0]], "objects": [{"category": "DoubleBed", "position": [258.5667687091428, 251.83475942176162], "size": [58.21402944043784, 74.39587537092736], "angle": -1.5707872226777828}, {"category": "Nightstand", "position": [283.44677509131753, 282.9671865323496], "size": [16.59654124952061, 13.277220868768719], "angle": -1.570787222677782}, {"category": "Cabinet", "position": [263.3572, 203.42935], "size": [45.0, 18.0], "angle": 0.0}]}]}]}