{"seed": 1, "floorplan": [{"rooms": [{"category": "Bedroom", "corners": [[202.0, 220.0], [202.0, 280.0], [298.0, 280.0], [298.0, 228.0], [288.0, 228.0], [287.0, 227.0], [287.0, 220.0], [202.0, 220.0]], "objects": [{"category": "DoubleBed", "position": [253.64337206691243, 255.81534485270095], "size": [67.29900054931639, 68.39250183105469], "angle": 0.0}]}]}]}