{"seed": 1, "floorplan": [{"rooms": [{"category": "Bedroom", "corners": [[200.0, 200.0], [200.0, 300.0], [300.0, 300.0], [300.0, 200.0], [200.0, 200.0]], "objects": [{"category": "Sofa", "position": [219.52439648278644, 274.05919174682094], "size": [18.336780166625942, 12.191159820556607], "angle": 0.0}, {"category": "DoubleBed", "position": [257.9023525761754, 261.3640583301588], "size": [83.90730285644528, 75.23430175781249], "angle": 3.141592653589793}]}]}]}