{"seed": 1, "floorplan": [{"rooms": [{"category": "Bedroom", "corners": [[190.0, 208.0], [190.0, 233.0], [212.0, 233.0], [213.0, 234.0], [213.0, 292.0], [214.0, 291.0], [310.0, 291.0], [310.0, 208.0], [190.0, 208.0]], "objects": [{"category": "PendantLamp", "position": [262.8649, 248.4022], "size": [20.219549560546852, 20.22011947631836], "angle": 0.0}, {"category": "DoubleBed", "position": [271.05039999999997, 258.199], "size": [53.22240142822261, 66.10919952392578], "angle": 3.141592653589793}]}]}]}