{"seed": 1, "floorplan": [{"rooms": [{"category": "Bedroom", "corners": [[209.0, 195.0], [209.0, 305.0], [291.0, 305.0], [291.0, 195.0], [209.0, 195.0]], "objects": [{"category": "DoubleBed", "position": [243.2467493899359, 240.6877998976331], "size": [68.56832597810306, 71.4177522493215], "angle": -9.104117114376163e-06}, {"category": "Nightstand", "position": [215.7875144568149, 280.02866313718295], "size": [17.99797345723412, 18.644719305027717], "angle": -9.104117114299598e-06}, {"category": "Nightstand", "position": [215.8091992256416, 201.35401306420596], "size": [17.99797345723412, 18.64471930502769], "angle": -9.104117114299598e-06}, {"category": "PendantLamp", "position": [242.2408, 242.9623], "size": [15.0, 15.0], "angle": 0.0}]}]}]}