{"seed": 1, "floorplan": [{"rooms": [{"category": "Bedroom", "corners": [[207.0, 189.0], [207.0, 311.0], [293.0, 311.0], [293.0, 196.0], [275.0, 196.0], [274.0, 195.0], [274.0, 189.0], [207.0, 189.0]], "objects": [{"category": "DoubleBed", "position": [243.7279565860204, 244.1995], "size": [62.863472099290874, 73.16106493468142], "angle": -1.5708054309120103}, {"category": "Nightstand", "position": [213.24110814626874, 278.8958965797935], "size": [13.024048931893269, 17.03835473536157], "angle": -9.104117113073997e-06}, {"category": "Nightstand", "position": [213.24110814626874, 209.5061034202065], "size": [13.024048931893212, 17.03835473536154], "angle": -9.104117115256286e-06}]}]}]}