{"seed": 1, "floorplan": [{"rooms": [{"category": "Bedroom", "corners": [[201.0, 209.0], [201.0, 291.0], [299.0, 291.0], [299.0, 209.0], [201.0, 209.0]], "objects": [{"category": "Table", "position": [205.9026433481387, 242.90495577189398], "size": [44.179000235083905, 15.429200070713925], "angle": -1.5708054309120107}, {"category": "DoubleBed", "position": [254.01341822311585, 239.38812057104386], "size": [32.686500550563764, 89.63310242041265], "angle": -1.566616314622522}, {"category": "Nightstand", "position": [286.55944539734395, 216.20128315561996], "size": [15.000029745997688, 14.99999999135904], "angle": -1.559736322506473}, {"category": "PendantLamp", "position": [249.80200000000002, 251.25610000000003], "size": [16.799999999999983, 16.80000000000001], "angle": 0.0}]}]}]}