{"seed": 1, "floorplan": [{"rooms": [{"category": "Bedroom", "corners": [[203.0, 203.0], [203.0, 298.0], [204.0, 297.0], [296.0, 297.0], [297.0, 298.0], [297.0, 227.0], [252.0, 227.0], [251.0, 226.0], [251.0, 203.0], [203.0, 203.0]], "objects": [{"category": "DoubleBed", "position": [268.4455248326926, 263.1901892362344], "size": [56.84190216064454, 66.74640197753902], "angle": 3.141592653589793}, {"category": "Nightstand", "position": [236.07830727609988, 292.6977515386171], "size": [12.000059509277378, 9.665669631958053], "angle": 3.141592653589793}, {"category": "PendantLamp", "position": [255.64, 263.42500000000007], "size": [25.09243883372534, 25.093908268489944], "angle": -9.104117114560162e-06}, {"category": "Cabinet", "position": [211.972, 272.94100000000003], "size": [16.68015140097946, 37.715144390045154], "angle": -9.104117113436636e-06}]}]}]}