{"seed": 1, "floorplan": [{"rooms": [{"category": "Bedroom", "corners": [[200.0, 208.0], [200.0, 292.0], [300.0, 292.0], [300.0, 208.0], [200.0, 208.0]], "objects": [{"category": "DoubleBed", "position": [235.7656548787362, 259.26335844109053], "size": [71.99165578966003, 65.20559547313468], "angle": -9.104117114051048e-06}, {"category": "Nightstand", "position": [204.71573610427555, 221.9752564961661], "size": [17.368137000201802, 13.216499107516407], "angle": -1.538147789610425}, {"category": "PendantLamp", "position": [250.03749999999997, 252.28450000000004], "size": [22.306020355224575, 22.334969329833996], "angle": 0.0}]}]}]}