{"seed": 1, "floorplan": [{"rooms": [{"category": "Bedroom", "corners": [[208.0, 199.0], [208.0, 301.0], [292.0, 301.0], [292.0, 199.0], [208.0, 199.0]], "objects": [{"category": "DoubleBed", "position": [240.1765476475201, 256.78393946902975], "size": [62.88957402149717, 81.86054446571228], "angle": -9.104117114313078e-06}, {"category": "Nightstand", "position": [212.30301689196602, 220.79719789665617], "size": [13.516230010986334, 10.804649734497076], "angle": 0.0}, {"category": "Nightstand", "position": [212.37587469060082, 294.76177516883735], "size": [13.516230010986334, 10.804649734497048], "angle": 0.0}]}]}]}