{"seed": 1, "floorplan": [{"rooms": [{"category": "Bedroom", "corners": [[196.0, 204.0], [196.0, 296.0], [304.0, 296.0], [304.0, 204.0], [196.0, 204.0]], "objects": [{"category": "DoubleBed", "position": [239.33079999999998, 261.3957657098965], "size": [71.41710205078124, 68.56770172119138], "angle": 3.141592653589793}, {"category": "Cabinet", "position": [202.66591680306692, 210.31681680312377], "size": [13.199970245361271, 12.599970245361334], "angle": 0.0}]}]}]}