{"seed": 1, "floorplan": [{"rooms": [{"category": "Bedroom", "corners": [[209.0, 200.0], [209.0, 299.0], [208.0, 300.0], [291.0, 300.0], [291.0, 201.0], [292.0, 200.0], [209.0, 200.0]], "objects": [{"category": "DoubleBed", "position": [254.9881278279596, 254.3273159050831], "size": [49.23314628545206, 72.5505582778992], "angle": -1.5707872226777828}, {"category": "Cabinet", "position": [254.9561827027373, 209.7628], "size": [71.47710113525392, 13.847339630126953], "angle": 0.0}]}]}]}