{"seed": 1, "floorplan": [{"rooms": [{"category": "Bedroom", "corners": [[190.0, 191.0], [190.0, 309.0], [310.0, 309.0], [310.0, 191.0], [190.0, 191.0]], "objects": [{"category": "DoubleBed", "position": [253.12150000000003, 271.01650000000006], "size": [74.3952398542926, 58.21353215501838], "angle": -1.569736327191902}, {"category": "TVStand", "position": [258.6055, 198.46750000000003], "size": [59.99009857177734, 13.847790527343761], "angle": 0.0}, {"category": "PendantLamp", "position": [256.23850000000004, 254.2285], "size": [49.578900146484386, 30.568199157714815], "angle": 0.0}]}]}]}