{"seed": 1, "floorplan": [{"rooms": [{"category": "Bedroom", "corners": [[208.0, 202.0], [208.0, 298.0], [292.0, 298.0], [292.0, 202.0], [208.0, 202.0]], "objects": [{"category": "Cabinet", "position": [234.3222999961962, 289.472368287414], "size": [37.714801025390614, 16.679999542236317], "angle": 3.141592653589793}, {"category": "DoubleBed", "position": [241.8922030193591, 244.26962775167456], "size": [56.841902160644565, 66.74640197753908], "angle": 0.0}, {"category": "Nightstand", "position": [210.42651186271587, 211.4008282252346], "size": [9.665757630547999, 12.000168760716457], "angle": -9.104117113400635e-06}, {"category": "PendantLamp", "position": [250.882, 244.885], "size": [25.093679809570318, 25.092210388183588], "angle": 0.0}]}]}]}