{"seed": 1, "floorplan": [{"rooms": [{"category": "Bedroom", "corners": [[298.0, 204.0], [297.0, 205.0], [202.0, 205.0], [202.0, 296.0], [203.0, 295.0], [298.0, 295.0], [298.0, 204.0]], "objects": [{"category": "DoubleBed", "position": [240.20848416009977, 246.38523609910112], "size": [75.23498670906048, 83.90806676878937], "angle": -9.104117114157615e-06}, {"category": "Nightstand", "position": [206.41889494159125, 278.0476609965432], "size": [14.126468331287219, 14.12646833128719], "angle": -9.104117115372917e-06}, {"category": "Nightstand", "position": [209.06120758393234, 212.46124474230817], "size": [14.12646833128719, 14.12646833128719], "angle": -9.104117115372936e-06}]}]}]}