{"seed": 1, "floorplan": [{"rooms": [{"category": "Bedroom", "corners": [[204.0, 203.0], [204.0, 280.0], [205.0, 279.0], [239.0, 279.0], [240.0, 280.0], [240.0, 297.0], [296.0, 297.0], [296.0, 203.0], [204.0, 203.0]], "objects": [{"category": "Table", "position": [226.56071358643024, 245.77824870785938], "size": [44.46490371690082, 83.28015577875064], "angle": -9.104117113915953e-06}, {"category": "Chair", "position": [225.60962269130647, 231.72661709106399], "size": [19.704270384825104, 18.199835748951227], "angle": -0.0028455924035911974}, {"category": "DoubleBed", "position": [253.18310416992688, 245.43193246303704], "size": [86.09699707031251, 82.07880249023438], "angle": 0.0}]}]}]}