{"seed": 1, "floorplan": [{"rooms": [{"category": "Bedroom", "corners": [[193.0, 199.0], [193.0, 206.0], [194.0, 207.0], [194.0, 300.0], [193.0, 301.0], [307.0, 301.0], [307.0, 199.0], [193.0, 199.0]], "objects": [{"category": "DoubleBed", "position": [240.0598216189744, 234.38998070949526], "size": [61.3478988647461, 70.40279846191407], "angle": 0.0}, {"category": "CornerSideTable", "position": [200.90813001475883, 206.17790181624446], "size": [17.949900054931675, 17.949900054931646], "angle": 0.0}, {"category": "CornerSideTable", "position": [279.16167276448755, 206.17642650615363], "size": [17.949900054931618, 17.949900054931646], "angle": 0.0}, {"category": "PendantLamp", "position": [246.2428, 245.14900000000003], "size": [11.79139687101043, 12.700825926963928], "angle": -3.141583549472677}]}]}]}