{"seed": 1, "floorplan": [{"rooms": [{"category": "Bedroom", "corners": [[300.0, 205.0], [299.0, 206.0], [200.0, 206.0], [200.0, 295.0], [201.0, 294.0], [300.0, 294.0], [300.0, 205.0]], "objects": [{"category": "PendantLamp", "position": [249.59679999999997, 253.69209999999998], "size": [58.45042990809483, 3.600032775269179], "angle": -1.570805430912011}, {"category": "DoubleBed", "position": [243.44811445021247, 238.6629703481491], "size": [60.88710021972659, 65.97030029296874], "angle": 0.0}, {"category": "Cabinet", "position": [209.92958502846176, 207.89388417588714], "size": [16.391970062255865, 9.241440010070818], "angle": 0.0}, {"category": "Cabinet", "position": [276.4587621262277, 209.43443668443177], "size": [16.391970062255837, 9.241440010070818], "angle": 0.0}]}]}]}