{"seed": 1, "floorplan": [{"rooms": [{"category": "Bedroom", "corners": [[204.0, 199.0], [204.0, 301.0], [296.0, 301.0], [296.0, 199.0], [204.0, 199.0]], "objects": [{"category": "Table", "position": [210.6595, 216.004], "size": [13.473782945776591, 31.220684476098818], "angle": -9.10411711635866e-06}, {"category": "DoubleBed", "position": [260.59533406976715, 246.22438991113785], "size": [69.92353325467042, 62.95665212855542], "angle": -0.003269208545760983}, {"category": "Nightstand", "position": [290.92953409209275, 205.144339318481], "size": [14.547792128633676, 14.591353316237276], "angle": -9.10411711381383e-06}, {"category": "CornerSideTable", "position": [291.7652974934623, 288.4899824859325], "size": [17.368118098297284, 13.010518458978225], "angle": -1.5707872226777824}]}]}]}