{"seed": 1, "floorplan": [{"rooms": [{"category": "Bedroom", "corners": [[205.0, 203.0], [205.0, 264.0], [204.0, 265.0], [196.0, 265.0], [196.0, 297.0], [304.0, 297.0], [304.0, 203.0], [205.0, 203.0]], "objects": [{"category": "Nightstand", "position": [290.1141166872067, 210.1125433191369], "size": [16.596390151977516, 13.27709999084476], "angle": 0.0}, {"category": "Nightstand", "position": [217.77468331279317, 211.2239420827521], "size": [16.596390151977545, 13.277099990844732], "angle": 0.0}, {"category": "DoubleBed", "position": [255.4699, 234.503919668103], "size": [58.21349945068357, 74.39519805908202], "angle": 0.0}, {"category": "TVStand", "position": [253.30180000000001, 290.5051330369836], "size": [59.990098571777395, 13.847790527343761], "angle": 3.141592653589793}]}]}]}