{"seed": 1, "floorplan": [{"rooms": [{"category": "Bedroom", "corners": [[210.0, 195.0], [210.0, 279.0], [226.0, 279.0], [227.0, 280.0], [227.0, 305.0], [265.0, 305.0], [265.0, 280.0], [266.0, 279.0], [290.0, 279.0], [290.0, 195.0], [210.0, 195.0]], "objects": [{"category": "DoubleBed", "position": [261.7419650736964, 253.352956094493], "size": [51.27406757628405, 56.5337147651452], "angle": -1.5707872226777824}, {"category": "CeilingLamp", "position": [249.94750000000002, 238.42299999999997], "size": [15.060000228881847, 15.060000228881847], "angle": 0.0}]}]}]}