{"seed": 1, "floorplan": [{"rooms": [{"category": "Bedroom", "corners": [[203.0, 200.0], [203.0, 300.0], [297.0, 300.0], [297.0, 200.0], [203.0, 200.0]], "objects": [{"category": "Cabinet", "position": [210.22178357599535, 210.51427385172434], "size": [12.541793946274582, 16.762772773905034], "angle": -9.104117113291427e-06}, {"category": "DoubleBed", "position": [237.10580922995612, 246.5329111793045], "size": [67.75741771655944, 37.98034532132218], "angle": -9.104117114145678e-06}]}]}]}