{"seed": 1, "floorplan": [{"rooms": [{"category": "Bedroom", "corners": [[170.0, 206.0], [170.0, 294.0], [330.0, 294.0], [330.0, 206.0], [170.0, 206.0]], "objects": [{"category": "DoubleBed", "position": [242.31649753133354, 241.9542579868792], "size": [60.670198059082054, 70.7142013549805], "angle": 0.0}, {"category": "Nightstand", "position": [203.46070923733043, 213.08715750012624], "size": [12.60651054382322, 10.765680313110352], "angle": 0.0}, {"category": "Nightstand", "position": [277.0639217637279, 212.73589854503885], "size": [12.606510543823276, 10.765680313110352], "angle": 0.0}, {"category": "CeilingLamp", "position": [243.2695, 252.81550000000001], "size": [14.639999771118141, 15.172650146484386], "angle": 0.0}]}]}]}