{"seed": 1, "floorplan": [{"rooms": [{"category": "Bedroom", "corners": [[192.0, 207.0], [192.0, 293.0], [308.0, 293.0], [308.0, 207.0], [192.0, 207.0]], "objects": [{"category": "Cabinet", "position": [221.17552542651606, 214.0874129296252], "size": [16.35506973266601, 12.799110031127952], "angle": 0.0}, {"category": "Cabinet", "position": [289.9604745734842, 214.0874129296252], "size": [16.35506973266604, 12.799110031127952], "angle": 0.0}, {"category": "DoubleBed", "position": [255.36700000000013, 239.2773899311445], "size": [51.195899963378906, 58.88220062255857], "angle": 0.0}, {"category": "PendantLamp", "position": [255.769, 250.003], "size": [49.57890014648436, 30.568199157714844], "angle": 0.0}]}]}]}