{"seed": 1, "floorplan": [{"rooms": [{"category": "Bedroom", "corners": [[208.0, 211.0], [208.0, 289.0], [292.0, 289.0], [292.0, 211.0], [208.0, 211.0]], "objects": [{"category": "DoubleBed", "position": [260.257, 239.9083], "size": [54.97820133592615, 63.477279262195594], "angle": -1.5707872226777824}]}]}]}