{"seed": 1, "floorplan": [{"rooms": [{"category": "Bedroom", "corners": [[213.0, 189.0], [213.0, 311.0], [287.0, 311.0], [287.0, 189.0], [213.0, 189.0]], "objects": [{"category": "DoubleBed", "position": [250.09213711725175, 261.1912294068774], "size": [73.16018463779866, 62.86271570627531], "angle": -0.002902079771388097}, {"category": "TVStand", "position": [216.81734132356877, 257.15032411449084], "size": [13.886046373160486, 64.95269247486489], "angle": -9.104117114006533e-06}, {"category": "PendantLamp", "position": [252.3895, 259.5655], "size": [27.457711029052717, 4.432499885559082], "angle": 0.0}]}]}]}