{"seed": 1, "floorplan": [{"rooms": [{"category": "Bedroom", "corners": [[189.0, 200.0], [189.0, 300.0], [311.0, 300.0], [311.0, 200.0], [189.0, 200.0]], "objects": [{"category": "DoubleBed", "position": [256.0622461232075, 233.98233779404728], "size": [60.15990142822261, 62.516999816894554], "angle": 0.0}]}]}]}