{"seed": 1, "floorplan": [{"rooms": [{"category": "Bedroom", "corners": [[270.0, 196.0], [270.0, 228.0], [269.0, 229.0], [207.0, 229.0], [207.0, 304.0], [293.0, 304.0], [293.0, 196.0], [270.0, 196.0]], "objects": [{"category": "DoubleBed", "position": [236.50132956946453, 274.6583806129528], "size": [36.72539978027342, 57.42209930419921], "angle": 0.0}, {"category": "Nightstand", "position": [213.69190074015307, 247.900923087151], "size": [9.665757630548026, 12.000168760716457], "angle": -9.10411711340061e-06}]}]}]}