{"seed": 1, "floorplan": [{"rooms": [{"category": "Bedroom", "corners": [[212.0, 194.0], [211.0, 195.0], [211.0, 196.0], [210.0, 197.0], [210.0, 306.0], [214.0, 302.0], [290.0, 302.0], [290.0, 197.0], [214.0, 197.0], [212.0, 195.0], [212.0, 194.0]], "objects": [{"category": "DoubleBed", "position": [255.31983213302667, 245.87799999999993], "size": [53.29098352161438, 68.61752686548888], "angle": -1.5707872226777821}, {"category": "PendantLamp", "position": [251.596, 250.26699999999994], "size": [15.303349391868302, 15.084286881131073], "angle": -1.5707872226777835}]}]}]}