{"seed": 1, "floorplan": [{"rooms": [{"category": "Bedroom", "corners": [[206.0, 207.0], [206.0, 293.0], [294.0, 293.0], [294.0, 207.0], [206.0, 207.0]], "objects": [{"category": "Table", "position": [260.66914894217325, 219.8061837788279], "size": [64.43820190429688, 25.16604080200196], "angle": 0.0}, {"category": "SingleBed", "position": [260.85325, 271.33761774499146], "size": [60.20574984388399, 43.34559268423056], "angle": -9.104117114235013e-06}]}]}]}