{"seed": 1, "floorplan": [{"rooms": [{"category": "Bedroom", "corners": [[203.0, 191.0], [203.0, 309.0], [297.0, 309.0], [297.0, 191.0], [203.0, 191.0]], "objects": [{"category": "Chair", "position": [228.8893, 225.61675000000002], "size": [17.13618544475343, 15.747713788994735], "angle": -1.5707872226777826}, {"category": "CeilingLamp", "position": [250.0, 256.64365], "size": [18.0904495239258, 18.09044952392577], "angle": 0.0}, {"category": "DoubleBed", "position": [236.35366381437888, 265.7212004976144], "size": [65.8025979786526, 66.92370803893199], "angle": -9.104117114208762e-06}, {"category": "Nightstand", "position": [208.1250300731341, 301.7274704258625], "size": [15.000136563621654, 14.291830096776701], "angle": -1.5708054309120114}]}]}]}