{"seed": 1, "floorplan": [{"rooms": [{"category": "Bedroom", "corners": [[185.0, 206.0], [185.0, 294.0], [315.0, 294.0], [315.0, 261.0], [304.0, 261.0], [303.0, 260.0], [303.0, 259.0], [304.0, 258.0], [311.0, 258.0], [312.0, 257.0], [315.0, 257.0], [304.0, 257.0], [303.0, 256.0], [303.0, 206.0], [185.0, 206.0]], "objects": [{"category": "DoubleBed", "position": [248.38867929721647, 250.5304254541549], "size": [78.73500366210936, 85.96409912109377], "angle": 0.0}, {"category": "Nightstand", "position": [277.28117894671493, 210.81388458050722], "size": [15.77999954223634, 15.4799995422363], "angle": 0.0}, {"category": "Table", "position": [225.387747989091, 224.97882444533587], "size": [78.81149597167965, 40.37940216064453], "angle": 0.0}, {"category": "PendantLamp", "position": [245.9056, 250.76395000000005], "size": [24.825659179687477, 24.827460479736345], "angle": 0.0}]}]}]}