{"seed": 1, "floorplan": [{"rooms": [{"category": "Bedroom", "corners": [[202.0, 194.0], [202.0, 306.0], [298.0, 306.0], [298.0, 194.0], [202.0, 194.0]], "objects": [{"category": "DoubleBed", "position": [264.31627904633206, 229.63979236587141], "size": [67.67101403686024, 67.5702135586098], "angle": -1.5707872226777824}, {"category": "Nightstand", "position": [290.78951976886947, 269.86348342610006], "size": [18.900172070163332, 13.506393182240515], "angle": -1.5707872226777841}]}]}]}