{"seed": 1, "floorplan": [{"rooms": [{"category": "Bedroom", "corners": [[196.0, 179.0], [196.0, 317.0], [199.0, 317.0], [200.0, 318.0], [200.0, 321.0], [224.0, 321.0], [224.0, 318.0], [225.0, 317.0], [304.0, 317.0], [304.0, 179.0], [196.0, 179.0]], "objects": [{"category": "DoubleBed", "position": [267.2149, 238.18375000000003], "size": [57.0131212903827, 65.09699463089972], "angle": -1.5707872226777824}, {"category": "PendantLamp", "position": [249.2686, 241.99495000000005], "size": [37.48499908447263, 37.48499908447269], "angle": 0.0}]}]}]}