{"seed": 1, "floorplan": [{"rooms": [{"category": "Bedroom", "corners": [[194.0, 200.0], [194.0, 300.0], [282.0, 300.0], [282.0, 261.0], [283.0, 260.0], [296.0, 260.0], [296.0, 241.0], [283.0, 241.0], [282.0, 240.0], [282.0, 239.0], [283.0, 238.0], [306.0, 238.0], [306.0, 200.0], [194.0, 200.0]], "objects": [{"category": "DoubleBed", "position": [240.54999999999998, 265.5901657104492], "size": [71.41710205078124, 68.56770172119136], "angle": 3.141592653589793}, {"category": "TVStand", "position": [239.48757125526566, 204.86419451123345], "size": [29.60028076171875, 5.243309783935558], "angle": 0.0}, {"category": "TVStand", "position": [207.0054252955265, 204.91096326841577], "size": [29.60028076171875, 5.24330978393553], "angle": 0.0}, {"category": "CeilingLamp", "position": [241.075, 248.61700000000002], "size": [17.577989959716803, 17.577989959716803], "angle": 0.0}]}]}]}