{"seed": 1, "floorplan": [{"rooms": [{"category": "Bedroom", "corners": [[206.0, 186.0], [206.0, 314.0], [294.0, 314.0], [294.0, 186.0], [206.0, 186.0]], "objects": [{"category": "DoubleBed", "position": [247.51603257786002, 241.1212889272121], "size": [71.78015331479155, 58.57733230855164], "angle": -9.10411711443854e-06}, {"category": "Nightstand", "position": [210.37703169434593, 203.40566843683598], "size": [12.6535156207551, 36.01952882471835], "angle": -9.104117115161832e-06}, {"category": "Nightstand", "position": [210.27520415236296, 277.48261417550594], "size": [12.6535156207551, 36.01952882471832], "angle": -9.104117117407984e-06}, {"category": "PendantLamp", "position": [250.45450000000005, 238.2235], "size": [26.14548110961917, 23.667059326171852], "angle": 0.0}]}]}]}