{"seed": 1, "floorplan": [{"rooms": [{"category": "Bedroom", "corners": [[173.0, 200.0], [173.0, 240.0], [193.0, 240.0], [194.0, 241.0], [194.0, 300.0], [304.0, 300.0], [304.0, 271.0], [305.0, 270.0], [327.0, 270.0], [327.0, 200.0], [173.0, 200.0]], "objects": [{"category": "DoubleBed", "position": [257.1228245526554, 264.7706337507952], "size": [62.95680084228519, 69.92369842529297], "angle": 3.141592653589793}, {"category": "Nightstand", "position": [295.4454725116731, 294.8391430043324], "size": [14.591220474243073, 14.54765968322755], "angle": 3.141592653589793}, {"category": "Nightstand", "position": [219.9181981825816, 295.0902479872144], "size": [14.591220474243158, 14.54765968322755], "angle": 3.141592653589793}, {"category": "CeilingLamp", "position": [248.7061141683052, 251.519403758439], "size": [21.282704900035892, 21.066070847687058], "angle": -1.5707872226777821}]}]}]}