{"seed": 1, "floorplan": [{"rooms": [{"category": "Bedroom", "corners": [[208.0, 150.0], [208.0, 270.0], [261.0, 270.0], [262.0, 271.0], [262.0, 350.0], [292.0, 350.0], [292.0, 327.0], [291.0, 327.0], [290.0, 326.0], [290.0, 151.0], [291.0, 150.0], [208.0, 150.0]], "objects": [{"category": "PendantLamp", "position": [220.69677676610524, 169.37387125548798], "size": [26.20954813249875, 25.121783532072946], "angle": -1.5707872225490291}, {"category": "PendantLamp", "position": [220.69606158610526, 239.74007125491192], "size": [26.20954813249872, 25.121783532072918], "angle": -1.5707872225490291}, {"category": "CeilingLamp", "position": [247.45600556883318, 201.72310666855608], "size": [12.103620529174805, 12.138539886474632], "angle": 3.141592653589793}, {"category": "DoubleBed", "position": [243.65892168032985, 203.879252693035], "size": [69.12512731195912, 56.30931239256058], "angle": -9.10411711376248e-06}]}]}]}