{"seed": 1, "floorplan": [{"rooms": [{"category": "Bedroom", "corners": [[220.0, 182.0], [219.0, 183.0], [193.0, 183.0], [193.0, 318.0], [194.0, 317.0], [219.0, 317.0], [220.0, 318.0], [221.0, 318.0], [222.0, 317.0], [246.0, 317.0], [247.0, 318.0], [248.0, 318.0], [249.0, 317.0], [274.0, 317.0], [275.0, 318.0], [276.0, 317.0], [289.0, 317.0], [290.0, 318.0], [291.0, 317.0], [307.0, 317.0], [307.0, 182.0], [306.0, 183.0], [291.0, 183.0], [290.0, 182.0], [289.0, 183.0], [276.0, 183.0], [275.0, 182.0], [274.0, 182.0], [273.0, 183.0], [248.0, 183.0], [247.0, 182.0], [246.0, 183.0], [221.0, 183.0], [220.0, 182.0]], "objects": [{"category": "DoubleBed", "position": [229.94979999999998, 246.0781], "size": [66.10980139803986, 53.222885977815444], "angle": -9.104117113964046e-06}, {"category": "Chair", "position": [199.6429, 200.9122], "size": [10.774050521850569, 12.290639877319336], "angle": 0.0}]}]}]}