{"seed": 1, "floorplan": [{"rooms": [{"category": "Bedroom", "corners": [[213.0, 184.0], [213.0, 281.0], [233.0, 281.0], [234.0, 282.0], [234.0, 316.0], [287.0, 316.0], [287.0, 184.0], [213.0, 184.0]], "objects": [{"category": "Cabinet", "position": [220.49022587316833, 257.8273830809499], "size": [17.274097161749378, 37.58854182752319], "angle": -9.104117114234464e-06}, {"category": "Armchair", "position": [240.50520920750256, 250.41163478812274], "size": [17.322628894972237, 16.307309131336183], "angle": -0.6137246404935204}, {"category": "CeilingLamp", "position": [249.913, 298.37350000000004], "size": [11.440169906616177, 1.0483830213546526], "angle": 0.0}, {"category": "SingleBed", "position": [244.489, 206.60283227539065], "size": [50.945262092552376, 46.03721722582824], "angle": -9.104117114238317e-06}]}]}]}