{"seed": 1, "floorplan": [{"rooms": [{"category": "Bedroom", "corners": [[207.0, 199.0], [207.0, 263.0], [206.0, 264.0], [229.0, 264.0], [230.0, 265.0], [230.0, 301.0], [293.0, 301.0], [293.0, 201.0], [294.0, 200.0], [294.0, 199.0], [207.0, 199.0]], "objects": [{"category": "DoubleBed", "position": [235.79265549074682, 232.5522071222612], "size": [58.23180084228517, 63.14160003662113], "angle": 0.0}, {"category": "Table", "position": [272.7863519019794, 206.92048022764033], "size": [34.65089950561526, 17.77524032592771], "angle": 0.0}, {"category": "Chair", "position": [273.74447517212127, 230.06413698696227], "size": [16.161611357416923, 15.789611973590356], "angle": -0.7853927101735385}, {"category": "PendantLamp", "position": [245.73823752638677, 251.8095830177508], "size": [25.5684608459473, 25.5684608459473], "angle": 0.0}]}]}]}