{"seed": 1, "floorplan": [{"rooms": [{"category": "Bedroom", "corners": [[274.0, 182.0], [274.0, 203.0], [273.0, 204.0], [188.0, 204.0], [188.0, 318.0], [294.0, 318.0], [294.0, 247.0], [295.0, 246.0], [312.0, 246.0], [312.0, 182.0], [274.0, 182.0]], "objects": [{"category": "DoubleBed", "position": [253.495, 282.8691672770182], "size": [62.3757019042969, 69.06449890136716], "angle": 3.141592653589793}, {"category": "Chair", "position": [294.408523739775, 232.16828681790975], "size": [22.16210209688123, 23.29491270313744], "angle": -9.104117112807492e-06}, {"category": "PendantLamp", "position": [294.6904954427733, 200.3856474724957], "size": [26.258969879150413, 25.08237075805667], "angle": 0.0}, {"category": "CeilingLamp", "position": [244.72299999999998, 265.726], "size": [15.060000228881847, 15.060000228881847], "angle": 0.0}]}]}]}