{"seed": 1, "floorplan": [{"rooms": [{"category": "Bedroom", "corners": [[182.0, 199.0], [182.0, 301.0], [318.0, 301.0], [318.0, 199.0], [182.0, 199.0]], "objects": [{"category": "Nightstand", "position": [279.92732517093464, 294.99094132350376], "size": [24.08177947998047, 12.243929672241222], "angle": 3.141592653589793}, {"category": "Nightstand", "position": [201.19667482906533, 294.99094132350376], "size": [24.08177947998044, 12.243929672241222], "angle": 3.141592653589793}, {"category": "DoubleBed", "position": [240.56200000000004, 263.53659980550896], "size": [55.22730102539066, 74.23320007324219], "angle": 3.141592653589793}]}]}]}