{"seed": 1, "floorplan": [{"rooms": [{"category": "Bedroom", "corners": [[201.0, 195.0], [201.0, 305.0], [299.0, 305.0], [299.0, 195.0], [201.0, 195.0]], "objects": [{"category": "DoubleBed", "position": [266.881, 261.1975], "size": [62.627968856599196, 62.906973777075294], "angle": -1.5707872226777821}, {"category": "Nightstand", "position": [292.558, 228.89650000000003], "size": [14.309649854347535, 11.765987322661212], "angle": -1.5707872226777848}, {"category": "CeilingLamp", "position": [251.098, 256.36150000000004], "size": [18.592589950561546, 18.595109939575224], "angle": 0.0}, {"category": "Nightstand", "position": [292.558, 293.49850000000004], "size": [14.309649854347505, 11.76598732266127], "angle": -1.5707872226777808}]}]}]}