{"seed": 1, "floorplan": [{"rooms": [{"category": "Bedroom", "corners": [[198.0, 190.0], [198.0, 310.0], [302.0, 310.0], [302.0, 190.0], [198.0, 190.0]], "objects": [{"category": "DoubleBed", "position": [260.82697132904957, 239.6758986935893], "size": [81.78914183811233, 70.74814318678585], "angle": -3.141583549472679}, {"category": "CornerSideTable", "position": [294.85450000000003, 204.4039], "size": [11.202581543301244, 10.518666091362705], "angle": -1.5707872226777837}, {"category": "CornerSideTable", "position": [295.92444722946465, 276.00571714202306], "size": [11.202581543301244, 10.518666091362705], "angle": -1.5707872226777786}, {"category": "PendantLamp", "position": [256.3195, 245.8669], "size": [24.002160644531273, 23.81504974365231], "angle": 3.141592653589793}]}]}]}