{"seed": 1, "floorplan": [{"rooms": [{"category": "Bedroom", "corners": [[208.0, 192.0], [208.0, 308.0], [292.0, 308.0], [292.0, 192.0], [208.0, 192.0]], "objects": [{"category": "DoubleBed", "position": [240.65641712740126, 227.74290206221025], "size": [64.70338753181329, 59.05193684915316], "angle": -9.104117114531333e-06}, {"category": "Table", "position": [217.29921939484268, 273.1347880931749], "size": [17.98234411877515, 35.92832773806148], "angle": -9.104117114331973e-06}, {"category": "Chair", "position": [233.66665518393555, 272.7032675083526], "size": [14.97241643210281, 14.842515652297502], "angle": -1.5707872226777821}, {"category": "CeilingLamp", "position": [250.29700000000003, 246.247], "size": [17.489999771118164, 17.50125045776366], "angle": 0.0}]}]}]}