{"seed": 1, "floorplan": [{"rooms": [{"category": "Bedroom", "corners": [[185.0, 199.0], [185.0, 301.0], [315.0, 301.0], [315.0, 199.0], [185.0, 199.0]], "objects": [{"category": "DoubleBed", "position": [261.21399999999994, 264.6378799017117], "size": [60.659701538085926, 58.29210205078124], "angle": 3.141592653589793}, {"category": "Cabinet", "position": [299.3603043233311, 294.2815357702906], "size": [12.515939712524414, 10.319399642944347], "angle": 3.141592653589793}, {"category": "Cabinet", "position": [223.06769567666893, 294.2815357702906], "size": [12.515939712524414, 10.319399642944347], "angle": 3.141592653589793}, {"category": "TVStand", "position": [259.468, 206.25100000000003], "size": [68.33280029296873, 9.058410072326666], "angle": 0.0}]}]}]}