{"seed": 1, "floorplan": [{"rooms": [{"category": "Bedroom", "corners": [[211.0, 200.0], [211.0, 201.0], [210.0, 202.0], [205.0, 202.0], [205.0, 229.0], [210.0, 229.0], [211.0, 230.0], [211.0, 300.0], [295.0, 300.0], [295.0, 200.0], [211.0, 200.0]], "objects": [{"category": "DoubleBed", "position": [257.07413513115023, 256.0651116093474], "size": [78.63551510453361, 74.96198312495974], "angle": -1.5707872226777821}, {"category": "PendantLamp", "position": [253.0, 256.0], "size": [14.999999999999972, 15.0], "angle": 0.0}, {"category": "Nightstand", "position": [290.96496706513716, 223.65451012916427], "size": [16.50015021998383, 12.445103078803031], "angle": -1.5707872226777793}, {"category": "Nightstand", "position": [291.24994101183324, 292.91949394753016], "size": [16.5001502199838, 12.445103078803031], "angle": -1.5707872226777861}]}]}]}