{"seed": 1, "floorplan": [{"rooms": [{"category": "Bedroom", "corners": [[189.0, 178.0], [189.0, 209.0], [205.0, 209.0], [206.0, 210.0], [206.0, 322.0], [311.0, 322.0], [311.0, 178.0], [189.0, 178.0]], "objects": [{"category": "Nightstand", "position": [222.41290131491593, 305.25167326506846], "size": [15.111377581870622, 15.174527799744578], "angle": -9.10411711656115e-06}, {"category": "DoubleBed", "position": [244.18547167090526, 261.8155], "size": [68.91362941476905, 65.04089060449482], "angle": -1.5708054309120107}, {"category": "Nightstand", "position": [221.86354557473766, 220.5573267349316], "size": [15.111377581870679, 15.174527799744578], "angle": -9.104117112799486e-06}]}]}]}