{"seed": 1, "floorplan": [{"rooms": [{"category": "Bedroom", "corners": [[198.0, 209.0], [198.0, 291.0], [302.0, 291.0], [302.0, 209.0], [198.0, 209.0]], "objects": [{"category": "DoubleBed", "position": [240.80386284200216, 238.65928903997198], "size": [40.78537040095157, 64.89239071737198], "angle": -1.5707872226777828}, {"category": "Cabinet", "position": [291.6545601901795, 235.660692867256], "size": [37.715144390045126, 16.68015140097946], "angle": -1.5707872226777817}, {"category": "Cabinet", "position": [210.6524323872715, 279.47152693153157], "size": [13.904190354351678, 13.691517927165123], "angle": -0.9744017090462496}]}]}]}