{"seed": 1, "floorplan": [{"rooms": [{"category": "Bedroom", "corners": [[190.0, 202.0], [190.0, 298.0], [310.0, 298.0], [310.0, 265.0], [302.0, 265.0], [301.0, 264.0], [301.0, 203.0], [302.0, 202.0], [190.0, 202.0]], "objects": [{"category": "DoubleBed", "position": [227.49458668820952, 242.19144376075266], "size": [60.53370208740233, 63.57989959716798], "angle": 0.0}, {"category": "Nightstand", "position": [270.8124317068693, 209.82085408149874], "size": [19.484999084472634, 13.076700210571289], "angle": 0.0}, {"category": "Cabinet", "position": [292.61134975236115, 237.8828966123073], "size": [71.47775188004027, 13.847465699650268], "angle": -1.5707872226777821}, {"category": "PendantLamp", "position": [239.0533, 246.7], "size": [20.2568389892578, 20.25683898925783], "angle": 0.0}]}]}]}