{"seed": 1, "floorplan": [{"rooms": [{"category": "Bedroom", "corners": [[208.0, 199.0], [208.0, 301.0], [292.0, 301.0], [292.0, 199.0], [208.0, 199.0]], "objects": [{"category": "SingleBed", "position": [231.35118459920835, 261.79062616767965], "size": [43.83610007957517, 76.63989909677359], "angle": -9.104117114376407e-06}]}]}]}