{"seed": 1, "floorplan": [{"rooms": [{"category": "Bedroom", "corners": [[208.0, 199.0], [208.0, 268.0], [207.0, 269.0], [190.0, 269.0], [190.0, 301.0], [310.0, 301.0], [310.0, 199.0], [208.0, 199.0]], "objects": [{"category": "DoubleBed", "position": [262.24749999999995, 235.8208323774735], "size": [68.92799835205079, 72.46979827880861], "angle": 0.0}, {"category": "PendantLamp", "position": [264.3325, 249.9805], "size": [15.303210067748978, 15.084149551391647], "angle": 0.0}]}]}]}