{"seed": 1, "floorplan": [{"rooms": [{"category": "Bedroom", "corners": [[207.0, 204.0], [207.0, 296.0], [293.0, 296.0], [293.0, 204.0], [207.0, 204.0]], "objects": [{"category": "SingleBed", "position": [256.4769183806002, 250.4516218917642], "size": [73.29666950176644, 60.02154864296128], "angle": -3.1415835494726796}, {"category": "Nightstand", "position": [290.4080477243122, 216.9187013685373], "size": [11.007160452633226, 11.007160452633283], "angle": -3.141583549472679}, {"category": "CeilingLamp", "position": [243.2515, 242.34249999999997], "size": [20.952420043945324, 21.00048065185547], "angle": 0.0}]}]}]}