{"seed": 1, "floorplan": [{"rooms": [{"category": "Bedroom", "corners": [[296.0, 181.0], [295.0, 182.0], [204.0, 182.0], [204.0, 319.0], [205.0, 318.0], [296.0, 318.0], [296.0, 181.0]], "objects": [{"category": "PendantLamp", "position": [252.2752, 236.67129999999997], "size": [19.17677993774413, 11.636310195922846], "angle": 0.0}, {"category": "SingleBed", "position": [257.11115879073895, 237.24396138104453], "size": [70.53724038778704, 76.93150178819184], "angle": -1.5707872226777826}, {"category": "Nightstand", "position": [291.3004877054533, 279.3612260754596], "size": [13.499878773248742, 17.99983836433158], "angle": -0.009876545456606834}, {"category": "Nightstand", "position": [291.0993719523558, 191.83880404178564], "size": [13.499878773248629, 17.99983836433158], "angle": -0.009876545456606918}]}]}]}