{"seed": 1, "floorplan": [{"rooms": [{"category": "Bedroom", "corners": [[183.0, 212.0], [183.0, 287.0], [182.0, 288.0], [317.0, 288.0], [317.0, 213.0], [318.0, 212.0], [183.0, 212.0]], "objects": [{"category": "DoubleBed", "position": [231.89530594633254, 245.9477499269194], "size": [60.659701538085955, 58.29210205078121], "angle": 0.0}, {"category": "Cabinet", "position": [272.03278945567604, 217.45190707718035], "size": [19.96736984252931, 14.81679039001466], "angle": 0.0}]}]}]}