{"seed": 1, "floorplan": [{"rooms": [{"category": "Bedroom", "corners": [[194.0, 174.0], [194.0, 291.0], [266.0, 291.0], [267.0, 292.0], [267.0, 326.0], [306.0, 326.0], [306.0, 174.0], [194.0, 174.0]], "objects": [{"category": "DoubleBed", "position": [228.61816613828455, 220.80699999999993], "size": [67.79401625532476, 75.18698517341413], "angle": -9.104117114268612e-06}, {"category": "Nightstand", "position": [203.1895, 247.23399999999998], "size": [10.920099876084404, 22.800207576704896], "angle": -9.104117114341355e-06}, {"category": "Nightstand", "position": [203.42950000000002, 194.64699999999996], "size": [10.920099876084404, 22.800207576704867], "angle": -9.104117116944052e-06}, {"category": "CeilingLamp", "position": [249.04450000000003, 226.48899999999998], "size": [19.77650985717773, 19.780979919433577], "angle": 0.0}]}]}]}