{"seed": 1, "floorplan": [{"rooms": [{"category": "Bedroom", "corners": [[209.0, 185.0], [209.0, 295.0], [249.0, 295.0], [250.0, 296.0], [250.0, 315.0], [291.0, 315.0], [291.0, 185.0], [209.0, 185.0]], "objects": [{"category": "DoubleBed", "position": [258.48049674944605, 244.24697604735314], "size": [100.72382044801458, 60.84055481758507], "angle": -1.5707872226777824}, {"category": "Cabinet", "position": [287.21426709734175, 287.3804427059512], "size": [12.000109250897301, 15.000136563621654], "angle": -3.1415835494726805}, {"category": "Cabinet", "position": [287.1324417755849, 209.20085573267323], "size": [15.000136563621654, 12.000109250897358], "angle": -1.5707872226777817}, {"category": "CeilingLamp", "position": [248.2795, 247.17399999999998], "size": [16.04333953857423, 15.926010131835966], "angle": 0.0}]}]}]}