{"seed": 1, "floorplan": [{"rooms": [{"category": "Bedroom", "corners": [[208.0, 209.0], [208.0, 291.0], [292.0, 291.0], [292.0, 209.0], [208.0, 209.0]], "objects": [{"category": "DoubleBed", "position": [250.0191018497234, 244.5187596973387], "size": [65.74319915771486, 70.14450073242193], "angle": 0.0}, {"category": "Nightstand", "position": [285.1268793879941, 213.61470236942893], "size": [18.800429534912098, 14.105430221557612], "angle": 0.0}, {"category": "TVStand", "position": [229.7065, 284.77149999999995], "size": [29.60028076171875, 5.243309783935558], "angle": 3.141592653589793}, {"category": "CeilingLamp", "position": [249.80949999999996, 250.63149999999993], "size": [22.264498901367176, 18.88250999450682], "angle": 0.0}]}]}]}