{"seed": 1, "floorplan": [{"rooms": [{"category": "Bedroom", "corners": [[295.0, 202.0], [294.0, 203.0], [205.0, 203.0], [205.0, 298.0], [206.0, 297.0], [283.0, 297.0], [284.0, 298.0], [295.0, 298.0], [295.0, 202.0]], "objects": [{"category": "CeilingLamp", "position": [249.877, 246.643], "size": [31.906501007080067, 14.80778961181639], "angle": 0.0}, {"category": "DoubleBed", "position": [247.49956479378324, 235.40982811200863], "size": [60.88710021972656, 65.97030029296872], "angle": 0.0}, {"category": "Nightstand", "position": [211.35968448031088, 207.25061548958232], "size": [11.007060241699207, 11.007060241699236], "angle": 0.0}, {"category": "Nightstand", "position": [280.19876540997427, 209.81830371281663], "size": [11.007060241699264, 11.007060241699207], "angle": 0.0}]}]}]}