{"seed": 1, "floorplan": [{"rooms": [{"category": "Bedroom", "corners": [[295.0, 199.0], [294.0, 200.0], [205.0, 200.0], [205.0, 301.0], [206.0, 300.0], [295.0, 300.0], [295.0, 199.0]], "objects": [{"category": "Nightstand", "position": [213.0361006852214, 204.14446942568844], "size": [20.247720336914057, 13.433610534667991], "angle": 0.0}, {"category": "DoubleBed", "position": [247.41983338686083, 231.70242266665008], "size": [52.93229827880856, 58.611300659179676], "angle": 0.0}, {"category": "Nightstand", "position": [283.57858567851235, 204.12414857642062], "size": [20.24772033691397, 13.433610534667991], "angle": 0.0}, {"category": "PendantLamp", "position": [247.543, 245.1895], "size": [13.452569961547852, 13.457130432128906], "angle": 0.0}]}]}]}