{"seed": 1, "floorplan": [{"rooms": [{"category": "Bedroom", "corners": [[207.0, 203.0], [207.0, 297.0], [293.0, 297.0], [293.0, 203.0], [207.0, 203.0]], "objects": [{"category": "DoubleBed", "position": [251.7433151350946, 246.1154852178643], "size": [79.73532980492108, 80.5522348251617], "angle": -1.5707872226777824}, {"category": "Nightstand", "position": [288.1679174374458, 212.30359516911471], "size": [13.00052645524856, 15.000630512657674], "angle": -0.009218620416551861}, {"category": "PendantLamp", "position": [247.6345, 243.52899999999997], "size": [15.0, 15.0], "angle": 0.0}]}]}]}