{"seed": 1, "floorplan": [{"rooms": [{"category": "Bedroom", "corners": [[207.0, 176.0], [207.0, 324.0], [293.0, 324.0], [293.0, 176.0], [207.0, 176.0]], "objects": [{"category": "DoubleBed", "position": [243.56606014379764, 255.3234358696198], "size": [58.57733230855158, 71.78015331479153], "angle": -1.5708054309120107}, {"category": "Nightstand", "position": [212.45681994055155, 301.84130961363536], "size": [12.6535156207551, 36.01952882471838], "angle": -9.104117112915682e-06}, {"category": "Nightstand", "position": [211.40962446811153, 208.78836649452057], "size": [12.653515620755071, 36.01952882471838], "angle": -9.104117112915702e-06}, {"category": "PendantLamp", "position": [251.52999999999997, 253.71699999999998], "size": [26.14548110961914, 23.667059326171852], "angle": 0.0}]}]}]}