{"seed": 1, "floorplan": [{"rooms": [{"category": "Bedroom", "corners": [[211.0, 204.0], [211.0, 296.0], [289.0, 296.0], [289.0, 204.0], [211.0, 204.0]], "objects": [{"category": "DoubleBed", "position": [252.49869175177778, 258.487988355779], "size": [72.5505582778992, 49.233146285452], "angle": -3.1415835494726796}, {"category": "Nightstand", "position": [283.2656046055834, 289.1720142652397], "size": [13.500122907259506, 17.791991662509616], "angle": -3.141583549472677}, {"category": "Nightstand", "position": [283.1203705234516, 224.38761412914448], "size": [17.791991662509616, 13.500122907259506], "angle": -1.5707872226777806}]}]}]}