{"seed": 1, "floorplan": [{"rooms": [{"category": "Bedroom", "corners": [[182.0, 211.0], [182.0, 289.0], [287.0, 289.0], [287.0, 272.0], [288.0, 271.0], [318.0, 271.0], [318.0, 211.0], [182.0, 211.0]], "objects": [{"category": "DoubleBed", "position": [243.42309999999998, 249.49450097656256], "size": [83.90730285644531, 75.23430175781249], "angle": 0.0}, {"category": "Nightstand", "position": [207.9330584668961, 218.27908159293315], "size": [14.126339721679699, 14.126339721679642], "angle": 0.0}, {"category": "Nightstand", "position": [279.1771, 218.305533178711], "size": [14.126339721679642, 14.12633972167967], "angle": 0.0}, {"category": "PendantLamp", "position": [242.75229999999993, 248.46490000000003], "size": [24.710579681396467, 24.710609436035185], "angle": 0.0}]}]}]}