{"seed": 1, "floorplan": [{"rooms": [{"category": "Bedroom", "corners": [[244.0, 188.0], [244.0, 191.0], [243.0, 192.0], [214.0, 192.0], [214.0, 308.0], [218.0, 308.0], [220.0, 310.0], [219.0, 311.0], [219.0, 312.0], [247.0, 312.0], [247.0, 309.0], [248.0, 308.0], [285.0, 308.0], [285.0, 244.0], [286.0, 243.0], [286.0, 192.0], [264.0, 192.0], [263.0, 191.0], [263.0, 188.0], [244.0, 188.0]], "objects": [{"category": "SingleBed", "position": [263.61511720651947, 267.9825932067147], "size": [42.149697875976585, 64.58940124511722], "angle": 3.141592653589793}, {"category": "Cabinet", "position": [218.81806194652748, 255.50194965863673], "size": [9.618927980570664, 120.9730984285817], "angle": -9.104117111334815e-06}]}]}]}