{"seed": 1, "floorplan": [{"rooms": [{"category": "Bedroom", "corners": [[185.0, 206.0], [185.0, 253.0], [206.0, 253.0], [207.0, 254.0], [207.0, 294.0], [315.0, 294.0], [315.0, 206.0], [185.0, 206.0]], "objects": [{"category": "SingleBed", "position": [282.28335438688936, 239.1261675130291], "size": [45.11879882812502, 65.72639923095704], "angle": 0.0}, {"category": "Table", "position": [236.79448748775968, 213.9042651708333], "size": [44.1785980224609, 15.4290596008301], "angle": 0.0}, {"category": "Cabinet", "position": [300.9412663441542, 288.38058288779416], "size": [29.138969421386776, 21.227909088134766], "angle": 3.141592653589793}, {"category": "CeilingLamp", "position": [257.59899999999993, 249.00999999999993], "size": [15.176729965209972, 13.143420410156239], "angle": 0.0}]}]}]}