{"seed": 1, "floorplan": [{"rooms": [{"category": "Bedroom", "corners": [[207.0, 201.0], [207.0, 299.0], [293.0, 299.0], [293.0, 201.0], [207.0, 201.0]], "objects": [{"category": "CeilingLamp", "position": [249.1, 238.39000000000001], "size": [17.592930221557623, 17.592930221557623], "angle": 0.0}, {"category": "Cabinet", "position": [268.8675442430003, 291.4017022600337], "size": [27.259590911865217, 8.218980216980015], "angle": 3.141592653589793}, {"category": "DoubleBed", "position": [256.1407345743815, 241.8901], "size": [49.23314628545206, 72.55055827789923], "angle": -1.5707872226777828}]}]}]}