{"seed": 1, "floorplan": [{"rooms": [{"category": "Bedroom", "corners": [[204.0, 200.0], [204.0, 300.0], [296.0, 300.0], [296.0, 200.0], [204.0, 200.0]], "objects": [{"category": "SingleBed", "position": [240.4677267532034, 265.16760145798946], "size": [60.500048787876686, 70.35964019910942], "angle": -1.5708054309120105}, {"category": "Cabinet", "position": [208.10111564456275, 239.44169322971607], "size": [78.00040800405851, 10.507625875494382], "angle": -1.5708054309120107}]}]}]}