{"seed": 1, "floorplan": [{"rooms": [{"category": "Bedroom", "corners": [[172.0, 201.0], [172.0, 298.0], [171.0, 299.0], [328.0, 299.0], [328.0, 202.0], [329.0, 201.0], [172.0, 201.0]], "objects": [{"category": "DoubleBed", "position": [238.31048365666294, 232.70356138071833], "size": [63.52349853515628, 62.82209930419921], "angle": 0.0}, {"category": "Nightstand", "position": [278.10486381804174, 206.261402259426], "size": [17.427810287475552, 13.807199478149414], "angle": 0.0}, {"category": "Nightstand", "position": [199.01221028884493, 206.24438231907018], "size": [17.427810287475552, 13.807199478149414], "angle": 0.0}, {"category": "PendantLamp", "position": [247.15359999999998, 250.53414999999998], "size": [3.2009991245507896, 3.2009991245507896], "angle": -1.5707872226777848}]}]}]}