{"seed": 1, "floorplan": [{"rooms": [{"category": "Bedroom", "corners": [[223.0, 191.0], [219.0, 195.0], [219.0, 196.0], [210.0, 205.0], [210.0, 206.0], [201.0, 215.0], [201.0, 309.0], [267.0, 309.0], [267.0, 292.0], [268.0, 291.0], [269.0, 291.0], [270.0, 292.0], [270.0, 309.0], [299.0, 309.0], [299.0, 191.0], [223.0, 191.0]], "objects": [{"category": "Nightstand", "position": [204.5068676550223, 288.0547872423624], "size": [15.908604307112308, 12.033109734444418], "angle": -1.5708054309120103}, {"category": "Cabinet", "position": [234.20060675415488, 300.2750935762366], "size": [41.2427993774414, 11.843640518188465], "angle": 3.141592653589793}, {"category": "DoubleBed", "position": [238.5626718069904, 246.87648077866473], "size": [64.27258679577021, 65.65079758540729], "angle": -1.5708054309120103}]}]}]}