{"seed": 1, "floorplan": [{"rooms": [{"category": "Bedroom", "corners": [[193.0, 210.0], [193.0, 291.0], [194.0, 290.0], [211.0, 290.0], [212.0, 291.0], [217.0, 291.0], [218.0, 290.0], [235.0, 290.0], [236.0, 291.0], [241.0, 291.0], [242.0, 290.0], [259.0, 290.0], [260.0, 291.0], [265.0, 291.0], [266.0, 290.0], [283.0, 290.0], [284.0, 291.0], [289.0, 291.0], [290.0, 290.0], [303.0, 290.0], [304.0, 291.0], [307.0, 291.0], [307.0, 210.0], [193.0, 210.0]], "objects": [{"category": "DoubleBed", "position": [231.31053337152747, 233.37733494268014], "size": [68.55062409575096, 45.34751215514002], "angle": -9.104117113862197e-06}]}]}]}