{"seed": 1, "floorplan": [{"rooms": [{"category": "Bedroom", "corners": [[195.0, 204.0], [195.0, 296.0], [305.0, 296.0], [305.0, 204.0], [195.0, 204.0]], "objects": [{"category": "DoubleBed", "position": [244.78317514966108, 260.90293158764035], "size": [56.308799743652344, 69.12449798583981], "angle": 3.141592653589793}, {"category": "Cabinet", "position": [279.67793789686135, 291.669104722827], "size": [15.404819869995094, 12.901770401000988], "angle": 3.141592653589793}, {"category": "Cabinet", "position": [209.88654353643875, 291.6688522940767], "size": [15.404819869995151, 12.901770401000988], "angle": 3.141592653589793}]}]}]}