{"seed": 1, "floorplan": [{"rooms": [{"category": "Bedroom", "corners": [[204.0, 202.0], [204.0, 298.0], [296.0, 298.0], [296.0, 220.0], [265.0, 220.0], [264.0, 219.0], [264.0, 202.0], [204.0, 202.0]], "objects": [{"category": "DoubleBed", "position": [251.81929923463073, 259.45641135270046], "size": [76.47269897460939, 74.04210205078124], "angle": 3.141592653589793}, {"category": "Nightstand", "position": [288.894773093556, 291.9057088614772], "size": [14.192639923095726, 15.803400421142555], "angle": 3.141592653589793}, {"category": "Nightstand", "position": [215.1574964243443, 291.88256682455795], "size": [14.192639923095697, 15.803400421142555], "angle": 3.141592653589793}, {"category": "CeilingLamp", "position": [252.40450000000004, 256.27750000000003], "size": [11.96126976013187, 11.93703002929692], "angle": 0.0}]}]}]}