{"seed": 1, "floorplan": [{"rooms": [{"category": "Bedroom", "corners": [[198.0, 193.0], [198.0, 307.0], [301.0, 307.0], [302.0, 306.0], [302.0, 193.0], [198.0, 193.0]], "objects": [{"category": "DoubleBed", "position": [268.74359177010433, 243.5734734691087], "size": [100.7238204480146, 60.84055481758507], "angle": -1.570787222677783}, {"category": "Cabinet", "position": [297.7203047517061, 201.44339634246953], "size": [15.000136563621654, 12.000109250897301], "angle": -1.570787222677778}, {"category": "TVStand", "position": [205.22799999999995, 243.23650000000004], "size": [12.448313175777235, 45.000409690864934], "angle": -9.104117114600906e-06}]}]}]}