{"seed": 1, "floorplan": [{"rooms": [{"category": "Bedroom", "corners": [[204.0, 207.0], [204.0, 292.0], [203.0, 293.0], [234.0, 293.0], [234.0, 289.0], [235.0, 288.0], [296.0, 288.0], [296.0, 208.0], [297.0, 207.0], [204.0, 207.0]], "objects": [{"category": "DoubleBed", "position": [259.00196836494047, 244.232351514619], "size": [74.07637630737207, 74.11117581852822], "angle": -1.5707872226777828}, {"category": "CeilingLamp", "position": [249.0895, 244.45600000000005], "size": [15.538191160031989, 15.50168074157578], "angle": -1.5707872226777835}, {"category": "Nightstand", "position": [291.6526160056472, 266.4013391690263], "size": [17.765565773441306, 14.933473177934626], "angle": -1.5659163741050297}]}]}]}