{"seed": 1, "floorplan": [{"rooms": [{"category": "Bedroom", "corners": [[201.0, 179.0], [201.0, 321.0], [299.0, 321.0], [299.0, 179.0], [201.0, 179.0]], "objects": [{"category": "DoubleBed", "position": [260.236, 213.86950000000002], "size": [60.53370208740236, 63.57989959716798], "angle": 0.0}, {"category": "TVStand", "position": [257.9286362232609, 316.7169545025366], "size": [75.56970062255857, 14.112179946899403], "angle": 3.141592653589793}, {"category": "PendantLamp", "position": [252.607, 245.24350000000004], "size": [20.29197006225587, 20.291819000244175], "angle": 0.0}]}]}]}