{"seed": 1, "floorplan": [{"rooms": [{"category": "Bedroom", "corners": [[184.0, 206.0], [184.0, 294.0], [316.0, 294.0], [316.0, 270.0], [286.0, 270.0], [285.0, 269.0], [285.0, 206.0], [184.0, 206.0]], "objects": [{"category": "DoubleBed", "position": [238.44839907030843, 241.7776553947552], "size": [62.95680084228513, 69.92369842529297], "angle": 0.0}, {"category": "Nightstand", "position": [197.63736736353866, 211.30778403770634], "size": [14.59122047424313, 14.54765968322755], "angle": 0.0}, {"category": "Nightstand", "position": [279.54371645329087, 211.31701967320438], "size": [14.591220474243187, 14.54765968322755], "angle": 0.0}]}]}]}