{"seed": 1, "floorplan": [{"rooms": [{"category": "Bedroom", "corners": [[293.0, 205.0], [292.0, 206.0], [206.0, 206.0], [206.0, 294.0], [294.0, 294.0], [294.0, 257.0], [293.0, 256.0], [293.0, 205.0]], "objects": [{"category": "DoubleBed", "position": [238.8539314871632, 264.8484503693487], "size": [64.70338753181329, 59.05193684915316], "angle": -9.104117114092071e-06}, {"category": "Nightstand", "position": [210.52086063194457, 232.43951608401485], "size": [13.008207875808543, 16.870773940270276], "angle": -9.104117113007317e-06}, {"category": "CeilingLamp", "position": [253.72391960475989, 255.5348423329791], "size": [17.490074558607684, 17.50132529336129], "angle": -1.564696819855391}]}]}]}