{"seed": 1, "floorplan": [{"rooms": [{"category": "Bedroom", "corners": [[189.0, 207.0], [189.0, 293.0], [311.0, 293.0], [311.0, 207.0], [189.0, 207.0]], "objects": [{"category": "DoubleBed", "position": [255.17380000000003, 240.79045000000002], "size": [71.4171020507813, 68.56770172119138], "angle": 0.0}, {"category": "PendantLamp", "position": [289.3945, 219.10946635369257], "size": [24.710579681396496, 24.710609436035156], "angle": 0.0}, {"category": "PendantLamp", "position": [223.27660000000003, 219.10946635369257], "size": [24.710579681396496, 24.710609436035156], "angle": 0.0}, {"category": "CeilingLamp", "position": [256.0267, 254.72395], "size": [22.264498901367176, 18.88250999450682], "angle": 0.0}]}]}]}