{"seed": 1, "floorplan": [{"rooms": [{"category": "Bedroom", "corners": [[185.0, 204.0], [185.0, 296.0], [315.0, 296.0], [315.0, 204.0], [185.0, 204.0]], "objects": [{"category": "DoubleBed", "position": [258.54948893225367, 262.17254785773866], "size": [37.97999954223633, 67.7568008422852], "angle": 3.141592653589793}, {"category": "Cabinet", "position": [215.40678515926282, 289.19221923133045], "size": [16.762620162963856, 12.54167976379398], "angle": 3.141592653589793}, {"category": "Cabinet", "position": [299.8951348619297, 288.81260316871084], "size": [16.762620162963856, 12.541679763793923], "angle": 3.141592653589793}]}]}]}