{"seed": 1, "floorplan": [{"rooms": [{"category": "Bedroom", "corners": [[214.0, 202.0], [214.0, 298.0], [286.0, 298.0], [286.0, 202.0], [214.0, 202.0]], "objects": [{"category": "DoubleBed", "position": [246.3997856285721, 263.7931409896797], "size": [48.39254262416223, 59.31804187191313], "angle": -1.5708054309120107}, {"category": "Nightstand", "position": [220.20667411940386, 227.43503348686863], "size": [12.600114713442183, 12.602455051521446], "angle": -9.104117114775329e-06}, {"category": "CeilingLamp", "position": [254.0095, 251.6905], "size": [20.99802017211914, 20.99802017211914], "angle": 0.0}]}]}]}