{"seed": 1, "floorplan": [{"rooms": [{"category": "Bedroom", "corners": [[209.0, 176.0], [209.0, 324.0], [291.0, 324.0], [291.0, 234.0], [247.0, 234.0], [246.0, 233.0], [246.0, 176.0], [209.0, 176.0]], "objects": [{"category": "DoubleBed", "position": [260.79478772305913, 282.9034760971687], "size": [56.53278608255911, 51.27322529422505], "angle": -3.134698525293016}, {"category": "PendantLamp", "position": [249.988, 284.28549999999996], "size": [24.567029571533226, 11.0620204925537], "angle": 0.0}]}]}]}