{"seed": 1, "floorplan": [{"rooms": [{"category": "Bedroom", "corners": [[153.0, 205.0], [153.0, 295.0], [282.0, 295.0], [282.0, 241.0], [283.0, 240.0], [347.0, 240.0], [347.0, 205.0], [153.0, 205.0]], "objects": [{"category": "DoubleBed", "position": [211.41193675608653, 258.93923794372733], "size": [68.56770897565384, 71.41710960671026], "angle": -1.5703363268273414}, {"category": "Nightstand", "position": [251.96496195871433, 287.6222839524234], "size": [18.644549560546864, 17.99780960083001], "angle": 3.141592653589793}, {"category": "Nightstand", "position": [166.44159981646453, 287.395568272924], "size": [18.644549560546892, 17.99780960083001], "angle": 3.141592653589793}]}]}]}