{"seed": 1, "floorplan": [{"rooms": [{"category": "Bedroom", "corners": [[208.0, 188.0], [208.0, 312.0], [292.0, 312.0], [292.0, 188.0], [208.0, 188.0]], "objects": [{"category": "DoubleBed", "position": [242.96167813914988, 263.14750000000004], "size": [58.61183427061219, 52.932780187232275], "angle": -9.104117114659648e-06}, {"category": "Nightstand", "position": [218.08682749975443, 299.16617598332306], "size": [11.613765783003611, 12.000109250897358], "angle": -9.104117110872943e-06}, {"category": "Nightstand", "position": [217.5275955099388, 229.40582401667695], "size": [11.613765783003611, 12.000109250897301], "angle": -9.104117113320186e-06}, {"category": "CeilingLamp", "position": [251.017, 252.8155], "size": [19.345049285888678, 19.345049285888706], "angle": 0.0}]}]}]}