{"seed": 1, "floorplan": [{"rooms": [{"category": "Bedroom", "corners": [[209.0, 198.0], [209.0, 302.0], [291.0, 302.0], [291.0, 198.0], [209.0, 198.0]], "objects": [{"category": "DoubleBed", "position": [250.17220139160162, 236.49159999999998], "size": [70.74814318678582, 81.78914183811236], "angle": -1.5707872226777826}]}]}]}