{"seed": 1, "floorplan": [{"rooms": [{"category": "Bedroom", "corners": [[193.0, 206.0], [193.0, 294.0], [307.0, 294.0], [307.0, 206.0], [193.0, 206.0]], "objects": [{"category": "DoubleBed", "position": [256.82621393705836, 237.4953647002785], "size": [51.273600769042986, 56.5332000732422], "angle": 0.0}, {"category": "CornerSideTable", "position": [224.76774310940976, 217.09062957160603], "size": [16.1040106539811, 16.104010653981074], "angle": -0.4649810687683285}, {"category": "CornerSideTable", "position": [288.899545815812, 217.30888642867427], "size": [16.104010653981085, 16.10401065398111], "angle": -2.0357773955632235}, {"category": "PendantLamp", "position": [260.347, 257.4445], "size": [13.452569961547852, 13.457130432128906], "angle": 0.0}]}]}]}