{"seed": 1, "floorplan": [{"rooms": [{"category": "Bedroom", "corners": [[205.0, 203.0], [205.0, 297.0], [295.0, 297.0], [295.0, 203.0], [205.0, 203.0]], "objects": [{"category": "SingleBed", "position": [269.399646553258, 265.55872606715826], "size": [46.037217225828215, 50.945262092552376], "angle": -1.5707872226777824}, {"category": "Table", "position": [213.93703712017606, 224.21168415891566], "size": [17.159586536706964, 35.70032502141952], "angle": -3.1415835494726805}, {"category": "Chair", "position": [233.42428589809614, 224.57496111928126], "size": [16.853522959239985, 19.495918002961886], "angle": -1.570787222677783}, {"category": "PendantLamp", "position": [249.72127185920482, 249.89675781085506], "size": [13.847280120849604, 14.081729507446283], "angle": 0.0}]}]}]}