{"seed": 1, "floorplan": [{"rooms": [{"category": "Bedroom", "corners": [[220.0, 207.0], [220.0, 262.0], [219.0, 263.0], [195.0, 263.0], [195.0, 293.0], [305.0, 293.0], [305.0, 207.0], [220.0, 207.0]], "objects": [{"category": "PendantLamp", "position": [255.3775, 245.58400000000003], "size": [16.079190444946306, 3.2223000526428223], "angle": 3.141592653589793}, {"category": "DoubleBed", "position": [277.86033428898435, 245.10399999999998], "size": [52.93229827880859, 58.611300659179676], "angle": 0.0}]}]}]}