{"seed": 1, "floorplan": [{"rooms": [{"category": "Bedroom", "corners": [[200.0, 206.0], [200.0, 294.0], [300.0, 294.0], [300.0, 206.0], [200.0, 206.0]], "objects": [{"category": "DoubleBed", "position": [255.46079293823033, 242.12705214512079], "size": [56.54760131835934, 70.27079772949219], "angle": 0.0}, {"category": "Cabinet", "position": [208.60705140088425, 243.15701888222458], "size": [13.847465699650268, 71.47775188004023], "angle": -9.10411711472283e-06}, {"category": "Nightstand", "position": [222.9141212238543, 211.0939401952436], "size": [19.074629974365223, 14.577329635620089], "angle": 0.0}, {"category": "Nightstand", "position": [291.98133071441237, 211.48740308118366], "size": [19.07462997436528, 14.577329635620117], "angle": 0.0}]}]}]}