{"seed": 1, "floorplan": [{"rooms": [{"category": "Bedroom", "corners": [[207.0, 190.0], [207.0, 310.0], [293.0, 310.0], [293.0, 190.0], [207.0, 190.0]], "objects": [{"category": "DoubleBed", "position": [259.33555974468555, 259.14999972279185], "size": [66.92370803893202, 65.80259797865263], "angle": -1.5707872226777824}, {"category": "Nightstand", "position": [288.47238141308816, 219.98915576112375], "size": [19.10009416311284, 13.292131511719663], "angle": -1.5707872226777833}, {"category": "Nightstand", "position": [288.47202018965487, 298.31088355920633], "size": [19.100094163112896, 13.292131511719663], "angle": -1.5707872226777833}, {"category": "CeilingLamp", "position": [252.11200000000002, 254.659], "size": [23.754148864746128, 25.052368927001908], "angle": 0.0}]}]}]}