{"seed": 1, "floorplan": [{"rooms": [{"category": "Bedroom", "corners": [[210.0, 200.0], [210.0, 300.0], [290.0, 300.0], [290.0, 200.0], [210.0, 200.0]], "objects": [{"category": "SingleBed", "position": [234.70921827451437, 261.41624542288037], "size": [48.75164318350975, 77.66590788840394], "angle": -9.104117114270687e-06}, {"category": "CeilingLamp", "position": [248.9000545836472, 247.29123459759103], "size": [41.944500732421886, 11.69352035522462], "angle": 0.0}]}]}]}