{"seed": 1, "floorplan": [{"rooms": [{"category": "Bedroom", "corners": [[184.0, 207.0], [184.0, 293.0], [316.0, 293.0], [316.0, 207.0], [184.0, 207.0]], "objects": [{"category": "DoubleBed", "position": [265.913377901529, 259.95381763149214], "size": [60.14909820556642, 66.4136993408203], "angle": 3.141592653589793}, {"category": "Nightstand", "position": [225.902420883766, 290.2245805753458], "size": [18.421530532836925, 10.778850173950161], "angle": 3.141592653589793}, {"category": "Nightstand", "position": [301.126, 287.314], "size": [18.421530532836925, 10.778850173950218], "angle": 3.141592653589793}, {"category": "PendantLamp", "position": [264.085, 241.015], "size": [22.306020355224604, 22.334969329833967], "angle": 0.0}]}]}]}