{"seed": 1, "floorplan": [{"rooms": [{"category": "Bedroom", "corners": [[209.0, 194.0], [209.0, 306.0], [291.0, 306.0], [291.0, 194.0], [209.0, 194.0]], "objects": [{"category": "DoubleBed", "position": [242.07471911460559, 249.89919496769917], "size": [66.45720598908898, 65.3408933357672], "angle": -9.1041171143198e-06}, {"category": "Nightstand", "position": [216.81435211334087, 208.4773311603107], "size": [19.500177532708157, 12.030019801528006], "angle": -1.5708054309120103}, {"category": "PendantLamp", "position": [248.515, 244.6855], "size": [24.825659179687477, 24.82746047973629], "angle": 0.0}]}]}]}