{"seed": 1, "floorplan": [{"rooms": [{"category": "Bedroom", "corners": [[195.0, 200.0], [195.0, 300.0], [305.0, 300.0], [305.0, 200.0], [195.0, 200.0]], "objects": [{"category": "DoubleBed", "position": [266.8688388157734, 251.19907291560355], "size": [74.22336636524415, 71.19844913532933], "angle": -0.00631657711929054}, {"category": "Cabinet", "position": [299.3432642837901, 291.61491549206704], "size": [21.043822456507584, 13.929765793193207], "angle": -1.549745534675031}, {"category": "Cabinet", "position": [298.8407907944884, 209.43791992827602], "size": [21.044171234246992, 13.929996663427621], "angle": -1.5707872226777828}, {"category": "CeilingLamp", "position": [259.081, 252.7375], "size": [17.092649459838896, 15.837570190429688], "angle": 0.0}]}]}]}