{"seed": 1, "floorplan": [{"rooms": [{"category": "Bedroom", "corners": [[200.0, 204.0], [200.0, 296.0], [300.0, 296.0], [300.0, 204.0], [200.0, 204.0]], "objects": [{"category": "DoubleBed", "position": [242.56900000000002, 234.12549999999993], "size": [60.659701538085955, 58.29210205078127], "angle": 0.0}, {"category": "TVStand", "position": [243.05200000000002, 287.9718834991578], "size": [66.0, 15.574709701538097], "angle": 3.141592653589793}, {"category": "PendantLamp", "position": [244.711, 250.00449999999992], "size": [12.70071029663086, 11.791289520263689], "angle": 0.0}]}]}]}