{"seed": 1, "floorplan": [{"rooms": [{"category": "Bedroom", "corners": [[171.0, 198.0], [171.0, 302.0], [329.0, 302.0], [329.0, 198.0], [171.0, 198.0]], "objects": [{"category": "DoubleBed", "position": [238.39338066410227, 267.2250033244671], "size": [62.95680084228516, 69.92369842529297], "angle": 3.141592653589793}, {"category": "Nightstand", "position": [282.96549999999996, 295.007733509318], "size": [14.591220474243187, 14.54765968322755], "angle": 3.141592653589793}, {"category": "Nightstand", "position": [195.32433319605542, 294.9328247389132], "size": [14.59122047424313, 14.547659683227607], "angle": 3.141592653589793}]}]}]}