{"seed": 1, "floorplan": [{"rooms": [{"category": "Bedroom", "corners": [[209.0, 197.0], [209.0, 303.0], [291.0, 303.0], [291.0, 197.0], [209.0, 197.0]], "objects": [{"category": "DoubleBed", "position": [251.25426041943837, 240.55636920825012], "size": [81.78914568684738, 70.74814651596681], "angle": -3.1411492626328674}, {"category": "Nightstand", "position": [214.49826231804593, 204.76754696868673], "size": [14.095358428917104, 19.66346789872406], "angle": -9.104117111714401e-06}, {"category": "PendantLamp", "position": [254.1415, 238.2325], "size": [54.35130157470704, 1.9711499691009635], "angle": 3.141592653589793}]}]}]}