{"seed": 1, "floorplan": [{"rooms": [{"category": "Bedroom", "corners": [[209.0, 198.0], [209.0, 295.0], [229.0, 295.0], [230.0, 296.0], [230.0, 302.0], [257.0, 302.0], [257.0, 296.0], [258.0, 295.0], [291.0, 295.0], [291.0, 198.0], [209.0, 198.0]], "objects": [{"category": "DoubleBed", "position": [241.19713972549926, 237.33802144175473], "size": [58.88273670032977, 51.19636606321304], "angle": -9.104117114379824e-06}, {"category": "Cabinet", "position": [213.272123444432, 204.2186698196428], "size": [12.799226557315901, 16.3552186331697], "angle": -9.104117114105422e-06}, {"category": "Table", "position": [272.6762068393631, 285.9562148457071], "size": [35.92800064086913, 17.982180404663097], "angle": 3.141592653589793}, {"category": "Chair", "position": [283.0036534683446, 277.29655238424147], "size": [18.239400100707996, 20.8946708679199], "angle": 0.0}]}]}]}