{"seed": 1, "floorplan": [{"rooms": [{"category": "Bedroom", "corners": [[288.0, 195.0], [287.0, 196.0], [212.0, 196.0], [212.0, 305.0], [213.0, 304.0], [288.0, 304.0], [288.0, 195.0]], "objects": [{"category": "DoubleBed", "position": [252.45462504421639, 243.2708658264677], "size": [62.9573487194283, 69.92430693137361], "angle": -1.563391366762408}, {"category": "Nightstand", "position": [281.21390555096275, 203.83399247686543], "size": [14.591353316237305, 14.547792128633732], "angle": -1.5707872226777844}, {"category": "Nightstand", "position": [281.65075004240725, 280.8167370582272], "size": [14.591353316237305, 14.547792128633732], "angle": -1.5707872226777844}, {"category": "PendantLamp", "position": [249.988, 245.22100000000003], "size": [24.963629150390602, 24.979140472412126], "angle": 0.0}]}]}]}