{"seed": 1, "floorplan": [{"rooms": [{"category": "Bedroom", "corners": [[193.0, 208.0], [193.0, 292.0], [307.0, 292.0], [307.0, 208.0], [193.0, 208.0]], "objects": [{"category": "DoubleBed", "position": [256.9475663498395, 239.63191513301814], "size": [56.425199890136696, 62.72400054931643], "angle": 0.0}, {"category": "Nightstand", "position": [295.66700347922927, 213.9895691666644], "size": [16.56086997985841, 14.043450164794933], "angle": 0.0}, {"category": "Nightstand", "position": [220.31948966378184, 213.4892385580725], "size": [16.56086997985838, 14.043450164794933], "angle": 0.0}, {"category": "CeilingLamp", "position": [256.00015, 260.101], "size": [16.525799560546858, 16.525799560546858], "angle": 0.0}]}]}]}