{"seed": 1, "floorplan": [{"rooms": [{"category": "Bedroom", "corners": [[215.0, 226.0], [215.0, 274.0], [285.0, 274.0], [285.0, 226.0], [215.0, 226.0]], "objects": [{"category": "SingleBed", "position": [250.0, 249.82404937744138], "size": [62.15010223388671, 47.64809875488277], "angle": 0.0}]}]}]}