{"seed": 1, "floorplan": [{"rooms": [{"category": "Bedroom", "corners": [[181.0, 171.0], [181.0, 305.0], [250.0, 305.0], [251.0, 306.0], [251.0, 329.0], [319.0, 329.0], [319.0, 171.0], [181.0, 171.0]], "objects": [{"category": "Table", "position": [295.40006649819804, 320.1968575961139], "size": [39.75420227050785, 17.473260498046898], "angle": 3.141592653589793}, {"category": "Sofa", "position": [294.1964279585354, 304.0900292067379], "size": [19.536779022216763, 15.987720108032192], "angle": 0.0}, {"category": "DoubleBed", "position": [255.3742851780704, 204.15825279279014], "size": [60.14909820556636, 66.4136993408203], "angle": 0.0}, {"category": "Sofa", "position": [254.76869298889378, 248.4966540659568], "size": [19.92233963012694, 19.888829040527355], "angle": 0.0}]}]}]}