{"seed": 1, "floorplan": [{"rooms": [{"category": "Bedroom", "corners": [[208.0, 202.0], [208.0, 298.0], [292.0, 298.0], [292.0, 202.0], [208.0, 202.0]], "objects": [{"category": "DoubleBed", "position": [256.61849802275975, 253.33430287676873], "size": [69.92433502752604, 62.957374016200504], "angle": -3.1415835494726796}, {"category": "Nightstand", "position": [287.0285946461853, 287.4158470045935], "size": [14.591353316237305, 14.547792128633676], "angle": -1.5707872226777844}]}]}]}