{"seed": 1, "floorplan": [{"rooms": [{"category": "Bedroom", "corners": [[200.0, 182.0], [200.0, 318.0], [300.0, 318.0], [300.0, 182.0], [200.0, 182.0]], "objects": [{"category": "DoubleBed", "position": [264.6279213283857, 263.62864558191234], "size": [67.79401625532479, 75.18698517341409], "angle": -3.141583549472679}, {"category": "Nightstand", "position": [289.0324293137113, 219.27322565206708], "size": [22.799909356617206, 10.919957044352161], "angle": -1.5629937774061597}, {"category": "Nightstand", "position": [292.21429307450614, 309.4151622845804], "size": [22.800207576704835, 10.920099876084434], "angle": -1.5707872226777833}, {"category": "TVStand", "position": [208.339, 261.8005], "size": [11.165171611040513, 56.369014474183736], "angle": -9.104117114005095e-06}]}]}]}