{"seed": 1, "floorplan": [{"rooms": [{"category": "Bedroom", "corners": [[207.0, 183.0], [207.0, 317.0], [293.0, 317.0], [293.0, 289.0], [288.0, 289.0], [287.0, 288.0], [287.0, 183.0], [207.0, 183.0]], "objects": [{"category": "DoubleBed", "position": [242.93767027313606, 240.75100330186586], "size": [72.09605432312863, 70.99594665132392], "angle": -1.570805430912011}, {"category": "Nightstand", "position": [213.97796285437096, 200.24672777322996], "size": [17.090705065482908, 29.796451996721064], "angle": -9.104117114533835e-06}, {"category": "Nightstand", "position": [213.9778608551374, 281.25213441932476], "size": [29.796451996721064, 17.090705065482908], "angle": -1.57080543091201}]}]}]}