{"seed": 1, "floorplan": [{"rooms": [{"category": "Bedroom", "corners": [[200.0, 192.0], [199.0, 193.0], [199.0, 301.0], [200.0, 302.0], [200.0, 307.0], [199.0, 308.0], [301.0, 308.0], [301.0, 193.0], [300.0, 192.0], [200.0, 192.0]], "objects": [{"category": "PendantLamp", "position": [252.08500000000004, 256.2625], "size": [28.8915000915527, 9.024120140075667], "angle": 0.0}, {"category": "DoubleBed", "position": [235.74622029284842, 257.55869927364984], "size": [70.34674030139327, 61.823061931430914], "angle": -9.104117114246694e-06}, {"category": "Nightstand", "position": [206.6523484104681, 294.082091396529], "size": [11.252322596737637, 11.252322596737637], "angle": -9.104117113570021e-06}]}]}]}