{"seed": 1, "floorplan": [{"rooms": [{"category": "Bedroom", "corners": [[297.0, 203.0], [296.0, 204.0], [203.0, 204.0], [203.0, 297.0], [204.0, 296.0], [297.0, 296.0], [297.0, 203.0]], "objects": [{"category": "SingleBed", "position": [271.1408533864402, 238.81047886663174], "size": [51.103500366210994, 69.99600219726562], "angle": 0.0}, {"category": "Chair", "position": [266.86730194447705, 275.9175503423118], "size": [24.760739135742185, 45.01859893798827], "angle": -1.1985536104850327}]}]}]}