{"seed": 1, "floorplan": [{"rooms": [{"category": "Bedroom", "corners": [[203.0, 194.0], [203.0, 306.0], [297.0, 306.0], [297.0, 194.0], [203.0, 194.0]], "objects": [{"category": "DoubleBed", "position": [236.73948028493106, 272.42204995115014], "size": [59.1239391526228, 67.63021776700701], "angle": -1.570805430912011}, {"category": "Table", "position": [222.0444878904713, 217.05987564112684], "size": [40.10946703062327, 40.10946703062327], "angle": -9.104117114933626e-06}, {"category": "Chair", "position": [236.24327786186106, 230.25866752781465], "size": [13.912937629680572, 16.605730046260113], "angle": -0.7853927101735361}, {"category": "CeilingLamp", "position": [246.65980000000002, 250.00000000000003], "size": [17.489999771118164, 17.50125045776369], "angle": 0.0}]}]}]}