{"seed": 1, "floorplan": [{"rooms": [{"category": "Bedroom", "corners": [[168.0, 198.0], [168.0, 302.0], [332.0, 302.0], [332.0, 198.0], [168.0, 198.0]], "objects": [{"category": "DoubleBed", "position": [263.3899228066992, 236.15157209387655], "size": [66.92309875488283, 65.8019989013672], "angle": 0.0}, {"category": "Cabinet", "position": [322.29999999999995, 229.37290000000002], "size": [27.02637520279566, 16.824753394949102], "angle": -1.5707872226777835}, {"category": "Cabinet", "position": [253.88559999999998, 295.51], "size": [35.642999267578205, 8.677170181274448], "angle": 3.141592653589793}]}]}]}