{"seed": 1, "floorplan": [{"rooms": [{"category": "Bedroom", "corners": [[201.0, 193.0], [201.0, 307.0], [299.0, 307.0], [299.0, 193.0], [201.0, 193.0]], "objects": [{"category": "Nightstand", "position": [224.0047927106592, 291.25870506083106], "size": [9.823109603266497, 14.532492383019196], "angle": -9.10411711065697e-06}, {"category": "DoubleBed", "position": [230.34454005816966, 246.5695605077288], "size": [53.730491001964104, 51.83267251542766], "angle": -1.570805430912011}, {"category": "PendantLamp", "position": [222.79750000000004, 237.84189999999998], "size": [16.53699023128445, 16.680541648062597], "angle": -1.570787222677779}, {"category": "Table", "position": [207.58362443158813, 290.58527892525944], "size": [10.511915160150172, 33.373804664383876], "angle": -9.10411711294594e-06}]}]}]}