{"seed": 1, "floorplan": [{"rooms": [{"category": "Bedroom", "corners": [[215.0, 204.0], [215.0, 296.0], [285.0, 296.0], [285.0, 204.0], [215.0, 204.0]], "objects": [{"category": "Armchair", "position": [228.8459468614192, 267.70763124946706], "size": [17.329868162051103, 17.679551292521186], "angle": -1.5707872226777828}, {"category": "DoubleBed", "position": [250.0841046995696, 235.9720522830979], "size": [69.97233656317242, 62.43536761582222], "angle": -9.104117113995533e-06}, {"category": "Table", "position": [221.52427399004637, 262.6709518658273], "size": [42.0315838340786, 18.0733346322258], "angle": -1.5708054309120103}]}]}]}