{"seed": 1, "floorplan": [{"rooms": [{"category": "Bedroom", "corners": [[201.0, 203.0], [200.0, 204.0], [200.0, 209.0], [199.0, 210.0], [197.0, 210.0], [197.0, 233.0], [199.0, 233.0], [200.0, 234.0], [200.0, 297.0], [255.0, 297.0], [255.0, 296.0], [256.0, 295.0], [303.0, 295.0], [303.0, 203.0], [201.0, 203.0]], "objects": [{"category": "Nightstand", "position": [226.20925, 279.8263], "size": [14.844240188598633, 12.767850494384788], "angle": 0.0}, {"category": "DoubleBed", "position": [268.94498236572485, 246.0235], "size": [71.4177522493215, 68.56832597810306], "angle": -1.5707872226777824}]}]}]}