{"seed": 1, "floorplan": [{"rooms": [{"category": "Bedroom", "corners": [[202.0, 187.0], [202.0, 313.0], [298.0, 313.0], [298.0, 187.0], [202.0, 187.0]], "objects": [{"category": "Table", "position": [228.90354304293498, 195.6017387160885], "size": [57.08880157470702, 20.95028915405271], "angle": 0.0}, {"category": "Chair", "position": [220.48120285283443, 218.6571659912792], "size": [15.54283819899675, 16.556402492318075], "angle": -0.03936210791567069}, {"category": "DoubleBed", "position": [262.76093057227195, 219.51393120060413], "size": [69.48329772949216, 65.15669860839841], "angle": 0.0}]}]}]}