{"seed": 1, "floorplan": [{"rooms": [{"category": "Bedroom", "corners": [[212.0, 197.0], [212.0, 203.0], [211.0, 204.0], [210.0, 204.0], [210.0, 291.0], [209.0, 292.0], [209.0, 303.0], [283.0, 303.0], [283.0, 302.0], [284.0, 301.0], [290.0, 301.0], [290.0, 208.0], [291.0, 207.0], [291.0, 204.0], [233.0, 204.0], [232.0, 203.0], [232.0, 197.0], [212.0, 197.0]], "objects": [{"category": "SingleBed", "position": [262.6384225740785, 271.271700293448], "size": [46.03721722582824, 50.945262092552376], "angle": -1.570787222677783}, {"category": "Table", "position": [215.74698819587906, 280.8455133474195], "size": [12.67082496718489, 38.8758559461167], "angle": -9.104117113779408e-06}, {"category": "Chair", "position": [226.7685434455409, 280.1640103560153], "size": [17.71789163791567, 16.301608297070228], "angle": -3.1415835494726774}, {"category": "Chair", "position": [277.4241389766503, 229.6478489263777], "size": [21.545296554628003, 13.075738931906134], "angle": -1.5707872226777824}]}]}]}