{"seed": 1, "floorplan": [{"rooms": [{"category": "Bedroom", "corners": [[196.0, 205.0], [196.0, 295.0], [304.0, 295.0], [304.0, 205.0], [196.0, 205.0]], "objects": [{"category": "DoubleBed", "position": [256.2178, 239.1805], "size": [48.39210205078123, 59.3175018310547], "angle": 0.0}, {"category": "CeilingLamp", "position": [255.5449, 250.84419999999994], "size": [20.952420043945324, 21.00048065185547], "angle": 0.0}]}]}]}