{"seed": 1, "floorplan": [{"rooms": [{"category": "Bedroom", "corners": [[199.0, 163.0], [199.0, 336.0], [198.0, 337.0], [249.0, 337.0], [249.0, 303.0], [250.0, 302.0], [301.0, 302.0], [301.0, 165.0], [302.0, 164.0], [302.0, 163.0], [199.0, 163.0]], "objects": [{"category": "DoubleBed", "position": [268.2164649289591, 222.94618425583099], "size": [66.92370803893196, 65.8025979786526], "angle": -1.5707872226777824}, {"category": "Nightstand", "position": [296.75176064148246, 266.32702457850377], "size": [19.09992126398731, 13.292011187814799], "angle": -1.5823504630694143}, {"category": "Nightstand", "position": [296.72915076761075, 178.85483982543803], "size": [13.292011187814799, 19.09992126398731], "angle": -0.011554136274519206}, {"category": "PendantLamp", "position": [250.4605, 224.50299999999996], "size": [29.162729644775396, 29.162729644775368], "angle": 0.0}]}]}]}