{"seed": 1, "floorplan": [{"rooms": [{"category": "Bedroom", "corners": [[190.0, 202.0], [190.0, 298.0], [271.0, 298.0], [272.0, 297.0], [310.0, 297.0], [310.0, 202.0], [190.0, 202.0]], "objects": [{"category": "DoubleBed", "position": [261.68822385034196, 233.89663525963914], "size": [41.03730010986331, 63.49680175781248], "angle": 0.0}, {"category": "Nightstand", "position": [225.3193401325231, 208.7468065530398], "size": [8.919810104370157, 7.339739799499512], "angle": 0.0}, {"category": "PendantLamp", "position": [262.85953932511086, 246.90988294970438], "size": [32.748900604248064, 1.3951799869537354], "angle": 0.0}]}]}]}