{"seed": 1, "floorplan": [{"rooms": [{"category": "Bedroom", "corners": [[199.0, 207.0], [199.0, 293.0], [301.0, 293.0], [301.0, 207.0], [199.0, 207.0]], "objects": [{"category": "SingleBed", "position": [264.5083668156769, 241.26572494950105], "size": [53.124000549316435, 62.4357009887695], "angle": 0.0}, {"category": "Chair", "position": [224.8589045435333, 225.72450506307797], "size": [14.86441526573754, 14.77405418306624], "angle": -1.5707872226777837}, {"category": "Table", "position": [207.769479771867, 238.7072967757678], "size": [18.000254285494314, 60.00054625448656], "angle": -9.104117119132783e-06}, {"category": "PendantLamp", "position": [248.48830000000004, 249.99999999999994], "size": [39.631498718261724, 18.728909683227528], "angle": 0.0}]}]}]}