{"seed": 1, "floorplan": [{"rooms": [{"category": "Bedroom", "corners": [[199.0, 205.0], [199.0, 295.0], [301.0, 295.0], [301.0, 205.0], [199.0, 205.0]], "objects": [{"category": "DoubleBed", "position": [256.6115197528897, 241.761779706962], "size": [49.232698059082026, 72.5498977661133], "angle": 0.0}, {"category": "Nightstand", "position": [290.7878147660141, 209.14116767821304], "size": [17.791829681396507, 13.5], "angle": 0.0}, {"category": "Nightstand", "position": [226.04787971076385, 209.15890054476122], "size": [17.79182968139645, 13.5], "angle": 0.0}]}]}]}