{"seed": 1, "floorplan": [{"rooms": [{"category": "Bedroom", "corners": [[175.0, 218.0], [175.0, 282.0], [272.0, 282.0], [272.0, 248.0], [273.0, 247.0], [325.0, 247.0], [325.0, 218.0], [175.0, 218.0]], "objects": [{"category": "DoubleBed", "position": [207.97230359005508, 251.34096264778867], "size": [64.27258679577027, 65.65079758540732], "angle": -1.5708054309120107}, {"category": "Nightstand", "position": [177.99171347167749, 273.1805417309698], "size": [11.628225524632724, 14.399801508232393], "angle": -9.104117114124498e-06}, {"category": "Cabinet", "position": [262.8505, 260.8196670125292], "size": [41.243174861844714, 11.84374834555131], "angle": -1.5707872226777824}, {"category": "PendantLamp", "position": [230.6905, 245.66799999999998], "size": [28.825891113281244, 28.825891113281244], "angle": 0.0}]}]}]}