{"seed": 1, "floorplan": [{"rooms": [{"category": "Bedroom", "corners": [[212.0, 176.0], [212.0, 180.0], [211.0, 181.0], [209.0, 181.0], [209.0, 320.0], [224.0, 320.0], [225.0, 321.0], [225.0, 324.0], [270.0, 324.0], [270.0, 321.0], [271.0, 320.0], [291.0, 320.0], [291.0, 181.0], [240.0, 181.0], [239.0, 180.0], [239.0, 176.0], [212.0, 176.0]], "objects": [{"category": "Table", "position": [275.32395149786174, 281.2217184305259], "size": [78.95381939402786, 29.631570887463074], "angle": -1.5707872226777826}, {"category": "DoubleBed", "position": [256.084394330974, 246.06026699738857], "size": [56.006009155165515, 64.08658198956009], "angle": -1.570787222677783}, {"category": "CeilingLamp", "position": [250.0, 250.486], "size": [26.87634408224992, 26.876344082250004], "angle": -1.5707872226777821}]}]}]}