{"seed": 1, "floorplan": [{"rooms": [{"category": "Bedroom", "corners": [[207.0, 207.0], [207.0, 293.0], [293.0, 293.0], [293.0, 207.0], [207.0, 207.0]], "objects": [{"category": "DoubleBed", "position": [261.3805, 249.38049999999998], "size": [62.627968856599175, 62.90697377707532], "angle": -1.5707872226777821}, {"category": "Nightstand", "position": [286.8145, 215.99649999999997], "size": [14.309649854347505, 11.765987322661212], "angle": -1.5707872226777808}, {"category": "Nightstand", "position": [286.8145, 284.0035], "size": [14.309649854347505, 11.765987322661212], "angle": -1.5707872226777808}, {"category": "PendantLamp", "position": [250.0015, 252.7615], "size": [26.576280212402338, 2.2454100608825343], "angle": 0.0}]}]}]}