{"seed": 1, "floorplan": [{"rooms": [{"category": "Bedroom", "corners": [[209.0, 197.0], [209.0, 302.0], [208.0, 303.0], [291.0, 303.0], [291.0, 198.0], [292.0, 197.0], [209.0, 197.0]], "objects": [{"category": "PendantLamp", "position": [250.45749999999998, 243.7165], "size": [20.316629791259743, 20.85401916503909], "angle": 3.141592653589793}, {"category": "DoubleBed", "position": [256.9554049837985, 241.90994537309598], "size": [68.61690561386006, 53.29050103394938], "angle": -3.137081258513682}, {"category": "Nightstand", "position": [285.6807195111515, 203.79168624580709], "size": [17.59270014475889, 13.590903991923632], "angle": -1.5707872226777806}, {"category": "Nightstand", "position": [287.2410725379318, 275.7117000828739], "size": [17.59270014475892, 13.590903991923575], "angle": -1.5707872226777806}]}]}]}