{"seed": 1, "floorplan": [{"rooms": [{"category": "Bedroom", "corners": [[208.0, 204.0], [208.0, 296.0], [292.0, 296.0], [292.0, 204.0], [208.0, 204.0]], "objects": [{"category": "DoubleBed", "position": [236.51306783930332, 241.87812055757604], "size": [55.63010851610971, 54.35359542968838], "angle": -9.104117114995583e-06}, {"category": "CeilingLamp", "position": [255.01, 249.08859999999999], "size": [16.5001502199838, 16.5001502199838], "angle": -9.104117113832053e-06}, {"category": "Chair", "position": [273.1657610636238, 225.62467150856082], "size": [16.551202455898803, 16.77872274992647], "angle": -1.522370363631554}]}]}]}