{"seed": 1, "floorplan": [{"rooms": [{"category": "Bedroom", "corners": [[199.0, 190.0], [199.0, 310.0], [225.0, 310.0], [225.0, 291.0], [226.0, 290.0], [301.0, 290.0], [301.0, 190.0], [199.0, 190.0]], "objects": [{"category": "DoubleBed", "position": [264.2329745836532, 232.2827196193839], "size": [62.86347209929082, 73.16106493468142], "angle": -1.570787222677782}, {"category": "Nightstand", "position": [293.82085732935843, 198.58062857452637], "size": [17.03835473536157, 13.024048931893184], "angle": -1.5707872226777853}, {"category": "CeilingLamp", "position": [251.28699999999998, 231.793], "size": [18.433229827880837, 18.869219970703114], "angle": 0.0}]}]}]}