{"seed": 1, "floorplan": [{"rooms": [{"category": "Bedroom", "corners": [[204.0, 207.0], [204.0, 293.0], [296.0, 293.0], [296.0, 207.0], [204.0, 207.0]], "objects": [{"category": "PendantLamp", "position": [250.192, 249.11200000000002], "size": [13.090349736922303, 35.598325191429666], "angle": -9.104117114878191e-06}, {"category": "DoubleBed", "position": [259.5783755434804, 246.328535836377], "size": [58.57733230855164, 71.78015331479153], "angle": -1.5707872226777826}, {"category": "Nightstand", "position": [287.0999741394283, 280.9515336437053], "size": [6.962388393144032, 9.280354380608483], "angle": -3.1313751386666517}]}]}]}