{"seed": 1, "floorplan": [{"rooms": [{"category": "Bedroom", "corners": [[212.0, 197.0], [212.0, 281.0], [249.0, 281.0], [250.0, 282.0], [250.0, 303.0], [288.0, 303.0], [288.0, 197.0], [212.0, 197.0]], "objects": [{"category": "DoubleBed", "position": [254.56950026398584, 239.6125], "size": [53.222885977815444, 66.10980139803983], "angle": -1.570787222677782}]}]}]}