{"seed": 1, "floorplan": [{"rooms": [{"category": "Bedroom", "corners": [[200.0, 208.0], [200.0, 292.0], [300.0, 292.0], [300.0, 208.0], [200.0, 208.0]], "objects": [{"category": "DoubleBed", "position": [259.517218686335, 255.5054733649684], "size": [49.232698059082026, 72.54989776611333], "angle": 3.141592653589793}, {"category": "Nightstand", "position": [228.30613600260278, 288.10167866960717], "size": [17.791829681396507, 13.5], "angle": 3.141592653589793}, {"category": "Nightstand", "position": [293.5114471966232, 288.06466895035226], "size": [17.79182968139645, 13.499999999999943], "angle": 3.141592653589793}, {"category": "PendantLamp", "position": [260.58160000000004, 243.2536], "size": [13.773149871826178, 13.773149871826178], "angle": 0.0}]}]}]}