{"seed": 1, "floorplan": [{"rooms": [{"category": "Bedroom", "corners": [[199.0, 196.0], [199.0, 303.0], [198.0, 304.0], [232.0, 304.0], [232.0, 287.0], [233.0, 286.0], [234.0, 286.0], [235.0, 287.0], [235.0, 304.0], [301.0, 304.0], [301.0, 197.0], [302.0, 196.0], [199.0, 196.0]], "objects": [{"category": "DoubleBed", "position": [248.9293075355526, 232.53690221087612], "size": [68.92799835205079, 72.46979827880858], "angle": 0.0}, {"category": "Nightstand", "position": [291.20906165491607, 199.6845397992895], "size": [11.520000457763672, 11.520000457763643], "angle": 0.0}, {"category": "Nightstand", "position": [211.1901165520865, 202.02392157261536], "size": [11.520000457763672, 11.520000457763643], "angle": 0.0}, {"category": "PendantLamp", "position": [247.3537, 239.065], "size": [15.303210067749035, 15.084149551391619], "angle": 0.0}]}]}]}