{"seed": 1, "floorplan": [{"rooms": [{"category": "Bedroom", "corners": [[204.0, 195.0], [204.0, 305.0], [296.0, 305.0], [296.0, 195.0], [204.0, 195.0]], "objects": [{"category": "DoubleBed", "position": [261.88492772496244, 243.2439708003746], "size": [52.932780187232275, 58.611834270612164], "angle": -1.5707872226777826}, {"category": "Nightstand", "position": [286.70414219974936, 211.1577195163416], "size": [12.00010925089733, 11.613765783003553], "angle": -1.5707872226777837}, {"category": "Nightstand", "position": [287.27014526419424, 274.13512224361915], "size": [11.613765783003553, 12.000109250897301], "angle": -3.1415835494726823}, {"category": "PendantLamp", "position": [249.99700000000004, 244.75299999999996], "size": [14.36874046325687, 14.368740463256842], "angle": 0.0}]}]}]}