{"seed": 1, "floorplan": [{"rooms": [{"category": "Bedroom", "corners": [[211.0, 210.0], [211.0, 290.0], [289.0, 290.0], [289.0, 210.0], [211.0, 210.0]], "objects": [{"category": "PendantLamp", "position": [255.4024, 258.7318], "size": [47.269798278808594, 30.862200164794928], "angle": 0.0}, {"category": "DoubleBed", "position": [254.46321740292072, 254.7469884793701], "size": [71.4177522493215, 68.56832597810306], "angle": -1.5707872226777824}, {"category": "Nightstand", "position": [284.97401396935527, 285.4393846110702], "size": [14.844375334145326, 12.767966735978385], "angle": -1.5707872226777801}, {"category": "Chair", "position": [286.48905077651534, 228.96457028473637], "size": [10.775040435791027, 10.920690536499023], "angle": 0.0}]}]}]}