{"seed": 1, "floorplan": [{"rooms": [{"category": "Bedroom", "corners": [[209.0, 193.0], [209.0, 307.0], [291.0, 307.0], [291.0, 193.0], [209.0, 193.0]], "objects": [{"category": "DoubleBed", "position": [255.62906653805277, 241.42874119290815], "size": [64.02868351322437, 70.6335410081755], "angle": -1.5707872226777824}, {"category": "Nightstand", "position": [285.09178906101386, 279.63160599566834], "size": [15.717292827223043, 15.203028425429805], "angle": -3.1415835494726796}, {"category": "Nightstand", "position": [282.9796475271787, 207.13064455082525], "size": [15.203028425429748, 15.717292827223043], "angle": -1.5707872226777848}, {"category": "CeilingLamp", "position": [250.4935, 239.1415], "size": [23.220719146728527, 23.2207191467285], "angle": 3.141592653589793}]}]}]}