{"seed": 1, "floorplan": [{"rooms": [{"category": "Bedroom", "corners": [[216.0, 193.0], [216.0, 307.0], [284.0, 307.0], [284.0, 193.0], [216.0, 193.0]], "objects": [{"category": "CeilingLamp", "position": [249.3775, 246.442], "size": [15.176729965209944, 13.143420410156239], "angle": 0.0}, {"category": "SingleBed", "position": [249.18786538213536, 271.3551814438854], "size": [65.72699761996482, 45.11920960056317], "angle": -9.104117114117277e-06}, {"category": "Table", "position": [223.30870051702422, 234.26991544589094], "size": [17.982344118775178, 35.92832773806154], "angle": -9.104117114331958e-06}]}]}]}