{"seed": 1, "floorplan": [{"rooms": [{"category": "Bedroom", "corners": [[178.0, 174.0], [178.0, 296.0], [247.0, 296.0], [248.0, 297.0], [248.0, 326.0], [322.0, 326.0], [322.0, 174.0], [178.0, 174.0]], "objects": [{"category": "Chair", "position": [208.87068015803214, 189.79827448049127], "size": [23.605356755859145, 23.89056988228522], "angle": -1.2066428648390517}, {"category": "DoubleBed", "position": [289.363, 240.33099999999996], "size": [31.858082954284132, 54.79981228020752], "angle": -0.0065703127894337745}]}]}]}