{"seed": 1, "floorplan": [{"rooms": [{"category": "Bedroom", "corners": [[213.0, 194.0], [213.0, 305.0], [212.0, 306.0], [287.0, 306.0], [287.0, 195.0], [288.0, 194.0], [213.0, 194.0]], "objects": [{"category": "DoubleBed", "position": [248.16937015312632, 253.2221160587037], "size": [69.924335027526, 62.95737401620053], "angle": -9.10411711392152e-06}, {"category": "Nightstand", "position": [217.7049699593218, 290.69984239545977], "size": [14.547667710644143, 14.59122852569666], "angle": -3.1225717621639446}, {"category": "Shelf", "position": [277.574614473362, 290.55839015186297], "size": [5.3997602462768555, 5.550060081481945], "angle": 3.141592653589793}, {"category": "PendantLamp", "position": [249.95079020741338, 253.0269655971349], "size": [31.477800750732428, 31.4778007507324], "angle": 0.0}]}]}]}