{"seed": 1, "floorplan": [{"rooms": [{"category": "Bedroom", "corners": [[199.0, 199.0], [199.0, 301.0], [301.0, 301.0], [301.0, 199.0], [199.0, 199.0]], "objects": [{"category": "Nightstand", "position": [295.2175097881378, 283.99587092088007], "size": [12.653515620755128, 36.01952882471832], "angle": -3.1415835494726805}, {"category": "DoubleBed", "position": [264.8554683627608, 257.43464646614876], "size": [58.57733230855164, 71.78015331479153], "angle": -1.5707872226777826}, {"category": "TVStand", "position": [206.27631362024502, 258.318957727039], "size": [77.94551248474978, 15.000166318531234], "angle": -1.570805430912011}, {"category": "PendantLamp", "position": [254.78500000000003, 252.42249999999999], "size": [10.170690536499023, 10.17069053649908], "angle": 0.0}]}]}]}