{"seed": 1, "floorplan": [{"rooms": [{"category": "Bedroom", "corners": [[195.0, 199.0], [195.0, 301.0], [305.0, 301.0], [305.0, 199.0], [195.0, 199.0]], "objects": [{"category": "DoubleBed", "position": [268.9372310155343, 235.3877243340109], "size": [71.78015331479155, 58.57733230855164], "angle": -3.141583549472679}, {"category": "Chair", "position": [262.1914400426942, 285.7632367097726], "size": [13.5, 9.080189895629871], "angle": 0.0}, {"category": "PendantLamp", "position": [250.0, 243.40015000000002], "size": [27.055320739746094, 27.463620758056607], "angle": 0.0}, {"category": "Nightstand", "position": [300.76717592693626, 275.8945006801034], "size": [36.01952882471838, 12.653515620755128], "angle": -1.5707872226777821}]}]}]}