{"seed": 1, "floorplan": [{"rooms": [{"category": "Bedroom", "corners": [[208.0, 180.0], [208.0, 187.0], [207.0, 188.0], [207.0, 291.0], [261.0, 291.0], [262.0, 292.0], [262.0, 319.0], [261.0, 320.0], [293.0, 320.0], [293.0, 180.0], [208.0, 180.0]], "objects": [{"category": "DoubleBed", "position": [240.5390272523597, 225.60936657510888], "size": [65.97090090251069, 60.88765455058774], "angle": -9.104117114391005e-06}, {"category": "Nightstand", "position": [210.6380750281317, 260.48564139215597], "size": [11.007160452633226, 11.007160452633226], "angle": -9.104117114145514e-06}, {"category": "PendantLamp", "position": [249.95349999999996, 229.21300000000002], "size": [18.60326957702634, 9.572550201416021], "angle": 0.0}, {"category": "Nightstand", "position": [212.8863816580996, 194.4290256682232], "size": [11.007160452633226, 11.007160452633197], "angle": -9.104117114145514e-06}]}]}]}