{"seed": 1, "floorplan": [{"rooms": [{"category": "Bedroom", "corners": [[216.0, 222.0], [216.0, 278.0], [284.0, 278.0], [284.0, 222.0], [216.0, 222.0]], "objects": [{"category": "DoubleBed", "position": [247.98998353698767, 252.07855079424638], "size": [61.61995949641669, 47.052129725029914], "angle": -9.104117114148692e-06}, {"category": "CeilingLamp", "position": [250.0, 250.0], "size": [17.99999999999997, 17.99999999999997], "angle": 0.0}]}]}]}