{"seed": 1, "floorplan": [{"rooms": [{"category": "Bedroom", "corners": [[219.0, 200.0], [219.0, 253.0], [218.0, 254.0], [213.0, 254.0], [212.0, 253.0], [212.0, 251.0], [183.0, 251.0], [183.0, 300.0], [213.0, 300.0], [213.0, 280.0], [214.0, 279.0], [317.0, 279.0], [317.0, 200.0], [219.0, 200.0]], "objects": [{"category": "DoubleBed", "position": [271.2077907444547, 235.18455431209992], "size": [62.956800842285105, 69.92369842529297], "angle": 0.0}, {"category": "PendantLamp", "position": [270.3388767439174, 250.20630080114256], "size": [28.869149780273467, 27.912659454345683], "angle": -6.0000000035565e-05}, {"category": "Nightstand", "position": [229.95906251455798, 207.33172321039828], "size": [14.591220474243187, 14.54765968322755], "angle": 0.0}]}]}]}