{"seed": 1, "floorplan": [{"rooms": [{"category": "Bedroom", "corners": [[203.0, 208.0], [203.0, 292.0], [204.0, 291.0], [297.0, 291.0], [297.0, 208.0], [203.0, 208.0]], "objects": [{"category": "DoubleBed", "position": [239.6032897928012, 237.93515332500766], "size": [71.78015331479155, 58.57733230855161], "angle": -9.10411711443854e-06}, {"category": "Nightstand", "position": [207.12615392647734, 269.2606729258436], "size": [12.6535156207551, 36.01952882471835], "angle": -9.104117115161832e-06}, {"category": "Table", "position": [287.6497497152401, 232.25430013370743], "size": [17.9137327305764, 46.273622271163674], "angle": -3.14158354947268}, {"category": "Chair", "position": [278.0107357139546, 222.6135140484731], "size": [14.181608756390078, 14.146418998150729], "angle": -9.104117113835707e-06}]}]}]}