{"seed": 1, "floorplan": [{"rooms": [{"category": "Bedroom", "corners": [[208.0, 178.0], [208.0, 322.0], [292.0, 322.0], [292.0, 178.0], [208.0, 178.0]], "objects": [{"category": "DoubleBed", "position": [239.77047779812546, 258.84668360961325], "size": [62.82267125175922, 63.52407686842424], "angle": -9.104117113905512e-06}, {"category": "Nightstand", "position": [213.32506213946868, 298.6407595850341], "size": [13.807325182227114, 17.427968954468273], "angle": -9.104117114057001e-06}, {"category": "Nightstand", "position": [213.30804201048974, 219.54871682331222], "size": [13.807325182227084, 17.42796895446825], "angle": -9.10411711405702e-06}, {"category": "PendantLamp", "position": [251.55399999999997, 257.25100000000003], "size": [3.2009699821471997, 3.200969982147228], "angle": 0.0}]}]}]}