{"seed": 1, "floorplan": [{"rooms": [{"category": "Bedroom", "corners": [[182.0, 201.0], [182.0, 299.0], [318.0, 299.0], [318.0, 201.0], [182.0, 201.0]], "objects": [{"category": "DoubleBed", "position": [265.93299999999994, 266.4921847991415], "size": [60.53009948730468, 65.02770080566407], "angle": 3.141592653589793}, {"category": "Nightstand", "position": [303.71454178770347, 291.94143239161855], "size": [17.42300949096682, 10.38545951843264], "angle": 3.141592653589793}, {"category": "Nightstand", "position": [228.15145821229646, 291.94143239161855], "size": [17.42300949096679, 10.38545951843264], "angle": 3.141592653589793}, {"category": "TVStand", "position": [265.27599999999995, 207.92596656799316], "size": [88.51649780273436, 13.915739822387707], "angle": 0.0}]}]}]}