{"seed": 1, "floorplan": [{"rooms": [{"category": "Bedroom", "corners": [[187.0, 205.0], [187.0, 295.0], [313.0, 295.0], [313.0, 205.0], [187.0, 205.0]], "objects": [{"category": "DoubleBed", "position": [259.2010576030963, 258.05511833240763], "size": [49.232698059082, 72.54989776611328], "angle": 3.141592653589793}, {"category": "Nightstand", "position": [227.01004606727633, 288.1588985008574], "size": [17.79182968139645, 13.5], "angle": 3.141592653589793}, {"category": "Nightstand", "position": [293.3581410503063, 290.61709675343207], "size": [17.791829681396507, 13.499999999999943], "angle": 3.141592653589793}, {"category": "PendantLamp", "position": [255.35110000000003, 248.14929999999998], "size": [13.773149871826206, 13.773149871826206], "angle": 0.0}]}]}]}