{"seed": 1, "floorplan": [{"rooms": [{"category": "Bedroom", "corners": [[198.0, 199.0], [198.0, 301.0], [302.0, 301.0], [302.0, 199.0], [198.0, 199.0]], "objects": [{"category": "DoubleBed", "position": [245.86400978821734, 258.38039307600224], "size": [91.58700256347652, 67.18049926757814], "angle": 3.141592653589793}, {"category": "Table", "position": [294.9784955967135, 225.19912195927517], "size": [30.900281321060575, 16.586311282728133], "angle": -1.5707872226777821}, {"category": "Armchair", "position": [276.7764381144241, 220.9873751921406], "size": [18.43351781251364, 16.791602992434612], "angle": -9.104117115071131e-06}, {"category": "Nightstand", "position": [267.4010163347318, 298.80142988210594], "size": [15.040800476074196, 11.58339042663573], "angle": 3.141592653589793}]}]}]}