{"seed": 1, "floorplan": [{"rooms": [{"category": "Bedroom", "corners": [[197.0, 186.0], [197.0, 313.0], [196.0, 314.0], [303.0, 314.0], [303.0, 187.0], [304.0, 186.0], [197.0, 186.0]], "objects": [{"category": "DoubleBed", "position": [232.36132826566597, 241.6747], "size": [51.19636606321307, 58.882736700329744], "angle": -1.570805430912011}, {"category": "Nightstand", "position": [202.62657894053748, 201.70797487321067], "size": [5.372718706258271, 6.204566413198678], "angle": -9.104117114745466e-06}, {"category": "Nightstand", "position": [202.62657894053748, 281.27692512678925], "size": [5.372718706258271, 6.204566413198707], "angle": -9.104117104165455e-06}, {"category": "CeilingLamp", "position": [249.99999999999994, 239.74839999999998], "size": [17.48873977661134, 2.074805974960327], "angle": 0.0}]}]}]}