{"seed": 1, "floorplan": [{"rooms": [{"category": "Bedroom", "corners": [[202.0, 192.0], [202.0, 308.0], [298.0, 308.0], [298.0, 192.0], [202.0, 192.0]], "objects": [{"category": "DoubleBed", "position": [261.9051676225265, 244.97860000000003], "size": [68.92862588918999, 72.47045806134943], "angle": -1.5707872226777824}, {"category": "Nightstand", "position": [291.8965, 210.4189], "size": [11.520105338629257, 11.520105338629257], "angle": -3.1415835494726796}, {"category": "PendantLamp", "position": [248.34549999999996, 238.2145], "size": [15.30334939186833, 15.084286881131101], "angle": -1.5707872226777815}]}]}]}