{"seed": 1, "floorplan": [{"rooms": [{"category": "Bedroom", "corners": [[204.0, 194.0], [204.0, 306.0], [296.0, 306.0], [296.0, 194.0], [204.0, 194.0]], "objects": [{"category": "DoubleBed", "position": [259.1658556953206, 256.09746068894975], "size": [65.31299238595172, 73.28976636274729], "angle": -1.5707872226777824}, {"category": "Nightstand", "position": [290.63975924260274, 214.94635117972126], "size": [14.626603728715379, 24.07128924771095], "angle": -3.141583549472678}, {"category": "Nightstand", "position": [289.6239763064588, 295.4581889748748], "size": [24.07128924771095, 14.626603728715379], "angle": -1.5707872226777804}, {"category": "CeilingLamp", "position": [257.0092, 256.2436], "size": [17.48889899832082, 2.0748248644948535], "angle": -1.5707872226777844}]}]}]}