{"seed": 1, "floorplan": [{"rooms": [{"category": "Bedroom", "corners": [[206.0, 198.0], [206.0, 302.0], [294.0, 302.0], [294.0, 198.0], [206.0, 198.0]], "objects": [{"category": "DoubleBed", "position": [260.7537237743427, 249.55438329815817], "size": [100.72382044801455, 60.84055481758507], "angle": -1.5707872226777824}, {"category": "Cabinet", "position": [290.39190333826934, 273.11413275860275], "size": [12.000109250897358, 15.000136563621654], "angle": -3.1415835494726805}]}]}]}