{"seed": 1, "floorplan": [{"rooms": [{"category": "Bedroom", "corners": [[204.0, 194.0], [203.0, 195.0], [203.0, 306.0], [296.0, 306.0], [297.0, 305.0], [297.0, 194.0], [204.0, 194.0]], "objects": [{"category": "DoubleBed", "position": [259.4535436437817, 243.5053523038932], "size": [55.32050181556526, 66.04770061293786], "angle": -1.5707872226777826}, {"category": "Nightstand", "position": [291.48596478917096, 280.45074999303534], "size": [15.871374048728526, 14.724253619810662], "angle": -1.5707872226777833}, {"category": "CeilingLamp", "position": [248.971, 245.344], "size": [17.072820281982445, 17.072820281982445], "angle": 0.0}, {"category": "Nightstand", "position": [289.3102669067384, 208.83099999999996], "size": [15.871374048728526, 14.724253619810662], "angle": -1.5707872226777833}]}]}]}