{"seed": 1, "floorplan": [{"rooms": [{"category": "Bedroom", "corners": [[211.0, 195.0], [211.0, 305.0], [288.0, 305.0], [288.0, 286.0], [289.0, 285.0], [289.0, 195.0], [211.0, 195.0]], "objects": [{"category": "DoubleBed", "position": [244.29380659429873, 244.93277228587058], "size": [65.02829283355264, 60.53065056794499], "angle": -9.104117114385717e-06}, {"category": "Nightstand", "position": [219.82989734309507, 278.250935950139], "size": [15.00154648856722, 15.619162279896349], "angle": -1.5708054309120099}, {"category": "Nightstand", "position": [223.59730883042198, 210.28187487643947], "size": [15.00154648856722, 15.619162279896349], "angle": -1.5708054309120099}, {"category": "CeilingLamp", "position": [247.56850000000003, 242.93050000000005], "size": [16.879440307617188, 16.875899505615223], "angle": 0.0}]}]}]}