{"seed": 1, "floorplan": [{"rooms": [{"category": "Bedroom", "corners": [[199.0, 206.0], [199.0, 294.0], [301.0, 294.0], [301.0, 206.0], [199.0, 206.0]], "objects": [{"category": "DoubleBed", "position": [253.32095511675618, 242.8767267109286], "size": [62.86289978027341, 73.16039886474607], "angle": 0.0}, {"category": "Nightstand", "position": [288.01651878581606, 212.38490212362086], "size": [17.038199615478504, 13.02393035888673], "angle": 0.0}]}]}]}