{"seed": 1, "floorplan": [{"rooms": [{"category": "Bedroom", "corners": [[192.0, 209.0], [192.0, 291.0], [308.0, 291.0], [308.0, 258.0], [294.0, 258.0], [293.0, 257.0], [293.0, 209.0], [192.0, 209.0]], "objects": [{"category": "DoubleBed", "position": [242.25388804921755, 258.24824155864366], "size": [66.92309875488277, 65.80199890136717], "angle": 3.141592653589793}, {"category": "Nightstand", "position": [204.85889029792816, 286.7205730751488], "size": [19.09992027282712, 13.292010498046807], "angle": 3.141592653589793}, {"category": "Nightstand", "position": [277.57378120078636, 287.17653497061315], "size": [19.09992027282715, 13.29201049804692], "angle": 3.141592653589793}, {"category": "PendantLamp", "position": [243.93700000000007, 248.053], "size": [29.162729644775425, 29.162729644775368], "angle": 0.0}]}]}]}