{"seed": 1, "floorplan": [{"rooms": [{"category": "Bedroom", "corners": [[204.0, 203.0], [204.0, 280.0], [239.0, 280.0], [240.0, 281.0], [240.0, 297.0], [296.0, 297.0], [296.0, 203.0], [204.0, 203.0]], "objects": [{"category": "Cabinet", "position": [274.6654420289158, 287.671], "size": [66.00000000000003, 18.419040298461937], "angle": 3.141592653589793}, {"category": "DoubleBed", "position": [256.58306339458795, 237.80563913209568], "size": [64.56059875488279, 69.31320190429688], "angle": 0.0}, {"category": "Nightstand", "position": [221.09967600715828, 209.6901315545126], "size": [12.599999999999994, 13.182419586181652], "angle": 0.0}, {"category": "CeilingLamp", "position": [249.60250000000002, 241.447], "size": [18.592169952392567, 18.503250503540045], "angle": 0.0}]}]}]}