{"seed": 1, "floorplan": [{"rooms": [{"category": "Bedroom", "corners": [[210.0, 181.0], [210.0, 318.0], [209.0, 319.0], [290.0, 319.0], [290.0, 182.0], [291.0, 181.0], [210.0, 181.0]], "objects": [{"category": "DoubleBed", "position": [260.9037364943291, 255.61943308000454], "size": [49.602752616715264, 59.98284437213441], "angle": -1.5707872226777824}, {"category": "Table", "position": [217.6095823241681, 300.14439998239675], "size": [18.43213764247768, 40.05606383447113], "angle": -9.104117114632046e-06}, {"category": "Cabinet", "position": [285.4244054663176, 286.829871354435], "size": [15.000136563621597, 15.355729476899189], "angle": -1.5707872226777855}, {"category": "Cabinet", "position": [284.5342112432897, 221.13904328193223], "size": [15.000136563621625, 15.355729476899246], "angle": -1.5707872226777817}]}]}]}