{"seed": 1, "floorplan": [{"rooms": [{"category": "Bedroom", "corners": [[198.0, 204.0], [198.0, 296.0], [302.0, 296.0], [302.0, 204.0], [198.0, 204.0]], "objects": [{"category": "DoubleBed", "position": [234.07902323760885, 241.39058901623184], "size": [71.21374801166351, 66.13230068734963], "angle": -9.104117114169038e-06}, {"category": "PendantLamp", "position": [251.1175, 241.73950000000002], "size": [13.773275265908074, 13.773275265908017], "angle": -1.5707872226777821}, {"category": "TVStand", "position": [296.1895, 242.36350000000004], "size": [60.30414704097723, 12.000109250897301], "angle": -1.570787222677783}]}]}]}