{"seed": 1, "floorplan": [{"rooms": [{"category": "Bedroom", "corners": [[205.0, 183.0], [205.0, 317.0], [295.0, 317.0], [295.0, 183.0], [205.0, 183.0]], "objects": [{"category": "DoubleBed", "position": [257.75815846204233, 259.17618977946154], "size": [72.47024416062357, 68.92842244238548], "angle": -0.01646946800251262}, {"category": "Nightstand", "position": [291.3341665876817, 300.947837997448], "size": [11.520105338629257, 11.5201053386292], "angle": -1.5707872226777828}, {"category": "Nightstand", "position": [289.07456635845614, 220.35275917970606], "size": [11.520105338629286, 11.520105338629257], "angle": -1.5707872226777828}]}]}]}