{"seed": 1, "floorplan": [{"rooms": [{"category": "Bedroom", "corners": [[260.0, 156.0], [260.0, 193.0], [259.0, 194.0], [182.0, 194.0], [182.0, 344.0], [318.0, 344.0], [318.0, 194.0], [299.0, 194.0], [298.0, 193.0], [298.0, 156.0], [260.0, 156.0]], "objects": [{"category": "Cabinet", "position": [200.56159896192952, 219.4855291341674], "size": [9.241524146371896, 16.392119298709012], "angle": -9.104117114469137e-06}, {"category": "Cabinet", "position": [203.0983, 314.9284], "size": [9.241524146371896, 16.392119298709012], "angle": -9.104117114469137e-06}, {"category": "DoubleBed", "position": [215.43377303552762, 261.1701256923163], "size": [65.97090090251072, 60.88765455058774], "angle": -9.104117113529357e-06}]}]}]}