{"seed": 1, "floorplan": [{"rooms": [{"category": "Bedroom", "corners": [[202.0, 193.0], [202.0, 307.0], [298.0, 307.0], [298.0, 193.0], [202.0, 193.0]], "objects": [{"category": "CeilingLamp", "position": [250.65999999999997, 243.92799999999997], "size": [7.198800086975098, 17.99856033325193], "angle": 0.0}, {"category": "Cabinet", "position": [204.69425559042156, 278.18466070192477], "size": [16.39211929870907, 9.241524146371953], "angle": -1.570805430912011}, {"category": "Cabinet", "position": [209.06091796074884, 206.3411719444412], "size": [16.39211929870904, 9.241524146371924], "angle": -1.570805430912011}, {"category": "DoubleBed", "position": [235.3530535770448, 243.21163978691834], "size": [65.97090090251066, 60.88765455058771], "angle": -9.10411711439101e-06}]}]}]}