{"seed": 1, "floorplan": [{"rooms": [{"category": "Bedroom", "corners": [[206.0, 180.0], [206.0, 320.0], [256.0, 320.0], [256.0, 307.0], [257.0, 306.0], [294.0, 306.0], [294.0, 180.0], [206.0, 180.0]], "objects": [{"category": "DoubleBed", "position": [242.8553249887834, 234.86027675950476], "size": [72.4704580613494, 68.92862588918995], "angle": -9.104117114577574e-06}, {"category": "Nightstand", "position": [209.83710559202552, 195.78259183845884], "size": [11.520105338629257, 11.520105338629229], "angle": -9.104117113776553e-06}, {"category": "PendantLamp", "position": [256.3765, 226.02100000000002], "size": [15.084286881131101, 15.303349391868387], "angle": -9.104117112591466e-06}]}]}]}