{"seed": 1, "floorplan": [{"rooms": [{"category": "Bedroom", "corners": [[197.0, 196.0], [197.0, 304.0], [303.0, 304.0], [303.0, 196.0], [197.0, 196.0]], "objects": [{"category": "DoubleBed", "position": [254.60043020028985, 271.82540418312965], "size": [58.23180084228517, 63.14160003662107], "angle": 3.141592653589793}, {"category": "Table", "position": [212.2467621088052, 237.7082343411053], "size": [16.76415294394105, 36.57633244741359], "angle": -9.104117112849764e-06}, {"category": "Chair", "position": [231.48175265712172, 237.86000349038068], "size": [12.924838052465363, 15.359599903981923], "angle": -1.5707872226777808}, {"category": "CeilingLamp", "position": [254.4535, 258.961], "size": [16.50000000000003, 16.5], "angle": 0.0}]}]}]}