{"seed": 1, "floorplan": [{"rooms": [{"category": "Bedroom", "corners": [[194.0, 188.0], [194.0, 312.0], [306.0, 312.0], [306.0, 188.0], [194.0, 188.0]], "objects": [{"category": "DoubleBed", "position": [272.23528030389167, 268.602604615843], "size": [64.27258679577021, 65.65079758540735], "angle": -1.5707872226777826}, {"category": "TVStand", "position": [202.77221691182456, 266.8996333333333], "size": [17.43018912848974, 90.00081938172984], "angle": -9.10411711340872e-06}, {"category": "CeilingLamp", "position": [249.6832, 250.01260000000002], "size": [22.334694305395143, 20.577758449132716], "angle": -1.570787222677782}, {"category": "Nightstand", "position": [302.03634876717865, 230.1572467225149], "size": [14.664913174780688, 11.419124042082233], "angle": -1.5707872226777813}]}]}]}