{"seed": 1, "floorplan": [{"rooms": [{"category": "Bedroom", "corners": [[211.0, 217.0], [211.0, 241.0], [210.0, 242.0], [193.0, 242.0], [193.0, 283.0], [307.0, 283.0], [307.0, 217.0], [211.0, 217.0]], "objects": [{"category": "DoubleBed", "position": [278.3641242196838, 250.07519802527776], "size": [50.12579956054685, 61.550399780273466], "angle": 0.0}, {"category": "Table", "position": [238.61621539259716, 225.39975315532078], "size": [60.00000000000003, 18.000090408325207], "angle": 0.0}, {"category": "Armchair", "position": [238.19665581000243, 240.97974122662234], "size": [19.32713928222654, 19.39953002929687], "angle": 3.141592653589793}]}]}]}