{"seed": 1, "floorplan": [{"rooms": [{"category": "Bedroom", "corners": [[198.0, 207.0], [198.0, 293.0], [302.0, 293.0], [302.0, 207.0], [198.0, 207.0]], "objects": [{"category": "DoubleBed", "position": [241.17450863000937, 260.442209541823], "size": [60.15990142822267, 62.516999816894526], "angle": 3.141592653589793}, {"category": "Nightstand", "position": [274.576842611521, 286.39148802530934], "size": [15.019110488891613, 13.491990280151356], "angle": 0.0}, {"category": "Cabinet", "position": [293.12815000000006, 256.6116327026367], "size": [71.47775188004027, 13.847465699650325], "angle": -1.5707872226777821}]}]}]}