{"seed": 1, "floorplan": [{"rooms": [{"category": "Bedroom", "corners": [[196.0, 209.0], [196.0, 291.0], [303.0, 291.0], [303.0, 210.0], [304.0, 209.0], [196.0, 209.0]], "objects": [{"category": "DoubleBed", "position": [256.77295582971146, 258.2090818705587], "size": [60.88710021972656, 65.97030029296874], "angle": 3.141592653589793}, {"category": "Nightstand", "position": [224.6754515502886, 284.9095489885447], "size": [11.007060241699207, 11.007060241699207], "angle": 3.141592653589793}, {"category": "Nightstand", "position": [292.2884993911197, 287.57570015343265], "size": [11.007060241699207, 11.007060241699207], "angle": 3.141592653589793}, {"category": "CeilingLamp", "position": [256.5955, 249.61], "size": [16.891679763793945, 16.993230056762684], "angle": 0.0}]}]}]}