{"seed": 1, "floorplan": [{"rooms": [{"category": "Bedroom", "corners": [[194.0, 206.0], [194.0, 293.0], [193.0, 294.0], [306.0, 294.0], [306.0, 207.0], [307.0, 206.0], [194.0, 206.0]], "objects": [{"category": "DoubleBed", "position": [256.86717694947856, 238.32457508688753], "size": [52.76309967041013, 64.44029846191404], "angle": 0.0}, {"category": "Table", "position": [221.30422100791355, 216.10908178007008], "size": [12.704980008712852, 19.25782285543781], "angle": -0.4649810687683267}, {"category": "Table", "position": [292.4293318984712, 216.10741057789505], "size": [12.704980008712914, 19.257822855437784], "angle": -0.4649810687683267}, {"category": "PendantLamp", "position": [260.347, 257.4445], "size": [31.92629928588869, 14.113680267333962], "angle": 0.0}]}]}]}