{"seed": 1, "floorplan": [{"rooms": [{"category": "Bedroom", "corners": [[214.0, 181.0], [214.0, 319.0], [286.0, 319.0], [286.0, 181.0], [214.0, 181.0]], "objects": [{"category": "DoubleBed", "position": [247.35212618908332, 240.18400000000003], "size": [48.48703963926324, 66.67710850381165], "angle": -1.5708054309120107}, {"category": "Nightstand", "position": [221.95880533632678, 277.2768220397281], "size": [10.500095594535154, 16.417619256206507], "angle": -9.104117108910585e-06}, {"category": "Nightstand", "position": [221.95880533632678, 199.59917796027202], "size": [10.500095594535154, 16.41761925620648], "angle": -9.104117111617388e-06}, {"category": "PendantLamp", "position": [253.99449999999996, 235.17700000000002], "size": [24.567029571533197, 11.062020492553728], "angle": 0.0}]}]}]}