{"seed": 1, "floorplan": [{"rooms": [{"category": "Bedroom", "corners": [[175.0, 160.0], [175.0, 340.0], [325.0, 340.0], [325.0, 160.0], [175.0, 160.0]], "objects": [{"category": "DoubleBed", "position": [212.34666597493487, 245.0953], "size": [73.52376812692552, 59.511842464429485], "angle": -9.104117114091506e-06}, {"category": "Table", "position": [190.11754077544865, 316.34729060940674], "size": [19.592488706375672, 47.088728263795225], "angle": -9.104117113371904e-06}]}]}]}