{"seed": 1, "floorplan": [{"rooms": [{"category": "Bedroom", "corners": [[201.0, 202.0], [201.0, 298.0], [299.0, 298.0], [299.0, 202.0], [201.0, 202.0]], "objects": [{"category": "DoubleBed", "position": [245.76061494878036, 266.11061795951167], "size": [56.854202270507784, 63.39539794921876], "angle": 3.141592653589793}, {"category": "Sofa", "position": [247.83611706069274, 229.89667906618445], "size": [20.667059326171852, 20.58395919799807], "angle": 0.0}, {"category": "PendantLamp", "position": [244.82800000000003, 255.58], "size": [10.608390426635708, 10.608390426635737], "angle": 0.0}]}]}]}