{"seed": 1, "floorplan": [{"rooms": [{"category": "Bedroom", "corners": [[209.0, 195.0], [209.0, 281.0], [263.0, 281.0], [264.0, 282.0], [264.0, 305.0], [291.0, 305.0], [291.0, 195.0], [209.0, 195.0]], "objects": [{"category": "DoubleBed", "position": [255.4888630006725, 224.15263842982654], "size": [51.195899963378906, 58.88220062255863], "angle": 0.0}, {"category": "Cabinet", "position": [285.93833869015316, 203.31800767297102], "size": [12.799107651418947, 16.35506669180561], "angle": -1.0460777128500525}, {"category": "CeilingLamp", "position": [259.06300000000005, 241.93599999999998], "size": [18.88268190543688, 22.264701602740807], "angle": -9.104117113738176e-06}, {"category": "Table", "position": [274.69805640452716, 249.7749249476293], "size": [69.0, 57.00000000000003], "angle": 3.141592653589793}]}]}]}