{"seed": 1, "floorplan": [{"rooms": [{"category": "Bedroom", "corners": [[202.0, 208.0], [202.0, 292.0], [298.0, 292.0], [298.0, 208.0], [202.0, 208.0]], "objects": [{"category": "DoubleBed", "position": [261.4114801012929, 243.54525052243787], "size": [63.58047844392486, 60.534253200841526], "angle": -9.104117114133081e-06}, {"category": "PendantLamp", "position": [257.908, 250.189], "size": [25.894679260253895, 25.894679260253895], "angle": 0.0}, {"category": "CornerSideTable", "position": [224.4549383935364, 214.3269658744093], "size": [17.24856033325193, 16.879919815063488], "angle": 0.0}]}]}]}