{"seed": 1, "floorplan": [{"rooms": [{"category": "Bedroom", "corners": [[211.0, 194.0], [211.0, 306.0], [289.0, 306.0], [289.0, 194.0], [211.0, 194.0]], "objects": [{"category": "DoubleBed", "position": [239.93726303390892, 226.296409014677], "size": [37.4601402373922, 56.45481390033482], "angle": -1.5708054309120105}, {"category": "Table", "position": [219.15211839223682, 281.4156421216533], "size": [12.67082496718489, 38.8758559461167], "angle": -9.104117113779408e-06}, {"category": "Chair", "position": [236.0430437643291, 280.6509505354103], "size": [17.717891637915642, 16.301608297070228], "angle": -3.1415835494726805}, {"category": "Chair", "position": [280.1845, 205.71250000000003], "size": [19.843537641871237, 9.602823020795588], "angle": -1.2181713178114206}]}]}]}