{"seed": 1, "floorplan": [{"rooms": [{"category": "Bedroom", "corners": [[192.0, 209.0], [192.0, 291.0], [308.0, 291.0], [308.0, 209.0], [192.0, 209.0]], "objects": [{"category": "DoubleBed", "position": [257.9365624514959, 261.37561482702796], "size": [60.659701538085955, 58.29210205078118], "angle": 3.141592653589793}, {"category": "Cabinet", "position": [292.7328808587341, 283.5698460876548], "size": [12.515939712524471, 10.319399642944347], "angle": 3.141592653589793}, {"category": "Cabinet", "position": [223.73422211465788, 283.587588361637], "size": [12.515939712524414, 10.319399642944347], "angle": 3.141592653589793}, {"category": "CeilingLamp", "position": [257.6215, 246.28300000000002], "size": [17.12232055664063, 17.12232055664063], "angle": 0.0}]}]}]}