{"seed": 1, "floorplan": [{"rooms": [{"category": "Bedroom", "corners": [[209.0, 193.0], [209.0, 285.0], [266.0, 285.0], [267.0, 286.0], [267.0, 307.0], [291.0, 307.0], [291.0, 193.0], [209.0, 193.0]], "objects": [{"category": "Chair", "position": [220.6923316967309, 269.23347951679034], "size": [14.21724065074717, 13.227512996193942], "angle": -0.22828130156462612}, {"category": "Shelf", "position": [284.2825, 199.41249999999997], "size": [10.22862324385746, 11.73718685904124], "angle": -1.570787222677779}, {"category": "SingleBed", "position": [234.62431132846268, 227.5999528724138], "size": [50.69716107891861, 68.91062645774214], "angle": -9.104117114062786e-06}, {"category": "CeilingLamp", "position": [251.56150000000002, 232.2715], "size": [13.188330365281622, 13.188360120191172], "angle": -9.104117114991978e-06}]}]}]}