{"seed": 1, "floorplan": [{"rooms": [{"category": "Bedroom", "corners": [[188.0, 208.0], [188.0, 292.0], [312.0, 292.0], [312.0, 208.0], [188.0, 208.0]], "objects": [{"category": "DoubleBed", "position": [241.15479999999997, 243.3375199840388], "size": [65.34029846191407, 66.45660095214842], "angle": 0.0}, {"category": "Nightstand", "position": [203.77616304058296, 216.1273994126722], "size": [15.202890014648432, 15.71714973449707], "angle": 0.0}, {"category": "Nightstand", "position": [280.774136959417, 216.1273994126722], "size": [15.202890014648403, 15.71714973449707], "angle": 0.0}, {"category": "PendantLamp", "position": [243.7, 250.0], "size": [12.205770492553711, 12.205770492553683], "angle": 0.0}]}]}]}