{"seed": 1, "floorplan": [{"rooms": [{"category": "Bedroom", "corners": [[199.0, 190.0], [199.0, 310.0], [301.0, 310.0], [301.0, 190.0], [199.0, 190.0]], "objects": [{"category": "DoubleBed", "position": [234.89631606467694, 242.2149594749986], "size": [70.34674030139327, 61.82306193143094], "angle": -9.104117114246694e-06}, {"category": "Nightstand", "position": [205.30035934271814, 279.4512319055109], "size": [11.252322596737637, 11.252322596737637], "angle": -9.104117113570021e-06}, {"category": "Nightstand", "position": [205.58777002229644, 204.75035232877778], "size": [11.252322596737637, 11.252322596737637], "angle": -9.104117113570021e-06}, {"category": "PendantLamp", "position": [259.57149999999996, 245.359], "size": [28.89150009155273, 9.024120140075667], "angle": 0.0}]}]}]}