{"seed": 1, "floorplan": [{"rooms": [{"category": "Bedroom", "corners": [[189.0, 199.0], [189.0, 278.0], [257.0, 278.0], [258.0, 279.0], [258.0, 301.0], [289.0, 301.0], [289.0, 279.0], [290.0, 278.0], [311.0, 278.0], [311.0, 199.0], [189.0, 199.0]], "objects": [{"category": "DoubleBed", "position": [241.64350000000002, 231.9332825804847], "size": [50.863201904296886, 63.14160003662104], "angle": 0.0}, {"category": "Nightstand", "position": [274.9824268969069, 209.14428829819667], "size": [13.625340270996105, 10.603620529174805], "angle": 0.0}, {"category": "Nightstand", "position": [206.60957310309306, 209.14428829819667], "size": [13.625340270996077, 10.603620529174805], "angle": 0.0}]}]}]}