{"seed": 1, "floorplan": [{"rooms": [{"category": "Bedroom", "corners": [[202.0, 182.0], [202.0, 318.0], [298.0, 318.0], [298.0, 182.0], [202.0, 182.0]], "objects": [{"category": "DoubleBed", "position": [263.93721567348956, 255.48714849780595], "size": [68.1132223474628, 67.72321788127294], "angle": -1.5707872226777826}, {"category": "Nightstand", "position": [288.79900000000004, 211.918], "size": [12.576924194694833, 17.328758075040398], "angle": -3.141583549472678}, {"category": "Nightstand", "position": [289.08400000000006, 300.082], "size": [17.328758075040454, 12.57692419469489], "angle": -1.5707872226777813}, {"category": "Sofa", "position": [223.8115098134289, 255.37609272983997], "size": [40.85977140789998, 14.690383377368574], "angle": -1.5707872226777824}]}]}]}