{"seed": 1, "floorplan": [{"rooms": [{"category": "Bedroom", "corners": [[267.0, 163.0], [267.0, 210.0], [266.0, 211.0], [207.0, 211.0], [207.0, 337.0], [293.0, 337.0], [293.0, 163.0], [267.0, 163.0]], "objects": [{"category": "DoubleBed", "position": [238.21803201689022, 283.0892141409046], "size": [62.55386997642482, 63.50637956375045], "angle": -9.104117114471146e-06}, {"category": "Nightstand", "position": [216.3197043741227, 324.1907736453757], "size": [12.69104571707371, 16.846203251486884], "angle": -9.10411711810299e-06}, {"category": "Nightstand", "position": [215.6756831348738, 241.43079596539337], "size": [16.846203251486912, 12.69104571707374], "angle": -1.5708054309120103}, {"category": "PendantLamp", "position": [251.84200000000004, 282.36850000000004], "size": [16.325880432128912, 16.32588043212894], "angle": 0.0}]}]}]}