{"seed": 1, "floorplan": [{"rooms": [{"category": "Bedroom", "corners": [[192.0, 207.0], [192.0, 293.0], [308.0, 293.0], [308.0, 207.0], [192.0, 207.0]], "objects": [{"category": "DoubleBed", "position": [252.1134170966318, 248.88047521098844], "size": [70.74749908447262, 81.78839721679685], "angle": 0.0}, {"category": "Nightstand", "position": [292.23462538928436, 214.63270790910258], "size": [19.663288879394543, 14.095230102539062], "angle": 0.0}, {"category": "PendantLamp", "position": [252.115, 248.497], "size": [54.35130157470704, 1.971149969100935], "angle": 0.0}]}]}]}