{"seed": 1, "floorplan": [{"rooms": [{"category": "Bedroom", "corners": [[209.0, 202.0], [209.0, 297.0], [208.0, 298.0], [291.0, 298.0], [291.0, 203.0], [292.0, 202.0], [209.0, 202.0]], "objects": [{"category": "Chair", "position": [267.2849500000001, 231.61900000000003], "size": [19.915771221124082, 18.182355476453417], "angle": -9.104117114941374e-06}, {"category": "DoubleBed", "position": [257.3167161981521, 275.28430000000003], "size": [37.980345321322154, 67.75741771655942], "angle": -1.570787222677782}, {"category": "CeilingLamp", "position": [249.92605000000003, 254.4436], "size": [17.489999771118164, 17.50125045776369], "angle": 0.0}]}]}]}