{"seed": 1, "floorplan": [{"rooms": [{"category": "Bedroom", "corners": [[211.0, 208.0], [211.0, 292.0], [289.0, 292.0], [289.0, 208.0], [211.0, 208.0]], "objects": [{"category": "Chair", "position": [222.35941983097592, 231.36775581006304], "size": [14.722125181218898, 14.254636582860499], "angle": -0.7854036166213586}, {"category": "CeilingLamp", "position": [248.8726, 259.2889], "size": [22.264498901367176, 18.882509994506847], "angle": 0.0}, {"category": "Table", "position": [248.376588993278, 237.32340420845378], "size": [56.99999993218888, 68.9999999179128], "angle": -1.5973770645556147}, {"category": "DoubleBed", "position": [255.8011542603141, 255.2522505822589], "size": [65.31239776611324, 73.28909912109373], "angle": 3.141592653589793}]}]}]}