{"seed": 1, "floorplan": [{"rooms": [{"category": "Bedroom", "corners": [[197.0, 190.0], [197.0, 310.0], [303.0, 310.0], [303.0, 190.0], [197.0, 190.0]], "objects": [{"category": "DoubleBed", "position": [251.4115, 272.27228942423795], "size": [60.15990142822261, 62.516999816894526], "angle": 3.141592653589793}, {"category": "Cabinet", "position": [215.57172338540866, 301.3397225977013], "size": [13.150469970703142, 10.518389511108353], "angle": 3.141592653589793}, {"category": "Cabinet", "position": [287.2542766145913, 301.3397225977013], "size": [13.150469970703114, 10.518389511108353], "angle": 3.141592653589793}, {"category": "PendantLamp", "position": [258.5305, 262.516], "size": [27.055320739746094, 27.463620758056607], "angle": 0.0}]}]}]}