{"seed": 1, "floorplan": [{"rooms": [{"category": "Bedroom", "corners": [[179.0, 204.0], [179.0, 296.0], [321.0, 296.0], [321.0, 204.0], [179.0, 204.0]], "objects": [{"category": "DoubleBed", "position": [234.007, 259.8185886045065], "size": [60.659701538085955, 58.29210205078124], "angle": 3.141592653589793}, {"category": "Cabinet", "position": [270.97679821168435, 287.7767270246474], "size": [12.515939712524414, 10.319399642944347], "angle": 3.141592653589793}, {"category": "Cabinet", "position": [196.81220178831563, 287.7767270246474], "size": [12.515939712524442, 10.319399642944347], "angle": 3.141592653589793}, {"category": "CeilingLamp", "position": [238.60899999999998, 249.1105], "size": [17.12232055664063, 17.12232055664063], "angle": 0.0}]}]}]}