{"seed": 1, "floorplan": [{"rooms": [{"category": "Bedroom", "corners": [[174.0, 200.0], [174.0, 301.0], [175.0, 300.0], [325.0, 300.0], [326.0, 301.0], [326.0, 269.0], [311.0, 269.0], [310.0, 268.0], [309.0, 269.0], [308.0, 268.0], [308.0, 200.0], [174.0, 200.0]], "objects": [{"category": "DoubleBed", "position": [233.05620049758556, 236.20850456977644], "size": [49.232698059082054, 72.54989776611328], "angle": 0.0}, {"category": "Nightstand", "position": [276.2352501878752, 204.83873647479663], "size": [17.79182968139645, 13.499999999999972], "angle": 0.0}, {"category": "Nightstand", "position": [198.28604138129919, 204.31856323624612], "size": [17.79182968139648, 13.5], "angle": 0.0}]}]}]}