{"seed": 1, "floorplan": [{"rooms": [{"category": "Bedroom", "corners": [[201.0, 211.0], [201.0, 289.0], [299.0, 289.0], [299.0, 211.0], [201.0, 211.0]], "objects": [{"category": "DoubleBed", "position": [236.2530766785818, 241.5833531749258], "size": [60.517530857552515, 60.08403516136989], "angle": -3.1400467133146153}, {"category": "Table", "position": [207.52273797664634, 270.68139896297714], "size": [18.002474459515692, 40.50336710112694], "angle": -9.10411711279682e-06}, {"category": "Chair", "position": [225.01878260277982, 276.63093772950475], "size": [16.81648134807332, 18.67268626092739], "angle": -1.295376518461827}, {"category": "CeilingLamp", "position": [247.49349999999998, 248.82249999999996], "size": [30.560700988769526, 30.509099578857388], "angle": 0.0}]}]}]}