{"seed": 1, "floorplan": [{"rooms": [{"category": "Bedroom", "corners": [[200.0, 207.0], [200.0, 293.0], [300.0, 293.0], [300.0, 207.0], [200.0, 207.0]], "objects": [{"category": "DoubleBed", "position": [261.53785, 259.60375], "size": [76.61999816894524, 64.36110076904293], "angle": 3.141592653589793}, {"category": "PendantLamp", "position": [265.45585000000005, 259.83624999999995], "size": [15.303210067749035, 15.08414955139159], "angle": 0.0}]}]}]}