{"seed": 1, "floorplan": [{"rooms": [{"category": "Bedroom", "corners": [[200.0, 211.0], [200.0, 289.0], [300.0, 289.0], [300.0, 211.0], [200.0, 211.0]], "objects": [{"category": "DoubleBed", "position": [238.4385262726526, 247.6980041878303], "size": [49.23269805908208, 72.5498977661133], "angle": 0.0}, {"category": "Nightstand", "position": [270.6338821361419, 217.59974909852636], "size": [17.791829681396507, 13.499999999999972], "angle": 0.0}, {"category": "Nightstand", "position": [206.13399294363444, 215.11610172554583], "size": [17.79182968139648, 13.499999999999972], "angle": 0.0}, {"category": "PendantLamp", "position": [239.67550000000003, 250.87749999999997], "size": [13.77314987182615, 13.773149871826178], "angle": 0.0}]}]}]}