{"seed": 1, "floorplan": [{"rooms": [{"category": "Bedroom", "corners": [[206.0, 203.0], [206.0, 297.0], [294.0, 297.0], [294.0, 203.0], [206.0, 203.0]], "objects": [{"category": "DoubleBed", "position": [250.70950000000005, 265.3261639186489], "size": [62.627398681640614, 62.90640106201175], "angle": 3.141592653589793}, {"category": "Nightstand", "position": [214.8853392379824, 291.1739229235636], "size": [14.30951957702635, 11.765880203247036], "angle": 3.141592653589793}, {"category": "Nightstand", "position": [285.1146607620176, 291.1739229235636], "size": [14.309519577026379, 11.765880203247036], "angle": 3.141592653589793}, {"category": "PendantLamp", "position": [248.2615, 257.5045], "size": [26.576280212402338, 2.245410060882591], "angle": 0.0}]}]}]}