{"seed": 1, "floorplan": [{"rooms": [{"category": "Bedroom", "corners": [[300.0, 206.0], [299.0, 207.0], [200.0, 207.0], [200.0, 294.0], [201.0, 293.0], [300.0, 293.0], [300.0, 206.0]], "objects": [{"category": "DoubleBed", "position": [255.46192218566716, 241.4496135519563], "size": [62.3757019042969, 69.06449890136719], "angle": 0.0}, {"category": "Nightstand", "position": [222.97365071519408, 211.3265792985223], "size": [19.074629974365223, 14.577329635620089], "angle": 0.0}, {"category": "Nightstand", "position": [292.42551000613753, 211.57862987985436], "size": [19.074629974365223, 14.577329635620117], "angle": 0.0}]}]}]}