{"seed": 1, "floorplan": [{"rooms": [{"category": "Bedroom", "corners": [[310.0, 195.0], [309.0, 196.0], [190.0, 196.0], [190.0, 305.0], [191.0, 304.0], [310.0, 304.0], [310.0, 195.0]], "objects": [{"category": "SingleBed", "position": [236.926, 270.62199999999996], "size": [36.023400878906244, 65.3601013183594], "angle": 3.141592653589793}]}]}]}