{"seed": 1, "floorplan": [{"rooms": [{"category": "Bedroom", "corners": [[203.0, 179.0], [203.0, 321.0], [297.0, 321.0], [297.0, 179.0], [203.0, 179.0]], "objects": [{"category": "DoubleBed", "position": [238.88326717457636, 237.83067676516978], "size": [65.0282928335527, 60.53065056794499], "angle": -9.10411711438571e-06}, {"category": "Nightstand", "position": [209.44280988760488, 195.5615149938216], "size": [10.385554070163563, 17.4231681142519], "angle": -9.104117114171977e-06}]}]}]}