{"seed": 1, "floorplan": [{"rooms": [{"category": "Bedroom", "corners": [[199.0, 213.0], [199.0, 249.0], [219.0, 249.0], [220.0, 250.0], [220.0, 287.0], [301.0, 287.0], [301.0, 213.0], [199.0, 213.0]], "objects": [{"category": "DoubleBed", "position": [266.10981272558365, 246.79494013346158], "size": [68.11260223388669, 67.72260131835941], "angle": 0.0}, {"category": "Nightstand", "position": [234.5835389466269, 216.5769471563712], "size": [17.328600311279303, 12.576809692382824], "angle": 0.0}, {"category": "PendantLamp", "position": [260.4595, 249.97750000000002], "size": [22.306020355224632, 22.334969329833996], "angle": 0.0}]}]}]}