{"seed": 1, "floorplan": [{"rooms": [{"category": "Bedroom", "corners": [[207.0, 199.0], [207.0, 301.0], [293.0, 301.0], [293.0, 199.0], [207.0, 199.0]], "objects": [{"category": "Cabinet", "position": [262.8160898352144, 291.2258454660731], "size": [60.0, 19.711830139160156], "angle": 3.141592653589793}, {"category": "DoubleBed", "position": [255.77640066937153, 236.41446201056596], "size": [58.29263275615253, 60.66025379865461], "angle": -3.1415835494726787}, {"category": "Cabinet", "position": [284.10419362908794, 273.5672734576508], "size": [12.516053660661441, 10.319493593250204], "angle": -1.5707872226777826}, {"category": "PendantLamp", "position": [247.79649999999998, 242.29], "size": [11.426700210571283, 13.038090133666998], "angle": 0.0}]}]}]}