{"seed": 1, "floorplan": [{"rooms": [{"category": "Bedroom", "corners": [[210.0, 205.0], [210.0, 295.0], [290.0, 295.0], [290.0, 205.0], [210.0, 205.0]], "objects": [{"category": "DoubleBed", "position": [246.76379172781185, 246.10068217408428], "size": [71.78015331479149, 58.57733230855161], "angle": -9.104117114438547e-06}, {"category": "Nightstand", "position": [213.88409410822575, 271.9447294960375], "size": [12.6535156207551, 36.01952882471838], "angle": -9.104117112915682e-06}, {"category": "Nightstand", "position": [213.7090650644813, 221.08186136177898], "size": [36.01952882471835, 12.6535156207551], "angle": -1.5708054309120103}, {"category": "Cabinet", "position": [287.1413992217719, 244.41038348432852], "size": [12.03322989850227, 60.38454938430102], "angle": -3.1415835494726787}]}]}]}