{"seed": 1, "floorplan": [{"rooms": [{"category": "Bedroom", "corners": [[207.0, 176.0], [207.0, 324.0], [293.0, 324.0], [293.0, 176.0], [207.0, 176.0]], "objects": [{"category": "DoubleBed", "position": [240.47331511133177, 255.202], "size": [65.34089333576726, 66.457205989089], "angle": -1.5708054309120103}, {"category": "Nightstand", "position": [215.12089010200714, 298.95575231376034], "size": [13.862346587691748, 18.238185986574354], "angle": -9.104117113894501e-06}, {"category": "Nightstand", "position": [214.24519881262992, 213.2242476862396], "size": [13.86234658769172, 18.238185986574297], "angle": -9.104117115944802e-06}, {"category": "PendantLamp", "position": [251.52999999999997, 253.71699999999998], "size": [26.14548110961914, 23.667059326171852], "angle": 0.0}]}]}]}