{"seed": 1, "floorplan": [{"rooms": [{"category": "Bedroom", "corners": [[204.0, 186.0], [204.0, 314.0], [296.0, 314.0], [296.0, 194.0], [230.0, 194.0], [229.0, 193.0], [229.0, 186.0], [204.0, 186.0]], "objects": [{"category": "DoubleBed", "position": [260.28003032897396, 257.0807675640718], "size": [75.18698517341409, 67.79401625532473], "angle": -1.5707872226777826}, {"category": "Nightstand", "position": [292.0499755835217, 302.4630392508868], "size": [10.920099876084377, 22.800207576704835], "angle": -3.141583549472684}, {"category": "CeilingLamp", "position": [247.66000000000003, 256.04799999999994], "size": [22.71608963012696, 22.761000823974598], "angle": 0.0}]}]}]}