{"seed": 1, "floorplan": [{"rooms": [{"category": "Bedroom", "corners": [[204.0, 206.0], [204.0, 294.0], [296.0, 294.0], [296.0, 206.0], [204.0, 206.0]], "objects": [{"category": "Nightstand", "position": [285.86977081524753, 209.95123516252318], "size": [19.500000000000057, 12.029910278320301], "angle": 0.0}, {"category": "TVStand", "position": [253.80849999999998, 287.11899999999997], "size": [56.205299377441406, 13.126169586181618], "angle": 3.141592653589793}, {"category": "CeilingLamp", "position": [248.29149999999998, 247.79199999999997], "size": [15.15753021240235, 15.84515991210938], "angle": 0.0}, {"category": "DoubleBed", "position": [250.65218555993363, 240.09491956468182], "size": [65.34029846191407, 66.45660095214845], "angle": 0.0}]}]}]}