{"seed": 1, "floorplan": [{"rooms": [{"category": "Bedroom", "corners": [[211.0, 193.0], [211.0, 307.0], [289.0, 307.0], [289.0, 193.0], [211.0, 193.0]], "objects": [{"category": "DoubleBed", "position": [247.46486632501177, 248.1982326933737], "size": [58.29263275615253, 60.660253798654665], "angle": -9.104117113739032e-06}, {"category": "Nightstand", "position": [219.480827222195, 289.49607931757305], "size": [10.843719023230292, 16.043156008166505], "angle": -9.10411711104892e-06}, {"category": "Nightstand", "position": [219.38331017452919, 209.7061509816345], "size": [10.843719023230292, 16.043156008166505], "angle": -9.104117113669948e-06}, {"category": "PendantLamp", "position": [249.985, 241.00000000000003], "size": [11.426700210571312, 13.038090133666998], "angle": 0.0}]}]}]}