{"seed": 1, "floorplan": [{"rooms": [{"category": "Bedroom", "corners": [[250.0, 192.0], [250.0, 209.0], [249.0, 210.0], [210.0, 210.0], [210.0, 308.0], [290.0, 308.0], [290.0, 192.0], [250.0, 192.0]], "objects": [{"category": "DoubleBed", "position": [257.4135691629051, 256.1281756705696], "size": [63.6806792463055, 61.90556542913789], "angle": -3.1415835494726796}, {"category": "Nightstand", "position": [284.84197700047935, 216.35323988184774], "size": [19.58996281841722, 14.154842315239353], "angle": -1.5672768676848579}, {"category": "Nightstand", "position": [284.5597911216862, 296.40294060351044], "size": [19.58996281841725, 14.154842315239353], "angle": -1.5672768676848607}, {"category": "PendantLamp", "position": [249.8529333540792, 258.96301089554026], "size": [40.08486658693036, 42.469887385010466], "angle": -9.104117114345079e-06}]}]}]}