{"seed": 1, "floorplan": [{"rooms": [{"category": "Bedroom", "corners": [[189.0, 203.0], [189.0, 297.0], [311.0, 297.0], [311.0, 267.0], [303.0, 267.0], [302.0, 266.0], [302.0, 203.0], [189.0, 203.0]], "objects": [{"category": "DoubleBed", "position": [239.28729500174813, 255.8581075486523], "size": [88.14659729003904, 101.81790161132812], "angle": 0.0}, {"category": "Nightstand", "position": [276.8654794315383, 208.29456671390187], "size": [15.0, 13.42272033691404], "angle": 0.0}, {"category": "Nightstand", "position": [198.41139530093426, 206.97260619565245], "size": [15.0, 13.422720336913983], "angle": 0.0}]}]}]}