{"seed": 1, "floorplan": [{"rooms": [{"category": "Bedroom", "corners": [[190.0, 191.0], [190.0, 304.0], [193.0, 304.0], [194.0, 305.0], [194.0, 309.0], [310.0, 309.0], [310.0, 191.0], [190.0, 191.0]], "objects": [{"category": "DoubleBed", "position": [273.3081676225265, 244.5331], "size": [72.47045806134946, 68.92862588918999], "angle": -3.141583549472679}, {"category": "Nightstand", "position": [303.29949999999997, 209.97309999999996], "size": [11.520105338629257, 11.520105338629257], "angle": -1.5707872226777828}, {"category": "PendantLamp", "position": [259.14849999999996, 236.644], "size": [15.30334939186833, 15.084286881131073], "angle": -1.5707872226777815}]}]}]}