{"seed": 1, "floorplan": [{"rooms": [{"category": "Bedroom", "corners": [[205.0, 194.0], [205.0, 261.0], [262.0, 261.0], [263.0, 262.0], [263.0, 306.0], [295.0, 306.0], [295.0, 194.0], [205.0, 194.0]], "objects": [{"category": "SingleBed", "position": [242.69811599540407, 227.46602941123894], "size": [60.02154864296131, 73.29666950176647], "angle": -1.5708054309120103}, {"category": "Nightstand", "position": [207.9446028574114, 197.392822421677], "size": [11.007160452633226, 11.007160452633254], "angle": -9.104117116727625e-06}, {"category": "Nightstand", "position": [207.92561465980228, 257.7512067488013], "size": [11.007160452633226, 11.007160452633254], "angle": -9.104117114145514e-06}, {"category": "CeilingLamp", "position": [249.12220000000002, 229.95340000000002], "size": [20.952420043945295, 21.00048065185547], "angle": 0.0}]}]}]}