{"seed": 1, "floorplan": [{"rooms": [{"category": "Bedroom", "corners": [[241.0, 172.0], [241.0, 193.0], [240.0, 194.0], [202.0, 194.0], [202.0, 322.0], [203.0, 323.0], [203.0, 328.0], [298.0, 328.0], [298.0, 172.0], [241.0, 172.0]], "objects": [{"category": "CornerSideTable", "position": [210.31997031717748, 310.6246967875545], "size": [19.103393524815807, 19.103393524815807], "angle": -9.104117115976594e-06}, {"category": "DoubleBed", "position": [238.69337956815872, 270.65797030733086], "size": [71.99165578965997, 65.20559547313468], "angle": -9.104117114051055e-06}, {"category": "CornerSideTable", "position": [210.3182712364434, 230.74158710829033], "size": [19.10339352481578, 19.103393524815807], "angle": -9.104117114488823e-06}, {"category": "PendantLamp", "position": [248.88249999999996, 267.376], "size": [7.322999954223633, 7.322999954223633], "angle": 0.0}]}]}]}