{"seed": 1, "floorplan": [{"rooms": [{"category": "Bedroom", "corners": [[204.0, 193.0], [204.0, 288.0], [215.0, 288.0], [216.0, 289.0], [216.0, 307.0], [293.0, 307.0], [293.0, 289.0], [294.0, 288.0], [296.0, 288.0], [296.0, 193.0], [204.0, 193.0]], "objects": [{"category": "DoubleBed", "position": [255.4658526368643, 258.4714465997305], "size": [74.07581195465762, 74.1106112006929], "angle": -1.5656895359848502}, {"category": "Nightstand", "position": [286.77803125668885, 298.3935489281714], "size": [16.5, 12.417780303955112], "angle": 0.0}]}]}]}