{"seed": 1, "floorplan": [{"rooms": [{"category": "Bedroom", "corners": [[314.0, 210.0], [313.0, 211.0], [186.0, 211.0], [186.0, 290.0], [187.0, 289.0], [314.0, 289.0], [314.0, 210.0]], "objects": [{"category": "Nightstand", "position": [298.90170799605323, 217.66172446986081], "size": [14.309519577026379, 11.765880203247065], "angle": 0.0}, {"category": "Armchair", "position": [217.8243964225141, 235.62614435872678], "size": [17.1725062607693, 17.20607564809916], "angle": -2.60117155519292}, {"category": "PendantLamp", "position": [301.018733215332, 217.90000000000003], "size": [26.576280212402366, 2.2454100608825343], "angle": 0.0}, {"category": "DoubleBed", "position": [261.13442953777746, 242.35189607931446], "size": [62.627398681640614, 62.90640106201175], "angle": 0.0}]}]}]}