{"seed": 1, "floorplan": [{"rooms": [{"category": "Bedroom", "corners": [[203.0, 202.0], [203.0, 265.0], [202.0, 266.0], [199.0, 266.0], [199.0, 269.0], [198.0, 270.0], [196.0, 270.0], [196.0, 296.0], [198.0, 296.0], [199.0, 297.0], [199.0, 298.0], [277.0, 298.0], [277.0, 289.0], [278.0, 288.0], [304.0, 288.0], [304.0, 202.0], [203.0, 202.0]], "objects": [{"category": "DoubleBed", "position": [257.9870985822598, 235.21786630765843], "size": [65.34029846191405, 66.45660095214845], "angle": 0.0}, {"category": "Nightstand", "position": [290.81742546190094, 209.79030781509218], "size": [15.202890014648403, 15.71714973449707], "angle": 0.0}, {"category": "Armchair", "position": [286.63719898600493, 278.23654096034613], "size": [11.827949523925781, 13.779299926757801], "angle": 0.0}]}]}]}