{"seed": 1, "floorplan": [{"rooms": [{"category": "Bedroom", "corners": [[217.0, 198.0], [217.0, 302.0], [283.0, 302.0], [283.0, 198.0], [217.0, 198.0]], "objects": [{"category": "SingleBed", "position": [252.3898933472306, 275.30371531036633], "size": [69.99663945776965, 51.10396562481682], "angle": -9.1041171142164e-06}, {"category": "CeilingLamp", "position": [252.70209999999997, 257.0713], "size": [19.345049285888706, 19.34504928588865], "angle": 0.0}, {"category": "Cabinet", "position": [221.68646641947424, 217.1116], "size": [9.627147202128288, 30.849581244000536], "angle": -9.104117114934181e-06}]}]}]}