{"seed": 1, "floorplan": [{"rooms": [{"category": "Bedroom", "corners": [[211.0, 212.0], [211.0, 259.0], [212.0, 260.0], [212.0, 266.0], [211.0, 267.0], [211.0, 276.0], [212.0, 277.0], [212.0, 288.0], [289.0, 288.0], [289.0, 212.0], [211.0, 212.0]], "objects": [{"category": "Cabinet", "position": [279.47248796967233, 236.05747945737983], "size": [16.680139516915773, 37.715117519235264], "angle": -0.0270742785545615}, {"category": "DoubleBed", "position": [240.88157934461702, 254.4643330501271], "size": [66.7463994412265, 56.84190000069538], "angle": -1.5618562967682985}, {"category": "PendantLamp", "position": [248.63107495075303, 252.19298008493536], "size": [25.09367980957029, 25.092210388183588], "angle": 0.0}]}]}]}