{"seed": 1, "floorplan": [{"rooms": [{"category": "Bedroom", "corners": [[177.0, 205.0], [177.0, 295.0], [323.0, 295.0], [323.0, 205.0], [177.0, 205.0]], "objects": [{"category": "Table", "position": [309.68466861222635, 230.37378672698532], "size": [49.06694451597713, 23.73318649915973], "angle": -1.5707872226777815}, {"category": "DoubleBed", "position": [209.947791156404, 246.25060000000002], "size": [64.27177682351032, 65.64997024473942], "angle": -1.5683179413882726}]}]}]}