{"seed": 1, "floorplan": [{"rooms": [{"category": "Bedroom", "corners": [[180.0, 203.0], [180.0, 296.0], [179.0, 297.0], [299.0, 297.0], [300.0, 296.0], [300.0, 238.0], [301.0, 237.0], [320.0, 237.0], [320.0, 204.0], [321.0, 203.0], [180.0, 203.0]], "objects": [{"category": "Cabinet", "position": [265.2080101613388, 282.5848351282803], "size": [67.46939849853516, 28.523371124267555], "angle": 3.141592653589793}, {"category": "DoubleBed", "position": [208.75775230597793, 258.70026193702193], "size": [60.15990142822264, 62.5169998168945], "angle": 3.141592653589793}]}]}]}