{"seed": 1, "floorplan": [{"rooms": [{"category": "Bedroom", "corners": [[211.0, 208.0], [211.0, 292.0], [289.0, 292.0], [289.0, 208.0], [211.0, 208.0]], "objects": [{"category": "DoubleBed", "position": [243.89003928982365, 252.37449703169787], "size": [64.08658198956, 56.00600915516557], "angle": -9.104117114170388e-06}, {"category": "Cabinet", "position": [215.32379415327202, 283.13651727623426], "size": [12.000109250897301, 15.011446862515259], "angle": -9.104117112970805e-06}, {"category": "Cabinet", "position": [215.56616453921774, 221.8800726555542], "size": [12.00010925089733, 15.011446862515259], "angle": -9.104117112970783e-06}, {"category": "PendantLamp", "position": [251.88099999999997, 253.03449999999992], "size": [12.700710296630831, 11.79128952026366], "angle": 0.0}]}]}]}