{"seed": 1, "floorplan": [{"rooms": [{"category": "Bedroom", "corners": [[198.0, 205.0], [198.0, 295.0], [302.0, 295.0], [302.0, 205.0], [198.0, 205.0]], "objects": [{"category": "DoubleBed", "position": [268.50166938603223, 246.9848929915998], "size": [60.53065056794495, 65.0282928335527], "angle": -1.5707872226777828}, {"category": "Nightstand", "position": [297.1840957404548, 211.29442220940336], "size": [17.423168114251872, 10.385554070163536], "angle": -1.5707872226777835}, {"category": "Nightstand", "position": [294.4252494630801, 281.2507760783251], "size": [17.423168114251926, 10.385554070163536], "angle": -1.5707872226777835}]}]}]}