{"seed": 1, "floorplan": [{"rooms": [{"category": "Bedroom", "corners": [[215.0, 203.0], [215.0, 297.0], [285.0, 297.0], [285.0, 203.0], [215.0, 203.0]], "objects": [{"category": "DoubleBed", "position": [251.98900000000006, 238.3109999598167], "size": [63.879899597167935, 70.06679992675782], "angle": 0.0}, {"category": "Cabinet", "position": [241.16200000000003, 291.1283832548074], "size": [27.250440216064476, 11.648910140991234], "angle": 0.0}, {"category": "PendantLamp", "position": [252.12400000000002, 249.496], "size": [14.41665000915529, 13.429619979858387], "angle": 0.0}]}]}]}