{"seed": 1, "floorplan": [{"rooms": [{"category": "Bedroom", "corners": [[204.0, 165.0], [204.0, 335.0], [296.0, 335.0], [296.0, 165.0], [204.0, 165.0]], "objects": [{"category": "DoubleBed", "position": [262.13738592085963, 246.09419236734095], "size": [75.18698517341413, 67.79401625532473], "angle": -1.5707872226777826}, {"category": "Nightstand", "position": [292.69425717752654, 199.5082373466116], "size": [10.920099876084434, 22.800207576704896], "angle": -3.1415835494726814}, {"category": "Nightstand", "position": [292.70630527755696, 292.6660593215301], "size": [22.800207576704896, 10.920099876084377], "angle": -1.5707872226777806}, {"category": "Sofa", "position": [248.212, 316.579], "size": [66.09299926757811, 28.146421051025413], "angle": 3.141592653589793}]}]}]}