{"seed": 1, "floorplan": [{"rooms": [{"category": "Bedroom", "corners": [[220.0, 194.0], [220.0, 273.0], [219.0, 274.0], [194.0, 274.0], [194.0, 306.0], [306.0, 306.0], [306.0, 194.0], [220.0, 194.0]], "objects": [{"category": "DoubleBed", "position": [252.16416764322338, 241.111], "size": [63.49737984802656, 41.03767372335165], "angle": -9.104117114114032e-06}]}]}]}