{"seed": 1, "floorplan": [{"rooms": [{"category": "Bedroom", "corners": [[202.0, 182.0], [202.0, 318.0], [256.0, 318.0], [256.0, 300.0], [257.0, 299.0], [298.0, 299.0], [298.0, 182.0], [202.0, 182.0]], "objects": [{"category": "DoubleBed", "position": [242.00830084228517, 242.99965000000003], "size": [80.61433561026365, 69.27452900172563], "angle": -9.104117113993887e-06}]}]}]}