{"seed": 1, "floorplan": [{"rooms": [{"category": "Bedroom", "corners": [[194.0, 214.0], [194.0, 286.0], [306.0, 286.0], [306.0, 214.0], [194.0, 214.0]], "objects": [{"category": "SingleBed", "position": [263.49644958828986, 248.2619704069724], "size": [45.11879882812502, 65.72639923095704], "angle": 0.0}, {"category": "Table", "position": [226.86891144289774, 221.01910712760622], "size": [44.17859802246093, 15.4290596008301], "angle": 0.0}, {"category": "Armchair", "position": [226.30520549725526, 238.20171503216994], "size": [14.78399963378908, 15.869460296630848], "angle": 3.141592653589793}, {"category": "CeilingLamp", "position": [258.4945, 249.25900000000004], "size": [15.176729965209972, 13.143420410156267], "angle": 0.0}]}]}]}