{"seed": 1, "floorplan": [{"rooms": [{"category": "Bedroom", "corners": [[292.0, 194.0], [291.0, 195.0], [208.0, 195.0], [208.0, 306.0], [209.0, 305.0], [292.0, 305.0], [292.0, 194.0]], "objects": [{"category": "Nightstand", "position": [213.0040788979942, 207.23711593759674], "size": [14.54779212863376, 14.591353316237305], "angle": -9.104117113813775e-06}, {"category": "Nightstand", "position": [212.97751547016057, 276.18852695194903], "size": [14.54779212863376, 14.591353316237361], "angle": -9.104117113813775e-06}, {"category": "DoubleBed", "position": [240.60394431986452, 242.05789626342886], "size": [65.15729181071418, 69.48393032221095], "angle": -9.104117114189828e-06}, {"category": "PendantLamp", "position": [250.00000000000003, 242.5357], "size": [17.359049606323254, 16.415219879150385], "angle": 0.0}]}]}]}