{"seed": 1, "floorplan": [{"rooms": [{"category": "Bedroom", "corners": [[197.0, 206.0], [197.0, 253.0], [196.0, 254.0], [182.0, 254.0], [182.0, 282.0], [280.0, 282.0], [281.0, 283.0], [281.0, 294.0], [318.0, 294.0], [318.0, 207.0], [319.0, 206.0], [197.0, 206.0]], "objects": [{"category": "DoubleBed", "position": [267.7280197805479, 241.44629536634585], "size": [62.95680084228513, 69.923698425293], "angle": 0.0}, {"category": "Nightstand", "position": [228.14887362947843, 220.1477343044961], "size": [14.591220474243158, 14.54765968322755], "angle": 0.0}, {"category": "Nightstand", "position": [308.8357758739245, 213.7360740396374], "size": [14.59122047424313, 14.54765968322755], "angle": 0.0}, {"category": "PendantLamp", "position": [267.43, 244.1454999999999], "size": [31.477800750732428, 31.47780075073237], "angle": 0.0}]}]}]}