{"seed": 1, "floorplan": [{"rooms": [{"category": "Bedroom", "corners": [[208.0, 199.0], [208.0, 301.0], [292.0, 301.0], [292.0, 199.0], [208.0, 199.0]], "objects": [{"category": "DoubleBed", "position": [257.8744687627161, 234.83839005517476], "size": [69.48393032221098, 65.15729181071414], "angle": -1.5707872226777824}, {"category": "Sofa", "position": [267.7826659094633, 267.3222073654779], "size": [15.736223816224237, 20.47011663052143], "angle": -9.104117116588833e-06}, {"category": "Table", "position": [283.3261490458598, 267.7048849401598], "size": [31.915191531423044, 18.96347220700463], "angle": -1.5707872226777821}, {"category": "CeilingLamp", "position": [249.99997635637703, 241.15571739649724], "size": [20.85831069946289, 20.217269897460966], "angle": 0.0}]}]}]}