{"seed": 1, "floorplan": [{"rooms": [{"category": "Bedroom", "corners": [[320.0, 195.0], [319.0, 196.0], [203.0, 196.0], [203.0, 266.0], [202.0, 267.0], [180.0, 267.0], [180.0, 305.0], [320.0, 305.0], [320.0, 195.0]], "objects": [{"category": "DoubleBed", "position": [283.0668123908914, 231.6788737832423], "size": [60.88710021972656, 65.97030029296877], "angle": 0.0}, {"category": "Cabinet", "position": [237.8327581930708, 201.95060547749648], "size": [16.391970062255837, 9.241440010070733], "angle": 0.0}, {"category": "PendantLamp", "position": [263.00800000000004, 251.1805], "size": [40.46850128173827, 40.155601501464844], "angle": 0.0}]}]}]}