{"seed": 1, "floorplan": [{"rooms": [{"category": "Bedroom", "corners": [[211.0, 192.0], [211.0, 308.0], [289.0, 308.0], [289.0, 192.0], [211.0, 192.0]], "objects": [{"category": "DoubleBed", "position": [261.00166662573264, 259.573], "size": [56.53371476514517, 51.27406757628399], "angle": -3.1415835494726796}]}]}]}