{"seed": 1, "floorplan": [{"rooms": [{"category": "Bedroom", "corners": [[192.0, 209.0], [192.0, 291.0], [308.0, 291.0], [308.0, 258.0], [294.0, 258.0], [293.0, 257.0], [293.0, 209.0], [192.0, 209.0]], "objects": [{"category": "DoubleBed", "position": [242.13255449941235, 258.12512907100955], "size": [60.887100219726506, 65.97030029296883], "angle": 3.141592653589793}, {"category": "Cabinet", "position": [208.709959065654, 283.9437855977669], "size": [16.391970062255865, 9.24144001007079], "angle": 3.141592653589793}, {"category": "Cabinet", "position": [279.78542005404466, 286.81003058242345], "size": [16.391970062255837, 9.241440010070846], "angle": 3.141592653589793}, {"category": "PendantLamp", "position": [243.937, 248.053], "size": [58.44989776611328, 3.6000000000000227], "angle": 0.0}]}]}]}