{"seed": 1, "floorplan": [{"rooms": [{"category": "Bedroom", "corners": [[209.0, 206.0], [209.0, 294.0], [291.0, 294.0], [291.0, 206.0], [209.0, 206.0]], "objects": [{"category": "DoubleBed", "position": [254.86313317348547, 244.02094786612824], "size": [71.8740552317012, 69.8814376032897], "angle": -3.1415835494726787}, {"category": "PendantLamp", "position": [282.9455946577998, 217.4335], "size": [10.608384948248709, 10.60838494824867], "angle": -0.7854061101504047}, {"category": "PendantLamp", "position": [283.85924067046005, 272.4445], "size": [10.608347006258247, 10.608347006258265], "angle": -1.2580074913778034}, {"category": "CeilingLamp", "position": [254.275, 243.63550000000004], "size": [23.220719146728527, 23.2207191467285], "angle": 0.0}]}]}]}