{"seed": 1, "floorplan": [{"rooms": [{"category": "Bedroom", "corners": [[149.0, 204.0], [149.0, 296.0], [280.0, 296.0], [280.0, 264.0], [281.0, 263.0], [318.0, 263.0], [318.0, 234.0], [319.0, 233.0], [351.0, 233.0], [351.0, 204.0], [149.0, 204.0]], "objects": [{"category": "DoubleBed", "position": [205.8008787853065, 254.70001505410517], "size": [79.73460388183591, 80.55150146484374], "angle": 3.141592653589793}, {"category": "Nightstand", "position": [160.46620287604395, 291.8350083828602], "size": [15.00059967041011, 13.000499725341797], "angle": 3.141592653589793}, {"category": "Nightstand", "position": [250.8404859235883, 291.796680894028], "size": [15.00059967041014, 13.000499725341797], "angle": 3.141592653589793}]}]}]}