{"seed": 1, "floorplan": [{"rooms": [{"category": "Bedroom", "corners": [[202.0, 195.0], [202.0, 305.0], [298.0, 305.0], [298.0, 276.0], [282.0, 276.0], [281.0, 275.0], [281.0, 195.0], [202.0, 195.0]], "objects": [{"category": "DoubleBed", "position": [235.49347551183317, 250.16041999800552], "size": [65.97090090251069, 60.88765455058774], "angle": -9.104117114391005e-06}, {"category": "Cabinet", "position": [214.2185799083903, 290.57563668635066], "size": [9.241524146371953, 16.392119298709012], "angle": -9.104117114469079e-06}]}]}]}