{"seed": 1, "floorplan": [{"rooms": [{"category": "Bedroom", "corners": [[193.0, 210.0], [193.0, 290.0], [290.0, 290.0], [290.0, 241.0], [291.0, 240.0], [307.0, 240.0], [307.0, 210.0], [193.0, 210.0]], "objects": [{"category": "DoubleBed", "position": [244.70202247702295, 254.06164234560967], "size": [68.92799835205079, 72.46979827880858], "angle": 3.141592653589793}, {"category": "Nightstand", "position": [281.426316881307, 283.98400000000004], "size": [16.682369613647438, 12.162840270996128], "angle": 3.141592653589793}, {"category": "Nightstand", "position": [201.22943042536093, 286.41930796088195], "size": [16.682369613647467, 12.162840270996128], "angle": 3.141592653589793}, {"category": "PendantLamp", "position": [241.37650000000002, 249.985], "size": [9.656070327758783, 9.656100082397472], "angle": 0.0}]}]}]}