{"seed": 1, "floorplan": [{"rooms": [{"category": "Bedroom", "corners": [[268.0, 156.0], [268.0, 230.0], [267.0, 231.0], [198.0, 231.0], [198.0, 344.0], [302.0, 344.0], [302.0, 156.0], [268.0, 156.0]], "objects": [{"category": "DoubleBed", "position": [234.7225, 293.113], "size": [60.53009948730468, 65.02770080566404], "angle": 0.0}]}]}]}