{"seed": 1, "floorplan": [{"rooms": [{"category": "Bedroom", "corners": [[177.0, 203.0], [177.0, 297.0], [323.0, 297.0], [323.0, 203.0], [177.0, 203.0]], "objects": [{"category": "DoubleBed", "position": [257.76175, 236.88190283081906], "size": [48.39210205078129, 59.3175018310547], "angle": 0.0}, {"category": "Nightstand", "position": [221.0354719910805, 210.3683689465004], "size": [12.6083999633789, 12.225960159301792], "angle": 0.0}, {"category": "Nightstand", "position": [294.1031280089195, 210.3683689465004], "size": [12.608399963378872, 12.225960159301792], "angle": 0.0}, {"category": "CeilingLamp", "position": [254.41645000000003, 245.91970000000003], "size": [22.716089630126987, 22.761000823974598], "angle": 0.0}]}]}]}