{"seed": 1, "floorplan": [{"rooms": [{"category": "Bedroom", "corners": [[209.0, 197.0], [209.0, 303.0], [291.0, 303.0], [291.0, 197.0], [209.0, 197.0]], "objects": [{"category": "DoubleBed", "position": [243.3431113402812, 258.4724310709147], "size": [54.808396933554654, 68.5170239363341], "angle": -1.5708054309120105}, {"category": "Nightstand", "position": [214.3570340977402, 290.7170113492218], "size": [15.803544299115647, 14.192769136316283], "angle": -9.104117114635182e-06}, {"category": "Nightstand", "position": [216.58163317443496, 225.07937977991077], "size": [15.803544299115616, 14.192769136316283], "angle": -9.104117114635199e-06}, {"category": "CeilingLamp", "position": [249.99984999999998, 255.1999], "size": [21.282511138915993, 21.065879058837908], "angle": 0.0}]}]}]}