{"seed": 1, "floorplan": [{"rooms": [{"category": "Bedroom", "corners": [[187.0, 189.0], [186.0, 190.0], [186.0, 310.0], [187.0, 311.0], [313.0, 311.0], [314.0, 310.0], [314.0, 189.0], [187.0, 189.0]], "objects": [{"category": "DoubleBed", "position": [220.68637840020835, 256.6982533698291], "size": [58.611834270612164, 52.93278018723222], "angle": -9.104117114174738e-06}, {"category": "TVStand", "position": [305.464, 258.085], "size": [29.600550249821634, 5.2433575202937694], "angle": -1.5707872226777828}, {"category": "Nightstand", "position": [193.57417158925568, 295.6332497898261], "size": [13.433732837501767, 20.247904677048666], "angle": -9.104117113357331e-06}, {"category": "CeilingLamp", "position": [250.40200000000002, 250.75], "size": [25.70498886108402, 16.50918045043943], "angle": 0.0}]}]}]}