{"seed": 1, "floorplan": [{"rooms": [{"category": "Bedroom", "corners": [[296.0, 200.0], [295.0, 201.0], [204.0, 201.0], [204.0, 300.0], [205.0, 299.0], [296.0, 299.0], [296.0, 200.0]], "objects": [{"category": "Nightstand", "position": [210.65350661808986, 294.6385739786556], "size": [14.126339721679699, 14.126339721679642], "angle": 3.141592653589793}, {"category": "Cabinet", "position": [244.51, 207.81614998881025], "size": [29.400480651855503, 14.460869979858387], "angle": 0.0}, {"category": "DoubleBed", "position": [245.7689462321851, 261.20886060949897], "size": [83.90730285644528, 75.23430175781249], "angle": 3.141592653589793}, {"category": "CeilingLamp", "position": [245.563, 251.42500000000004], "size": [22.264498901367205, 18.882509994506847], "angle": 0.0}]}]}]}