{"seed": 1, "floorplan": [{"rooms": [{"category": "Bedroom", "corners": [[208.0, 207.0], [208.0, 293.0], [292.0, 293.0], [292.0, 207.0], [208.0, 207.0]], "objects": [{"category": "DoubleBed", "position": [253.53022876727732, 250.6072254608577], "size": [86.09699707031245, 82.07880249023438], "angle": 3.141592653589793}, {"category": "CeilingLamp", "position": [249.925, 248.6542], "size": [20.625389099121094, 20.385990142822266], "angle": 0.0}]}]}]}