{"seed": 1, "floorplan": [{"rooms": [{"category": "Bedroom", "corners": [[204.0, 210.0], [204.0, 290.0], [296.0, 290.0], [296.0, 210.0], [204.0, 210.0]], "objects": [{"category": "Table", "position": [269.51901700851255, 277.735098361024], "size": [53.36340179443357, 25.813829040527366], "angle": 3.141592653589793}, {"category": "Armchair", "position": [280.35134996409613, 257.21907306897424], "size": [20.41275100708009, 23.605080413818342], "angle": 0.0}, {"category": "DoubleBed", "position": [229.76438009138838, 256.6288070331946], "size": [53.124000549316406, 62.4357009887695], "angle": 3.141592653589793}, {"category": "PendantLamp", "position": [243.5215, 250.18899999999996], "size": [16.799999999999983, 16.80000000000001], "angle": 0.0}]}]}]}