{"seed": 1, "floorplan": [{"rooms": [{"category": "Bedroom", "corners": [[212.0, 195.0], [212.0, 305.0], [235.0, 305.0], [235.0, 287.0], [236.0, 286.0], [288.0, 286.0], [288.0, 195.0], [212.0, 195.0]], "objects": [{"category": "DoubleBed", "position": [257.59878499067446, 233.91274724144273], "size": [60.66025379865461, 58.29263275615256], "angle": -1.5707872226777821}, {"category": "Cabinet", "position": [284.796629538055, 203.78772750132458], "size": [12.516053660661441, 10.319493593250204], "angle": -1.570787222677787}, {"category": "Cabinet", "position": [284.82067693683024, 264.77622156208696], "size": [12.516053660661498, 10.319493593250204], "angle": -1.570787222677787}, {"category": "PendantLamp", "position": [249.79450000000003, 234.10299999999998], "size": [11.426700210571283, 13.038090133666998], "angle": 0.0}]}]}]}