{"seed": 1, "floorplan": [{"rooms": [{"category": "Bedroom", "corners": [[200.0, 191.0], [200.0, 309.0], [300.0, 309.0], [300.0, 191.0], [200.0, 191.0]], "objects": [{"category": "DoubleBed", "position": [233.0520769422792, 248.66307673672833], "size": [62.55386997642485, 63.50637956375048], "angle": -9.10411711356243e-06}, {"category": "Nightstand", "position": [206.68505539455387, 209.4174510036221], "size": [11.450803865412546, 19.22087506313632], "angle": -9.104117114120357e-06}, {"category": "TVStand", "position": [292.949399983724, 248.42800000000003], "size": [63.13527633165214, 13.86840628946663], "angle": -1.5707872226777821}, {"category": "CeilingLamp", "position": [251.14, 247.29100000000003], "size": [31.906501007080095, 14.80778961181639], "angle": 0.0}]}]}]}