{"seed": 1, "floorplan": [{"rooms": [{"category": "Bedroom", "corners": [[199.0, 213.0], [199.0, 287.0], [301.0, 287.0], [301.0, 213.0], [199.0, 213.0]], "objects": [{"category": "DoubleBed", "position": [231.34471437417608, 247.35272745080073], "size": [65.15729181071424, 69.48393032221095], "angle": -9.104117114189819e-06}]}]}]}