{"seed": 1, "floorplan": [{"rooms": [{"category": "Bedroom", "corners": [[190.0, 183.0], [190.0, 317.0], [310.0, 317.0], [310.0, 183.0], [190.0, 183.0]], "objects": [{"category": "DoubleBed", "position": [273.3559153886111, 241.52891483349958], "size": [51.1963660632131, 58.88273670032977], "angle": -1.5707872226777828}, {"category": "Nightstand", "position": [302.0770070102916, 280.77975015032604], "size": [5.3727187062583, 6.204566413198649], "angle": -9.104117114745418e-06}, {"category": "Nightstand", "position": [302.0770070102916, 203.87544340151442], "size": [5.3727187062583, 6.204566413198678], "angle": -9.104117109455413e-06}, {"category": "PendantLamp", "position": [256.02549999999997, 242.3152], "size": [24.710579681396496, 24.710609436035185], "angle": 0.0}]}]}]}