{"seed": 1, "floorplan": [{"rooms": [{"category": "Bedroom", "corners": [[202.0, 176.0], [202.0, 316.0], [217.0, 316.0], [218.0, 317.0], [218.0, 324.0], [298.0, 324.0], [298.0, 176.0], [202.0, 176.0]], "objects": [{"category": "DoubleBed", "position": [239.26256332238637, 250.55663245638132], "size": [74.3958753709274, 58.21402944043781], "angle": -9.104117113969897e-06}, {"category": "Nightstand", "position": [208.32964000113276, 213.15623082551355], "size": [13.27722086876869, 16.59654124952058], "angle": -9.104117112608968e-06}, {"category": "Table", "position": [209.58063880060905, 297.64956304891655], "size": [28.042754847922875, 12.471293121318432], "angle": -1.5708054309120105}, {"category": "CeilingLamp", "position": [250.00000000000003, 252.9538], "size": [17.48873977661134, 2.074805974960327], "angle": 0.0}]}]}]}