{"seed": 1, "floorplan": [{"rooms": [{"category": "Bedroom", "corners": [[206.0, 172.0], [206.0, 326.0], [205.0, 327.0], [206.0, 328.0], [294.0, 328.0], [294.0, 174.0], [295.0, 173.0], [294.0, 172.0], [206.0, 172.0]], "objects": [{"category": "DoubleBed", "position": [246.14563829496856, 255.58704892512395], "size": [79.63842950866288, 80.78773806785338], "angle": -9.104117113934405e-06}, {"category": "Table", "position": [221.62246860679002, 277.7122858763272], "size": [32.540996789400225, 95.58536729465202], "angle": -9.104117114513543e-06}, {"category": "Nightstand", "position": [210.3381604621629, 210.70017137154363], "size": [13.83915606894437, 24.00021850179463], "angle": -9.104117114474763e-06}, {"category": "Chair", "position": [233.89941490006075, 307.6846541666145], "size": [21.69832834336145, 21.04327172044247], "angle": -1.570787222677784}]}]}]}