{"seed": 1, "floorplan": [{"rooms": [{"category": "Bedroom", "corners": [[209.0, 183.0], [209.0, 192.0], [210.0, 193.0], [210.0, 315.0], [209.0, 316.0], [209.0, 317.0], [291.0, 317.0], [291.0, 304.0], [290.0, 303.0], [290.0, 193.0], [291.0, 192.0], [291.0, 183.0], [209.0, 183.0]], "objects": [{"category": "DoubleBed", "position": [258.6956882697874, 239.68], "size": [63.58047844392483, 60.53425320084158], "angle": -3.1415835494726796}, {"category": "Nightstand", "position": [280.17159027491095, 200.3597655529876], "size": [19.53101735205296, 16.184757333948525], "angle": -1.5707872226777821}, {"category": "Nightstand", "position": [280.3940584212173, 279.0152344470124], "size": [19.531017352052935, 16.184757333948525], "angle": -1.5707872226777821}, {"category": "PendantLamp", "position": [250.00300000000004, 242.02300000000002], "size": [15.303210067749035, 15.084149551391619], "angle": 0.0}]}]}]}