{"seed": 1, "floorplan": [{"rooms": [{"category": "Bedroom", "corners": [[192.0, 209.0], [192.0, 291.0], [308.0, 291.0], [308.0, 258.0], [294.0, 258.0], [293.0, 257.0], [293.0, 209.0], [192.0, 209.0]], "objects": [{"category": "SingleBed", "position": [242.25351602336215, 252.06296065340155], "size": [70.53659820556646, 76.93080139160156], "angle": 3.141592653589793}, {"category": "Nightstand", "position": [204.71520157333703, 287.7396046030259], "size": [17.962440490722685, 10.55222969055177], "angle": 3.141592653589793}, {"category": "Nightstand", "position": [279.6533136251268, 287.5847306116228], "size": [17.96244049072277, 10.552229690551826], "angle": 3.141592653589793}, {"category": "PendantLamp", "position": [243.937, 248.053], "size": [15.000000000000028, 15.0], "angle": 0.0}]}]}]}