{"seed": 1, "floorplan": [{"rooms": [{"category": "Bedroom", "corners": [[191.0, 199.0], [190.0, 200.0], [190.0, 301.0], [309.0, 301.0], [310.0, 300.0], [310.0, 199.0], [191.0, 199.0]], "objects": [{"category": "DoubleBed", "position": [255.71958097465358, 232.5633411253841], "size": [46.77989959716797, 62.73719787597659], "angle": 0.0}, {"category": "Nightstand", "position": [222.595958605419, 203.5566364816923], "size": [17.998260498046875, 14.27028007507323], "angle": 0.0}, {"category": "Nightstand", "position": [291.02143021550995, 206.51845816487952], "size": [17.998260498046875, 14.27028007507323], "angle": 0.0}, {"category": "CeilingLamp", "position": [256.9447, 255.56439999999998], "size": [22.474649047851557, 21.46580886840823], "angle": 0.0}]}]}]}