{"seed": 1, "floorplan": [{"rooms": [{"category": "Bedroom", "corners": [[209.0, 199.0], [209.0, 301.0], [291.0, 301.0], [291.0, 199.0], [209.0, 199.0]], "objects": [{"category": "DoubleBed", "position": [252.96481882812452, 250.07107626565198], "size": [83.90806676878934, 75.23498670906048], "angle": -1.5707872226777821}, {"category": "Nightstand", "position": [286.1801229203255, 285.89578325005147], "size": [15.117827530728723, 15.331039768477599], "angle": -1.570787222677785}]}]}]}