{"seed": 1, "floorplan": [{"rooms": [{"category": "Bedroom", "corners": [[221.0, 193.0], [221.0, 215.0], [220.0, 216.0], [197.0, 216.0], [197.0, 307.0], [303.0, 307.0], [303.0, 216.0], [267.0, 216.0], [266.0, 215.0], [266.0, 193.0], [221.0, 193.0]], "objects": [{"category": "DoubleBed", "position": [271.2061988660135, 261.95533419005966], "size": [56.00526473698682, 64.08573016638307], "angle": -1.5689478828016818}, {"category": "Chair", "position": [252.853, 216.67309715718434], "size": [28.325806294825643, 28.694626294789142], "angle": -0.7854061101504024}, {"category": "PendantLamp", "position": [248.20599999999996, 260.0965], "size": [23.680410003662104, 25.324919128418003], "angle": 0.0}]}]}]}