{"seed": 1, "floorplan": [{"rooms": [{"category": "Bedroom", "corners": [[204.0, 217.0], [204.0, 283.0], [296.0, 283.0], [296.0, 217.0], [204.0, 217.0]], "objects": [{"category": "DoubleBed", "position": [265.09751645163016, 245.33134926649637], "size": [56.08220918972307, 62.24186457240155], "angle": -1.5707872226777828}, {"category": "Nightstand", "position": [292.7044841653314, 273.4608069300129], "size": [11.007128371519642, 11.007128371519642], "angle": -1.5641009564133577}]}]}]}