{"seed": 1, "floorplan": [{"rooms": [{"category": "Bedroom", "corners": [[199.0, 204.0], [199.0, 295.0], [198.0, 296.0], [301.0, 296.0], [301.0, 205.0], [302.0, 204.0], [199.0, 204.0]], "objects": [{"category": "DoubleBed", "position": [243.55014999999997, 263.44670081305003], "size": [56.00549926757813, 64.08599853515622], "angle": 3.141592653589793}, {"category": "PendantLamp", "position": [246.18084999999996, 246.8164], "size": [25.09390826849, 25.09243883372531], "angle": -1.5707872226777835}]}]}]}