{"seed": 1, "floorplan": [{"rooms": [{"category": "Bedroom", "corners": [[191.0, 207.0], [191.0, 265.0], [190.0, 266.0], [184.0, 266.0], [184.0, 289.0], [190.0, 289.0], [191.0, 290.0], [191.0, 293.0], [316.0, 293.0], [316.0, 207.0], [191.0, 207.0]], "objects": [{"category": "DoubleBed", "position": [240.82150708033492, 244.58290357589365], "size": [58.21349945068357, 74.39519805908202], "angle": 0.0}, {"category": "Nightstand", "position": [276.7117025697865, 215.08598129120537], "size": [18.805410003662132, 16.27967948913573], "angle": 0.0}, {"category": "Cabinet", "position": [197.49624999999997, 228.55765000000002], "size": [42.490285519937096, 11.966209253545664], "angle": -1.5708054309120112}, {"category": "PendantLamp", "position": [244.34875, 247.72285], "size": [31.718399047851562, 34.45650100708008], "angle": 0.0}]}]}]}