{"seed": 1, "floorplan": [{"rooms": [{"category": "Bedroom", "corners": [[208.0, 200.0], [208.0, 300.0], [292.0, 300.0], [292.0, 200.0], [208.0, 200.0]], "objects": [{"category": "DoubleBed", "position": [241.29999999999995, 238.40499999999997], "size": [61.50055991084877, 56.67951382201517], "angle": -9.104117113663995e-06}, {"category": "CeilingLamp", "position": [250.0, 238.76530000000002], "size": [13.173329544067428, 13.218809509277378], "angle": 0.0}]}]}]}