{"seed": 1, "floorplan": [{"rooms": [{"category": "Bedroom", "corners": [[200.0, 201.0], [200.0, 299.0], [300.0, 299.0], [300.0, 201.0], [200.0, 201.0]], "objects": [{"category": "DoubleBed", "position": [247.75436123811613, 263.7219563896052], "size": [62.95680084228516, 69.923698425293], "angle": 3.141592653589793}, {"category": "Nightstand", "position": [286.55717708980154, 291.9968470608277], "size": [14.591220474243187, 14.54765968322755], "angle": 3.141592653589793}, {"category": "Nightstand", "position": [210.9868846523009, 293.84593479980504], "size": [14.591220474243187, 14.547659683227494], "angle": 3.141592653589793}, {"category": "PendantLamp", "position": [248.61700000000002, 260.8315], "size": [27.30404891967774, 27.304080963134737], "angle": 0.0}]}]}]}