{"seed": 1, "floorplan": [{"rooms": [{"category": "Bedroom", "corners": [[174.0, 213.0], [174.0, 245.0], [209.0, 245.0], [210.0, 246.0], [210.0, 287.0], [326.0, 287.0], [326.0, 213.0], [174.0, 213.0]], "objects": [{"category": "DoubleBed", "position": [273.8260081162812, 251.2657056658104], "size": [61.82249908447267, 70.34609985351568], "angle": 3.141592653589793}, {"category": "Nightstand", "position": [237.65186182002924, 282.4458445957285], "size": [11.252220153808594, 11.252220153808594], "angle": 3.141592653589793}, {"category": "Nightstand", "position": [309.9360197786375, 282.45181556013387], "size": [11.252220153808537, 11.252220153808594], "angle": 3.141592653589793}, {"category": "PendantLamp", "position": [273.313, 244.28799999999998], "size": [28.8915000915527, 9.024120140075695], "angle": 0.0}]}]}]}