{"seed": 1, "floorplan": [{"rooms": [{"category": "Bedroom", "corners": [[241.0, 200.0], [241.0, 217.0], [240.0, 218.0], [205.0, 218.0], [205.0, 300.0], [295.0, 300.0], [295.0, 200.0], [241.0, 200.0]], "objects": [{"category": "DoubleBed", "position": [250.97189228309364, 265.4045227578628], "size": [53.29049835205075, 68.61690216064454], "angle": 3.141592653589793}, {"category": "Nightstand", "position": [213.3705637320553, 295.3834464160795], "size": [17.592539978027332, 13.590780258178711], "angle": 3.141592653589793}, {"category": "Nightstand", "position": [288.39340018802284, 295.17541924335205], "size": [13.590707029814983, 17.592445187817212], "angle": -1.5556561210067874}]}]}]}