{"seed": 1, "floorplan": [{"rooms": [{"category": "Bedroom", "corners": [[204.0, 178.0], [204.0, 322.0], [296.0, 322.0], [296.0, 178.0], [204.0, 178.0]], "objects": [{"category": "DoubleBed", "position": [261.5804203921911, 260.7759351271001], "size": [53.222885977815444, 66.10980139803989], "angle": -1.570787222677782}, {"category": "CoffeeTable", "position": [287.7038019704975, 300.71915495851863], "size": [30.421176922597056, 20.280305484726092], "angle": -1.5707872226777824}, {"category": "CoffeeTable", "position": [287.70544062667955, 220.88284723402342], "size": [30.421176922597112, 20.280305484726092], "angle": -1.5707872226777824}, {"category": "PendantLamp", "position": [250.2715, 254.59299999999996], "size": [31.66560058593751, 31.66560058593751], "angle": 0.0}]}]}]}