{"seed": 1, "floorplan": [{"rooms": [{"category": "Bedroom", "corners": [[208.0, 190.0], [208.0, 310.0], [292.0, 310.0], [292.0, 190.0], [208.0, 190.0]], "objects": [{"category": "DoubleBed", "position": [239.6736356019162, 255.5722189821261], "size": [60.674050921336104, 51.62117004055913], "angle": -9.104117114068048e-06}]}]}]}