{"seed": 1, "floorplan": [{"rooms": [{"category": "Bedroom", "corners": [[204.0, 204.0], [204.0, 296.0], [296.0, 296.0], [296.0, 204.0], [204.0, 204.0]], "objects": [{"category": "DoubleBed", "position": [258.12279746058704, 263.09672824305324], "size": [64.56118653016158, 69.31383294842219], "angle": -1.5707872226777826}, {"category": "Cabinet", "position": [217.52259821418065, 289.9625991778727], "size": [12.0, 12.0], "angle": 3.141592653589793}, {"category": "CornerSideTable", "position": [267.1231, 210.09660018208825], "size": [12.599999999999966, 12.674820327758795], "angle": 0.0}]}]}]}