{"seed": 1, "floorplan": [{"rooms": [{"category": "Bedroom", "corners": [[189.0, 202.0], [189.0, 298.0], [311.0, 298.0], [311.0, 202.0], [189.0, 202.0]], "objects": [{"category": "DoubleBed", "position": [241.77220000000005, 261.64843428919283], "size": [68.92799835205082, 72.46979827880861], "angle": 3.141592653589793}, {"category": "PendantLamp", "position": [242.69800000000004, 252.17139999999998], "size": [15.303210067749006, 15.08414955139159], "angle": 0.0}]}]}]}