{"seed": 1, "floorplan": [{"rooms": [{"category": "Bedroom", "corners": [[210.0, 213.0], [210.0, 287.0], [290.0, 287.0], [290.0, 213.0], [210.0, 213.0]], "objects": [{"category": "DoubleBed", "position": [260.5432145269668, 250.87288602660885], "size": [55.2273010253906, 74.23320007324219], "angle": 0.0}]}]}]}