{"seed": 1, "floorplan": [{"rooms": [{"category": "Bedroom", "corners": [[202.0, 206.0], [202.0, 294.0], [298.0, 294.0], [298.0, 206.0], [202.0, 206.0]], "objects": [{"category": "CeilingLamp", "position": [239.38029999999998, 242.52085], "size": [11.960579681396496, 11.939429855346702], "angle": 0.0}, {"category": "DoubleBed", "position": [240.67072344527827, 259.1836571019107], "size": [56.54760131835937, 70.27079772949216], "angle": 3.141592653589793}]}]}]}