{"seed": 1, "floorplan": [{"rooms": [{"category": "Bedroom", "corners": [[184.0, 204.0], [184.0, 296.0], [316.0, 296.0], [316.0, 204.0], [184.0, 204.0]], "objects": [{"category": "SingleBed", "position": [221.58440478187242, 227.50991088596524], "size": [68.36369934082029, 47.25090179443359], "angle": 0.0}, {"category": "CeilingLamp", "position": [250.0, 249.99999999999997], "size": [17.846789932251, 17.747879791259777], "angle": 0.0}, {"category": "Nightstand", "position": [190.39374332276356, 259.7092224159815], "size": [11.89945869161434, 15.58178210254511], "angle": -9.10411711601251e-06}]}]}]}