{"seed": 1, "floorplan": [{"rooms": [{"category": "Bedroom", "corners": [[199.0, 210.0], [199.0, 290.0], [301.0, 290.0], [301.0, 210.0], [199.0, 210.0]], "objects": [{"category": "SingleBed", "position": [244.87172082760327, 242.91733070373604], "size": [45.11879882812502, 65.72639923095707], "angle": 0.0}, {"category": "PendantLamp", "position": [243.03249999999997, 250.0045], "size": [16.90488052368164, 2.639780902862526], "angle": 0.0}, {"category": "Cabinet", "position": [210.26319713478864, 219.30175332322685], "size": [19.6928695678711, 14.077949523925781], "angle": 0.0}]}]}]}