{"seed": 1, "floorplan": [{"rooms": [{"category": "Bedroom", "corners": [[207.0, 203.0], [207.0, 297.0], [293.0, 297.0], [293.0, 203.0], [207.0, 203.0]], "objects": [{"category": "CeilingLamp", "position": [247.981, 245.167], "size": [18.38465995788576, 18.986970520019526], "angle": 0.0}, {"category": "DoubleBed", "position": [239.19041679092948, 237.3735501513694], "size": [63.49737984802656, 41.03767372335165], "angle": -9.104117114561636e-06}, {"category": "Nightstand", "position": [215.57753652544704, 269.3569159423574], "size": [8.91989131247494, 7.339806622262767], "angle": -1.5708054309120103}]}]}]}