{"seed": 1, "floorplan": [{"rooms": [{"category": "Bedroom", "corners": [[209.0, 200.0], [209.0, 300.0], [291.0, 300.0], [291.0, 200.0], [209.0, 200.0]], "objects": [{"category": "SingleBed", "position": [245.93820155624493, 259.97836010003704], "size": [73.29666950176644, 60.02154864296131], "angle": -9.104117114121538e-06}, {"category": "Nightstand", "position": [213.13267207086867, 290.98327399083655], "size": [11.007160452633283, 11.007160452633283], "angle": -9.104117114145467e-06}, {"category": "Nightstand", "position": [214.153267252589, 228.91570931580986], "size": [11.007160452633226, 11.007160452633226], "angle": -9.104117114145514e-06}, {"category": "CeilingLamp", "position": [250.44549999999998, 250.267], "size": [20.952420043945324, 21.00048065185547], "angle": 0.0}]}]}]}