{"seed": 1, "floorplan": [{"rooms": [{"category": "Bedroom", "corners": [[185.0, 203.0], [185.0, 297.0], [290.0, 297.0], [290.0, 239.0], [291.0, 238.0], [315.0, 238.0], [315.0, 203.0], [185.0, 203.0]], "objects": [{"category": "DoubleBed", "position": [228.3355, 261.0331731550884], "size": [58.576799011230435, 71.77949981689449], "angle": 3.141592653589793}, {"category": "Nightstand", "position": [193.51244888123063, 289.7837630109747], "size": [9.28028984069823, 6.96233997344973], "angle": 3.141592653589793}, {"category": "PendantLamp", "position": [229.30150000000003, 245.5765], "size": [20.21973364420793, 20.220303565168074], "angle": -1.5707872226777817}, {"category": "Nightstand", "position": [263.83055111876945, 289.7837630109747], "size": [9.28028984069823, 6.96233997344973], "angle": 3.141592653589793}]}]}]}