{"seed": 1, "floorplan": [{"rooms": [{"category": "Bedroom", "corners": [[195.0, 208.0], [195.0, 292.0], [305.0, 292.0], [305.0, 208.0], [195.0, 208.0]], "objects": [{"category": "DoubleBed", "position": [254.26599999999996, 255.68916762252647], "size": [68.92799835205079, 72.46979827880855], "angle": 3.141592653589793}, {"category": "Nightstand", "position": [288.826, 285.6805], "size": [11.520000457763615, 11.520000457763672], "angle": 3.141592653589793}, {"category": "PendantLamp", "position": [259.12300000000005, 242.6095], "size": [15.303210067749035, 15.08414955139159], "angle": 3.141592653589793}]}]}]}