{"seed": 1, "floorplan": [{"rooms": [{"category": "Bedroom", "corners": [[203.0, 190.0], [203.0, 310.0], [297.0, 310.0], [297.0, 190.0], [203.0, 190.0]], "objects": [{"category": "DoubleBed", "position": [262.5554444478661, 257.8153], "size": [58.882736700329716, 51.19636606321304], "angle": -3.1415835494726783}, {"category": "Cabinet", "position": [289.75904118998153, 220.73324577546094], "size": [16.3552186331697, 12.799226557315901], "angle": -1.5707872226777844}, {"category": "Cabinet", "position": [289.5710004530065, 294.72875422453905], "size": [16.355218633169727, 12.799226557315901], "angle": -1.5707872226777844}, {"category": "PendantLamp", "position": [280.29798380126954, 284.57266658528647], "size": [30.568477457980485, 49.579351524761734], "angle": -9.10411711522461e-06}]}]}]}