{"seed": 1, "floorplan": [{"rooms": [{"category": "Bedroom", "corners": [[200.0, 212.0], [200.0, 288.0], [300.0, 288.0], [300.0, 212.0], [200.0, 212.0]], "objects": [{"category": "Nightstand", "position": [205.450423728862, 279.69833153453584], "size": [13.433732837501738, 20.247904677048666], "angle": -9.104117113357352e-06}, {"category": "DoubleBed", "position": [232.28007898108712, 243.25826177091793], "size": [58.611834270612164, 52.93278018723222], "angle": -9.104117114174738e-06}, {"category": "PendantLamp", "position": [249.7681, 248.11510000000004], "size": [13.45725294909347, 13.452692436992827], "angle": -9.10411711265307e-06}]}]}]}