{"seed": 1, "floorplan": [{"rooms": [{"category": "Bedroom", "corners": [[210.0, 173.0], [210.0, 284.0], [250.0, 284.0], [251.0, 285.0], [251.0, 327.0], [290.0, 327.0], [290.0, 301.0], [289.0, 301.0], [288.0, 300.0], [288.0, 173.0], [210.0, 173.0]], "objects": [{"category": "DoubleBed", "position": [241.6331674804652, 214.2629995523675], "size": [62.889574021497225, 81.86054446571227], "angle": -9.104117114765e-06}, {"category": "CeilingLamp", "position": [249.64750000000004, 218.10999999999999], "size": [13.188240051269531, 13.188210296630842], "angle": 0.0}]}]}]}