{"seed": 1, "floorplan": [{"rooms": [{"category": "Bedroom", "corners": [[202.0, 190.0], [202.0, 310.0], [298.0, 310.0], [298.0, 190.0], [202.0, 190.0]], "objects": [{"category": "DoubleBed", "position": [237.30953375044123, 244.35883086106705], "size": [69.89283602249238, 57.2537194891277], "angle": -9.104117114156565e-06}, {"category": "Nightstand", "position": [208.9721121274652, 281.8434791572083], "size": [17.728721280577837, 17.689391012230526], "angle": -9.104117112940593e-06}, {"category": "Nightstand", "position": [210.99792069554593, 207.44448976320103], "size": [17.689391012230526, 17.728721280577837], "angle": -1.5708054309120087}, {"category": "Cabinet", "position": [290.4483498942057, 243.59199999999998], "size": [46.13501932473016, 15.162708234129559], "angle": -1.570787222677783}]}]}]}