{"seed": 1, "floorplan": [{"rooms": [{"category": "Bedroom", "corners": [[184.0, 208.0], [184.0, 292.0], [316.0, 292.0], [316.0, 208.0], [184.0, 208.0]], "objects": [{"category": "DoubleBed", "position": [257.48674889360205, 261.9492384975176], "size": [64.02810058593752, 70.63289794921877], "angle": 3.141592653589793}, {"category": "Nightstand", "position": [295.440220870817, 277.4122012303015], "size": [15.20289001464846, 15.717149734497127], "angle": 3.141592653589793}, {"category": "Nightstand", "position": [217.55813546249644, 279.55720123030153], "size": [15.202890014648403, 15.71714973449707], "angle": 3.141592653589793}, {"category": "CeilingLamp", "position": [255.25900000000001, 248.25549999999996], "size": [16.651829910278366, 16.48935012817381], "angle": 0.0}]}]}]}