{"seed": 1, "floorplan": [{"rooms": [{"category": "Bedroom", "corners": [[200.0, 213.0], [200.0, 287.0], [300.0, 287.0], [300.0, 213.0], [200.0, 213.0]], "objects": [{"category": "DoubleBed", "position": [258.58099149387715, 255.9731410855722], "size": [50.793301391601574, 83.89950256347655], "angle": 0.0}, {"category": "Nightstand", "position": [291.89255135924344, 219.8968638447246], "size": [17.137229919433594, 12.571469879150385], "angle": 0.0}, {"category": "Nightstand", "position": [225.56657986156762, 216.64150384015488], "size": [17.137229919433594, 12.571469879150385], "angle": 0.0}, {"category": "PendantLamp", "position": [255.49, 250.81], "size": [16.10276509971495, 16.02104530412911], "angle": -1.006486897447714}]}]}]}