{"seed": 1, "floorplan": [{"rooms": [{"category": "Bedroom", "corners": [[204.0, 185.0], [204.0, 315.0], [296.0, 315.0], [296.0, 185.0], [204.0, 185.0]], "objects": [{"category": "DoubleBed", "position": [263.2973437004918, 241.4491], "size": [64.44088514194993, 52.763580038408804], "angle": -3.1415835494726796}, {"category": "Cabinet", "position": [289.17183171320016, 203.11776387184594], "size": [14.576233244499747, 9.974010482707268], "angle": -1.5707872226777817}, {"category": "Cabinet", "position": [289.17183171320016, 280.7962361281541], "size": [14.576233244499747, 9.974010482707211], "angle": -1.5707872226777817}, {"category": "PendantLamp", "position": [254.377, 244.5331], "size": [20.29644408990645, 18.39091793737297], "angle": -1.5707872226777815}]}]}]}