{"seed": 1, "floorplan": [{"rooms": [{"category": "Bedroom", "corners": [[202.0, 204.0], [202.0, 296.0], [298.0, 296.0], [298.0, 204.0], [202.0, 204.0]], "objects": [{"category": "PendantLamp", "position": [218.34617606823883, 270.87471016071237], "size": [30.86248114171668, 47.27022863446507], "angle": -9.104117113976961e-06}, {"category": "DoubleBed", "position": [233.58248492432512, 247.12989205749253], "size": [62.88957402149717, 81.86054446571227], "angle": -9.104117114313078e-06}, {"category": "CeilingLamp", "position": [246.4621, 241.12630000000001], "size": [18.47552947998045, 18.46976966857909], "angle": 0.0}]}]}]}