{"seed": 1, "floorplan": [{"rooms": [{"category": "Bedroom", "corners": [[207.0, 190.0], [207.0, 292.0], [208.0, 291.0], [248.0, 291.0], [249.0, 292.0], [249.0, 310.0], [293.0, 310.0], [293.0, 190.0], [207.0, 190.0]], "objects": [{"category": "SingleBed", "position": [270.4290745804416, 229.46028114254557], "size": [60.30054898575897, 33.450304536876295], "angle": -1.5707872226777837}, {"category": "Table", "position": [271.09075000000007, 297.19693343505855], "size": [24.379499816894565, 24.379499816894565], "angle": 3.141592653589793}, {"category": "CeilingLamp", "position": [257.17465000000004, 255.7351], "size": [22.424459838867165, 22.424459838867165], "angle": 0.0}]}]}]}