{"seed": 1, "floorplan": [{"rooms": [{"category": "Bedroom", "corners": [[264.0, 196.0], [264.0, 205.0], [263.0, 206.0], [172.0, 206.0], [171.0, 207.0], [171.0, 235.0], [238.0, 235.0], [239.0, 236.0], [239.0, 304.0], [329.0, 304.0], [329.0, 196.0], [264.0, 196.0]], "objects": [{"category": "DoubleBed", "position": [283.0895785927823, 266.2528353011719], "size": [74.07570190429684, 74.1105010986328], "angle": 3.141592653589793}, {"category": "Nightstand", "position": [245.24835743489353, 298.3739981898153], "size": [17.765549468994152, 14.933459472656295], "angle": 3.141592653589793}, {"category": "Nightstand", "position": [322.3344221541115, 298.3270764680983], "size": [17.765549468994152, 14.933459472656295], "angle": 3.141592653589793}, {"category": "CeilingLamp", "position": [281.227, 252.20049999999998], "size": [15.538049697875977, 15.50153961181644], "angle": 0.0}]}]}]}