{"seed": 1, "floorplan": [{"rooms": [{"category": "Bedroom", "corners": [[209.0, 187.0], [209.0, 313.0], [291.0, 313.0], [291.0, 187.0], [209.0, 187.0]], "objects": [{"category": "DoubleBed", "position": [258.05713583417423, 249.4681102533773], "size": [60.88765455058771, 65.97090090251064], "angle": -1.5707872226777826}, {"category": "Nightstand", "position": [284.8949513029967, 209.41902177134813], "size": [11.007160452633254, 11.007160452633283], "angle": -1.5707872226777824}, {"category": "CeilingLamp", "position": [249.73000000000005, 252.196], "size": [15.060000228881847, 15.060000228881847], "angle": 0.0}]}]}]}