{"seed": 1, "floorplan": [{"rooms": [{"category": "Bedroom", "corners": [[213.0, 199.0], [213.0, 294.0], [210.0, 297.0], [214.0, 301.0], [248.0, 301.0], [247.0, 300.0], [244.0, 300.0], [243.0, 299.0], [239.0, 299.0], [238.0, 298.0], [235.0, 298.0], [234.0, 297.0], [231.0, 297.0], [230.0, 296.0], [231.0, 295.0], [236.0, 295.0], [237.0, 296.0], [247.0, 296.0], [248.0, 297.0], [252.0, 297.0], [252.0, 294.0], [253.0, 293.0], [290.0, 293.0], [290.0, 199.0], [213.0, 199.0]], "objects": [{"category": "Cabinet", "position": [285.026958959377, 265.20243566968963], "size": [13.929795219641253, 21.043866911307283], "angle": -3.1105969639137476}, {"category": "PendantLamp", "position": [255.3025, 236.08], "size": [14.269649505615234, 14.269649505615263], "angle": 0.0}, {"category": "DoubleBed", "position": [252.2713113650167, 235.2232862050684], "size": [71.19874695956418, 74.22367684275541], "angle": -1.5707872226777826}]}]}]}