{"seed": 1, "floorplan": [{"rooms": [{"category": "Bedroom", "corners": [[204.0, 200.0], [204.0, 300.0], [296.0, 300.0], [296.0, 200.0], [204.0, 200.0]], "objects": [{"category": "DoubleBed", "position": [267.08576670741985, 268.51660000000004], "size": [56.45481390033488, 37.46014023739223], "angle": -3.1415835494726787}, {"category": "Table", "position": [213.07318030975912, 220.3453392793418], "size": [16.745672856261802, 35.94032812197314], "angle": -9.10411711377885e-06}, {"category": "CeilingLamp", "position": [242.0824, 251.79070000000002], "size": [23.99999999999997, 24.0], "angle": 0.0}]}]}]}