{"seed": 1, "floorplan": [{"rooms": [{"category": "Bedroom", "corners": [[222.0, 194.0], [222.0, 306.0], [278.0, 306.0], [278.0, 194.0], [222.0, 194.0]], "objects": [{"category": "DoubleBed", "position": [243.4922760747313, 271.8622752959957], "size": [65.52120208740237, 62.712602233886685], "angle": 3.141592653589793}]}]}]}