{"seed": 1, "floorplan": [{"rooms": [{"category": "Bedroom", "corners": [[206.0, 211.0], [206.0, 288.0], [205.0, 289.0], [294.0, 289.0], [294.0, 212.0], [295.0, 211.0], [206.0, 211.0]], "objects": [{"category": "Nightstand", "position": [266.2620422576219, 281.5127992105558], "size": [10.723320007324219, 10.63041000366212], "angle": 3.141592653589793}, {"category": "DoubleBed", "position": [233.65493810452855, 257.32402625919235], "size": [54.400799560546886, 56.46269989013672], "angle": 3.141592653589793}]}]}]}