{"seed": 1, "floorplan": [{"rooms": [{"category": "Bedroom", "corners": [[226.0, 205.0], [225.0, 206.0], [189.0, 206.0], [189.0, 239.0], [190.0, 238.0], [229.0, 238.0], [230.0, 239.0], [230.0, 244.0], [229.0, 245.0], [213.0, 245.0], [213.0, 295.0], [311.0, 295.0], [311.0, 205.0], [226.0, 205.0]], "objects": [{"category": "Nightstand", "position": [303.18408268773123, 291.89298106634146], "size": [16.417469787597668, 10.5], "angle": 3.141592653589793}, {"category": "DoubleBed", "position": [270.20094117798806, 261.3116063651432], "size": [48.486598205566395, 66.67650146484377], "angle": 3.141592653589793}]}]}]}