{"seed": 1, "floorplan": [{"rooms": [{"category": "Bedroom", "corners": [[204.0, 191.0], [204.0, 309.0], [230.0, 309.0], [230.0, 302.0], [231.0, 301.0], [296.0, 301.0], [296.0, 191.0], [204.0, 191.0]], "objects": [{"category": "DoubleBed", "position": [263.9154389435525, 238.1716098424454], "size": [61.90556542913789, 63.68067924630553], "angle": -1.5707872226777821}, {"category": "Nightstand", "position": [292.27184496324605, 199.56760440447704], "size": [12.000168760716457, 9.665757630548056], "angle": -1.5707872226777844}, {"category": "PendantLamp", "position": [249.99999999999994, 239.93275000000003], "size": [27.67229919433595, 32.70029983520507], "angle": 0.0}]}]}]}