{"seed": 1, "floorplan": [{"rooms": [{"category": "Bedroom", "corners": [[208.0, 206.0], [208.0, 294.0], [292.0, 294.0], [292.0, 206.0], [208.0, 206.0]], "objects": [{"category": "SingleBed", "position": [258.9892630273118, 247.5136148384149], "size": [45.11920960056314, 65.72699761996482], "angle": -1.5707872226777826}, {"category": "Nightstand", "position": [287.8960461835972, 215.7779728764278], "size": [16.0578263230018, 13.400762108864171], "angle": -1.5707872226777824}, {"category": "Cabinet", "position": [215.0515, 223.66299999999995], "size": [12.901887861833746, 15.404960119194596], "angle": -9.104117115189892e-06}, {"category": "CeilingLamp", "position": [247.43649999999997, 244.543], "size": [15.176729965209944, 13.143420410156239], "angle": 0.0}]}]}]}