{"seed": 1, "floorplan": [{"rooms": [{"category": "Bedroom", "corners": [[204.0, 215.0], [204.0, 285.0], [296.0, 285.0], [296.0, 215.0], [204.0, 215.0]], "objects": [{"category": "SingleBed", "position": [240.89161704198136, 250.39094851069336], "size": [73.29666950176644, 60.02154864296125], "angle": -9.104117114121538e-06}, {"category": "Nightstand", "position": [206.47831175669725, 221.04631734775745], "size": [11.007160452633226, 11.007160452633254], "angle": -9.104117111563404e-06}, {"category": "Nightstand", "position": [206.5436371532361, 281.507212325814], "size": [11.007160452633226, 11.007160452633226], "angle": -9.104117114145514e-06}]}]}]}