{"seed": 1, "floorplan": [{"rooms": [{"category": "Bedroom", "corners": [[200.0, 201.0], [200.0, 263.0], [217.0, 263.0], [218.0, 264.0], [218.0, 265.0], [217.0, 266.0], [194.0, 266.0], [194.0, 299.0], [306.0, 299.0], [306.0, 201.0], [200.0, 201.0]], "objects": [{"category": "Nightstand", "position": [227.37189999999998, 207.1399], "size": [14.480909729003884, 12.539459609985357], "angle": 0.0}, {"category": "Nightstand", "position": [296.7755444672635, 204.74757045961428], "size": [14.480909729003884, 12.539459609985386], "angle": 0.0}, {"category": "Armchair", "position": [262.07829999999996, 288.55000000000007], "size": [16.87505950927732, 14.744580459594715], "angle": 0.0}, {"category": "DoubleBed", "position": [260.02086892066984, 237.41333137795826], "size": [68.92799835205079, 72.46979827880858], "angle": 0.0}]}]}]}