{"seed": 1, "floorplan": [{"rooms": [{"category": "Bedroom", "corners": [[202.0, 203.0], [202.0, 243.0], [201.0, 244.0], [184.0, 244.0], [184.0, 297.0], [316.0, 297.0], [316.0, 203.0], [202.0, 203.0]], "objects": [{"category": "DoubleBed", "position": [263.4246978501858, 235.79775150734773], "size": [32.686500550563736, 89.6331024204126], "angle": -1.566616314622522}, {"category": "Nightstand", "position": [234.56950000000006, 211.441], "size": [15.00002974599766, 14.99999999135904], "angle": -1.5597363225064729}, {"category": "Nightstand", "position": [292.2799, 210.99347253428434], "size": [15.000029745997688, 14.99999999135904], "angle": -1.559736322506473}, {"category": "CeilingLamp", "position": [261.6418, 255.79540000000003], "size": [18.239999771118164, 18.239999771118192], "angle": 0.0}]}]}]}