{"seed": 1, "floorplan": [{"rooms": [{"category": "Bedroom", "corners": [[191.0, 205.0], [191.0, 295.0], [309.0, 295.0], [309.0, 205.0], [191.0, 205.0]], "objects": [{"category": "DoubleBed", "position": [259.26368752787477, 240.52295253234263], "size": [61.822499084472696, 70.34609985351562], "angle": 0.0}, {"category": "CeilingLamp", "position": [259.18032428593835, 250.9076005460409], "size": [13.173329544067371, 13.218809509277321], "angle": 0.0}]}]}]}