{"seed": 1, "floorplan": [{"rooms": [{"category": "Bedroom", "corners": [[205.0, 206.0], [205.0, 294.0], [295.0, 294.0], [295.0, 206.0], [205.0, 206.0]], "objects": [{"category": "DoubleBed", "position": [259.3099262205719, 259.785217541741], "size": [66.74700965289811, 56.842419663045874], "angle": -9.1041171139548e-06}, {"category": "Cabinet", "position": [213.22190186982553, 266.6710283300033], "size": [16.680151400979405, 37.715144390045154], "angle": -9.104117113436666e-06}, {"category": "Nightstand", "position": [292.0130947130835, 291.19854572920246], "size": [12.000059509277321, 9.665669631957996], "angle": 3.141592653589793}]}]}]}