{"seed": 1, "floorplan": [{"rooms": [{"category": "Bedroom", "corners": [[211.0, 202.0], [211.0, 294.0], [263.0, 294.0], [264.0, 295.0], [264.0, 298.0], [286.0, 298.0], [286.0, 295.0], [287.0, 294.0], [289.0, 294.0], [289.0, 202.0], [211.0, 202.0]], "objects": [{"category": "DoubleBed", "position": [247.76379312402284, 244.20546986534305], "size": [72.8817624651096, 59.4161415199107], "angle": -9.104117114522801e-06}, {"category": "Cabinet", "position": [246.62496418308874, 287.45413519785006], "size": [33.17609939575192, 12.752249908447311], "angle": 3.141592653589793}, {"category": "Cabinet", "position": [215.17656398053654, 210.4871789226317], "size": [12.720416101653882, 13.836216054995417], "angle": -9.10411711307471e-06}, {"category": "PendantLamp", "position": [253.74235, 244.06404999999998], "size": [29.40156097412111, 29.401560974121082], "angle": 0.0}]}]}]}