{"seed": 1, "floorplan": [{"rooms": [{"category": "Bedroom", "corners": [[212.0, 182.0], [212.0, 318.0], [288.0, 318.0], [288.0, 182.0], [212.0, 182.0]], "objects": [{"category": "DoubleBed", "position": [248.5550786215857, 233.94977997119736], "size": [72.4704580613494, 68.92862588918995], "angle": -9.10411711418539e-06}, {"category": "Cabinet", "position": [248.3858339640292, 309.53499999999997], "size": [71.47710113525386, 13.847339630126953], "angle": 3.141592653589793}, {"category": "PendantLamp", "position": [222.15771718343046, 272.707], "size": [19.7178909301758, 18.33779983520509], "angle": 0.0}, {"category": "PendantLamp", "position": [222.15771718343046, 196.474], "size": [19.7178909301758, 18.33779983520509], "angle": 0.0}]}]}]}