{"seed": 1, "floorplan": [{"rooms": [{"category": "Bedroom", "corners": [[215.0, 202.0], [215.0, 298.0], [285.0, 298.0], [285.0, 202.0], [215.0, 202.0]], "objects": [{"category": "DoubleBed", "position": [248.80307442413272, 242.3817945875163], "size": [40.905072440351844, 67.27321432225025], "angle": -1.5709852018749446}, {"category": "Nightstand", "position": [279.28140982347804, 276.2578446083227], "size": [13.246200231127279, 12.875877493195238], "angle": -1.5707872226777826}, {"category": "Nightstand", "position": [279.67406057878384, 208.39336130602211], "size": [13.246200231127307, 12.875877493195238], "angle": -1.5707872226777826}]}]}]}