{"seed": 1, "floorplan": [{"rooms": [{"category": "Bedroom", "corners": [[202.0, 208.0], [202.0, 292.0], [298.0, 292.0], [298.0, 208.0], [202.0, 208.0]], "objects": [{"category": "DoubleBed", "position": [234.2723185587586, 232.52511223892327], "size": [66.40410491971095, 46.19321992783983], "angle": -9.104117114297103e-06}, {"category": "Cabinet", "position": [272.118187154799, 216.13799335124006], "size": [54.059999084472736, 12.892140197753918], "angle": 0.0}]}]}]}