{"seed": 1, "floorplan": [{"rooms": [{"category": "Bedroom", "corners": [[205.0, 177.0], [205.0, 314.0], [204.0, 315.0], [221.0, 315.0], [222.0, 316.0], [222.0, 323.0], [280.0, 323.0], [280.0, 316.0], [281.0, 315.0], [295.0, 315.0], [295.0, 180.0], [296.0, 179.0], [296.0, 177.0], [205.0, 177.0]], "objects": [{"category": "DoubleBed", "position": [258.79641955076835, 249.91260698527657], "size": [46.193219927839856, 66.40410491971095], "angle": -1.5707872226777824}, {"category": "Nightstand", "position": [288.23619350244695, 212.11668613179043], "size": [23.70996622550283, 14.70226359722232], "angle": -1.570787222677783}, {"category": "Nightstand", "position": [288.114875280752, 286.1410960231645], "size": [23.7099662255028, 14.702263597222265], "angle": -1.570787222677783}, {"category": "PendantLamp", "position": [252.70659999999998, 252.70344999999998], "size": [10.170690536499023, 10.170690536498995], "angle": 0.0}]}]}]}