{"seed": 1, "floorplan": [{"rooms": [{"category": "Bedroom", "corners": [[211.0, 184.0], [211.0, 295.0], [235.0, 295.0], [236.0, 296.0], [236.0, 316.0], [289.0, 316.0], [289.0, 184.0], [211.0, 184.0]], "objects": [{"category": "SingleBed", "position": [232.82015993168244, 223.56319398434056], "size": [76.63989909677362, 43.83610007957517], "angle": -1.570805430912011}, {"category": "Shelf", "position": [283.2582999776204, 285.56949999999995], "size": [12.103370231284835, 36.00032775269196], "angle": -3.141583549472681}, {"category": "Table", "position": [226.73088913101444, 277.5374858263075], "size": [31.485298919677717, 31.485298919677746], "angle": 3.141592653589793}, {"category": "CeilingLamp", "position": [252.71749471514983, 232.00639686914752], "size": [41.944500732421915, 11.69352035522462], "angle": 0.0}]}]}]}