{"seed": 1, "floorplan": [{"rooms": [{"category": "Bedroom", "corners": [[200.0, 208.0], [200.0, 292.0], [300.0, 292.0], [300.0, 208.0], [200.0, 208.0]], "objects": [{"category": "DoubleBed", "position": [235.77328581379214, 259.2721303327597], "size": [71.99165578965997, 65.20559547313465], "angle": -9.104117113656263e-06}, {"category": "Nightstand", "position": [204.35873616099866, 221.23649625850192], "size": [17.36813700020183, 13.216499107516434], "angle": -1.5381477896104234}, {"category": "PendantLamp", "position": [250.03749999999997, 252.28450000000004], "size": [22.306020355224575, 22.334969329833996], "angle": 0.0}]}]}]}