{"seed": 1, "floorplan": [{"rooms": [{"category": "Bedroom", "corners": [[185.0, 201.0], [185.0, 270.0], [184.0, 271.0], [178.0, 271.0], [178.0, 295.0], [177.0, 296.0], [184.0, 296.0], [185.0, 297.0], [185.0, 299.0], [322.0, 299.0], [322.0, 202.0], [323.0, 201.0], [185.0, 201.0]], "objects": [{"category": "DoubleBed", "position": [260.83534620235145, 235.55902511947332], "size": [60.14909820556636, 66.4136993408203], "angle": 0.0}, {"category": "Nightstand", "position": [301.9462, 209.57049999999998], "size": [18.421530532836925, 10.778850173950218], "angle": 0.0}, {"category": "Nightstand", "position": [219.77032790605847, 206.94943946256328], "size": [18.421530532836925, 10.77885017395019], "angle": 0.0}, {"category": "PendantLamp", "position": [258.9526, 249.9085], "size": [37.08929901123042, 32.83079910278323], "angle": 0.0}]}]}]}