{"seed": 1, "floorplan": [{"rooms": [{"category": "Bedroom", "corners": [[216.0, 191.0], [216.0, 309.0], [284.0, 309.0], [284.0, 191.0], [216.0, 191.0]], "objects": [{"category": "DoubleBed", "position": [256.94818289522493, 251.05170954913686], "size": [53.730463748708736, 51.83264622478637], "angle": -1.5634197551131095}, {"category": "Nightstand", "position": [277.39844732206416, 221.2219123685203], "size": [16.747859573364224, 9.678060150146507], "angle": 0.0}, {"category": "Nightstand", "position": [277.4116858925101, 280.5969479452539], "size": [16.74785957336428, 9.678060150146507], "angle": 0.0}]}]}]}