{"seed": 1, "floorplan": [{"rooms": [{"category": "Bedroom", "corners": [[199.0, 162.0], [199.0, 249.0], [198.0, 250.0], [198.0, 338.0], [302.0, 338.0], [302.0, 206.0], [229.0, 206.0], [228.0, 205.0], [228.0, 162.0], [199.0, 162.0]], "objects": [{"category": "DoubleBed", "position": [271.09112620552594, 277.77414883913286], "size": [63.50637956375045, 62.55386997642479], "angle": -1.5707872226777824}, {"category": "PendantLamp", "position": [250.5849250465511, 280.4906964315736], "size": [17.564391731926136, 17.62502229595762], "angle": -2.959141509164915}, {"category": "Nightstand", "position": [292.8364041336479, 239.31136682277412], "size": [16.84620325148694, 12.69104571707371], "angle": -1.5707872226777828}, {"category": "Nightstand", "position": [292.54750177156575, 315.72064206798035], "size": [16.84620325148694, 12.69104571707371], "angle": -1.5707872226777828}]}]}]}