{"seed": 1, "floorplan": [{"rooms": [{"category": "Bedroom", "corners": [[304.0, 199.0], [303.0, 200.0], [196.0, 200.0], [196.0, 301.0], [197.0, 300.0], [303.0, 300.0], [304.0, 301.0], [304.0, 199.0]], "objects": [{"category": "DoubleBed", "position": [232.63437023948075, 268.90791607668723], "size": [50.52089996337887, 63.396899414062545], "angle": 3.141592653589793}, {"category": "Nightstand", "position": [268.66922337432504, 293.22757947627036], "size": [12.001259994506881, 9.099540138244606], "angle": 3.141592653589793}]}]}]}