{"seed": 1, "floorplan": [{"rooms": [{"category": "Bedroom", "corners": [[204.0, 189.0], [204.0, 311.0], [296.0, 311.0], [296.0, 189.0], [204.0, 189.0]], "objects": [{"category": "DoubleBed", "position": [261.15281343156215, 253.80730000000005], "size": [51.19636606321304, 58.882736700329744], "angle": -1.5707872226777824}, {"category": "Cabinet", "position": [288.86020138584365, 216.8857692824268], "size": [16.3552186331697, 12.799226557315958], "angle": -1.5707872226777808}, {"category": "Cabinet", "position": [288.86020138584365, 290.7258307175733], "size": [16.355218633169727, 12.799226557315958], "angle": -1.5707872226777808}, {"category": "CeilingLamp", "position": [252.45055000000002, 253.117], "size": [18.239999771118192, 18.17999954223629], "angle": 0.0}]}]}]}