{"seed": 1, "floorplan": [{"rooms": [{"category": "Bedroom", "corners": [[200.0, 196.0], [200.0, 304.0], [300.0, 304.0], [300.0, 211.0], [250.0, 211.0], [249.0, 210.0], [249.0, 196.0], [200.0, 196.0]], "objects": [{"category": "DoubleBed", "position": [241.7743651203608, 251.70939999999996], "size": [81.78914183811236, 70.74814318678578], "angle": -9.104117114278888e-06}, {"category": "Cabinet", "position": [218.0281, 202.44345005900064], "size": [12.737220382690396, 25.427849578857433], "angle": 3.141592653589793}, {"category": "Cabinet", "position": [236.2843, 202.44345005900064], "size": [12.737220382690396, 25.427849578857433], "angle": 3.141592653589793}, {"category": "PendantLamp", "position": [228.8977, 250.81779999999998], "size": [16.10279960632326, 16.02107963562014], "angle": 0.0}]}]}]}