{"seed": 1, "floorplan": [{"rooms": [{"category": "Bedroom", "corners": [[192.0, 201.0], [192.0, 299.0], [308.0, 299.0], [308.0, 201.0], [192.0, 201.0]], "objects": [{"category": "DoubleBed", "position": [257.1608634078156, 234.62624347562254], "size": [66.92309875488283, 65.8019989013672], "angle": 0.0}, {"category": "Nightstand", "position": [299.9948221630637, 208.23799883817338], "size": [15.0, 14.291699981689447], "angle": 0.0}, {"category": "PendantLamp", "position": [256.4772938903971, 243.03000612418302], "size": [60.66990051269531, 17.948099899292004], "angle": 0.0}]}]}]}