{"seed": 1, "floorplan": [{"rooms": [{"category": "Bedroom", "corners": [[205.0, 185.0], [205.0, 315.0], [295.0, 315.0], [295.0, 185.0], [205.0, 185.0]], "objects": [{"category": "PendantLamp", "position": [251.2585, 254.62990000000002], "size": [20.21954956054688, 20.22011947631836], "angle": 0.0}, {"category": "DoubleBed", "position": [241.60031638710433, 259.3611639902956], "size": [58.57733230855164, 71.78015331479153], "angle": -1.5708054309120107}, {"category": "Nightstand", "position": [209.5491625939348, 219.0126910316216], "size": [12.6535156207551, 36.01952882471835], "angle": -9.104117112915682e-06}, {"category": "Nightstand", "position": [209.6321189558412, 299.73927251345765], "size": [36.01952882471832, 12.6535156207551], "angle": -1.570805430912011}]}]}]}