{"seed": 1, "floorplan": [{"rooms": [{"category": "Bedroom", "corners": [[209.0, 192.0], [209.0, 287.0], [259.0, 287.0], [260.0, 288.0], [260.0, 308.0], [291.0, 308.0], [291.0, 192.0], [209.0, 192.0]], "objects": [{"category": "DoubleBed", "position": [244.86333954418984, 233.014103703305], "size": [60.53065056794495, 65.0282928335527], "angle": -1.5708054309120103}, {"category": "Nightstand", "position": [216.75711941947804, 274.88175792044376], "size": [10.385554070163563, 17.423168114251926], "angle": -9.104117114171977e-06}, {"category": "PendantLamp", "position": [249.95184999999998, 241.68115000000006], "size": [12.599999999999994, 4.589879894256569], "angle": 0.0}]}]}]}