{"seed": 1, "floorplan": [{"rooms": [{"category": "Bedroom", "corners": [[196.0, 212.0], [196.0, 288.0], [304.0, 288.0], [304.0, 212.0], [196.0, 212.0]], "objects": [{"category": "DoubleBed", "position": [242.55971012163948, 250.233120593727], "size": [76.47269897460936, 74.04210205078124], "angle": 0.0}, {"category": "Nightstand", "position": [277.2479932567297, 217.9492618709511], "size": [14.192639923095669, 15.803400421142612], "angle": 0.0}, {"category": "Nightstand", "position": [205.565662306257, 218.0368030088992], "size": [14.192639923095697, 15.803400421142584], "angle": 0.0}, {"category": "CeilingLamp", "position": [244.33000000000004, 252.21249999999998], "size": [11.961269760131813, 11.937030029296892], "angle": 0.0}]}]}]}