{"seed": 1, "floorplan": [{"rooms": [{"category": "Bedroom", "corners": [[202.0, 213.0], [202.0, 287.0], [298.0, 287.0], [298.0, 213.0], [202.0, 213.0]], "objects": [{"category": "SingleBed", "position": [233.15361347924664, 250.03567146092917], "size": [60.0210021972656, 73.29600219726564], "angle": 3.141592653589793}, {"category": "Nightstand", "position": [255.62603400436308, 284.8420475987988], "size": [11.007060241699236, 11.007060241699264], "angle": 3.141592653589793}, {"category": "PendantLamp", "position": [242.704, 251.87499999999997], "size": [13.225680541992176, 13.22561988830563], "angle": 0.0}]}]}]}