{"seed": 1, "floorplan": [{"rooms": [{"category": "Bedroom", "corners": [[265.0, 195.0], [265.0, 198.0], [264.0, 199.0], [203.0, 199.0], [203.0, 305.0], [297.0, 305.0], [297.0, 199.0], [295.0, 199.0], [294.0, 198.0], [294.0, 195.0], [265.0, 195.0]], "objects": [{"category": "Cabinet", "position": [290.1077458005495, 226.99528999250276], "size": [23.990078944150373, 12.383272376726392], "angle": -1.5707872226777815}, {"category": "DoubleBed", "position": [240.92093159384297, 261.15441560870045], "size": [74.39587537092741, 58.2140294404379], "angle": -9.10411711358786e-06}, {"category": "Nightstand", "position": [209.3798695219735, 297.5474141415702], "size": [16.279827703268385, 18.80558121265514], "angle": -9.104117112264666e-06}, {"category": "Nightstand", "position": [211.5058665882545, 224.9044273772954], "size": [16.2798277032685, 18.80558121265514], "angle": -9.104117112264601e-06}]}]}]}