{"seed": 1, "floorplan": [{"rooms": [{"category": "Bedroom", "corners": [[202.0, 201.0], [202.0, 298.0], [201.0, 299.0], [298.0, 299.0], [298.0, 202.0], [299.0, 201.0], [202.0, 201.0]], "objects": [{"category": "DoubleBed", "position": [238.562257507224, 238.26795442117213], "size": [74.11117581852828, 74.07637630737207], "angle": -9.104117114119888e-06}, {"category": "Nightstand", "position": [206.58563219838933, 273.32225363246084], "size": [14.933595430476831, 17.765711210845854], "angle": -9.104117110508566e-06}, {"category": "CeilingLamp", "position": [251.01099999999997, 241.07500000000005], "size": [15.53804969787592, 15.501539611816384], "angle": 0.0}]}]}]}