{"seed": 1, "floorplan": [{"rooms": [{"category": "Bedroom", "corners": [[203.0, 200.0], [203.0, 300.0], [297.0, 300.0], [297.0, 200.0], [203.0, 200.0]], "objects": [{"category": "DoubleBed", "position": [249.53166774061305, 232.96613596472864], "size": [65.34029846191407, 66.45660095214845], "angle": 0.0}, {"category": "Nightstand", "position": [209.8595456897355, 203.65247739988865], "size": [19.5, 12.02991027832033], "angle": 0.0}, {"category": "PendantLamp", "position": [249.8491, 237.20515000000003], "size": [24.825659179687506, 24.827460479736345], "angle": 0.0}]}]}]}