{"seed": 1, "floorplan": [{"rooms": [{"category": "Bedroom", "corners": [[189.0, 209.0], [189.0, 291.0], [278.0, 291.0], [278.0, 273.0], [279.0, 272.0], [311.0, 272.0], [311.0, 209.0], [189.0, 209.0]], "objects": [{"category": "SingleBed", "position": [221.2062102089128, 243.97238854221212], "size": [46.540498352050804, 65.80800018310549], "angle": 0.0}, {"category": "Cabinet", "position": [272.1800291000621, 214.21854272219898], "size": [78.45869750976564, 10.668330001831038], "angle": 0.0}, {"category": "Armchair", "position": [290.0235449423164, 231.70163446463334], "size": [14.886393502940523, 14.267426549323359], "angle": -2.3373832015947125}, {"category": "CeilingLamp", "position": [235.06449999999998, 239.81650000000002], "size": [16.5, 16.5], "angle": 0.0}]}]}]}