{"seed": 1, "floorplan": [{"rooms": [{"category": "Bedroom", "corners": [[189.0, 205.0], [188.0, 206.0], [188.0, 215.0], [189.0, 216.0], [189.0, 294.0], [188.0, 295.0], [311.0, 295.0], [312.0, 294.0], [312.0, 205.0], [189.0, 205.0]], "objects": [{"category": "DoubleBed", "position": [240.75556443334708, 239.5460181506043], "size": [68.6169021606953, 53.29049835209026], "angle": -1.5723563274276322}, {"category": "Nightstand", "position": [204.17740771749882, 209.80600331887044], "size": [17.592539978040346, 13.590780258188746], "angle": -0.0015600006327350171}, {"category": "PendantLamp", "position": [208.67466109597083, 215.18257540584577], "size": [6.700259996804645, 19.18989440651824], "angle": -0.001545940275177844}, {"category": "CeilingLamp", "position": [244.64722602001362, 252.07203253538202], "size": [26.567132944023385, 26.506502414704784], "angle": -0.0015459402751776565}]}]}]}