{"seed": 1, "floorplan": [{"rooms": [{"category": "Bedroom", "corners": [[188.0, 194.0], [188.0, 306.0], [277.0, 306.0], [277.0, 220.0], [278.0, 219.0], [312.0, 219.0], [312.0, 194.0], [188.0, 194.0]], "objects": [{"category": "DoubleBed", "position": [228.22749999999996, 271.534], "size": [61.497859080595866, 42.95349164133594], "angle": -9.104117114166719e-06}, {"category": "Nightstand", "position": [267.8785, 298.09299999999996], "size": [12.000059509277321, 9.665669631957996], "angle": 3.141592653589793}, {"category": "PendantLamp", "position": [233.90349999999995, 261.40599999999995], "size": [25.09367980957029, 25.09221038818356], "angle": 0.0}]}]}]}