{"seed": 1, "floorplan": [{"rooms": [{"category": "Bedroom", "corners": [[297.0, 210.0], [296.0, 211.0], [199.0, 211.0], [199.0, 290.0], [200.0, 289.0], [296.0, 289.0], [297.0, 290.0], [297.0, 288.0], [298.0, 287.0], [301.0, 287.0], [301.0, 263.0], [298.0, 263.0], [297.0, 262.0], [297.0, 210.0]], "objects": [{"category": "CeilingLamp", "position": [248.19985000000008, 255.90625000000003], "size": [18.50341896160013, 18.592339219996774], "angle": -9.104117113685807e-06}, {"category": "DoubleBed", "position": [265.85518661834567, 240.9926073809869], "size": [60.53425320084161, 63.580478443924804], "angle": -1.5707872226777828}, {"category": "Table", "position": [223.22866781199048, 280.24273934631873], "size": [50.57969970703124, 21.0], "angle": 3.141592653589793}]}]}]}