{"seed": 1, "floorplan": [{"rooms": [{"category": "Bedroom", "corners": [[292.0, 203.0], [291.0, 204.0], [208.0, 204.0], [208.0, 297.0], [209.0, 296.0], [292.0, 296.0], [292.0, 203.0]], "objects": [{"category": "CeilingLamp", "position": [246.3943, 247.1173], "size": [21.821280670166004, 21.821280670166004], "angle": 0.0}, {"category": "DoubleBed", "position": [256.66457412776936, 247.26379342567782], "size": [56.54811614137481, 70.27143749180108], "angle": -1.5707872226777826}, {"category": "Nightstand", "position": [285.4228205631553, 284.45535181687404], "size": [16.534079972245046, 23.479773089748974], "angle": -3.141583549472679}, {"category": "Nightstand", "position": [285.4548103818295, 212.83996864383704], "size": [23.479773089748974, 16.53407997224499], "angle": -1.570787222677783}]}]}]}