{"seed": 1, "floorplan": [{"rooms": [{"category": "Bedroom", "corners": [[211.0, 199.0], [211.0, 301.0], [289.0, 301.0], [289.0, 199.0], [211.0, 199.0]], "objects": [{"category": "DoubleBed", "position": [254.9095556041143, 235.62650888373201], "size": [70.36593908458049, 84.79787589514333], "angle": -1.570805430912011}, {"category": "CeilingLamp", "position": [262.0294, 249.6769], "size": [17.57798995971683, 17.577989959716774], "angle": 0.0}]}]}]}