{"seed": 1, "floorplan": [{"rooms": [{"category": "Bedroom", "corners": [[207.0, 197.0], [207.0, 303.0], [290.0, 303.0], [290.0, 298.0], [291.0, 297.0], [293.0, 297.0], [293.0, 273.0], [291.0, 273.0], [290.0, 272.0], [290.0, 197.0], [207.0, 197.0]], "objects": [{"category": "PendantLamp", "position": [248.20015, 257.125], "size": [25.597439575195267, 25.596990966796852], "angle": 0.0}, {"category": "DoubleBed", "position": [240.6465284960617, 257.73000045684796], "size": [67.57021355860977, 67.67101403686021], "angle": -9.104117114085617e-06}, {"category": "Nightstand", "position": [211.08374182753477, 294.45295646428144], "size": [12.837566902710387, 21.829819866408933], "angle": -9.10411711009453e-06}, {"category": "Nightstand", "position": [210.69344647023763, 220.95460860596216], "size": [12.837566902710359, 21.829819866408933], "angle": -9.104117114522446e-06}]}]}]}