{"seed": 1, "floorplan": [{"rooms": [{"category": "Bedroom", "corners": [[209.0, 195.0], [209.0, 305.0], [291.0, 305.0], [291.0, 195.0], [209.0, 195.0]], "objects": [{"category": "Table", "position": [217.46474873653216, 260.928785966378], "size": [19.443716447388407, 60.68305063706002], "angle": -9.104117113898863e-06}, {"category": "Chair", "position": [240.08300262144664, 252.21907933121872], "size": [18.410897214726432, 21.280152844330907], "angle": -1.5707872226777835}, {"category": "SingleBed", "position": [242.72082410041048, 216.0453916384027], "size": [66.97470795392691, 43.03449366052947], "angle": -9.104117114448533e-06}]}]}]}