{"seed": 1, "floorplan": [{"rooms": [{"category": "Bedroom", "corners": [[212.0, 196.0], [212.0, 304.0], [288.0, 304.0], [288.0, 196.0], [212.0, 196.0]], "objects": [{"category": "DoubleBed", "position": [246.397623899787, 230.37423319395236], "size": [68.11260223388672, 67.72260131835938], "angle": 0.0}, {"category": "PendantLamp", "position": [252.04315000000003, 233.5684], "size": [22.306020355224632, 22.334969329833996], "angle": 0.0}, {"category": "Nightstand", "position": [278.64187905629035, 205.30204964841525], "size": [17.32860031127933, 12.576809692382795], "angle": 0.0}]}]}]}