{"seed": 1, "floorplan": [{"rooms": [{"category": "Bedroom", "corners": [[181.0, 197.0], [181.0, 303.0], [225.0, 303.0], [225.0, 263.0], [226.0, 262.0], [319.0, 262.0], [319.0, 197.0], [181.0, 197.0]], "objects": [{"category": "DoubleBed", "position": [283.1845, 216.55322210604902], "size": [70.36529846191402, 84.79710388183594], "angle": 0.0}, {"category": "Armchair", "position": [233.86897318802482, 222.90393062111804], "size": [11.827949523925781, 11.943089675903366], "angle": 0.0}, {"category": "Table", "position": [232.19206094486879, 205.9806319173968], "size": [25.66625976562503, 18.173640060424816], "angle": 0.0}]}]}]}