{"seed": 1, "floorplan": [{"rooms": [{"category": "Bedroom", "corners": [[199.0, 203.0], [199.0, 297.0], [301.0, 297.0], [301.0, 203.0], [199.0, 203.0]], "objects": [{"category": "SingleBed", "position": [264.11130686308377, 242.55576898754714], "size": [60.02154864296131, 73.29666950176642], "angle": -1.5707872226777826}, {"category": "Nightstand", "position": [297.19600402922464, 211.54551037386574], "size": [11.007160452633254, 11.007160452633226], "angle": -1.5707872226777824}, {"category": "Table", "position": [210.48483801458082, 233.04096355875902], "size": [22.881477390084516, 41.978482764700544], "angle": -9.10411711408587e-06}, {"category": "CeilingLamp", "position": [252.9475, 247.18600000000004], "size": [20.952610799836222, 21.00067184530177], "angle": -1.5707872226777821}]}]}]}