{"seed": 1, "floorplan": [{"rooms": [{"category": "Bedroom", "corners": [[206.0, 208.0], [206.0, 292.0], [294.0, 292.0], [294.0, 208.0], [206.0, 208.0]], "objects": [{"category": "DoubleBed", "position": [232.77405383258093, 238.00871158331398], "size": [47.43403170046118, 53.285586438787114], "angle": -1.5707872226777828}, {"category": "Chair", "position": [268.9043851321586, 236.62677966123192], "size": [13.227351867229466, 14.217067465563808], "angle": -0.437464707640943}, {"category": "CeilingLamp", "position": [245.45199999999997, 250.6], "size": [13.188240051269531, 13.18821029663087], "angle": 0.0}, {"category": "Shelf", "position": [212.59299999999996, 285.24399999999997], "size": [10.22853012084957, 11.737080001831032], "angle": 3.141592653589793}]}]}]}