{"seed": 1, "floorplan": [{"rooms": [{"category": "Bedroom", "corners": [[297.0, 206.0], [296.0, 207.0], [188.0, 207.0], [188.0, 294.0], [189.0, 293.0], [311.0, 293.0], [312.0, 294.0], [312.0, 265.0], [298.0, 265.0], [297.0, 264.0], [297.0, 206.0]], "objects": [{"category": "DoubleBed", "position": [246.2172035608899, 248.50867819229734], "size": [70.74749908447271, 81.78839721679685], "angle": 0.0}, {"category": "Table", "position": [211.26753965217588, 215.87749872329982], "size": [49.67969970703123, 22.5], "angle": 0.0}, {"category": "Chair", "position": [207.6007912125713, 234.59355565968622], "size": [16.373315506754412, 14.703485494883118], "angle": -1.4044824658347865}, {"category": "Cabinet", "position": [233.9458256450955, 291.8394009029865], "size": [86.10000000000002, 9.030000114440895], "angle": 3.141592653589793}]}]}]}