{"seed": 1, "floorplan": [{"rooms": [{"category": "Bedroom", "corners": [[207.0, 204.0], [207.0, 296.0], [293.0, 296.0], [293.0, 204.0], [207.0, 204.0]], "objects": [{"category": "SingleBed", "position": [238.35530777860384, 225.7899535938986], "size": [64.76640014648439, 40.388699340820295], "angle": 0.0}, {"category": "Cabinet", "position": [231.601, 289.75], "size": [24.0, 9.59111995697026], "angle": 3.141592653589793}, {"category": "CeilingLamp", "position": [248.566, 249.88299999999998], "size": [16.615889739990223, 16.61588973999025], "angle": 0.0}, {"category": "TVStand", "position": [283.3057565212251, 264.0453463466599], "size": [57.42622472175204, 15.230928230825572], "angle": -1.5707872226777826}]}]}]}