{"seed": 1, "floorplan": [{"rooms": [{"category": "Bedroom", "corners": [[199.0, 170.0], [199.0, 325.0], [237.0, 325.0], [238.0, 326.0], [238.0, 330.0], [265.0, 330.0], [265.0, 326.0], [266.0, 325.0], [301.0, 325.0], [301.0, 297.0], [295.0, 297.0], [294.0, 296.0], [294.0, 170.0], [199.0, 170.0]], "objects": [{"category": "Cabinet", "position": [208.64870189539943, 271.0568689503254], "size": [15.608542066020597, 12.602184968496191], "angle": -1.5708054309120092}, {"category": "Cabinet", "position": [208.73795639924256, 187.63525871113475], "size": [12.602184968496191, 15.60854206602071], "angle": -9.104117113483344e-06}, {"category": "DoubleBed", "position": [238.97160522756815, 227.43937711111872], "size": [65.52179860824586, 62.71317318455896], "angle": -1.5708054309120112}]}]}]}