{"seed": 1, "floorplan": [{"rooms": [{"category": "Bedroom", "corners": [[201.0, 211.0], [201.0, 289.0], [299.0, 289.0], [299.0, 211.0], [201.0, 211.0]], "objects": [{"category": "Armchair", "position": [281.184867977048, 258.1107575214498], "size": [21.133081054687523, 16.15553970336913], "angle": 0.0}, {"category": "DoubleBed", "position": [230.25239322846272, 248.7931392401827], "size": [60.53009948730471, 65.02770080566404], "angle": 3.141592653589793}, {"category": "Table", "position": [277.8673413629834, 274.1877821917537], "size": [45.0, 29.98802947998047], "angle": 0.0}]}]}]}