{"seed": 1, "floorplan": [{"rooms": [{"category": "Bedroom", "corners": [[195.0, 202.0], [195.0, 298.0], [305.0, 298.0], [305.0, 202.0], [195.0, 202.0]], "objects": [{"category": "DoubleBed", "position": [243.15395077711997, 234.1237568774328], "size": [56.00549926757813, 64.08599853515625], "angle": 0.0}, {"category": "Cabinet", "position": [278.7464557023696, 206.0960798315602], "size": [15.011310195922874, 12.0], "angle": 0.0}, {"category": "Cabinet", "position": [205.5709166021304, 205.92057479657552], "size": [15.011310195922874, 12.0], "angle": 0.0}]}]}]}