{"seed": 1, "floorplan": [{"rooms": [{"category": "Bedroom", "corners": [[209.0, 188.0], [209.0, 311.0], [208.0, 312.0], [291.0, 312.0], [291.0, 189.0], [292.0, 188.0], [209.0, 188.0]], "objects": [{"category": "DoubleBed", "position": [256.52898003375736, 244.45868450114153], "size": [69.92433502752597, 62.957374016200504], "angle": -3.1415835494726787}, {"category": "Nightstand", "position": [284.2483201233838, 204.82665066001792], "size": [14.591353316237305, 14.547792128633676], "angle": -1.5707872226777844}, {"category": "PendantLamp", "position": [250.24630000000002, 251.68825], "size": [28.869149780273403, 27.912659454345714], "angle": 0.0}]}]}]}