{"seed": 1, "floorplan": [{"rooms": [{"category": "Bedroom", "corners": [[196.0, 200.0], [195.0, 201.0], [195.0, 300.0], [304.0, 300.0], [305.0, 299.0], [305.0, 200.0], [196.0, 200.0]], "objects": [{"category": "DoubleBed", "position": [237.04308578098673, 242.17430685219972], "size": [70.74814318678578, 81.78914183811239], "angle": -1.5708054309120105}, {"category": "Table", "position": [297.40280421919283, 226.23327837603185], "size": [36.00032775269193, 18.003163400114058], "angle": -1.5707872226777837}, {"category": "Chair", "position": [289.8266899092916, 230.09367596007024], "size": [12.306981933020527, 11.657895747147753], "angle": -1.5708054309120074}, {"category": "PendantLamp", "position": [241.38700000000006, 245.0146], "size": [30.584099578857433, 20.31996002197269], "angle": 0.0}]}]}]}