{"seed": 1, "floorplan": [{"rooms": [{"category": "Bedroom", "corners": [[277.0, 191.0], [277.0, 210.0], [276.0, 211.0], [177.0, 211.0], [177.0, 248.0], [217.0, 248.0], [218.0, 249.0], [218.0, 309.0], [323.0, 309.0], [323.0, 191.0], [277.0, 191.0]], "objects": [{"category": "DoubleBed", "position": [290.851, 281.93883351589574], "size": [52.763580038408804, 64.4408851419499], "angle": -1.570787222677782}, {"category": "Chair", "position": [299.284, 215.28099999999998], "size": [18.659485265308298, 15.161165449612545], "angle": -1.8715250424574241}, {"category": "CeilingLamp", "position": [270.355, 259.61199999999997], "size": [18.09044952392577, 18.09044952392577], "angle": 0.0}, {"category": "PendantLamp", "position": [298.12300000000005, 201.55900000000003], "size": [31.92629928588866, 14.11368026733399], "angle": 0.0}]}]}]}