{"seed": 1, "floorplan": [{"rooms": [{"category": "Bedroom", "corners": [[208.0, 197.0], [208.0, 303.0], [292.0, 303.0], [292.0, 197.0], [208.0, 197.0]], "objects": [{"category": "DoubleBed", "position": [239.06650137242968, 226.5869313010811], "size": [58.882736700329744, 51.19636606321307], "angle": -9.104117113897145e-06}, {"category": "Cabinet", "position": [215.92436155954994, 264.9672873678811], "size": [12.79922655731593, 16.35521863316967], "angle": -9.104117111884822e-06}, {"category": "PendantLamp", "position": [251.30349999999999, 241.31799999999998], "size": [12.412799835205078, 12.412799835205078], "angle": 0.0}]}]}]}