{"seed": 1, "floorplan": [{"rooms": [{"category": "Bedroom", "corners": [[196.0, 187.0], [196.0, 312.0], [195.0, 313.0], [304.0, 313.0], [304.0, 188.0], [305.0, 187.0], [196.0, 187.0]], "objects": [{"category": "DoubleBed", "position": [268.61374430851856, 259.0795], "size": [61.07365477911956, 71.14804917134325], "angle": -1.5707872226777821}, {"category": "Nightstand", "position": [296.869655960458, 220.4594945512867], "size": [15.174527799744634, 15.111377581870679], "angle": -1.5707872226777815}, {"category": "Nightstand", "position": [296.869655960458, 298.55870544871334], "size": [15.174527799744634, 15.111377581870679], "angle": -1.5707872226777815}]}]}]}