{"seed": 1, "floorplan": [{"rooms": [{"category": "Bedroom", "corners": [[177.0, 203.0], [177.0, 297.0], [323.0, 297.0], [323.0, 203.0], [177.0, 203.0]], "objects": [{"category": "DoubleBed", "position": [257.76180310824407, 237.5029152710211], "size": [76.61999816894536, 64.36110076904299], "angle": 0.0}, {"category": "CeilingLamp", "position": [254.41645, 245.9197], "size": [14.639999771118141, 15.172650146484386], "angle": 0.0}]}]}]}