{"seed": 1, "floorplan": [{"rooms": [{"category": "Bedroom", "corners": [[302.0, 186.0], [301.0, 187.0], [198.0, 187.0], [198.0, 314.0], [199.0, 313.0], [302.0, 313.0], [302.0, 186.0]], "objects": [{"category": "DoubleBed", "position": [230.68299644295803, 239.3310594990059], "size": [64.70338753181332, 59.05193684915313], "angle": -9.10411711453133e-06}, {"category": "Table", "position": [205.95107876158073, 291.0857459095774], "size": [12.67082496718489, 38.8758559461167], "angle": -9.104117113779408e-06}, {"category": "Chair", "position": [222.70743397364615, 292.14168515549574], "size": [15.359442536798849, 12.924705630698654], "angle": -0.00394680655153279}, {"category": "CeilingLamp", "position": [249.214, 257.84350000000006], "size": [17.489999771118164, 17.50125045776366], "angle": 0.0}]}]}]}