{"seed": 1, "floorplan": [{"rooms": [{"category": "Bedroom", "corners": [[216.0, 203.0], [216.0, 297.0], [284.0, 297.0], [284.0, 203.0], [216.0, 203.0]], "objects": [{"category": "SingleBed", "position": [249.7286551792062, 267.4853098526487], "size": [58.59053433304179, 67.66921500925112], "angle": -1.5707872226777824}, {"category": "CornerSideTable", "position": [222.84760549357247, 241.57850679333671], "size": [18.23787002563475, 16.46717948913573], "angle": 0.0}, {"category": "CeilingLamp", "position": [245.78469999999993, 245.35450000000003], "size": [29.728019714355412, 29.72804946899413], "angle": 0.0}]}]}]}