{"seed": 1, "floorplan": [{"rooms": [{"category": "Bedroom", "corners": [[195.0, 210.0], [195.0, 290.0], [305.0, 290.0], [305.0, 210.0], [195.0, 210.0]], "objects": [{"category": "SingleBed", "position": [240.94193934719976, 244.74707310992565], "size": [39.30000000000001, 68.69999999999999], "angle": 0.0}, {"category": "Table", "position": [282.7342523177257, 217.7854089987963], "size": [44.17859802246096, 15.429059600830072], "angle": 0.0}, {"category": "PendantLamp", "position": [242.19400000000002, 248.077], "size": [19.03026008605957, 17.820659637451172], "angle": 0.0}]}]}]}