{"seed": 1, "floorplan": [{"rooms": [{"category": "Bedroom", "corners": [[172.0, 195.0], [172.0, 268.0], [171.0, 269.0], [169.0, 269.0], [169.0, 294.0], [168.0, 295.0], [168.0, 296.0], [171.0, 296.0], [172.0, 297.0], [172.0, 305.0], [331.0, 305.0], [331.0, 196.0], [332.0, 195.0], [172.0, 195.0]], "objects": [{"category": "Nightstand", "position": [308.0375671197755, 202.35849066625886], "size": [16.596390151977516, 13.277099990844732], "angle": 0.0}, {"category": "Nightstand", "position": [223.8848328802245, 203.47000000000003], "size": [16.596390151977545, 13.277099990844732], "angle": 0.0}, {"category": "DoubleBed", "position": [266.8966, 232.80038325890365], "size": [58.21349945068357, 74.39519805908205], "angle": 0.0}]}]}]}