{"seed": 1, "floorplan": [{"rooms": [{"category": "Bedroom", "corners": [[188.0, 200.0], [189.0, 201.0], [189.0, 214.0], [188.0, 215.0], [188.0, 300.0], [312.0, 300.0], [312.0, 200.0], [188.0, 200.0]], "objects": [{"category": "DoubleBed", "position": [229.14395741031512, 233.47343614270528], "size": [55.31999816894535, 66.04709930419924], "angle": 0.0}, {"category": "Nightstand", "position": [270.72043693130325, 207.91907037321783], "size": [15.871229553222634, 14.724119567871071], "angle": 0.0}, {"category": "TVStand", "position": [228.4837478110629, 292.1766229997806], "size": [15.306120312537843, 66.7548019943218], "angle": -1.5707563267949185}, {"category": "CeilingLamp", "position": [249.1219750778718, 249.2433307023986], "size": [21.28251113891602, 21.06587905883788], "angle": 0.0}]}]}]}