{"seed": 1, "floorplan": [{"rooms": [{"category": "Bedroom", "corners": [[195.0, 200.0], [195.0, 300.0], [305.0, 300.0], [305.0, 200.0], [195.0, 200.0]], "objects": [{"category": "Cabinet", "position": [296.87778441338844, 236.3574761982855], "size": [71.47775188004029, 13.847465699650268], "angle": -1.5707872226777821}, {"category": "DoubleBed", "position": [241.93213639149275, 236.53679427635433], "size": [68.92799835205079, 72.46979827880855], "angle": 0.0}, {"category": "Cabinet", "position": [202.37050000000005, 294.1075], "size": [9.148290252685541, 9.228779983520496], "angle": 0.0}, {"category": "PendantLamp", "position": [242.59450000000004, 256.0375], "size": [19.7178909301758, 18.337799835205118], "angle": 0.0}]}]}]}