{"seed": 1, "floorplan": [{"rooms": [{"category": "Bedroom", "corners": [[199.0, 207.0], [199.0, 293.0], [294.0, 293.0], [294.0, 279.0], [295.0, 278.0], [301.0, 278.0], [301.0, 225.0], [295.0, 225.0], [294.0, 224.0], [294.0, 207.0], [199.0, 207.0]], "objects": [{"category": "Nightstand", "position": [225.72006831580728, 215.04121473520865], "size": [15.20289001464846, 15.71714973449707], "angle": 0.0}, {"category": "CeilingLamp", "position": [255.39999999999998, 250.00000000000006], "size": [16.65182991027831, 16.48935012817384], "angle": 0.0}, {"category": "DoubleBed", "position": [257.94431908614735, 240.777634550217], "size": [64.0281005859375, 70.63289794921872], "angle": 0.0}]}]}]}