{"seed": 1, "floorplan": [{"rooms": [{"category": "Bedroom", "corners": [[211.0, 194.0], [211.0, 306.0], [289.0, 306.0], [289.0, 194.0], [211.0, 194.0]], "objects": [{"category": "DoubleBed", "position": [252.12111399740158, 253.86037452189407], "size": [80.55223482516168, 79.73532980492105], "angle": -9.104117114234864e-06}, {"category": "Nightstand", "position": [215.42969593957378, 294.4367929765416], "size": [13.000618085030185, 15.000736239491317], "angle": -9.104117114865206e-06}, {"category": "Nightstand", "position": [215.30012564129163, 213.13795934012168], "size": [13.000618085030156, 15.000736239491374], "angle": -9.104117112679044e-06}, {"category": "CeilingLamp", "position": [251.668, 254.31849999999997], "size": [21.821280670165976, 21.821280670166033], "angle": 0.0}]}]}]}