{"seed": 1, "floorplan": [{"rooms": [{"category": "Bedroom", "corners": [[203.0, 192.0], [203.0, 308.0], [297.0, 308.0], [297.0, 192.0], [203.0, 192.0]], "objects": [{"category": "DoubleBed", "position": [262.8208004266713, 244.14550000000006], "size": [66.04499978268507, 67.11451025209986], "angle": -1.5707872226777828}, {"category": "PendantLamp", "position": [258.91600000000005, 235.16770000000002], "size": [20.21954956054691, 20.22011947631836], "angle": 0.0}]}]}]}