{"seed": 1, "floorplan": [{"rooms": [{"category": "Bedroom", "corners": [[208.0, 193.0], [208.0, 307.0], [292.0, 307.0], [292.0, 193.0], [208.0, 193.0]], "objects": [{"category": "DoubleBed", "position": [240.97618732439156, 244.91336201065081], "size": [65.97090090251066, 60.88765455058774], "angle": -9.10411711439101e-06}, {"category": "Cabinet", "position": [213.75772959365685, 207.1593722117658], "size": [9.241524146371953, 16.39211929870904], "angle": -9.104117111393645e-06}, {"category": "PendantLamp", "position": [249.9685, 244.09300000000002], "size": [58.44989776611328, 3.5999999999999943], "angle": 0.0}]}]}]}