{"seed": 1, "floorplan": [{"rooms": [{"category": "Bedroom", "corners": [[213.0, 181.0], [213.0, 319.0], [287.0, 319.0], [287.0, 181.0], [213.0, 181.0]], "objects": [{"category": "DoubleBed", "position": [256.79889787984905, 249.69440585681005], "size": [65.52179860824577, 62.71317318455896], "angle": -1.5707872226777826}, {"category": "Nightstand", "position": [279.5173984052113, 209.67403929396167], "size": [9.316194664135827, 9.371515335325537], "angle": -1.5707872226777813}, {"category": "Nightstand", "position": [278.86432177367715, 286.847360028865], "size": [9.316194664135827, 9.37151533532548], "angle": -1.5707872226777813}, {"category": "Table", "position": [226.31712282847946, 220.516090443416], "size": [29.63157088746299, 78.95381939402792], "angle": -9.104117115185896e-06}]}]}]}