{"seed": 1, "floorplan": [{"rooms": [{"category": "Bedroom", "corners": [[203.0, 196.0], [203.0, 304.0], [297.0, 304.0], [297.0, 196.0], [203.0, 196.0]], "objects": [{"category": "DoubleBed", "position": [263.0093323160807, 234.68800000000005], "size": [67.29961325566627, 68.39312449290429], "angle": -1.5707872226777828}, {"category": "Cabinet", "position": [210.2215, 243.45460578188693], "size": [13.036408663558795, 118.90128696394252], "angle": -9.104117113233685e-06}]}]}]}