{"seed": 1, "floorplan": [{"rooms": [{"category": "Bedroom", "corners": [[206.0, 193.0], [206.0, 306.0], [205.0, 307.0], [294.0, 307.0], [294.0, 194.0], [295.0, 193.0], [206.0, 193.0]], "objects": [{"category": "DoubleBed", "position": [241.76266326394483, 236.69665233133006], "size": [101.81882858608758, 88.14739979794317], "angle": -3.141583549472679}, {"category": "PendantLamp", "position": [252.62949999999995, 230.26899999999998], "size": [29.80242004394529, 9.1073101043701], "angle": 0.0}]}]}]}