{"seed": 1, "floorplan": [{"rooms": [{"category": "Bedroom", "corners": [[209.0, 202.0], [209.0, 298.0], [291.0, 298.0], [291.0, 202.0], [209.0, 202.0]], "objects": [{"category": "SingleBed", "position": [241.6183099995365, 228.00359306602655], "size": [59.817246856207625, 46.547225531134096], "angle": -9.104117114352226e-06}]}]}]}