{"seed": 1, "floorplan": [{"rooms": [{"category": "Bedroom", "corners": [[199.0, 208.0], [199.0, 292.0], [301.0, 292.0], [301.0, 208.0], [199.0, 208.0]], "objects": [{"category": "Table", "position": [264.0263536887433, 215.75846038289728], "size": [37.10370025634768, 19.24154891967774], "angle": 0.0}, {"category": "SingleBed", "position": [273.8828142938581, 258.3761001997069], "size": [39.55859985351563, 63.37859802246092], "angle": 0.0}]}]}]}