{"seed": 1, "floorplan": [{"rooms": [{"category": "Bedroom", "corners": [[318.0, 207.0], [317.0, 208.0], [182.0, 208.0], [182.0, 293.0], [183.0, 292.0], [318.0, 292.0], [318.0, 207.0]], "objects": [{"category": "DoubleBed", "position": [237.57999999999998, 241.0195], "size": [66.9230987548828, 65.80199890136723], "angle": 0.0}, {"category": "PendantLamp", "position": [237.09099999999998, 251.5165], "size": [29.162729644775425, 29.162729644775368], "angle": 0.0}]}]}]}