{"seed": 1, "floorplan": [{"rooms": [{"category": "Bedroom", "corners": [[192.0, 207.0], [192.0, 292.0], [191.0, 293.0], [308.0, 293.0], [308.0, 208.0], [309.0, 207.0], [192.0, 207.0]], "objects": [{"category": "DoubleBed", "position": [245.1059293378245, 240.4323354834094], "size": [60.14909820556642, 66.4136993408203], "angle": 0.0}, {"category": "Cabinet", "position": [245.038, 285.6287330830892], "size": [51.6509994506836, 14.671680450439453], "angle": 3.141592653589793}]}]}]}