{"seed": 1, "floorplan": [{"rooms": [{"category": "Bedroom", "corners": [[200.0, 203.0], [200.0, 297.0], [300.0, 297.0], [300.0, 203.0], [200.0, 203.0]], "objects": [{"category": "DoubleBed", "position": [245.97649472904482, 241.37855267939904], "size": [62.95680084228519, 69.92369842529297], "angle": 0.0}, {"category": "Nightstand", "position": [206.03335848012978, 211.19650170768853], "size": [14.591220474243158, 14.547659683227494], "angle": 0.0}, {"category": "Nightstand", "position": [287.1474663356446, 212.23794974130954], "size": [14.59122047424313, 14.547659683227522], "angle": 0.0}]}]}]}