{"seed": 1, "floorplan": [{"rooms": [{"category": "Bedroom", "corners": [[168.0, 208.0], [168.0, 292.0], [332.0, 292.0], [332.0, 208.0], [168.0, 208.0]], "objects": [{"category": "DoubleBed", "position": [259.2041479405124, 252.06921099464907], "size": [62.32380065917971, 69.33539886474608], "angle": 3.141592653589793}, {"category": "Nightstand", "position": [297.64488976998933, 284.9012514034933], "size": [16.5, 12.899999999999977], "angle": 3.141592653589793}, {"category": "Nightstand", "position": [222.0903690711909, 284.97960275137046], "size": [16.5, 12.899999999999977], "angle": 3.141592653589793}, {"category": "CeilingLamp", "position": [249.613, 249.84550000000002], "size": [17.12232055664066, 17.122320556640602], "angle": 0.0}]}]}]}