{"seed": 1, "floorplan": [{"rooms": [{"category": "Bedroom", "corners": [[198.0, 209.0], [198.0, 291.0], [302.0, 291.0], [302.0, 209.0], [198.0, 209.0]], "objects": [{"category": "DoubleBed", "position": [271.6265367221073, 258.6146651412448], "size": [60.66025379865461, 58.29263275615256], "angle": -1.5707872226777826}, {"category": "Cabinet", "position": [266.0340137573228, 217.09395642192595], "size": [39.84210205078122, 16.47107963562013], "angle": 0.0}, {"category": "CeilingLamp", "position": [262.0375, 252.16750000000002], "size": [12.179999542236317, 12.179999542236374], "angle": 0.0}]}]}]}