{"seed": 1, "floorplan": [{"rooms": [{"category": "Bedroom", "corners": [[204.0, 194.0], [204.0, 306.0], [296.0, 306.0], [296.0, 194.0], [204.0, 194.0]], "objects": [{"category": "DoubleBed", "position": [264.85537630832306, 256.13364053724393], "size": [81.86054446571228, 62.88957402149714], "angle": -1.5707872226777826}, {"category": "Cabinet", "position": [208.77098353068033, 254.77359999999993], "size": [39.96336584697928, 10.324864354426808], "angle": -1.5708054309120105}, {"category": "PendantLamp", "position": [250.8016, 252.68380000000002], "size": [47.269798278808565, 30.862200164794956], "angle": 0.0}]}]}]}