{"seed": 1, "floorplan": [{"rooms": [{"category": "Bedroom", "corners": [[185.0, 200.0], [185.0, 300.0], [315.0, 300.0], [315.0, 200.0], [185.0, 200.0]], "objects": [{"category": "DoubleBed", "position": [219.01149999999998, 259.957], "size": [68.61752686548888, 53.29098352161438], "angle": -9.104117114235784e-06}, {"category": "TVStand", "position": [307.307738267613, 247.83417363813464], "size": [15.124758135818293, 68.09822129536346], "angle": -3.1415835494726814}, {"category": "Cabinet", "position": [309.13826865540204, 277.0074006978648], "size": [45.011808110067676, 12.52745436870335], "angle": -1.5707872226777828}]}]}]}