{"seed": 1, "floorplan": [{"rooms": [{"category": "Bedroom", "corners": [[195.0, 185.0], [195.0, 315.0], [305.0, 315.0], [305.0, 185.0], [195.0, 185.0]], "objects": [{"category": "DoubleBed", "position": [271.4700192568234, 258.5997158122079], "size": [67.67101403686021, 67.57021355860982], "angle": -1.5707872226777824}, {"category": "Nightstand", "position": [298.4218056718626, 219.28270000868451], "size": [18.900172070163247, 13.506393182240572], "angle": -1.5707872226777841}, {"category": "Nightstand", "position": [298.58623321228026, 297.53575], "size": [13.506393182240515, 18.900172070163276], "angle": -3.141583549472679}, {"category": "PendantLamp", "position": [249.99984999999998, 255.54175], "size": [27.341940307617165, 27.55968017578124], "angle": 0.0}]}]}]}