{"seed": 1, "floorplan": [{"rooms": [{"category": "Bedroom", "corners": [[193.0, 203.0], [193.0, 297.0], [307.0, 297.0], [307.0, 203.0], [193.0, 203.0]], "objects": [{"category": "DoubleBed", "position": [257.55732209978964, 240.55721887568902], "size": [61.82249908447264, 70.34609985351565], "angle": 0.0}, {"category": "Chair", "position": [220.3052339864053, 207.20746825977074], "size": [12.930389785766579, 13.505820465087908], "angle": 0.0}, {"category": "Chair", "position": [294.38254447303063, 207.24581889225198], "size": [12.930389785766636, 13.505820465087908], "angle": 0.0}, {"category": "PendantLamp", "position": [257.632, 251.65900000000002], "size": [24.271499633789062, 24.271499633789034], "angle": 0.0}]}]}]}