{"seed": 1, "floorplan": [{"rooms": [{"category": "Bedroom", "corners": [[204.0, 203.0], [204.0, 297.0], [296.0, 297.0], [296.0, 203.0], [204.0, 203.0]], "objects": [{"category": "DoubleBed", "position": [262.23499949141876, 244.62070000000006], "size": [67.14061217430616, 46.442524870891454], "angle": -3.1415835494726796}, {"category": "Nightstand", "position": [294.4377993015041, 273.8133326583731], "size": [8.91989131247494, 7.339806622262767], "angle": -1.5707872226777828}, {"category": "Nightstand", "position": [290.10159999999996, 210.88120000000006], "size": [8.919891312474968, 7.339806622262767], "angle": -1.5707872226777828}, {"category": "PendantLamp", "position": [249.84849999999994, 241.87240000000003], "size": [16.53683967590331, 16.680389785766636], "angle": 0.0}]}]}]}