{"seed": 1, "floorplan": [{"rooms": [{"category": "Bedroom", "corners": [[206.0, 202.0], [206.0, 298.0], [294.0, 298.0], [294.0, 202.0], [206.0, 202.0]], "objects": [{"category": "DoubleBed", "position": [243.0753947379518, 243.49392799150198], "size": [74.11117581852828, 74.07637630737204], "angle": -9.104117114503389e-06}, {"category": "Nightstand", "position": [210.89818176001324, 207.95031416696838], "size": [14.933595430476888, 17.765711210845886], "angle": -9.104117114314944e-06}, {"category": "PendantLamp", "position": [250.2505, 244.873], "size": [24.91728057861326, 58.87140197753908], "angle": 0.0}]}]}]}