{"seed": 1, "floorplan": [{"rooms": [{"category": "Bedroom", "corners": [[281.0, 207.0], [280.0, 208.0], [201.0, 208.0], [201.0, 293.0], [202.0, 292.0], [280.0, 292.0], [281.0, 293.0], [299.0, 293.0], [299.0, 207.0], [281.0, 207.0]], "objects": [{"category": "DoubleBed", "position": [228.81467060548175, 241.16269194451291], "size": [56.00549926757816, 64.08599853515625], "angle": 0.0}, {"category": "Cabinet", "position": [264.5272245602522, 215.02829201384006], "size": [15.011310195922874, 12.000000000000028], "angle": 0.0}, {"category": "Cabinet", "position": [290.299, 232.95399999999995], "size": [39.84246478289791, 16.471229592305892], "angle": -1.5707872226777824}]}]}]}