{"seed": 1, "floorplan": [{"rooms": [{"category": "Bedroom", "corners": [[211.0, 202.0], [211.0, 298.0], [289.0, 298.0], [289.0, 202.0], [211.0, 202.0]], "objects": [{"category": "SingleBed", "position": [259.28985311450634, 254.58435542497233], "size": [23.79705655696123, 38.35324986986876], "angle": -3.1415835494726787}, {"category": "Cabinet", "position": [282.1144028865868, 282.14300941491865], "size": [15.000136563621654, 15.000136563621654], "angle": -1.5707872226777817}]}]}]}