{"seed": 1, "floorplan": [{"rooms": [{"category": "Bedroom", "corners": [[252.0, 188.0], [252.0, 208.0], [251.0, 209.0], [198.0, 209.0], [198.0, 312.0], [230.0, 312.0], [230.0, 302.0], [231.0, 301.0], [302.0, 301.0], [302.0, 209.0], [291.0, 209.0], [290.0, 208.0], [290.0, 202.0], [291.0, 201.0], [301.0, 201.0], [301.0, 188.0], [252.0, 188.0]], "objects": [{"category": "DoubleBed", "position": [260.6366493046446, 254.049236539351], "size": [79.73532980492105, 80.55223482516168], "angle": -1.5707872226777824}, {"category": "Nightstand", "position": [297.45267505735274, 296.28811974444295], "size": [15.000736239491317, 13.000618085030185], "angle": -1.5707872226777813}, {"category": "Nightstand", "position": [297.5631490021111, 214.78711230669566], "size": [15.000736239491317, 13.000618085030185], "angle": -1.570787222677785}]}]}]}