{"seed": 1, "floorplan": [{"rooms": [{"category": "Bedroom", "corners": [[193.0, 188.0], [193.0, 312.0], [307.0, 312.0], [307.0, 188.0], [193.0, 188.0]], "objects": [{"category": "DoubleBed", "position": [225.35986826661585, 242.71264730467678], "size": [63.58047844392483, 60.53425320084161], "angle": -9.104117114133085e-06}]}]}]}