{"seed": 1, "floorplan": [{"rooms": [{"category": "Bedroom", "corners": [[203.0, 203.0], [203.0, 298.0], [204.0, 297.0], [296.0, 297.0], [297.0, 298.0], [297.0, 227.0], [252.0, 227.0], [251.0, 226.0], [251.0, 203.0], [203.0, 203.0]], "objects": [{"category": "DoubleBed", "position": [266.8870277304336, 265.050520364475], "size": [50.8287002563477, 66.47429809570309], "angle": 3.141592653589793}, {"category": "Nightstand", "position": [232.98352609706683, 291.0686603862278], "size": [16.043009948730486, 10.843620300292969], "angle": 0.0}, {"category": "PendantLamp", "position": [255.595, 260.64099999999996], "size": [35.99520034790038, 9.102420043945301], "angle": 0.0}]}]}]}