{"seed": 1, "floorplan": [{"rooms": [{"category": "Bedroom", "corners": [[209.0, 182.0], [209.0, 317.0], [208.0, 318.0], [291.0, 318.0], [291.0, 183.0], [292.0, 182.0], [209.0, 182.0]], "objects": [{"category": "DoubleBed", "position": [246.50403410657998, 240.99115], "size": [61.64515961597924, 87.73249733896482], "angle": -1.570787222677782}, {"category": "Cabinet", "position": [235.53640000000001, 308.93425], "size": [27.259590911865246, 8.218980216980015], "angle": 3.141592653589793}]}]}]}