{"seed": 1, "floorplan": [{"rooms": [{"category": "Bedroom", "corners": [[205.0, 205.0], [205.0, 295.0], [295.0, 295.0], [295.0, 205.0], [205.0, 205.0]], "objects": [{"category": "DoubleBed", "position": [261.3887282457008, 241.69791011135015], "size": [58.29263275615253, 60.66025379865461], "angle": -3.1415835494726787}]}]}]}