{"seed": 1, "floorplan": [{"rooms": [{"category": "Bedroom", "corners": [[202.0, 204.0], [202.0, 279.0], [270.0, 279.0], [271.0, 280.0], [271.0, 296.0], [298.0, 296.0], [298.0, 204.0], [202.0, 204.0]], "objects": [{"category": "DoubleBed", "position": [233.5185343533911, 237.25675796301826], "size": [62.88957402149725, 81.86054446571227], "angle": -9.104117114313066e-06}, {"category": "CeilingLamp", "position": [250.0, 241.72615], "size": [19.34504928588865, 19.345049285888706], "angle": 0.0}, {"category": "Nightstand", "position": [204.42026104242322, 212.36756642454165], "size": [9.665757630548084, 12.000168760716457], "angle": -9.104117116341008e-06}]}]}]}