{"seed": 1, "floorplan": [{"rooms": [{"category": "Bedroom", "corners": [[205.0, 192.0], [205.0, 288.0], [258.0, 288.0], [259.0, 289.0], [259.0, 307.0], [258.0, 308.0], [295.0, 308.0], [295.0, 192.0], [205.0, 192.0]], "objects": [{"category": "CeilingLamp", "position": [248.37759999999994, 231.16989999999998], "size": [17.489999771118192, 17.50125045776369], "angle": 0.0}, {"category": "DoubleBed", "position": [237.96860586359648, 225.0658753674278], "size": [66.10980139803983, 53.222885977815444], "angle": -9.10411711396405e-06}, {"category": "Cabinet", "position": [292.5386005658118, 197.07801828756453], "size": [14.879325908688598, 9.25283444526553], "angle": -1.570787222677781}]}]}]}