{"seed": 1, "floorplan": [{"rooms": [{"category": "Bedroom", "corners": [[200.0, 197.0], [200.0, 303.0], [231.0, 303.0], [231.0, 284.0], [232.0, 283.0], [300.0, 283.0], [300.0, 197.0], [200.0, 197.0]], "objects": [{"category": "DoubleBed", "position": [265.438751758418, 238.91531632063914], "size": [48.48703963926321, 66.67710850381165], "angle": -1.5707872226777824}, {"category": "Nightstand", "position": [296.9337099574534, 205.27808567230272], "size": [16.41761925620648, 10.500095594535154], "angle": -1.5707872226777853}, {"category": "Nightstand", "position": [296.93143298429953, 272.2961874736445], "size": [16.417619256206507, 10.500095594535154], "angle": -1.5707872226777784}, {"category": "CeilingLamp", "position": [260.557, 240.58], "size": [17.092649459838924, 15.837570190429688], "angle": 0.0}]}]}]}