{"seed": 1, "floorplan": [{"rooms": [{"category": "Bedroom", "corners": [[212.0, 209.0], [212.0, 214.0], [211.0, 215.0], [198.0, 215.0], [198.0, 291.0], [301.0, 291.0], [302.0, 292.0], [302.0, 216.0], [301.0, 215.0], [266.0, 215.0], [265.0, 214.0], [265.0, 210.0], [266.0, 209.0], [212.0, 209.0]], "objects": [{"category": "CeilingLamp", "position": [250.8322, 250.1203], "size": [22.33449096679692, 20.57757110595705], "angle": 0.0}, {"category": "SingleBed", "position": [270.92945776349427, 268.6722807108228], "size": [61.20000000000002, 45.655499267578136], "angle": 3.141592653589793}, {"category": "Table", "position": [220.70225456063787, 282.9433322976806], "size": [39.72839813232423, 17.089289474487316], "angle": 3.141592653589793}]}]}]}