{"seed": 1, "floorplan": [{"rooms": [{"category": "Bedroom", "corners": [[213.0, 188.0], [213.0, 291.0], [244.0, 291.0], [245.0, 292.0], [245.0, 311.0], [246.0, 312.0], [287.0, 312.0], [287.0, 188.0], [213.0, 188.0]], "objects": [{"category": "DoubleBed", "position": [240.53912223731515, 234.88492532665833], "size": [54.2335915905724, 90.27082000880371], "angle": -9.104117114016802e-06}, {"category": "Table", "position": [220.08705608432624, 274.138519310837], "size": [39.72875982925298, 17.089445059504772], "angle": -1.5708054309120112}]}]}]}