{"seed": 1, "floorplan": [{"rooms": [{"category": "Bedroom", "corners": [[199.0, 174.0], [199.0, 326.0], [299.0, 326.0], [299.0, 320.0], [300.0, 319.0], [301.0, 319.0], [301.0, 174.0], [199.0, 174.0]], "objects": [{"category": "PendantLamp", "position": [288.214800378518, 216.48775000000003], "size": [23.706239318847622, 21.171869659423834], "angle": 0.0}, {"category": "DoubleBed", "position": [267.235, 251.38524999999998], "size": [51.19636606321307, 58.882736700329716], "angle": -1.5707872226777828}, {"category": "PendantLamp", "position": [249.83980000000003, 253.60105], "size": [4.838369750976568, 4.83836975097654], "angle": 0.0}]}]}]}