{"seed": 1, "floorplan": [{"rooms": [{"category": "Bedroom", "corners": [[202.0, 194.0], [202.0, 286.0], [264.0, 286.0], [265.0, 287.0], [265.0, 306.0], [298.0, 306.0], [298.0, 194.0], [202.0, 194.0]], "objects": [{"category": "DoubleBed", "position": [237.63377024854537, 235.78577627509685], "size": [69.2738983154297, 80.61360168457031], "angle": 0.0}, {"category": "Armchair", "position": [280.9760237753702, 221.8486862380834], "size": [26.47716064453124, 26.348400878906233], "angle": 3.141592653589793}, {"category": "Table", "position": [250.15863388630905, 203.18150414814647], "size": [90.61769714355472, 21.41157073974611], "angle": 0.0}, {"category": "PendantLamp", "position": [248.43850000000003, 229.33300000000003], "size": [11.705820465087868, 11.765969467163075], "angle": 0.0}]}]}]}