{"seed": 1, "floorplan": [{"rooms": [{"category": "Bedroom", "corners": [[205.0, 206.0], [205.0, 294.0], [295.0, 294.0], [295.0, 206.0], [205.0, 206.0]], "objects": [{"category": "DoubleBed", "position": [254.1886941020024, 259.70734526647476], "size": [66.74700965289811, 56.842419663045874], "angle": -9.1041171139548e-06}, {"category": "Cabinet", "position": [210.51616075969588, 267.3254079916569], "size": [16.680151400979433, 37.715144390045154], "angle": -9.104117113436651e-06}, {"category": "Nightstand", "position": [286.1254976629739, 291.19510051635837], "size": [12.000059509277321, 9.665669631957996], "angle": 3.141592653589793}]}]}]}