{"seed": 1, "floorplan": [{"rooms": [{"category": "Bedroom", "corners": [[209.0, 209.0], [209.0, 291.0], [291.0, 291.0], [291.0, 209.0], [209.0, 209.0]], "objects": [{"category": "CeilingLamp", "position": [250.82350000000002, 247.26519999999994], "size": [13.188240051269531, 13.18821029663087], "angle": 0.0}, {"category": "DoubleBed", "position": [239.69350000000003, 251.64149630463086], "size": [50.53006208447835, 83.71156534602015], "angle": -9.104117114468733e-06}]}]}]}