{"seed": 1, "floorplan": [{"rooms": [{"category": "Bedroom", "corners": [[193.0, 214.0], [193.0, 286.0], [307.0, 286.0], [307.0, 214.0], [193.0, 214.0]], "objects": [{"category": "SingleBed", "position": [249.57735756167926, 246.60521173149726], "size": [45.118798828124966, 65.72639923095701], "angle": 0.0}, {"category": "Nightstand", "position": [217.19940217726577, 220.82775778364345], "size": [18.30000000000001, 14.460779571533237], "angle": 0.0}, {"category": "TVStand", "position": [291.3576050419929, 221.28886079160208], "size": [27.444001007080033, 12.195389556884777], "angle": 0.0}]}]}]}