{"seed": 1, "floorplan": [{"rooms": [{"category": "Bedroom", "corners": [[186.0, 197.0], [186.0, 300.0], [280.0, 300.0], [281.0, 301.0], [281.0, 303.0], [314.0, 303.0], [314.0, 300.0], [313.0, 299.0], [313.0, 197.0], [186.0, 197.0]], "objects": [{"category": "DoubleBed", "position": [238.52725000000004, 233.84193284567388], "size": [65.31239776611315, 73.2890991210937], "angle": 0.0}, {"category": "Nightstand", "position": [275.59765, 203.89341678989734], "size": [18.80042953491204, 14.105430221557583], "angle": 0.0}, {"category": "Nightstand", "position": [201.61225000000005, 203.89341678989734], "size": [18.800429534912155, 14.105430221557583], "angle": 0.0}, {"category": "PendantLamp", "position": [252.50815, 248.20000000000002], "size": [37.12229919433591, 10.005360031127907], "angle": 0.0}]}]}]}