{"seed": 1, "floorplan": [{"rooms": [{"category": "Bedroom", "corners": [[210.0, 206.0], [210.0, 294.0], [290.0, 294.0], [290.0, 206.0], [210.0, 206.0]], "objects": [{"category": "DoubleBed", "position": [242.85386271603548, 237.4926509607804], "size": [50.82916301310704, 66.4749032937628], "angle": -1.570805430912011}, {"category": "Nightstand", "position": [213.9839978838777, 265.404620456085], "size": [13.29213151171972, 19.10009416311284], "angle": -9.104117115657664e-06}, {"category": "CeilingLamp", "position": [251.53150000000002, 242.7385], "size": [18.0904495239258, 18.0904495239258], "angle": 0.0}]}]}]}