{"seed": 1, "floorplan": [{"rooms": [{"category": "Bedroom", "corners": [[198.0, 199.0], [198.0, 301.0], [303.0, 301.0], [302.0, 300.0], [302.0, 285.0], [303.0, 284.0], [303.0, 280.0], [302.0, 279.0], [302.0, 259.0], [303.0, 258.0], [303.0, 253.0], [302.0, 252.0], [302.0, 232.0], [303.0, 231.0], [303.0, 226.0], [302.0, 225.0], [302.0, 205.0], [303.0, 204.0], [303.0, 199.0], [198.0, 199.0]], "objects": [{"category": "DoubleBed", "position": [243.72570683162155, 235.35938390062773], "size": [68.92799835205079, 72.46979827880861], "angle": 0.0}, {"category": "Nightstand", "position": [208.28674358387025, 203.41600850961697], "size": [15.09239959716794, 13.891529846191418], "angle": 0.0}, {"category": "Nightstand", "position": [280.7248506295791, 203.3456797624907], "size": [15.092399597167969, 13.891529846191418], "angle": 0.0}, {"category": "PendantLamp", "position": [248.29449999999997, 252.4597], "size": [28.54779052734372, 28.54782028198241], "angle": 0.0}]}]}]}