{"seed": 1, "floorplan": [{"rooms": [{"category": "Bedroom", "corners": [[203.0, 194.0], [203.0, 285.0], [259.0, 285.0], [260.0, 286.0], [260.0, 306.0], [297.0, 306.0], [297.0, 194.0], [203.0, 194.0]], "objects": [{"category": "Nightstand", "position": [219.6400662796803, 207.24206999291044], "size": [13.277220868768719, 16.59654124952058], "angle": -9.104117112608947e-06}, {"category": "DoubleBed", "position": [236.38156853328596, 239.47198498187967], "size": [74.39587537092736, 58.21402944043784], "angle": -9.104117114351934e-06}, {"category": "PendantLamp", "position": [253.11849999999993, 237.99549999999994], "size": [49.578874542939204, 30.568183371679535], "angle": -0.7853902166444949}]}]}]}