{"seed": 1, "floorplan": [{"rooms": [{"category": "Bedroom", "corners": [[178.0, 200.0], [178.0, 300.0], [322.0, 300.0], [322.0, 200.0], [178.0, 200.0]], "objects": [{"category": "DoubleBed", "position": [242.413, 267.0035009973559], "size": [60.14909820556636, 66.4136993408203], "angle": 3.141592653589793}, {"category": "Nightstand", "position": [200.11510172277445, 292.4415734729482], "size": [18.421530532836925, 10.778850173950161], "angle": 3.141592653589793}, {"category": "Nightstand", "position": [285.78009827722553, 292.4079230633873], "size": [18.421530532836925, 10.778850173950161], "angle": 3.141592653589793}]}]}]}