{"seed": 1, "floorplan": [{"rooms": [{"category": "Bedroom", "corners": [[238.0, 197.0], [237.0, 198.0], [209.0, 198.0], [209.0, 303.0], [210.0, 302.0], [290.0, 302.0], [291.0, 303.0], [291.0, 203.0], [239.0, 203.0], [238.0, 202.0], [238.0, 197.0]], "objects": [{"category": "DoubleBed", "position": [256.42059179822184, 259.8847360708988], "size": [71.41775224932147, 68.568325978103], "angle": -1.5707872226777828}, {"category": "Nightstand", "position": [287.36777997924685, 224.27063266397184], "size": [14.844375334145383, 12.767966735978385], "angle": -1.570787222677784}, {"category": "Nightstand", "position": [287.3459528663883, 296.09932058623065], "size": [14.844375334145383, 12.767966735978328], "angle": -1.570787222677784}, {"category": "PendantLamp", "position": [249.99984999999998, 258.91540000000003], "size": [24.710598038619953, 24.710568283994967], "angle": -1.1842758695695945}]}]}]}