{"seed": 1, "floorplan": [{"rooms": [{"category": "Bedroom", "corners": [[195.0, 212.0], [195.0, 288.0], [305.0, 288.0], [305.0, 212.0], [195.0, 212.0]], "objects": [{"category": "DoubleBed", "position": [245.93586242780964, 243.83515290652593], "size": [60.15990142822267, 62.516999816894526], "angle": 0.0}, {"category": "Cabinet", "position": [209.31781756937352, 218.3670573281265], "size": [13.150469970703114, 10.518389511108381], "angle": 0.0}, {"category": "CeilingLamp", "position": [249.1375, 247.03899999999996], "size": [21.654148864746105, 21.654148864746077], "angle": 0.0}]}]}]}