{"seed": 1, "floorplan": [{"rooms": [{"category": "Bedroom", "corners": [[204.0, 190.0], [204.0, 286.0], [205.0, 287.0], [205.0, 310.0], [206.0, 309.0], [207.0, 309.0], [208.0, 310.0], [228.0, 310.0], [229.0, 309.0], [231.0, 309.0], [232.0, 310.0], [252.0, 310.0], [253.0, 309.0], [255.0, 309.0], [256.0, 310.0], [276.0, 310.0], [277.0, 309.0], [278.0, 309.0], [279.0, 310.0], [296.0, 310.0], [296.0, 190.0], [279.0, 190.0], [278.0, 191.0], [277.0, 191.0], [276.0, 190.0], [256.0, 190.0], [255.0, 191.0], [253.0, 191.0], [252.0, 190.0], [232.0, 190.0], [231.0, 191.0], [229.0, 191.0], [228.0, 190.0], [208.0, 190.0], [207.0, 191.0], [205.0, 191.0], [204.0, 190.0]], "objects": [{"category": "DoubleBed", "position": [244.53954980462976, 235.00799520445784], "size": [79.63842950866285, 80.78773806785338], "angle": -9.104117113934408e-06}, {"category": "Nightstand", "position": [209.39245712654167, 281.91759569403484], "size": [24.00021850179466, 13.839156068944398], "angle": -1.5708054309120107}, {"category": "PendantLamp", "position": [255.13903657935458, 237.46352938184586], "size": [13.15439946860081, 10.674427320839007], "angle": -9.104117116162633e-06}]}]}]}