{"seed": 1, "floorplan": [{"rooms": [{"category": "Bedroom", "corners": [[175.0, 204.0], [175.0, 296.0], [325.0, 296.0], [325.0, 204.0], [175.0, 204.0]], "objects": [{"category": "Cabinet", "position": [239.57176976146513, 210.47776910865542], "size": [13.150469970703142, 10.518389511108381], "angle": 0.0}, {"category": "Cabinet", "position": [311.0561507544984, 210.5785091414558], "size": [13.150469970703114, 10.518389511108381], "angle": 0.0}, {"category": "DoubleBed", "position": [275.13073231797705, 235.53840046866682], "size": [60.15990142822267, 62.5169998168945], "angle": 0.0}, {"category": "Table", "position": [212.74621635074237, 211.47224743892457], "size": [36.18630065917969, 14.819490051269554], "angle": 0.0}]}]}]}