{"seed": 1, "floorplan": [{"rooms": [{"category": "Bedroom", "corners": [[203.0, 203.0], [203.0, 297.0], [297.0, 297.0], [297.0, 203.0], [203.0, 203.0]], "objects": [{"category": "DoubleBed", "position": [260.00861631700394, 241.107240174855], "size": [48.39254262416226, 59.31804187191316], "angle": -1.570787222677783}, {"category": "PendantLamp", "position": [288.9678333333785, 216.52299999999997], "size": [15.0, 15.0], "angle": 0.0}, {"category": "PendantLamp", "position": [288.9678333333785, 264.751], "size": [15.0, 15.0], "angle": 0.0}, {"category": "PendantLamp", "position": [249.4765, 242.635], "size": [16.482780075073237, 16.482780075073265], "angle": 0.0}]}]}]}