{"seed": 1, "floorplan": [{"rooms": [{"category": "Bedroom", "corners": [[204.0, 200.0], [204.0, 300.0], [296.0, 300.0], [296.0, 200.0], [204.0, 200.0]], "objects": [{"category": "DoubleBed", "position": [261.22416666668187, 234.70449999999994], "size": [68.55062409575093, 45.34751215513999], "angle": -3.141583549472679}, {"category": "Cabinet", "position": [289.3705, 266.9095], "size": [15.005206342443714, 12.418313360417855], "angle": -1.5707872226777797}, {"category": "PendantLamp", "position": [248.73249999999996, 247.2715], "size": [31.775099945068348, 30.947399139404297], "angle": 0.0}]}]}]}