{"seed": 1, "floorplan": [{"rooms": [{"category": "Bedroom", "corners": [[204.0, 192.0], [204.0, 308.0], [296.0, 308.0], [296.0, 192.0], [204.0, 192.0]], "objects": [{"category": "Nightstand", "position": [210.60550000000006, 200.10399999999996], "size": [11.420413802969945, 12.977998631662603], "angle": -9.104117112018279e-06}, {"category": "DoubleBed", "position": [237.43150000000003, 239.88099999999997], "size": [64.27192273276823, 65.65011928276066], "angle": -1.559467166737086}, {"category": "CeilingLamp", "position": [251.60950000000003, 243.14199999999997], "size": [16.891679763793917, 16.993230056762684], "angle": 0.0}, {"category": "Cabinet", "position": [287.1710168404163, 205.22799999999995], "size": [18.128069686889603, 14.107559967041027], "angle": 0.0}]}]}]}