{"seed": 1, "floorplan": [{"rooms": [{"category": "Bedroom", "corners": [[203.0, 195.0], [203.0, 304.0], [202.0, 305.0], [298.0, 305.0], [297.0, 304.0], [297.0, 208.0], [275.0, 208.0], [274.0, 207.0], [274.0, 195.0], [203.0, 195.0]], "objects": [{"category": "Cabinet", "position": [255.751980182524, 218.76617279867605], "size": [64.84020080566404, 18.123479461669945], "angle": 0.0}, {"category": "DoubleBed", "position": [262.55473014849605, 256.03149591581996], "size": [56.30931239256058, 69.1251273119591], "angle": -1.5707872226777824}, {"category": "Shelf", "position": [214.79076606241864, 292.1215], "size": [23.31197891235354, 11.199480056762695], "angle": 0.0}]}]}]}