{"seed": 1, "floorplan": [{"rooms": [{"category": "Bedroom", "corners": [[208.0, 207.0], [208.0, 250.0], [207.0, 251.0], [195.0, 251.0], [195.0, 293.0], [305.0, 293.0], [305.0, 207.0], [208.0, 207.0]], "objects": [{"category": "DoubleBed", "position": [271.7177935558016, 242.18172150397322], "size": [48.48703963926318, 66.67710850381165], "angle": -1.570787222677783}, {"category": "Nightstand", "position": [302.56157086997337, 212.98782063099677], "size": [16.41761925620645, 10.500095594535154], "angle": -1.5707872226777853}, {"category": "Nightstand", "position": [302.58265686820675, 273.1554880750895], "size": [16.417619256206507, 10.500095594535154], "angle": -1.570787222677782}, {"category": "PendantLamp", "position": [265.6345, 247.47099999999995], "size": [11.062121203859133, 24.567253235701973], "angle": -3.141583549472677}]}]}]}