{"seed": 1, "floorplan": [{"rooms": [{"category": "Bedroom", "corners": [[191.0, 200.0], [191.0, 300.0], [309.0, 300.0], [309.0, 200.0], [191.0, 200.0]], "objects": [{"category": "DoubleBed", "position": [258.0886, 238.0312], "size": [83.90730285644528, 75.23430175781246], "angle": 0.0}, {"category": "Nightstand", "position": [221.58173821757956, 207.35530592053087], "size": [14.126339721679699, 14.12633972167967], "angle": 0.0}, {"category": "Nightstand", "position": [294.05320000000006, 207.34720000000002], "size": [14.126339721679699, 14.12633972167967], "angle": 0.0}, {"category": "CeilingLamp", "position": [257.19129999999996, 247.6339], "size": [22.264498901367176, 18.882509994506847], "angle": 0.0}]}]}]}