{"seed": 1, "floorplan": [{"rooms": [{"category": "Bedroom", "corners": [[199.0, 213.0], [199.0, 287.0], [301.0, 287.0], [301.0, 213.0], [199.0, 213.0]], "objects": [{"category": "SingleBed", "position": [218.39130707295868, 241.1447964766063], "size": [40.97160186767579, 59.991600036621094], "angle": 0.0}, {"category": "CeilingLamp", "position": [253.74849999999998, 244.64215000000002], "size": [17.84678993225097, 17.747879791259777], "angle": 0.0}]}]}]}