{"seed": 1, "floorplan": [{"rooms": [{"category": "Bedroom", "corners": [[194.0, 199.0], [194.0, 301.0], [306.0, 301.0], [306.0, 199.0], [194.0, 199.0]], "objects": [{"category": "SingleBed", "position": [242.8945, 232.21599999999995], "size": [39.89550018310544, 63.0], "angle": 0.0}, {"category": "Nightstand", "position": [211.9855, 205.51299999999995], "size": [16.391970062255865, 9.241440010070818], "angle": 0.0}, {"category": "Nightstand", "position": [273.3375062915453, 205.91060306671483], "size": [16.391970062255893, 9.24144001007079], "angle": 0.0}, {"category": "CeilingLamp", "position": [247.38850000000002, 247.02099999999996], "size": [18.0, 18.0], "angle": 0.0}]}]}]}