{"seed": 1, "floorplan": [{"rooms": [{"category": "Bedroom", "corners": [[211.0, 189.0], [211.0, 311.0], [289.0, 311.0], [289.0, 189.0], [211.0, 189.0]], "objects": [{"category": "DoubleBed", "position": [255.56744045015938, 258.9770487168578], "size": [60.88765455058774, 65.97090090251066], "angle": -1.5707872226777833}, {"category": "Nightstand", "position": [281.7077364532506, 294.4823209153812], "size": [11.007160452633226, 11.007160452633283], "angle": -1.5707872226777824}, {"category": "Nightstand", "position": [281.4824355716238, 222.5377337430716], "size": [11.007160452633254, 11.007160452633226], "angle": -1.5707872226777824}, {"category": "PendantLamp", "position": [249.7195, 255.20950000000002], "size": [13.225680541992176, 13.225619888305658], "angle": 0.0}]}]}]}