{"seed": 1, "floorplan": [{"rooms": [{"category": "Bedroom", "corners": [[195.0, 204.0], [195.0, 296.0], [305.0, 296.0], [305.0, 204.0], [195.0, 204.0]], "objects": [{"category": "DoubleBed", "position": [254.44918426548625, 239.1513124814918], "size": [58.576799011230435, 71.77949981689454], "angle": 0.0}, {"category": "Nightstand", "position": [289.5946890536168, 210.30637768624342], "size": [9.28028984069823, 6.962339973449673], "angle": 0.0}, {"category": "PendantLamp", "position": [249.6922, 249.7783], "size": [21.338491058349632, 21.338459014892578], "angle": 0.0}, {"category": "Armchair", "position": [276.6377739206424, 278.17187531171174], "size": [34.16239717161793, 42.33707044193169], "angle": -2.356189036968433}]}]}]}