{"seed": 1, "floorplan": [{"rooms": [{"category": "Bedroom", "corners": [[206.0, 198.0], [206.0, 294.0], [269.0, 294.0], [270.0, 295.0], [270.0, 303.0], [271.0, 302.0], [293.0, 302.0], [293.0, 295.0], [294.0, 294.0], [294.0, 198.0], [206.0, 198.0]], "objects": [{"category": "PendantLamp", "position": [244.63719999999998, 245.8], "size": [24.56967086791991, 24.569609069824196], "angle": 0.0}, {"category": "DoubleBed", "position": [239.27210220246567, 253.4778599068551], "size": [60.53425320084158, 63.580478443924804], "angle": -1.570805430912011}, {"category": "Cabinet", "position": [233.19929739070943, 207.45226721071913], "size": [52.7898010253906, 18.5175899505615], "angle": 0.0}]}]}]}