{"seed": 1, "floorplan": [{"rooms": [{"category": "Bedroom", "corners": [[210.0, 195.0], [210.0, 305.0], [290.0, 305.0], [290.0, 195.0], [210.0, 195.0]], "objects": [{"category": "DoubleBed", "position": [258.1498142010244, 247.49782652020247], "size": [41.03767372335165, 63.49737984802656], "angle": -1.5707872226777824}]}]}]}