{"seed": 1, "floorplan": [{"rooms": [{"category": "Bedroom", "corners": [[248.0, 177.0], [248.0, 194.0], [247.0, 195.0], [200.0, 195.0], [200.0, 323.0], [232.0, 323.0], [232.0, 298.0], [233.0, 297.0], [235.0, 297.0], [236.0, 298.0], [236.0, 314.0], [300.0, 314.0], [300.0, 195.0], [292.0, 195.0], [291.0, 194.0], [291.0, 177.0], [248.0, 177.0]], "objects": [{"category": "Table", "position": [208.75, 219.09999999999997], "size": [15.914154742165774, 35.55752434389809], "angle": -9.10411711359473e-06}, {"category": "DoubleBed", "position": [266.9385675212619, 251.3209], "size": [64.70338753181329, 59.05193684915316], "angle": -3.1415835494726796}, {"category": "CeilingLamp", "position": [251.473, 248.67459999999997], "size": [11.961269760131813, 11.937030029296892], "angle": 0.0}]}]}]}