{"seed": 1, "floorplan": [{"rooms": [{"category": "Bedroom", "corners": [[188.0, 209.0], [188.0, 291.0], [312.0, 291.0], [312.0, 209.0], [188.0, 209.0]], "objects": [{"category": "DoubleBed", "position": [241.18340725910213, 241.07729297015186], "size": [52.763099670410156, 64.44029846191407], "angle": 0.0}, {"category": "Cabinet", "position": [280.69895316287614, 215.00411443298762], "size": [14.576100540161121, 9.973919677734358], "angle": 0.0}, {"category": "Cabinet", "position": [202.89599328688348, 215.23488463213855], "size": [14.576100540161121, 9.973919677734386], "angle": 0.0}, {"category": "PendantLamp", "position": [244.267, 249.99849999999998], "size": [20.296259307861334, 18.390750503540062], "angle": 0.0}]}]}]}