{"seed": 1, "floorplan": [{"rooms": [{"category": "Bedroom", "corners": [[198.0, 196.0], [198.0, 304.0], [302.0, 304.0], [302.0, 196.0], [198.0, 196.0]], "objects": [{"category": "DoubleBed", "position": [269.23, 259.35400000000004], "size": [68.1147192482978, 65.55779747114138], "angle": -1.5707872226777826}, {"category": "Cabinet", "position": [272.0233333328788, 204.40600000000006], "size": [60.0, 15.156270217895496], "angle": 0.0}, {"category": "PendantLamp", "position": [249.51399999999995, 257.884], "size": [28.825891113281216, 28.825891113281216], "angle": 0.0}]}]}]}