{"seed": 1, "floorplan": [{"rooms": [{"category": "Bedroom", "corners": [[209.0, 166.0], [209.0, 334.0], [291.0, 334.0], [291.0, 233.0], [239.0, 233.0], [238.0, 232.0], [238.0, 167.0], [239.0, 166.0], [209.0, 166.0]], "objects": [{"category": "DoubleBed", "position": [253.76987269618309, 287.9268280140691], "size": [68.92862588918993, 72.47045806134943], "angle": -1.5707872226777824}, {"category": "Nightstand", "position": [287.7379079381893, 257.00765583968575], "size": [11.520000457763615, 11.520000457763729], "angle": 0.0}, {"category": "Nightstand", "position": [287.04107435974487, 326.01497794712645], "size": [11.520000457763672, 11.520000457763672], "angle": 0.0}, {"category": "PendantLamp", "position": [241.9225, 281.815], "size": [15.303210067748978, 15.084149551391647], "angle": 0.0}]}]}]}