{"seed": 1, "floorplan": [{"rooms": [{"category": "Bedroom", "corners": [[216.0, 178.0], [216.0, 184.0], [215.0, 185.0], [215.0, 207.0], [214.0, 208.0], [197.0, 208.0], [197.0, 322.0], [303.0, 322.0], [303.0, 208.0], [283.0, 208.0], [282.0, 207.0], [282.0, 178.0], [216.0, 178.0]], "objects": [{"category": "CornerSideTable", "position": [205.14193474325623, 218.23074440050675], "size": [17.633890094954026, 15.611752162995002], "angle": -9.104117113127941e-06}, {"category": "DoubleBed", "position": [232.86844982588343, 259.35057182684227], "size": [70.22193905531965, 56.54661466286138], "angle": -9.104117114298185e-06}]}]}]}