{"seed": 1, "floorplan": [{"rooms": [{"category": "Bedroom", "corners": [[210.0, 193.0], [210.0, 307.0], [261.0, 307.0], [261.0, 301.0], [262.0, 300.0], [262.0, 283.0], [263.0, 282.0], [290.0, 282.0], [290.0, 193.0], [210.0, 193.0]], "objects": [{"category": "DoubleBed", "position": [243.22037829327633, 231.64711791526608], "size": [65.8025979786526, 66.92370803893202], "angle": -9.104117114208762e-06}, {"category": "Table", "position": [227.3059290409035, 292.9951930604027], "size": [64.43820190429688, 25.166040802001987], "angle": 0.0}, {"category": "Armchair", "position": [238.60435476802726, 283.4033696193265], "size": [13.499999999999972, 16.577519989013695], "angle": 0.0}, {"category": "CeilingLamp", "position": [247.0300000000001, 232.4815], "size": [24.00000000000003, 24.0], "angle": 0.0}]}]}]}