{"seed": 1, "floorplan": [{"rooms": [{"category": "Bedroom", "corners": [[240.0, 177.0], [240.0, 229.0], [239.0, 230.0], [203.0, 230.0], [203.0, 323.0], [297.0, 323.0], [297.0, 177.0], [240.0, 177.0]], "objects": [{"category": "DoubleBed", "position": [260.59436539506737, 260.5262287096263], "size": [62.863472099290846, 73.16106493468142], "angle": -1.5707872226777824}, {"category": "Nightstand", "position": [290.0620187804956, 224.65823273065698], "size": [13.02404893189324, 17.03835473536157], "angle": -3.141583549472678}, {"category": "CeilingLamp", "position": [258.31450000000007, 262.3126], "size": [18.43339764845576, 18.869391760637598], "angle": -1.5707872226777826}]}]}]}