{"seed": 1, "floorplan": [{"rooms": [{"category": "Bedroom", "corners": [[201.0, 198.0], [201.0, 302.0], [299.0, 302.0], [299.0, 199.0], [267.0, 199.0], [266.0, 198.0], [265.0, 199.0], [260.0, 199.0], [259.0, 198.0], [201.0, 198.0]], "objects": [{"category": "DoubleBed", "position": [241.1092103617009, 257.6381287505502], "size": [79.63842950866288, 80.78773806785338], "angle": -9.104117113934405e-06}, {"category": "Nightstand", "position": [204.96649412914633, 292.2059267399016], "size": [13.83915606894437, 24.00021850179466], "angle": -9.104117114474763e-06}, {"category": "Nightstand", "position": [205.28902016547184, 218.77871966555583], "size": [13.839156068944398, 24.00021850179463], "angle": -9.104117114474744e-06}]}]}]}