{"seed": 1, "floorplan": [{"rooms": [{"category": "Bedroom", "corners": [[209.0, 190.0], [209.0, 309.0], [208.0, 310.0], [291.0, 310.0], [291.0, 191.0], [292.0, 190.0], [209.0, 190.0]], "objects": [{"category": "DoubleBed", "position": [244.4318439553881, 241.4290572060568], "size": [65.80259797865263, 66.92370803893196], "angle": -9.104117113776835e-06}, {"category": "Nightstand", "position": [214.17475916230438, 280.2276529896787], "size": [14.100128369804333, 10.530095409894564], "angle": -1.5708054309120103}, {"category": "Nightstand", "position": [211.5502154870124, 199.93067975311328], "size": [10.530095409894564, 14.100128369804361], "angle": -9.104117111144592e-06}, {"category": "PendantLamp", "position": [246.21370000000002, 241.7527], "size": [17.176356861505788, 16.91829367526563], "angle": -3.1415835494726783}]}]}]}