{"seed": 1, "floorplan": [{"rooms": [{"category": "Bedroom", "corners": [[205.0, 190.0], [205.0, 291.0], [251.0, 291.0], [252.0, 292.0], [252.0, 310.0], [295.0, 310.0], [295.0, 190.0], [205.0, 190.0]], "objects": [{"category": "DoubleBed", "position": [260.6294347404338, 244.59411946270808], "size": [69.33603011095789, 62.3243680701085], "angle": -3.1415835494726796}, {"category": "Nightstand", "position": [288.8993102501876, 207.0690847024316], "size": [12.533094068485578, 13.016877998688026], "angle": -1.5707872226777837}, {"category": "Nightstand", "position": [288.9983285715152, 286.0569048120266], "size": [16.562130841027898, 16.490819766995905], "angle": -1.5707872226777835}, {"category": "Cabinet", "position": [225.88, 286.0589501200358], "size": [41.30370025634764, 9.29330978393557], "angle": 3.141592653589793}]}]}]}