{"seed": 1, "floorplan": [{"rooms": [{"category": "Bedroom", "corners": [[205.0, 199.0], [205.0, 301.0], [295.0, 301.0], [295.0, 199.0], [205.0, 199.0]], "objects": [{"category": "Cabinet", "position": [241.84566729721914, 292.3255], "size": [71.47710113525392, 13.847339630126953], "angle": 3.141592653589793}, {"category": "DoubleBed", "position": [241.64962283667478, 244.80710794354673], "size": [72.5505582778992, 49.23314628545206], "angle": -9.104117114123996e-06}]}]}]}