{"seed": 1, "floorplan": [{"rooms": [{"category": "Bedroom", "corners": [[190.0, 208.0], [190.0, 292.0], [310.0, 292.0], [310.0, 210.0], [291.0, 210.0], [290.0, 209.0], [290.0, 208.0], [190.0, 208.0]], "objects": [{"category": "DoubleBed", "position": [255.96767312314063, 255.5162355269223], "size": [58.576799011230435, 71.77949981689451], "angle": 3.141592653589793}, {"category": "Nightstand", "position": [293.96833077888215, 287.8660026083777], "size": [36.01920089721682, 12.653400421142578], "angle": 3.141592653589793}, {"category": "Nightstand", "position": [216.9287947138731, 287.7267691644933], "size": [36.01920089721676, 12.653400421142578], "angle": 3.141592653589793}, {"category": "CeilingLamp", "position": [251.14299999999997, 248.12650000000002], "size": [15.151289749145576, 15.15128974914549], "angle": 0.0}]}]}]}