{"seed": 1, "floorplan": [{"rooms": [{"category": "Bedroom", "corners": [[210.0, 187.0], [210.0, 313.0], [290.0, 313.0], [290.0, 187.0], [210.0, 187.0]], "objects": [{"category": "DoubleBed", "position": [243.39799973596985, 255.59049999999996], "size": [66.1098013980398, 53.222885977815444], "angle": -9.104117113964053e-06}]}]}]}