{"seed": 1, "floorplan": [{"rooms": [{"category": "Bedroom", "corners": [[206.0, 203.0], [206.0, 261.0], [205.0, 262.0], [172.0, 262.0], [172.0, 297.0], [328.0, 297.0], [328.0, 203.0], [206.0, 203.0]], "objects": [{"category": "SingleBed", "position": [252.01456275376592, 232.00541175100076], "size": [92.02499999999998, 56.5082977294922], "angle": 0.0}, {"category": "Table", "position": [303.48353677973506, 216.55562219736828], "size": [54.0, 27.645780944824224], "angle": 0.0}, {"category": "Chair", "position": [308.66492389731707, 231.07512711595388], "size": [16.816620254516636, 18.672840499877935], "angle": 3.141592653589793}, {"category": "CeilingLamp", "position": [263.3578, 262.46020000000004], "size": [30.560700988769554, 30.509099578857445], "angle": 0.0}]}]}]}