{"seed": 1, "floorplan": [{"rooms": [{"category": "Bedroom", "corners": [[184.0, 195.0], [184.0, 305.0], [213.0, 305.0], [213.0, 286.0], [214.0, 285.0], [316.0, 285.0], [316.0, 195.0], [184.0, 195.0]], "objects": [{"category": "DoubleBed", "position": [259.23355000000004, 227.22834999999998], "size": [48.60720062255862, 61.94459838867189], "angle": 0.0}, {"category": "Cabinet", "position": [193.33735000000001, 227.36395], "size": [7.7333502060614645, 37.85074437945173], "angle": -9.104117115608169e-06}, {"category": "PendantLamp", "position": [295.96585000000005, 210.47034970485038], "size": [28.62179946899414, 28.62179946899414], "angle": 0.0}, {"category": "CeilingLamp", "position": [261.24325, 241.14804999999996], "size": [16.61588973999025, 16.615889739990223], "angle": 0.0}]}]}]}