{"seed": 1, "floorplan": [{"rooms": [{"category": "Bedroom", "corners": [[206.0, 202.0], [206.0, 298.0], [239.0, 298.0], [239.0, 274.0], [240.0, 273.0], [294.0, 273.0], [294.0, 202.0], [206.0, 202.0]], "objects": [{"category": "DoubleBed", "position": [258.2971128513942, 235.62423837563415], "size": [72.0960543231286, 70.99594665132396], "angle": -1.5707872226777824}, {"category": "PendantLamp", "position": [249.44650000000001, 242.98300000000003], "size": [24.271499633789062, 24.27149963378909], "angle": 0.0}]}]}]}