{"seed": 1, "floorplan": [{"rooms": [{"category": "Bedroom", "corners": [[208.0, 198.0], [208.0, 266.0], [207.0, 267.0], [193.0, 267.0], [193.0, 302.0], [307.0, 302.0], [307.0, 198.0], [208.0, 198.0]], "objects": [{"category": "DoubleBed", "position": [258.6352672686928, 265.6436196320191], "size": [56.89080047607416, 71.58960113525393], "angle": 3.141592653589793}, {"category": "TVStand", "position": [248.82557329843027, 204.99389217819527], "size": [52.356898498535145, 14.33601036071778], "angle": 0.0}, {"category": "PendantLamp", "position": [259.333, 254.86449999999996], "size": [13.452569961547852, 13.457130432128878], "angle": 0.0}]}]}]}