{"seed": 1, "floorplan": [{"rooms": [{"category": "Bedroom", "corners": [[314.0, 203.0], [313.0, 204.0], [186.0, 204.0], [186.0, 241.0], [210.0, 241.0], [211.0, 242.0], [211.0, 296.0], [314.0, 296.0], [314.0, 203.0]], "objects": [{"category": "DoubleBed", "position": [268.0525, 258.2274990235088], "size": [83.90730285644534, 75.23430175781255], "angle": 3.141592653589793}, {"category": "Nightstand", "position": [301.75750000000005, 289.36936682129726], "size": [14.126339721679699, 14.126339721679642], "angle": 3.141592653589793}, {"category": "TVStand", "position": [266.7385, 210.90999999999997], "size": [29.60028076171875, 5.243309783935558], "angle": 0.0}]}]}]}