{"seed": 1, "floorplan": [{"rooms": [{"category": "Bedroom", "corners": [[209.0, 200.0], [209.0, 300.0], [291.0, 300.0], [291.0, 200.0], [209.0, 200.0]], "objects": [{"category": "DoubleBed", "position": [255.9453321323327, 246.98949999999996], "size": [53.290983521614436, 68.61752686548891], "angle": -1.5707872226777821}, {"category": "CeilingLamp", "position": [250.00749999999994, 244.76049999999998], "size": [20.99999999999997, 20.99999999999997], "angle": 0.0}]}]}]}