{"seed": 1, "floorplan": [{"rooms": [{"category": "Bedroom", "corners": [[207.0, 191.0], [207.0, 309.0], [263.0, 309.0], [263.0, 280.0], [264.0, 279.0], [293.0, 279.0], [293.0, 191.0], [207.0, 191.0]], "objects": [{"category": "Nightstand", "position": [216.7307335334325, 276.0679036992687], "size": [13.807325182227084, 17.427968954468273], "angle": -9.10411711405702e-06}, {"category": "Nightstand", "position": [212.9251420306857, 199.17089745006615], "size": [13.807325182227084, 17.42796895446822], "angle": -9.10411711405702e-06}, {"category": "DoubleBed", "position": [240.72302688273817, 238.27174754728222], "size": [66.89670889176028, 57.15712131964359], "angle": -9.104117113951366e-06}, {"category": "PendantLamp", "position": [249.84400000000005, 237.14950000000005], "size": [31.926686403040957, 14.113851400469867], "angle": -1.555369398742085}]}]}]}