{"seed": 1, "floorplan": [{"rooms": [{"category": "Bedroom", "corners": [[193.0, 187.0], [193.0, 285.0], [194.0, 285.0], [195.0, 284.0], [281.0, 284.0], [282.0, 285.0], [282.0, 313.0], [307.0, 313.0], [307.0, 252.0], [306.0, 253.0], [280.0, 253.0], [279.0, 252.0], [279.0, 187.0], [193.0, 187.0]], "objects": [{"category": "DoubleBed", "position": [225.15700097656253, 227.02300000000002], "size": [63.49737984802656, 41.03767372335165], "angle": -9.104117114114032e-06}, {"category": "Cabinet", "position": [310.15102150029725, 298.873], "size": [48.34649963378911, 17.708969879150402], "angle": 3.141592653589793}, {"category": "CeilingLamp", "position": [235.966, 228.78400000000002], "size": [16.61588973999025, 16.615889739990223], "angle": 0.0}]}]}]}