{"seed": 1, "floorplan": [{"rooms": [{"category": "Bedroom", "corners": [[211.0, 196.0], [211.0, 304.0], [289.0, 304.0], [289.0, 196.0], [211.0, 196.0]], "objects": [{"category": "DoubleBed", "position": [251.85575989686302, 264.3705323642684], "size": [73.16106493468143, 62.863472099290874], "angle": -3.141583549472679}, {"category": "Nightstand", "position": [282.61667596284036, 228.11954829440717], "size": [17.03835473536154, 13.02404893189324], "angle": -1.5707872226777817}, {"category": "CeilingLamp", "position": [249.03249999999997, 255.5395], "size": [18.433229827880837, 18.869219970703114], "angle": 0.0}]}]}]}