{"seed": 1, "floorplan": [{"rooms": [{"category": "Bedroom", "corners": [[207.0, 198.0], [207.0, 303.0], [208.0, 302.0], [292.0, 302.0], [293.0, 303.0], [293.0, 198.0], [207.0, 198.0]], "objects": [{"category": "DoubleBed", "position": [242.49285857499407, 248.22722321508564], "size": [69.04412987044401, 64.53868724085181], "angle": -9.1041171140213e-06}, {"category": "Cabinet", "position": [216.32702885753793, 272.05237850490806], "size": [12.000139005806934, 60.00054625448656], "angle": -9.104117114933473e-06}, {"category": "Nightstand", "position": [213.43085265336853, 217.65945796253655], "size": [16.490819766995905, 16.562130841027898], "angle": -9.104117114472233e-06}]}]}]}