{"seed": 1, "floorplan": [{"rooms": [{"category": "Bedroom", "corners": [[207.0, 192.0], [207.0, 308.0], [293.0, 308.0], [293.0, 192.0], [207.0, 192.0]], "objects": [{"category": "DoubleBed", "position": [260.5598700452534, 226.5971722159386], "size": [63.47730102539063, 68.5259994506836], "angle": 0.0}, {"category": "Cabinet", "position": [236.000849567484, 196.2030761384227], "size": [15.404819869995123, 12.901770401000988], "angle": 0.0}, {"category": "Armchair", "position": [225.27315406428812, 274.520096505837], "size": [21.571529388427756, 20.17034912109373], "angle": -1.2539810822782904}, {"category": "PendantLamp", "position": [251.767, 246.35350000000003], "size": [26.209680175781244, 25.1219100952149], "angle": 0.0}]}]}]}