{"seed": 1, "floorplan": [{"rooms": [{"category": "Bedroom", "corners": [[207.0, 199.0], [207.0, 301.0], [293.0, 301.0], [293.0, 199.0], [207.0, 199.0]], "objects": [{"category": "DoubleBed", "position": [259.8725158390099, 230.91437379355145], "size": [63.49737984802656, 41.037673723351624], "angle": -3.1415835494726796}, {"category": "Nightstand", "position": [286.0066832046882, 266.62404269784486], "size": [8.919891312474883, 7.339806622262767], "angle": -1.5707872226777893}, {"category": "CeilingLamp", "position": [251.24949999999995, 252.49149999999995], "size": [18.592589950561518, 18.595109939575224], "angle": 0.0}]}]}]}