{"seed": 1, "floorplan": [{"rooms": [{"category": "Bedroom", "corners": [[208.0, 191.0], [208.0, 309.0], [292.0, 309.0], [292.0, 191.0], [208.0, 191.0]], "objects": [{"category": "DoubleBed", "position": [243.24844118613046, 256.9169431510577], "size": [70.06743783182152, 63.88048117519727], "angle": -9.104117114065085e-06}, {"category": "Cabinet", "position": [215.9135137201598, 298.1195111768374], "size": [13.196249748904359, 15.342770069363942], "angle": -9.104117110896033e-06}]}]}]}