{"seed": 1, "floorplan": [{"rooms": [{"category": "Bedroom", "corners": [[197.0, 189.0], [197.0, 311.0], [303.0, 311.0], [303.0, 189.0], [197.0, 189.0]], "objects": [{"category": "DoubleBed", "position": [268.5004770844298, 241.746705518972], "size": [56.30931239256055, 69.12512731195919], "angle": -1.5707872226777824}, {"category": "Table", "position": [205.18162093964386, 224.66408295613243], "size": [19.241724099384864, 37.104038057393225], "angle": -9.104117113890982e-06}]}]}]}