{"seed": 1, "floorplan": [{"rooms": [{"category": "Bedroom", "corners": [[202.0, 206.0], [202.0, 294.0], [298.0, 294.0], [298.0, 206.0], [202.0, 206.0]], "objects": [{"category": "DoubleBed", "position": [254.8888009597863, 238.83402952594045], "size": [55.31999816894535, 66.04709930419918], "angle": 0.0}, {"category": "Nightstand", "position": [223.8656782595756, 210.69837915957447], "size": [15.871229553222634, 14.7241195678711], "angle": 0.0}, {"category": "Nightstand", "position": [288.8299464992474, 210.87929543299802], "size": [15.87122955322269, 14.724119567871071], "angle": 0.0}, {"category": "PendantLamp", "position": [254.10850000000005, 252.466], "size": [38.06100082397464, 33.80459976196289], "angle": 0.0}]}]}]}