{"seed": 1, "floorplan": [{"rooms": [{"category": "Bedroom", "corners": [[153.0, 205.0], [153.0, 295.0], [282.0, 295.0], [282.0, 241.0], [283.0, 240.0], [347.0, 240.0], [347.0, 205.0], [153.0, 205.0]], "objects": [{"category": "DoubleBed", "position": [214.37189336220456, 260.7606860113111], "size": [68.11260223388675, 67.72260131835941], "angle": 3.141592653589793}, {"category": "Nightstand", "position": [253.68305626468003, 288.63298012980067], "size": [17.328600311279274, 12.576809692382767], "angle": 0.0}, {"category": "Nightstand", "position": [175.71462259306824, 288.56673590843707], "size": [17.32860031127933, 12.576809692382767], "angle": 0.0}, {"category": "CeilingLamp", "position": [211.69020848917222, 246.98495448938036], "size": [15.176729965209972, 13.143420410156239], "angle": 0.0}]}]}]}