{"seed": 1, "floorplan": [{"rooms": [{"category": "Bedroom", "corners": [[232.0, 206.0], [232.0, 223.0], [231.0, 224.0], [200.0, 224.0], [200.0, 294.0], [300.0, 294.0], [300.0, 206.0], [232.0, 206.0]], "objects": [{"category": "DoubleBed", "position": [270.0925, 256.8805], "size": [56.5337147651452, 51.27406757628405], "angle": -3.1415835494726787}, {"category": "PendantLamp", "position": [247.5445, 256.97950000000003], "size": [17.625090408325207, 17.564459609985363], "angle": 0.0}]}]}]}