{"seed": 1, "floorplan": [{"rooms": [{"category": "Bedroom", "corners": [[202.0, 195.0], [202.0, 305.0], [298.0, 305.0], [298.0, 195.0], [202.0, 195.0]], "objects": [{"category": "DoubleBed", "position": [265.99134370049177, 244.5481], "size": [64.44088514194988, 52.76358003840887], "angle": -3.1415835494726787}, {"category": "Cabinet", "position": [291.8658317132002, 206.21676387184598], "size": [14.576233244499747, 9.974010482707268], "angle": -1.5707872226777817}, {"category": "Cabinet", "position": [291.8658317132002, 283.66093612815405], "size": [14.576233244499747, 9.974010482707268], "angle": -1.5707872226777817}, {"category": "PendantLamp", "position": [257.07099999999997, 247.6321], "size": [18.39091793737294, 20.29644408990645], "angle": -3.1415835494726805}]}]}]}