{"seed": 1, "floorplan": [{"rooms": [{"category": "Bedroom", "corners": [[198.0, 208.0], [198.0, 292.0], [302.0, 292.0], [302.0, 208.0], [198.0, 208.0]], "objects": [{"category": "DoubleBed", "position": [241.94435130138837, 244.90858537988063], "size": [68.92799835205079, 72.46979827880855], "angle": 0.0}, {"category": "Nightstand", "position": [280.8681831505629, 212.82580841620916], "size": [18.000000000000057, 13.499999999999972], "angle": 0.0}, {"category": "Nightstand", "position": [205.42331286711396, 212.8973508351253], "size": [18.0, 13.499999999999972], "angle": 0.0}]}]}]}