{"seed": 1, "floorplan": [{"rooms": [{"category": "Bedroom", "corners": [[200.0, 192.0], [200.0, 194.0], [199.0, 195.0], [199.0, 288.0], [242.0, 288.0], [243.0, 289.0], [243.0, 308.0], [301.0, 308.0], [301.0, 192.0], [200.0, 192.0]], "objects": [{"category": "DoubleBed", "position": [266.1549493086961, 240.80199999999996], "size": [60.88765455058774, 65.97090090251066], "angle": -1.5707872226777826}, {"category": "Nightstand", "position": [291.1173995265758, 276.3351263784526], "size": [11.007160452633283, 11.007160452633226], "angle": -1.5707872226777824}, {"category": "Nightstand", "position": [291.3515862498203, 204.8308736215473], "size": [11.007160452633254, 11.007160452633283], "angle": -1.5707872226777824}]}]}]}