{"seed": 1, "floorplan": [{"rooms": [{"category": "Bedroom", "corners": [[208.0, 187.0], [208.0, 313.0], [292.0, 313.0], [292.0, 187.0], [208.0, 187.0]], "objects": [{"category": "SingleBed", "position": [268.96, 279.59033376060177], "size": [45.118798828124994, 65.72639923095704], "angle": 3.141592653589793}, {"category": "Table", "position": [261.734332987535, 200.6116497395763], "size": [60.232200622558594, 26.41376953125001], "angle": 0.0}, {"category": "CeilingLamp", "position": [249.358, 251.467], "size": [15.17672996521, 13.143420410156239], "angle": 0.0}]}]}]}