{"seed": 1, "floorplan": [{"rooms": [{"category": "Bedroom", "corners": [[196.0, 201.0], [196.0, 299.0], [304.0, 299.0], [304.0, 201.0], [196.0, 201.0]], "objects": [{"category": "DoubleBed", "position": [262.9406621852909, 267.3159208211126], "size": [81.85979919433595, 62.889001464843744], "angle": 3.141592653589793}, {"category": "PendantLamp", "position": [247.47069999999997, 247.8985], "size": [47.269798278808565, 30.862200164794928], "angle": 0.0}, {"category": "Shelf", "position": [203.58466734650733, 266.306068681495], "size": [10.228499333196417, 11.737044673475465], "angle": -0.7853927101735407}, {"category": "Armchair", "position": [287.89106794896, 226.98247494193777], "size": [16.791450119018577, 18.433349990844704], "angle": 3.141592653589793}]}]}]}