{"seed": 1, "floorplan": [{"rooms": [{"category": "Bedroom", "corners": [[208.0, 190.0], [208.0, 310.0], [292.0, 310.0], [292.0, 190.0], [208.0, 190.0]], "objects": [{"category": "DoubleBed", "position": [239.7537328707644, 251.59245536848087], "size": [63.09987256694787, 29.249307275438532], "angle": -9.104117114256242e-06}, {"category": "Nightstand", "position": [212.18109525937638, 224.18118790247684], "size": [12.6535156207551, 36.01952882471835], "angle": -9.104117115161832e-06}, {"category": "Table", "position": [217.21787638136374, 284.77539153712047], "size": [19.241724099384808, 37.104038057393225], "angle": -9.10411711389101e-06}, {"category": "Cabinet", "position": [287.64549999999997, 264.25145], "size": [9.0300823257422, 86.10078387518826], "angle": -3.1415835494726756}]}]}]}