{"seed": 1, "floorplan": [{"rooms": [{"category": "Bedroom", "corners": [[203.0, 199.0], [203.0, 301.0], [297.0, 301.0], [297.0, 199.0], [203.0, 199.0]], "objects": [{"category": "DoubleBed", "position": [264.69100000000003, 257.5915], "size": [62.45036866792153, 62.84967039893092], "angle": -1.5707872226777826}]}]}]}