{"seed": 1, "floorplan": [{"rooms": [{"category": "Bedroom", "corners": [[200.0, 177.0], [200.0, 323.0], [300.0, 323.0], [300.0, 177.0], [200.0, 177.0]], "objects": [{"category": "DoubleBed", "position": [265.398596499409, 243.77576853127994], "size": [63.49737984802656, 41.03767372335165], "angle": -3.1415835494726787}, {"category": "Table", "position": [290.4517514125212, 198.64532696462012], "size": [40.65517207205063, 18.785991037965243], "angle": -1.5707872226777837}, {"category": "Nightstand", "position": [292.39460187354575, 282.202449849706], "size": [8.91989131247494, 7.339806622262767], "angle": -1.5707872226777893}, {"category": "Armchair", "position": [272.2482209718945, 199.5069306616598], "size": [18.441018338563293, 15.053987227836803], "angle": -9.104117114552573e-06}]}]}]}