{"seed": 1, "floorplan": [{"rooms": [{"category": "Bedroom", "corners": [[206.0, 202.0], [206.0, 298.0], [294.0, 298.0], [294.0, 202.0], [206.0, 202.0]], "objects": [{"category": "DoubleBed", "position": [260.7648950474436, 249.52120246391706], "size": [52.93206821984452, 58.611045917640965], "angle": -1.5724553139663158}, {"category": "Nightstand", "position": [287.35513461314997, 213.2515178144128], "size": [20.247904677048666, 13.433732837501681], "angle": -1.5707872226777841}]}]}]}