{"seed": 1, "floorplan": [{"rooms": [{"category": "Bedroom", "corners": [[201.0, 206.0], [201.0, 294.0], [300.0, 294.0], [300.0, 206.0], [201.0, 206.0]], "objects": [{"category": "DoubleBed", "position": [259.04499859598945, 239.0518677031904], "size": [60.88710021972662, 65.97030029296874], "angle": 0.0}, {"category": "Nightstand", "position": [220.1397462580515, 208.27237108563784], "size": [11.007060241699236, 11.007060241699236], "angle": 0.0}, {"category": "CeilingLamp", "position": [254.125, 246.80079999999998], "size": [18.755489730835023, 18.760860443115234], "angle": 0.0}, {"category": "TVStand", "position": [263.698, 287.6129502634684], "size": [50.849999999999994, 12.690029525756813], "angle": 3.141592653589793}]}]}]}