{"seed": 1, "floorplan": [{"rooms": [{"category": "Bedroom", "corners": [[192.0, 197.0], [192.0, 303.0], [308.0, 303.0], [308.0, 218.0], [229.0, 218.0], [227.0, 216.0], [227.0, 197.0], [192.0, 197.0]], "objects": [{"category": "Nightstand", "position": [219.18712392660416, 295.12400206018106], "size": [15.20289001464846, 15.71714973449707], "angle": 3.141592653589793}, {"category": "Nightstand", "position": [293.9549760733958, 295.12400206018106], "size": [15.20289001464846, 15.71714973449707], "angle": 3.141592653589793}, {"category": "DoubleBed", "position": [257.26480000000004, 267.9141329266638], "size": [65.34029846191407, 66.45660095214842], "angle": 3.141592653589793}]}]}]}