{"seed": 1, "floorplan": [{"rooms": [{"category": "Bedroom", "corners": [[195.0, 212.0], [195.0, 257.0], [224.0, 257.0], [225.0, 258.0], [225.0, 288.0], [305.0, 288.0], [305.0, 212.0], [195.0, 212.0]], "objects": [{"category": "SingleBed", "position": [265.79365, 271.0288], "size": [64.33738383344667, 34.07160993699147], "angle": -3.1415835494726796}]}]}]}