{"seed": 1, "floorplan": [{"rooms": [{"category": "Bedroom", "corners": [[201.0, 187.0], [201.0, 290.0], [239.0, 290.0], [240.0, 291.0], [240.0, 313.0], [299.0, 313.0], [299.0, 187.0], [201.0, 187.0]], "objects": [{"category": "DoubleBed", "position": [267.3937264846045, 253.00865460159434], "size": [73.01226292078462, 42.8157904975462], "angle": -1.5707872226777821}, {"category": "Table", "position": [290.9165399361798, 204.66239498691985], "size": [17.98234411877515, 35.92832773806157], "angle": -3.1415835494726787}, {"category": "PendantLamp", "position": [249.4669, 236.61039999999997], "size": [21.99984054565431, 20.738369750976574], "angle": 0.0}]}]}]}