{"seed": 1, "floorplan": [{"rooms": [{"category": "Bedroom", "corners": [[195.0, 171.0], [195.0, 283.0], [272.0, 283.0], [273.0, 284.0], [273.0, 329.0], [305.0, 329.0], [305.0, 172.0], [306.0, 171.0], [195.0, 171.0]], "objects": [{"category": "LoungeChair", "position": [274.9856609290965, 229.27131273487245], "size": [23.366132223601504, 46.51422504758698], "angle": -9.104117113189063e-06}, {"category": "DoubleBed", "position": [228.85919005905293, 229.77586907825264], "size": [64.22638428773297, 59.12483637758815], "angle": -9.104117114259183e-06}, {"category": "Nightstand", "position": [201.94795166251774, 192.60698769183654], "size": [10.9849003470196, 11.721587275491846], "angle": -9.104117116442185e-06}, {"category": "Nightstand", "position": [201.4310193909311, 266.52809337082033], "size": [10.9849003470196, 11.721587275491846], "angle": -9.104117113854841e-06}]}]}]}