{"seed": 1, "floorplan": [{"rooms": [{"category": "Bedroom", "corners": [[196.0, 211.0], [196.0, 289.0], [304.0, 289.0], [304.0, 257.0], [280.0, 257.0], [279.0, 256.0], [279.0, 211.0], [196.0, 211.0]], "objects": [{"category": "DoubleBed", "position": [233.3580453542972, 230.44168952911093], "size": [89.63310241699216, 32.686500549316406], "angle": 0.0}, {"category": "Table", "position": [243.99286913060183, 281.65116861437866], "size": [36.186300659179665, 14.819490051269497], "angle": 3.141592653589793}, {"category": "Chair", "position": [240.99485614175677, 263.2169238570649], "size": [18.006420135498047, 15.091679763793934], "angle": 0.0}, {"category": "CeilingLamp", "position": [237.26201540291038, 246.07208533691102], "size": [41.944500732421886, 11.69352035522462], "angle": 0.0}]}]}]}