{"seed": 1, "floorplan": [{"rooms": [{"category": "Bedroom", "corners": [[205.0, 195.0], [205.0, 305.0], [295.0, 305.0], [295.0, 195.0], [205.0, 195.0]], "objects": [{"category": "PendantLamp", "position": [244.96495000000002, 252.62380000000005], "size": [19.7178909301758, 18.33779983520509], "angle": 0.0}, {"category": "Cabinet", "position": [257.9513165477889, 297.7765355275378], "size": [71.47710113525392, 13.847339630126953], "angle": 3.141592653589793}, {"category": "Cabinet", "position": [213.52015, 240.3976], "size": [13.847465699650297, 71.47775188004027], "angle": -9.104117114722811e-06}, {"category": "DoubleBed", "position": [258.25683081196894, 247.88177714672898], "size": [72.47045806134943, 68.92862588918995], "angle": -3.141583549472679}]}]}]}