{"seed": 1, "floorplan": [{"rooms": [{"category": "Bedroom", "corners": [[209.0, 193.0], [209.0, 306.0], [208.0, 307.0], [246.0, 307.0], [246.0, 306.0], [247.0, 305.0], [291.0, 305.0], [291.0, 194.0], [292.0, 193.0], [209.0, 193.0]], "objects": [{"category": "PendantLamp", "position": [248.488, 238.1695], "size": [8.049029731750466, 8.049029731750494], "angle": 0.0}, {"category": "DoubleBed", "position": [256.55983394372953, 241.42449999999997], "size": [62.37626978774712, 69.06512768124033], "angle": -1.5707872226777826}]}]}]}