{"seed": 1, "floorplan": [{"rooms": [{"category": "Bedroom", "corners": [[159.0, 174.0], [159.0, 326.0], [341.0, 326.0], [341.0, 244.0], [335.0, 244.0], [334.0, 243.0], [334.0, 238.0], [335.0, 237.0], [311.0, 237.0], [311.0, 243.0], [310.0, 244.0], [283.0, 244.0], [282.0, 243.0], [282.0, 174.0], [159.0, 174.0]], "objects": [{"category": "Cabinet", "position": [220.54472483001285, 183.28309735713412], "size": [37.18019943237303, 17.474130249023432], "angle": 0.0}, {"category": "DoubleBed", "position": [215.92071345890815, 294.0545270071881], "size": [56.005499267578074, 64.08599853515625], "angle": 3.141592653589793}]}]}]}