{"seed": 1, "floorplan": [{"rooms": [{"category": "Bedroom", "corners": [[200.0, 168.0], [200.0, 306.0], [259.0, 306.0], [260.0, 307.0], [260.0, 325.0], [271.0, 325.0], [272.0, 326.0], [272.0, 333.0], [273.0, 332.0], [298.0, 332.0], [298.0, 326.0], [299.0, 325.0], [300.0, 325.0], [300.0, 168.0], [200.0, 168.0]], "objects": [{"category": "DoubleBed", "position": [233.34601629854455, 230.08750000000003], "size": [66.41430398717416, 60.14964581747903], "angle": -9.10411711418711e-06}, {"category": "Nightstand", "position": [206.99995, 269.6356], "size": [12.541673782216758, 14.21640941196595], "angle": -9.104117111634217e-06}, {"category": "Nightstand", "position": [206.99995, 191.1493], "size": [12.541673782216758, 14.216409411965921], "angle": -9.104117111634217e-06}, {"category": "PendantLamp", "position": [250.36045, 227.6881], "size": [28.86960067749024, 28.86957092285155], "angle": 0.0}]}]}]}