{"seed": 1, "floorplan": [{"rooms": [{"category": "Bedroom", "corners": [[201.0, 204.0], [201.0, 296.0], [276.0, 296.0], [276.0, 276.0], [277.0, 275.0], [299.0, 275.0], [299.0, 227.0], [277.0, 227.0], [276.0, 226.0], [276.0, 204.0], [201.0, 204.0]], "objects": [{"category": "SingleBed", "position": [247.21749999999997, 237.73629999999997], "size": [33.09570007324217, 58.919998168945284], "angle": 0.0}, {"category": "Table", "position": [209.2111497829905, 243.51519999999994], "size": [60.57954932855673, 33.115502294447616], "angle": -9.104117114100232e-06}]}]}]}