{"seed": 1, "floorplan": [{"rooms": [{"category": "Bedroom", "corners": [[198.0, 187.0], [198.0, 281.0], [247.0, 281.0], [248.0, 282.0], [248.0, 313.0], [302.0, 313.0], [302.0, 187.0], [198.0, 187.0]], "objects": [{"category": "DoubleBed", "position": [270.685, 235.3705], "size": [53.12448420304384, 62.436269418466], "angle": -1.5707872226777821}, {"category": "CeilingLamp", "position": [256.654, 232.8295], "size": [17.747775692018475, 17.846685252857498], "angle": -0.014926089564736036}]}]}]}