{"seed": 1, "floorplan": [{"rooms": [{"category": "Bedroom", "corners": [[211.0, 216.0], [211.0, 284.0], [289.0, 284.0], [289.0, 216.0], [211.0, 216.0]], "objects": [{"category": "SingleBed", "position": [242.10699999999997, 263.485], "size": [39.60000000000002, 25.40763015747069], "angle": 3.141592653589793}]}]}]}