{"seed": 1, "floorplan": [{"rooms": [{"category": "Bedroom", "corners": [[203.0, 208.0], [203.0, 292.0], [297.0, 292.0], [297.0, 208.0], [203.0, 208.0]], "objects": [{"category": "DoubleBed", "position": [253.8199043255379, 246.61869549093151], "size": [83.90730285644528, 75.23430175781249], "angle": 0.0}, {"category": "Nightstand", "position": [234.4319662635475, 212.4999815119522], "size": [14.126339721679699, 14.126339721679699], "angle": 0.0}, {"category": "CeilingLamp", "position": [253.46200000000005, 249.62200000000004], "size": [22.264498901367176, 18.882509994506847], "angle": 0.0}]}]}]}