{"seed": 1, "floorplan": [{"rooms": [{"category": "Bedroom", "corners": [[195.0, 193.0], [195.0, 307.0], [305.0, 307.0], [305.0, 193.0], [195.0, 193.0]], "objects": [{"category": "DoubleBed", "position": [253.60205454715816, 230.45921479280156], "size": [74.07570190429684, 74.1105010986328], "angle": 0.0}, {"category": "Table", "position": [215.76357271248537, 199.00881200400673], "size": [43.587300109863264, 15.611669540405273], "angle": 0.0}, {"category": "Nightstand", "position": [299.18322805232117, 197.1927074891742], "size": [16.5, 12.417780303955084], "angle": 0.0}]}]}]}