{"seed": 1, "floorplan": [{"rooms": [{"category": "Bedroom", "corners": [[213.0, 189.0], [213.0, 311.0], [287.0, 311.0], [287.0, 189.0], [213.0, 189.0]], "objects": [{"category": "SingleBed", "position": [247.52668713008993, 281.0510432756183], "size": [65.72699761996482, 45.11920960056311], "angle": -9.104117114549698e-06}, {"category": "Table", "position": [221.7330391524962, 216.11090419192362], "size": [18.432137642477652, 40.05606383447119], "angle": -9.104117113090096e-06}, {"category": "Chair", "position": [241.2022218461222, 220.26172758624543], "size": [14.972416432102781, 14.84251565229753], "angle": -1.5707872226777821}]}]}]}