{"seed": 1, "floorplan": [{"rooms": [{"category": "Bedroom", "corners": [[191.0, 209.0], [191.0, 291.0], [309.0, 291.0], [309.0, 209.0], [191.0, 209.0]], "objects": [{"category": "DoubleBed", "position": [268.55230000000006, 241.75742578858984], "size": [60.15990142822267, 62.516999816894554], "angle": 0.0}, {"category": "Cabinet", "position": [235.77650140905718, 214.50625145963932], "size": [13.150469970703142, 10.518389511108381], "angle": 0.0}, {"category": "Cabinet", "position": [301.8800985909429, 214.50625145963932], "size": [13.150469970703114, 10.518389511108381], "angle": 0.0}, {"category": "CeilingLamp", "position": [259.0, 250.00000000000003], "size": [21.821280670166004, 21.821280670166004], "angle": 0.0}]}]}]}