{"seed": 1, "floorplan": [{"rooms": [{"category": "Bedroom", "corners": [[196.0, 210.0], [196.0, 290.0], [304.0, 290.0], [304.0, 210.0], [196.0, 210.0]], "objects": [{"category": "DoubleBed", "position": [247.54843673720217, 244.96030483466743], "size": [63.879899597167935, 70.06679992675782], "angle": 0.0}, {"category": "Cabinet", "position": [209.766976719912, 214.00821588919513], "size": [15.342630386352567, 13.196129608154308], "angle": 0.0}, {"category": "CeilingLamp", "position": [247.3777, 253.34199999999998], "size": [19.345049285888678, 19.34504928588865], "angle": 0.0}]}]}]}