{"seed": 1, "floorplan": [{"rooms": [{"category": "Bedroom", "corners": [[196.0, 209.0], [196.0, 291.0], [304.0, 291.0], [304.0, 209.0], [196.0, 209.0]], "objects": [{"category": "DoubleBed", "position": [252.46300000000002, 257.8618004760742], "size": [61.28339996337888, 66.66839904785161], "angle": 3.141592653589793}]}]}]}