{"seed": 1, "floorplan": [{"rooms": [{"category": "Bedroom", "corners": [[203.0, 203.0], [203.0, 297.0], [297.0, 297.0], [297.0, 203.0], [203.0, 203.0]], "objects": [{"category": "TVStand", "position": [209.97637929310514, 240.6758410743597], "size": [42.38288402944158, 12.878697343086422], "angle": -1.5708054309120107}, {"category": "DoubleBed", "position": [263.0819651333426, 241.55717604814953], "size": [54.19489189742393, 65.9705987757366], "angle": -1.5707872226777826}, {"category": "CeilingLamp", "position": [243.55719999999997, 244.04920000000004], "size": [16.891833549724893, 16.99338476723203], "angle": -1.5707872226777826}, {"category": "PendantLamp", "position": [281.6464998413086, 275.92600000000004], "size": [28.547269939155104, 28.547240184245524], "angle": -1.5707872226777806}]}]}]}