{"seed": 1, "floorplan": [{"rooms": [{"category": "Bedroom", "corners": [[204.0, 192.0], [204.0, 301.0], [263.0, 301.0], [264.0, 302.0], [264.0, 309.0], [265.0, 308.0], [266.0, 308.0], [267.0, 309.0], [268.0, 308.0], [273.0, 308.0], [274.0, 309.0], [276.0, 309.0], [277.0, 308.0], [278.0, 308.0], [279.0, 309.0], [280.0, 308.0], [281.0, 308.0], [282.0, 309.0], [283.0, 308.0], [288.0, 308.0], [289.0, 309.0], [291.0, 309.0], [292.0, 308.0], [292.0, 302.0], [293.0, 301.0], [296.0, 301.0], [296.0, 192.0], [204.0, 192.0]], "objects": [{"category": "DoubleBed", "position": [238.12030000000001, 236.4529], "size": [66.1098013980398, 53.222885977815444], "angle": -9.104117113964053e-06}]}]}]}