{"seed": 1, "floorplan": [{"rooms": [{"category": "Bedroom", "corners": [[208.0, 194.0], [208.0, 306.0], [290.0, 306.0], [290.0, 252.0], [291.0, 251.0], [292.0, 251.0], [292.0, 194.0], [208.0, 194.0]], "objects": [{"category": "DoubleBed", "position": [258.947222232593, 265.72874969939267], "size": [37.46014023739223, 56.45481390033485], "angle": -1.5707872226777828}, {"category": "Cabinet", "position": [278.41906708249667, 233.55244496622308], "size": [47.3827296586922, 25.513461648717335], "angle": -1.5707872226777824}, {"category": "Cabinet", "position": [278.0695749616407, 282.4719676117869], "size": [25.513461648717335, 47.3827296586922], "angle": -3.14158354947268}, {"category": "PendantLamp", "position": [245.15800000000002, 254.539], "size": [20.291970062255842, 20.291819000244118], "angle": 0.0}]}]}]}