{"seed": 1, "floorplan": [{"rooms": [{"category": "Bedroom", "corners": [[209.0, 193.0], [209.0, 307.0], [291.0, 307.0], [291.0, 193.0], [209.0, 193.0]], "objects": [{"category": "DoubleBed", "position": [256.8602085831855, 237.53075939410394], "size": [60.16044913849039, 62.517568986755165], "angle": -1.5707872226777826}, {"category": "Cabinet", "position": [284.9395051069272, 204.9833444548021], "size": [13.150589695756828, 10.518485273066098], "angle": -1.5707872226777793}, {"category": "CeilingLamp", "position": [250.6465, 239.8825], "size": [17.592930221557594, 17.59293022155765], "angle": 0.0}, {"category": "Cabinet", "position": [284.67951889418504, 270.9205005811007], "size": [13.150589695756798, 10.518485273066043], "angle": -1.5707872226777837}]}]}]}