{"seed": 1, "floorplan": [{"rooms": [{"category": "Bedroom", "corners": [[209.0, 192.0], [209.0, 308.0], [291.0, 308.0], [291.0, 192.0], [209.0, 192.0]], "objects": [{"category": "DoubleBed", "position": [259.45630028485266, 257.18245], "size": [61.905565429137916, 63.6806792463055], "angle": -1.5707872226777828}, {"category": "CeilingLamp", "position": [247.4428, 250.35805000000002], "size": [13.188240051269531, 13.18821029663087], "angle": 0.0}]}]}]}