{"seed": 1, "floorplan": [{"rooms": [{"category": "Bedroom", "corners": [[191.0, 199.0], [190.0, 200.0], [190.0, 301.0], [309.0, 301.0], [310.0, 300.0], [310.0, 199.0], [191.0, 199.0]], "objects": [{"category": "DoubleBed", "position": [255.72223149635033, 235.66956004211318], "size": [58.576799011230435, 71.77949981689451], "angle": 0.0}, {"category": "Nightstand", "position": [218.4675914780044, 203.4430786089158], "size": [36.01920089721682, 12.653400421142607], "angle": 0.0}, {"category": "Nightstand", "position": [294.08347965939964, 203.62869008541077], "size": [36.01920089721682, 12.653400421142578], "angle": 0.0}, {"category": "CeilingLamp", "position": [256.9447, 255.56439999999998], "size": [20.625389099121094, 20.385990142822294], "angle": 0.0}]}]}]}