{"seed": 1, "floorplan": [{"rooms": [{"category": "Bedroom", "corners": [[198.0, 185.0], [198.0, 315.0], [302.0, 315.0], [302.0, 185.0], [198.0, 185.0]], "objects": [{"category": "DoubleBed", "position": [267.2508333331432, 257.57500000000005], "size": [68.5506240957509, 45.34751215514005], "angle": -3.141583549472679}, {"category": "Cabinet", "position": [295.39750000000004, 225.50799999999998], "size": [15.005206342443714, 12.418313360417912], "angle": -1.5707872226777797}, {"category": "Cabinet", "position": [295.39750000000004, 289.78], "size": [15.005206342443657, 12.418313360417912], "angle": -1.5707872226777797}, {"category": "PendantLamp", "position": [248.27949999999998, 254.269], "size": [31.775099945068405, 30.947399139404297], "angle": 0.0}]}]}]}