{"seed": 1, "floorplan": [{"rooms": [{"category": "Bedroom", "corners": [[213.0, 200.0], [213.0, 269.0], [212.0, 270.0], [205.0, 270.0], [205.0, 294.0], [212.0, 294.0], [213.0, 295.0], [213.0, 300.0], [294.0, 300.0], [295.0, 299.0], [295.0, 200.0], [213.0, 200.0]], "objects": [{"category": "DoubleBed", "position": [261.384582223602, 232.1350039469943], "size": [61.90556542913789, 63.68067924630553], "angle": -1.5707872226777828}, {"category": "Table", "position": [282.612169343617, 265.2320123515878], "size": [26.618341550248516, 45.407813912632875], "angle": -3.1415835494726796}, {"category": "PendantLamp", "position": [256.49455, 242.26119999999997], "size": [15.852209472656284, 13.939649963378884], "angle": 0.0}, {"category": "Chair", "position": [270.8770203686157, 266.4370231824451], "size": [13.683574513345103, 12.795446539381526], "angle": -9.104117112940711e-06}]}]}]}