{"seed": 1, "floorplan": [{"rooms": [{"category": "Bedroom", "corners": [[312.0, 169.0], [311.0, 170.0], [187.0, 170.0], [187.0, 200.0], [186.0, 201.0], [202.0, 201.0], [203.0, 202.0], [203.0, 331.0], [204.0, 330.0], [313.0, 330.0], [313.0, 171.0], [314.0, 170.0], [314.0, 169.0], [312.0, 169.0]], "objects": [{"category": "DoubleBed", "position": [276.42070154728435, 255.66427126570525], "size": [60.084848779802634, 60.5183503460985], "angle": -1.5707872226777826}, {"category": "Nightstand", "position": [306.64483362325035, 212.45530000000002], "size": [17.42796895446825, 13.807325182227055], "angle": -1.5707872226777833}, {"category": "Nightstand", "position": [306.59866970521915, 297.8429713675205], "size": [17.42796895446822, 13.807325182227114], "angle": -1.57078722267778}, {"category": "PendantLamp", "position": [258.2545, 259.0], "size": [11.705820465087925, 11.765969467163103], "angle": 0.0}]}]}]}