{"seed": 1, "floorplan": [{"rooms": [{"category": "Bedroom", "corners": [[205.0, 198.0], [205.0, 302.0], [295.0, 302.0], [295.0, 198.0], [205.0, 198.0]], "objects": [{"category": "Cabinet", "position": [234.72933333333333, 292.75660000000005], "size": [59.99999999999997, 15.156270217895496], "angle": 3.141592653589793}, {"category": "DoubleBed", "position": [245.02073211569214, 238.97061625185225], "size": [80.78773806785335, 79.63842950866288], "angle": -1.570805430912011}, {"category": "CeilingLamp", "position": [250.807, 246.67720000000006], "size": [16.782204886701965, 6.424956713739032], "angle": -1.5786630013822684}]}]}]}