{"seed": 1, "floorplan": [{"rooms": [{"category": "Bedroom", "corners": [[205.0, 192.0], [205.0, 288.0], [257.0, 288.0], [258.0, 289.0], [258.0, 308.0], [295.0, 308.0], [295.0, 192.0], [205.0, 192.0]], "objects": [{"category": "Cabinet", "position": [288.2842499226857, 199.56988363342293], "size": [15.382490584794414, 13.111949512427511], "angle": -1.5707872226777837}, {"category": "DoubleBed", "position": [233.97364078795067, 235.31828354685405], "size": [58.292632756152585, 60.66025379865464], "angle": -9.104117114226592e-06}]}]}]}