{"seed": 1, "floorplan": [{"rooms": [{"category": "Bedroom", "corners": [[210.0, 190.0], [210.0, 310.0], [290.0, 310.0], [290.0, 190.0], [210.0, 190.0]], "objects": [{"category": "DoubleBed", "position": [252.01822574424284, 246.31543816440268], "size": [76.47339520052466, 74.04277614795522], "angle": -1.5707872226777826}, {"category": "Nightstand", "position": [283.8959540687711, 207.81299181464874], "size": [14.192769136316283, 15.803544299115616], "angle": -1.5707872226777837}, {"category": "Nightstand", "position": [284.0015975919753, 282.4684207348544], "size": [14.192769136316283, 15.803544299115616], "angle": -1.5707872226777837}, {"category": "CeilingLamp", "position": [249.8695, 246.2125], "size": [11.96126976013187, 11.937030029296864], "angle": 0.0}]}]}]}