{"seed": 1, "floorplan": [{"rooms": [{"category": "Bedroom", "corners": [[210.0, 188.0], [210.0, 312.0], [290.0, 312.0], [290.0, 188.0], [210.0, 188.0]], "objects": [{"category": "DoubleBed", "position": [255.74152918156005, 239.81799999999998], "size": [67.67101403686019, 67.57021355860982], "angle": -1.5707872226777824}, {"category": "Nightstand", "position": [279.6733038946131, 201.027459117061], "size": [10.541375953878648, 10.541586527084775], "angle": -1.570787222677782}, {"category": "Nightstand", "position": [283.69521618851826, 278.806540882939], "size": [10.54137595387859, 10.541586527084775], "angle": -1.570787222677782}]}]}]}