{"seed": 1, "floorplan": [{"rooms": [{"category": "Bedroom", "corners": [[202.0, 198.0], [202.0, 302.0], [298.0, 302.0], [298.0, 198.0], [202.0, 198.0]], "objects": [{"category": "DoubleBed", "position": [262.3248471320297, 242.74049619852872], "size": [72.09605432312863, 70.99594665132392], "angle": -1.5707872226777824}, {"category": "Nightstand", "position": [290.75865901651696, 279.62036923363365], "size": [13.500122907259506, 9.600087400717829], "angle": -1.5707872226777848}, {"category": "Nightstand", "position": [289.53380203488723, 206.41106795890514], "size": [9.600087400717888, 13.500122907259506], "angle": -3.141583549472678}, {"category": "PendantLamp", "position": [252.877, 240.14799999999997], "size": [30.0590995788574, 41.75879974365236], "angle": 0.0}]}]}]}