{"seed": 1, "floorplan": [{"rooms": [{"category": "Bedroom", "corners": [[270.0, 193.0], [270.0, 212.0], [269.0, 213.0], [204.0, 213.0], [204.0, 307.0], [296.0, 307.0], [296.0, 193.0], [270.0, 193.0]], "objects": [{"category": "DoubleBed", "position": [237.30943229697823, 278.06205233342655], "size": [57.625724523869756, 56.68641696103424], "angle": -9.104117114880317e-06}, {"category": "Nightstand", "position": [208.01419884935177, 243.82009240215487], "size": [12.042799535186303, 11.906028804530266], "angle": -9.104117115948691e-06}, {"category": "TVStand", "position": [288.6227664235433, 271.7499992675787], "size": [68.09822129536349, 15.124758135818293], "angle": -1.570787222677782}, {"category": "PendantLamp", "position": [249.628, 261.913], "size": [15.303210067749063, 15.084149551391647], "angle": 0.0}]}]}]}