{"seed": 1, "floorplan": [{"rooms": [{"category": "Bedroom", "corners": [[221.0, 191.0], [221.0, 197.0], [220.0, 198.0], [203.0, 198.0], [203.0, 309.0], [297.0, 309.0], [297.0, 198.0], [276.0, 198.0], [275.0, 197.0], [275.0, 191.0], [221.0, 191.0]], "objects": [{"category": "DoubleBed", "position": [237.68668168966923, 250.08145761606139], "size": [63.68069828017517, 61.905583932433984], "angle": -0.0010841902176150168}, {"category": "CornerSideTable", "position": [214.60570494123243, 288.1113581949953], "size": [15.004259490966803, 15.004259490966831], "angle": 0.0}, {"category": "PendantLamp", "position": [226.47593374023438, 219.435267582194], "size": [42.46950073242189, 40.084501647949224], "angle": 0.0}, {"category": "CeilingLamp", "position": [252.07869999999997, 245.74599999999998], "size": [20.208210754394543, 13.381949615478504], "angle": 0.0}]}]}]}