{"seed": 1, "floorplan": [{"rooms": [{"category": "Bedroom", "corners": [[212.0, 197.0], [212.0, 281.0], [249.0, 281.0], [250.0, 282.0], [250.0, 303.0], [288.0, 303.0], [288.0, 197.0], [212.0, 197.0]], "objects": [{"category": "DoubleBed", "position": [257.60466668701906, 239.61249999999998], "size": [60.64645209829465, 55.25390117260137], "angle": -3.141583549472679}]}]}]}