{"seed": 1, "floorplan": [{"rooms": [{"category": "Bedroom", "corners": [[208.0, 193.0], [208.0, 307.0], [292.0, 307.0], [292.0, 193.0], [208.0, 193.0]], "objects": [{"category": "CeilingLamp", "position": [251.45477507278497, 253.8141887882041], "size": [8.901690101623558, 4.143180084228533], "angle": 3.141592653589793}, {"category": "Cabinet", "position": [283.33588174106023, 213.23582512369327], "size": [17.27409716174935, 37.588541827523244], "angle": -3.141583549472679}, {"category": "DoubleBed", "position": [257.9565666257844, 255.3951382518269], "size": [41.03767372335165, 63.49737984802656], "angle": -1.5707872226777824}, {"category": "Armchair", "position": [265.132413565689, 213.4219270172027], "size": [17.32278763799419, 16.307458570058582], "angle": -9.104117114082856e-06}]}]}]}