{"seed": 1, "floorplan": [{"rooms": [{"category": "Bedroom", "corners": [[210.0, 187.0], [210.0, 313.0], [290.0, 313.0], [290.0, 187.0], [210.0, 187.0]], "objects": [{"category": "DoubleBed", "position": [239.98859265809728, 255.5905], "size": [58.29263275615256, 60.66025379865458], "angle": -9.104117114226597e-06}, {"category": "Nightstand", "position": [218.61457404874668, 220.08223249269054], "size": [15.000136563621625, 15.000136563621654], "angle": -9.104117114865567e-06}, {"category": "Nightstand", "position": [217.72373915578214, 291.5067675073094], "size": [15.000136563621654, 15.000136563621654], "angle": -9.104117111076023e-06}]}]}]}