{"seed": 1, "floorplan": [{"rooms": [{"category": "Bedroom", "corners": [[256.0, 160.0], [255.0, 161.0], [208.0, 161.0], [208.0, 278.0], [209.0, 279.0], [209.0, 340.0], [210.0, 339.0], [291.0, 339.0], [292.0, 340.0], [292.0, 227.0], [257.0, 227.0], [256.0, 226.0], [256.0, 160.0]], "objects": [{"category": "DoubleBed", "position": [255.06739866116203, 285.39961732344443], "size": [64.27258679577024, 65.65079758540729], "angle": -1.5707872226777826}, {"category": "Cabinet", "position": [286.7660144359828, 244.75883806906631], "size": [18.24515391746639, 14.637847341297999], "angle": -1.564583335568625}, {"category": "Cabinet", "position": [286.85472140230354, 323.39227377931604], "size": [18.24515391746639, 14.637847341298114], "angle": -1.5645833355686187}]}]}]}