{"seed": 1, "floorplan": [{"rooms": [{"category": "Bedroom", "corners": [[198.0, 204.0], [198.0, 257.0], [197.0, 258.0], [190.0, 258.0], [190.0, 294.0], [189.0, 295.0], [189.0, 296.0], [311.0, 296.0], [311.0, 294.0], [310.0, 293.0], [310.0, 205.0], [311.0, 204.0], [297.0, 204.0], [297.0, 212.0], [296.0, 213.0], [290.0, 213.0], [289.0, 212.0], [289.0, 204.0], [198.0, 204.0]], "objects": [{"category": "SingleBed", "position": [248.83000000000004, 238.77100000000002], "size": [58.590000915527355, 67.66859893798832], "angle": 0.0}, {"category": "PendantLamp", "position": [250.135, 254.356], "size": [20.21954956054691, 20.22011947631836], "angle": 0.0}]}]}]}