{"seed": 1, "floorplan": [{"rooms": [{"category": "Bedroom", "corners": [[209.0, 194.0], [209.0, 306.0], [291.0, 306.0], [291.0, 194.0], [209.0, 194.0]], "objects": [{"category": "DoubleBed", "position": [241.5487329064711, 257.863043586313], "size": [62.55386997642482, 63.50637956375048], "angle": -9.104117114471146e-06}, {"category": "Nightstand", "position": [215.37692021519223, 296.52292343141744], "size": [11.450803865412546, 19.22087506313632], "angle": -9.104117111638286e-06}, {"category": "Nightstand", "position": [211.65270607158305, 221.78017349992473], "size": [11.450803865412489, 19.220875063136347], "angle": -9.104117116602474e-06}, {"category": "PendantLamp", "position": [252.37900000000002, 252.9619], "size": [9.113662722291533, 9.113662722291476], "angle": -3.1415835494726805}]}]}]}