{"seed": 1, "floorplan": [{"rooms": [{"category": "Bedroom", "corners": [[209.0, 198.0], [209.0, 302.0], [291.0, 302.0], [291.0, 198.0], [209.0, 198.0]], "objects": [{"category": "Table", "position": [239.6091657307943, 287.32], "size": [59.41139831542969, 27.595980834960926], "angle": 3.141592653589793}, {"category": "DoubleBed", "position": [247.71694807482186, 231.17254877893077], "size": [75.18630065917966, 67.79339904785158], "angle": 0.0}]}]}]}