{"seed": 1, "floorplan": [{"rooms": [{"category": "Bedroom", "corners": [[201.0, 179.0], [201.0, 321.0], [299.0, 321.0], [299.0, 179.0], [201.0, 179.0]], "objects": [{"category": "DoubleBed", "position": [260.236, 213.86950000000002], "size": [53.22240142822261, 66.10919952392578], "angle": 0.0}, {"category": "TVStand", "position": [253.35133577626908, 312.46698361913576], "size": [91.98299560546877, 17.535929489135754], "angle": 3.141592653589793}, {"category": "PendantLamp", "position": [252.607, 245.2435], "size": [3.0041699409484863, 3.0], "angle": 0.0}]}]}]}