{"seed": 1, "floorplan": [{"rooms": [{"category": "Bedroom", "corners": [[210.0, 210.0], [210.0, 290.0], [290.0, 290.0], [290.0, 210.0], [210.0, 210.0]], "objects": [{"category": "DoubleBed", "position": [257.15907142926653, 242.93834124073788], "size": [64.27200164794925, 65.65019989013672], "angle": 0.0}]}]}]}