{"seed": 1, "floorplan": [{"rooms": [{"category": "Bedroom", "corners": [[200.0, 207.0], [199.0, 208.0], [199.0, 292.0], [200.0, 293.0], [300.0, 293.0], [301.0, 292.0], [301.0, 208.0], [300.0, 207.0], [200.0, 207.0]], "objects": [{"category": "DoubleBed", "position": [259.5357208869224, 237.88297871123808], "size": [60.08430175781251, 60.517799377441406], "angle": 0.0}, {"category": "Nightstand", "position": [295.6858525432009, 213.2873189776296], "size": [15.174389648437455, 15.111240005493158], "angle": 0.0}, {"category": "Cabinet", "position": [209.52185007729202, 237.63416666664875], "size": [19.712009600421045, 60.00054625448656], "angle": -9.10411711221819e-06}]}]}]}