{"seed": 1, "floorplan": [{"rooms": [{"category": "Bedroom", "corners": [[197.0, 200.0], [197.0, 300.0], [303.0, 300.0], [303.0, 200.0], [197.0, 200.0]], "objects": [{"category": "DoubleBed", "position": [262.77277123849325, 236.59995281954738], "size": [49.232698059082026, 72.54989776611325], "angle": 0.0}, {"category": "Nightstand", "position": [226.74039461484765, 206.9103483347703], "size": [15.116370391845692, 13.76862030029298], "angle": 0.0}, {"category": "CeilingLamp", "position": [254.3473, 252.97660000000002], "size": [20.99999999999997, 21.0], "angle": 0.0}]}]}]}