{"seed": 1, "floorplan": [{"rooms": [{"category": "Bedroom", "corners": [[196.0, 200.0], [196.0, 300.0], [304.0, 300.0], [304.0, 200.0], [196.0, 200.0]], "objects": [{"category": "DoubleBed", "position": [227.94873654143902, 232.68334178988525], "size": [60.88710021972656, 65.97030029296874], "angle": 0.0}, {"category": "Nightstand", "position": [266.68776188397317, 206.94018335528233], "size": [11.007060241699264, 11.007060241699236], "angle": 0.0}]}]}]}