{"seed": 1, "floorplan": [{"rooms": [{"category": "Bedroom", "corners": [[184.0, 216.0], [184.0, 284.0], [316.0, 284.0], [316.0, 216.0], [184.0, 216.0]], "objects": [{"category": "DoubleBed", "position": [238.90750000000006, 249.1464406421013], "size": [60.14909820556642, 66.4136993408203], "angle": 0.0}, {"category": "Nightstand", "position": [206.29428410859907, 218.42026503244728], "size": [18.421530532836897, 10.77885017395019], "angle": 0.0}, {"category": "Nightstand", "position": [271.520715891401, 218.42026503244728], "size": [18.421530532836925, 10.77885017395019], "angle": 0.0}]}]}]}