{"seed": 1, "floorplan": [{"rooms": [{"category": "Bedroom", "corners": [[210.0, 194.0], [210.0, 306.0], [290.0, 306.0], [290.0, 194.0], [210.0, 194.0]], "objects": [{"category": "DoubleBed", "position": [246.05231903400912, 249.8761604293853], "size": [65.52179860824577, 62.71317318455896], "angle": -1.5708054309120103}, {"category": "Nightstand", "position": [216.63420031124582, 285.1440688341055], "size": [9.371515335325508, 9.316194664135827], "angle": -9.1041171164277e-06}, {"category": "CeilingLamp", "position": [252.75399999999996, 259.117], "size": [18.38465995788576, 18.986970520019554], "angle": 0.0}]}]}]}