{"seed": 1, "floorplan": [{"rooms": [{"category": "Bedroom", "corners": [[201.0, 197.0], [201.0, 281.0], [202.0, 280.0], [238.0, 280.0], [239.0, 281.0], [239.0, 303.0], [299.0, 303.0], [299.0, 197.0], [201.0, 197.0]], "objects": [{"category": "PendantLamp", "position": [250.0465718631953, 242.39471466406272], "size": [24.825659179687477, 24.827460479736317], "angle": 0.0}, {"category": "DoubleBed", "position": [264.3600676787729, 243.55117752175028], "size": [66.45721988523536, 65.34090699849358], "angle": -0.0009240547254679598}, {"category": "Nightstand", "position": [295.49582144602664, 277.2926839854455], "size": [12.030022316995158, 19.500181610179002], "angle": -0.0009240547254702075}, {"category": "Nightstand", "position": [295.1609583436221, 205.47037094473058], "size": [12.030022316995158, 19.50018161017903], "angle": -0.0009240547254678449}]}]}]}