{"seed": 1, "floorplan": [{"rooms": [{"category": "Bedroom", "corners": [[212.0, 216.0], [212.0, 284.0], [288.0, 284.0], [288.0, 216.0], [212.0, 216.0]], "objects": [{"category": "SingleBed", "position": [247.97530958344058, 232.4859224627185], "size": [70.713899230957, 32.334299468994146], "angle": 0.0}, {"category": "PendantLamp", "position": [246.71138928999693, 265.00757192552004], "size": [42.15150146484373, 37.19460067749026], "angle": 0.0}, {"category": "Chair", "position": [224.1613309591359, 270.62183220945246], "size": [19.598277957828987, 23.257174507981752], "angle": -1.1957327519882837}, {"category": "Chair", "position": [274.9925925680039, 268.5201089530286], "size": [23.25703864273955, 19.598163467361495], "angle": -0.420070820738566}]}]}]}