{"seed": 1, "floorplan": [{"rooms": [{"category": "Bedroom", "corners": [[208.0, 183.0], [208.0, 317.0], [292.0, 317.0], [292.0, 183.0], [208.0, 183.0]], "objects": [{"category": "DoubleBed", "position": [257.17103919863314, 258.8323091673666], "size": [67.39201369406254, 68.64512568853026], "angle": -1.5707872226777821}, {"category": "Nightstand", "position": [285.28137186046695, 301.57362230366925], "size": [17.27451716374209, 12.318712233906817], "angle": -1.5707872226777844}, {"category": "Nightstand", "position": [283.31098435103814, 220.6843774169992], "size": [17.274517163742058, 12.318712233906872], "angle": -1.5707872226777844}, {"category": "PendantLamp", "position": [248.33499999999998, 246.89049999999997], "size": [28.62179946899414, 28.62179946899414], "angle": 0.0}]}]}]}