{"seed": 1, "floorplan": [{"rooms": [{"category": "Bedroom", "corners": [[214.0, 188.0], [214.0, 275.0], [239.0, 275.0], [240.0, 276.0], [240.0, 312.0], [286.0, 312.0], [286.0, 188.0], [214.0, 188.0]], "objects": [{"category": "Cabinet", "position": [253.74986956521803, 303.0295], "size": [60.0, 15.156270217895496], "angle": 3.141592653589793}, {"category": "DoubleBed", "position": [247.25537712347796, 231.3980801143279], "size": [65.55779747114141, 68.11471924829783], "angle": -9.104117114138812e-06}, {"category": "Nightstand", "position": [223.1987249136672, 267.6576512687335], "size": [19.29363508941037, 11.954372662490346], "angle": -1.4992928364791043}, {"category": "Nightstand", "position": [222.579053731479, 194.88972513652774], "size": [19.29363508941031, 11.954372662490321], "angle": -1.4992928364791054}]}]}]}