{"seed": 1, "floorplan": [{"rooms": [{"category": "Bedroom", "corners": [[206.0, 200.0], [206.0, 299.0], [237.0, 299.0], [238.0, 300.0], [294.0, 300.0], [294.0, 200.0], [206.0, 200.0]], "objects": [{"category": "DoubleBed", "position": [263.76550000000003, 232.39450000000002], "size": [58.29263275615253, 60.66025379865461], "angle": -3.1415835494726796}, {"category": "Table", "position": [242.6570016275757, 282.1285], "size": [95.58449707031247, 32.54070053100588], "angle": 3.141592653589793}]}]}]}