{"seed": 1, "floorplan": [{"rooms": [{"category": "Bedroom", "corners": [[201.0, 189.0], [201.0, 311.0], [299.0, 311.0], [299.0, 189.0], [201.0, 189.0]], "objects": [{"category": "DoubleBed", "position": [232.0629358421347, 266.63532471508256], "size": [62.8895740214972, 81.86054446571228], "angle": -9.104117114313073e-06}, {"category": "PendantLamp", "position": [204.61079391477404, 307.24589528005936], "size": [12.00010925089733, 12.000109250897358], "angle": -9.104117112970783e-06}, {"category": "Table", "position": [209.02679199297853, 209.7321353001287], "size": [15.01057710362026, 30.00012206385628], "angle": -9.104117114149373e-06}, {"category": "PendantLamp", "position": [205.46375201487982, 230.4845285747037], "size": [12.00010925089733, 12.00010925089733], "angle": -9.104117112970783e-06}]}]}]}