{"seed": 1, "floorplan": [{"rooms": [{"category": "Bedroom", "corners": [[200.0, 194.0], [200.0, 305.0], [199.0, 306.0], [300.0, 306.0], [300.0, 195.0], [301.0, 194.0], [200.0, 194.0]], "objects": [{"category": "DoubleBed", "position": [267.570915019882, 259.9912769767586], "size": [63.22647741830901, 58.39793309226493], "angle": -3.1415835494726783}, {"category": "Nightstand", "position": [289.094353659745, 295.59380669977133], "size": [15.028337351371967, 13.322371655194836], "angle": -1.5707872226777835}, {"category": "TVStand", "position": [205.88349999999997, 259.381], "size": [15.000136563621625, 54.00049162903786], "angle": -9.104117114865567e-06}]}]}]}