{"seed": 1, "floorplan": [{"rooms": [{"category": "Bedroom", "corners": [[194.0, 209.0], [194.0, 291.0], [306.0, 291.0], [306.0, 209.0], [194.0, 209.0]], "objects": [{"category": "SingleBed", "position": [227.73079216952954, 261.87727479022044], "size": [57.846826390331785, 63.970180783340645], "angle": -1.5708054309120107}, {"category": "Nightstand", "position": [201.2350048451521, 233.54703872559958], "size": [17.99797345723412, 18.64471930502769], "angle": -9.104117112720435e-06}, {"category": "CeilingLamp", "position": [252.2785, 250.72750000000002], "size": [13.188240051269531, 13.188210296630842], "angle": 0.0}, {"category": "TVStand", "position": [299.09278310648614, 263.37999969482445], "size": [12.900207853862927, 55.18700298054181], "angle": -3.141583549472677}]}]}]}