{"seed": 1, "floorplan": [{"rooms": [{"category": "Bedroom", "corners": [[192.0, 206.0], [192.0, 294.0], [308.0, 294.0], [308.0, 206.0], [192.0, 206.0]], "objects": [{"category": "DoubleBed", "position": [257.49895736527554, 239.14973382699088], "size": [65.02829283355267, 60.53065056794502], "angle": -3.1415835494726783}, {"category": "Cabinet", "position": [298.97121679838335, 215.089881459084], "size": [19.692869567871128, 14.077949523925781], "angle": 0.0}, {"category": "Cabinet", "position": [217.1958031939164, 211.09341499339757], "size": [19.6928695678711, 14.077949523925781], "angle": 0.0}, {"category": "PendantLamp", "position": [256.2745, 244.26549999999997], "size": [16.079190444946278, 3.2223000526428223], "angle": 0.0}]}]}]}