{"seed": 1, "floorplan": [{"rooms": [{"category": "Bedroom", "corners": [[204.0, 194.0], [204.0, 306.0], [296.0, 306.0], [296.0, 194.0], [204.0, 194.0]], "objects": [{"category": "DoubleBed", "position": [237.7824968060623, 259.2262], "size": [68.52662332792768, 63.47787893806532], "angle": -9.104117114031775e-06}, {"category": "Cabinet", "position": [210.14359040029876, 293.6840472945027], "size": [12.901887861833718, 15.404960119194651], "angle": -9.104117110784091e-06}, {"category": "Cabinet", "position": [210.65958870176254, 224.59195270549733], "size": [15.404960119194568, 12.901887861833773], "angle": -1.57080543091201}, {"category": "PendantLamp", "position": [253.61949999999996, 259.1761], "size": [25.812654130913902, 24.770296160897097], "angle": -1.5707872226777824}]}]}]}