{"seed": 1, "floorplan": [{"rooms": [{"category": "Bedroom", "corners": [[202.0, 213.0], [202.0, 287.0], [298.0, 287.0], [298.0, 213.0], [202.0, 213.0]], "objects": [{"category": "DoubleBed", "position": [235.61144686502382, 252.17835379275368], "size": [62.32380065917971, 69.33539886474608], "angle": 3.141592653589793}]}]}]}