{"seed": 1, "floorplan": [{"rooms": [{"category": "Bedroom", "corners": [[266.0, 193.0], [266.0, 214.0], [265.0, 215.0], [204.0, 215.0], [204.0, 307.0], [296.0, 307.0], [296.0, 193.0], [266.0, 193.0]], "objects": [{"category": "DoubleBed", "position": [239.70422225732153, 276.71948313292864], "size": [58.29263275615256, 60.66025379865458], "angle": -9.104117114226597e-06}, {"category": "Nightstand", "position": [212.90264953062896, 240.81063426163018], "size": [10.84371902323032, 16.043156008166505], "angle": -9.104117113669924e-06}]}]}]}