{"seed": 1, "floorplan": [{"rooms": [{"category": "Bedroom", "corners": [[209.0, 197.0], [209.0, 303.0], [291.0, 303.0], [291.0, 197.0], [209.0, 197.0]], "objects": [{"category": "DoubleBed", "position": [254.70887711134537, 256.43221836124127], "size": [64.02868351322442, 70.6335410081755], "angle": -1.5707872226777824}, {"category": "Nightstand", "position": [285.4804877271937, 225.54651554350542], "size": [15.203028425429748, 15.7172928272231], "angle": -1.5707872226777848}, {"category": "Nightstand", "position": [285.0469943687156, 290.7143350549295], "size": [15.203028425429805, 15.717292827223043], "angle": -1.570787222677781}, {"category": "PendantLamp", "position": [255.66249999999997, 254.01549999999997], "size": [10.608390426635708, 10.608390426635737], "angle": 0.0}]}]}]}