{"seed": 1, "floorplan": [{"rooms": [{"category": "Bedroom", "corners": [[212.0, 213.0], [212.0, 288.0], [288.0, 288.0], [288.0, 213.0], [212.0, 213.0]], "objects": [{"category": "DoubleBed", "position": [242.53516752115888, 257.6898321940047], "size": [60.659701538085955, 58.29210205078127], "angle": 3.141592653589793}, {"category": "PendantLamp", "position": [220.57744393539426, 236.812], "size": [12.70071029663086, 11.791289520263689], "angle": 3.141592653589793}]}]}]}