{"seed": 1, "floorplan": [{"rooms": [{"category": "Bedroom", "corners": [[205.0, 196.0], [205.0, 304.0], [295.0, 304.0], [295.0, 196.0], [205.0, 196.0]], "objects": [{"category": "SingleBed", "position": [273.841, 272.041], "size": [61.452677419581704, 37.620530716602374], "angle": -1.5672963410864587}, {"category": "Table", "position": [278.47328554873434, 212.69821793330104], "size": [33.054301023150245, 24.235721744486305], "angle": -1.5707872226777824}, {"category": "Chair", "position": [267.0669076224455, 223.89861519158592], "size": [18.692936799715604, 15.987052946505145], "angle": -0.6246828251875769}, {"category": "CeilingLamp", "position": [251.125, 250.75900000000004], "size": [16.891679763793945, 16.993230056762712], "angle": 0.0}]}]}]}