{"seed": 1, "floorplan": [{"rooms": [{"category": "Bedroom", "corners": [[182.0, 179.0], [182.0, 321.0], [318.0, 321.0], [318.0, 179.0], [182.0, 179.0]], "objects": [{"category": "DoubleBed", "position": [280.2699052784859, 239.27653440942993], "size": [60.758650995747836, 28.078966572863713], "angle": -1.5707872226777824}, {"category": "CornerSideTable", "position": [313.3052866470151, 200.64002621645912], "size": [15.358909818963959, 14.863785834958243], "angle": -1.570787222677785}, {"category": "CornerSideTable", "position": [313.30699781806476, 277.8626191764614], "size": [14.863785834958358, 15.358909818964015], "angle": -3.1415835494726787}, {"category": "PendantLamp", "position": [272.35839999999996, 245.4595], "size": [20.29197006225587, 20.291819000244146], "angle": 3.141592653589793}]}]}]}