{"seed": 1, "floorplan": [{"rooms": [{"category": "Bedroom", "corners": [[172.0, 194.0], [172.0, 306.0], [328.0, 306.0], [328.0, 194.0], [172.0, 194.0]], "objects": [{"category": "Nightstand", "position": [189.17539658267594, 298.3155507601586], "size": [15.202890014648574, 15.71714973449707], "angle": 3.141592653589793}, {"category": "Table", "position": [306.97270000000015, 297.30219999999997], "size": [27.000000000000227, 15.0], "angle": 3.141592653589793}, {"category": "DoubleBed", "position": [231.79887582430405, 270.73520076298473], "size": [64.02810058593752, 70.63289794921877], "angle": 3.141592653589793}]}]}]}