{"seed": 1, "floorplan": [{"rooms": [{"category": "Bedroom", "corners": [[201.0, 194.0], [201.0, 306.0], [299.0, 306.0], [299.0, 194.0], [201.0, 194.0]], "objects": [{"category": "DoubleBed", "position": [262.0451666259768, 261.87399999999997], "size": [55.22780382807341, 74.23387591021877], "angle": -1.5707872226777824}, {"category": "CeilingLamp", "position": [249.6475, 254.84199999999998], "size": [23.397990417480457, 23.397990417480486], "angle": 0.0}, {"category": "Nightstand", "position": [296.31008167912273, 226.02476014451082], "size": [24.08199872631521, 12.244041143933185], "angle": -1.570787222677781}]}]}]}