{"seed": 1, "floorplan": [{"rooms": [{"category": "Bedroom", "corners": [[203.0, 181.0], [203.0, 319.0], [297.0, 319.0], [297.0, 181.0], [203.0, 181.0]], "objects": [{"category": "DoubleBed", "position": [237.77596587459138, 242.88256279020626], "size": [69.06512768124033, 62.37626978774718], "angle": -9.104117114320032e-06}, {"category": "CornerSideTable", "position": [213.46700210134856, 288.7806708141395], "size": [17.982924528471884, 17.832082312510686], "angle": -0.46497212029212404}, {"category": "CornerSideTable", "position": [213.50841215658107, 197.53665262694142], "size": [17.982924528471923, 17.83208231251066], "angle": -0.46497212029212476}, {"category": "PendantLamp", "position": [248.79999999999995, 243.35350000000003], "size": [26.62626113891605, 26.387310791015636], "angle": 0.0}]}]}]}