{"seed": 1, "floorplan": [{"rooms": [{"category": "Bedroom", "corners": [[196.0, 168.0], [196.0, 332.0], [300.0, 332.0], [300.0, 297.0], [301.0, 296.0], [304.0, 296.0], [304.0, 272.0], [301.0, 272.0], [300.0, 271.0], [300.0, 168.0], [196.0, 168.0]], "objects": [{"category": "SingleBed", "position": [261.2875, 195.85480000000007], "size": [72.34649963378905, 49.84589996337891], "angle": 0.0}, {"category": "PendantLamp", "position": [248.2, 250.00000000000006], "size": [47.26979827880854, 30.862200164794928], "angle": 0.0}]}]}]}