{"seed": 1, "floorplan": [{"rooms": [{"category": "Bedroom", "corners": [[200.0, 198.0], [199.0, 199.0], [199.0, 302.0], [300.0, 302.0], [301.0, 301.0], [301.0, 198.0], [200.0, 198.0]], "objects": [{"category": "DoubleBed", "position": [266.62210815943877, 243.90685862347175], "size": [75.18698517341409, 67.79401625532476], "angle": -1.5707872226777826}, {"category": "Nightstand", "position": [296.75357461552574, 207.03842812331956], "size": [22.800207576704867, 10.920099876084377], "angle": -1.5707872226777833}, {"category": "CeilingLamp", "position": [251.11, 243.49599999999998], "size": [36.427800750732445, 53.83710021972655], "angle": 0.0}]}]}]}