{"seed": 1, "floorplan": [{"rooms": [{"category": "Bedroom", "corners": [[204.0, 196.0], [204.0, 304.0], [296.0, 304.0], [296.0, 196.0], [204.0, 196.0]], "objects": [{"category": "SingleBed", "position": [264.5904793091302, 256.90504670938475], "size": [89.57991100869765, 51.27706595563252], "angle": -1.5707872226777824}, {"category": "Nightstand", "position": [288.4540085125679, 221.4403320507488], "size": [18.64471930502769, 17.997973457234178], "angle": -1.5707872226777824}, {"category": "Nightstand", "position": [288.50160772331526, 290.329911306919], "size": [18.64471930502766, 17.997973457234064], "angle": -1.5707872226777824}, {"category": "CeilingLamp", "position": [250.54000000000002, 249.892], "size": [16.573769760131825, 16.58315963745119], "angle": 0.0}]}]}]}