{"seed": 1, "floorplan": [{"rooms": [{"category": "Bedroom", "corners": [[203.0, 194.0], [203.0, 306.0], [297.0, 306.0], [297.0, 194.0], [203.0, 194.0]], "objects": [{"category": "DoubleBed", "position": [243.80372211565873, 260.06901322286427], "size": [79.63842950866291, 80.78773806785338], "angle": -9.104117114291287e-06}, {"category": "Nightstand", "position": [207.99335554659018, 295.8551381326126], "size": [13.83915606894437, 24.000218501794716], "angle": -9.104117114474763e-06}, {"category": "Nightstand", "position": [207.94916374375848, 225.61486869560798], "size": [13.839156068944398, 24.00021850179466], "angle": -9.104117114474744e-06}]}]}]}