{"seed": 1, "floorplan": [{"rooms": [{"category": "Bedroom", "corners": [[196.0, 205.0], [196.0, 238.0], [195.0, 239.0], [188.0, 239.0], [188.0, 260.0], [195.0, 260.0], [196.0, 261.0], [196.0, 295.0], [284.0, 295.0], [284.0, 273.0], [285.0, 272.0], [312.0, 272.0], [312.0, 227.0], [285.0, 227.0], [284.0, 226.0], [284.0, 205.0], [196.0, 205.0]], "objects": [{"category": "DoubleBed", "position": [235.96727738644427, 263.306635307428], "size": [61.90500183105473, 63.68009948730466], "angle": 3.141592653589793}, {"category": "Nightstand", "position": [203.43884072576543, 290.18530742807866], "size": [19.590000915527327, 14.154869842529308], "angle": 3.141592653589793}, {"category": "Nightstand", "position": [274.9462475772415, 290.03001096041965], "size": [19.590000915527355, 14.154869842529308], "angle": 3.141592653589793}, {"category": "PendantLamp", "position": [244.6195, 250.51029999999997], "size": [42.46950073242189, 40.084501647949196], "angle": 0.0}]}]}]}