{"seed": 1, "floorplan": [{"rooms": [{"category": "Bedroom", "corners": [[203.0, 192.0], [203.0, 308.0], [297.0, 308.0], [297.0, 192.0], [203.0, 192.0]], "objects": [{"category": "CeilingLamp", "position": [249.84159999999997, 246.39460000000003], "size": [17.072820281982416, 17.072820281982445], "angle": 0.0}, {"category": "DoubleBed", "position": [260.6954077909316, 242.6221239320101], "size": [63.70047770536242, 72.84906410833659], "angle": -1.5707872226777824}, {"category": "Nightstand", "position": [293.8461120913204, 282.8950558208076], "size": [10.9849003470196, 11.721587275491789], "angle": -9.104117113854841e-06}, {"category": "Nightstand", "position": [291.3588992158624, 205.4538526062627], "size": [10.9849003470196, 11.721587275491816], "angle": -9.104117113854841e-06}]}]}]}