{"seed": 1, "floorplan": [{"rooms": [{"category": "Bedroom", "corners": [[222.0, 184.0], [222.0, 201.0], [221.0, 202.0], [208.0, 202.0], [208.0, 312.0], [207.0, 313.0], [207.0, 315.0], [208.0, 316.0], [293.0, 316.0], [293.0, 314.0], [292.0, 313.0], [292.0, 202.0], [268.0, 202.0], [267.0, 201.0], [267.0, 184.0], [222.0, 184.0]], "objects": [{"category": "DoubleBed", "position": [244.31719028750643, 256.4344262646987], "size": [72.5505582778992, 49.23314628545203], "angle": -9.104117114123996e-06}, {"category": "Nightstand", "position": [211.6965963957986, 222.25815543096894], "size": [13.500122907259449, 17.791991662509645], "angle": -9.104117111918166e-06}, {"category": "Nightstand", "position": [211.74761540900255, 286.9105047464851], "size": [13.500122907259506, 17.791991662509616], "angle": -9.104117116128715e-06}, {"category": "PendantLamp", "position": [247.69585, 256.79679999999996], "size": [13.773149871826178, 13.773149871826206], "angle": 0.0}]}]}]}