{"seed": 1, "floorplan": [{"rooms": [{"category": "Bedroom", "corners": [[192.0, 209.0], [192.0, 291.0], [308.0, 291.0], [308.0, 258.0], [294.0, 258.0], [293.0, 257.0], [293.0, 209.0], [192.0, 209.0]], "objects": [{"category": "DoubleBed", "position": [242.25374453531145, 257.60134330602193], "size": [57.156600952148324, 66.89609985351558], "angle": 3.141592653589793}, {"category": "Nightstand", "position": [205.04898315008026, 286.4333443178676], "size": [17.427810287475552, 13.807199478149414], "angle": 3.141592653589793}, {"category": "Nightstand", "position": [279.77127272047136, 286.42237190589736], "size": [17.42781028747561, 13.807199478149414], "angle": 3.141592653589793}, {"category": "PendantLamp", "position": [243.937, 248.053], "size": [11.705820465087868, 11.765969467163131], "angle": 0.0}]}]}]}