{"seed": 1, "floorplan": [{"rooms": [{"category": "Bedroom", "corners": [[197.0, 193.0], [197.0, 307.0], [303.0, 307.0], [303.0, 193.0], [197.0, 193.0]], "objects": [{"category": "DoubleBed", "position": [267.66130201209455, 240.60151632400365], "size": [66.13230068734956, 71.21374801166345], "angle": -1.5707872226777821}]}]}]}