{"seed": 1, "floorplan": [{"rooms": [{"category": "Bedroom", "corners": [[295.0, 183.0], [294.0, 184.0], [205.0, 184.0], [205.0, 317.0], [206.0, 316.0], [295.0, 316.0], [295.0, 183.0]], "objects": [{"category": "DoubleBed", "position": [257.7581585401036, 259.1761897179695], "size": [72.47024416062354, 68.92842244238543], "angle": -0.016469468002512627}, {"category": "Nightstand", "position": [291.3341273642378, 300.9478413067135], "size": [11.520105338629314, 11.520105338629257], "angle": -1.5707872226777828}, {"category": "Nightstand", "position": [289.07486984061893, 220.35275917512666], "size": [11.520105338629257, 11.520105338629257], "angle": -1.5707872226777828}]}]}]}