{"seed": 1, "floorplan": [{"rooms": [{"category": "Bedroom", "corners": [[200.0, 211.0], [200.0, 289.0], [300.0, 289.0], [300.0, 211.0], [200.0, 211.0]], "objects": [{"category": "DoubleBed", "position": [266.0873849930191, 258.8191599200922], "size": [60.534253200841555, 63.580478443924804], "angle": -1.5707872226777824}, {"category": "CeilingLamp", "position": [252.2335, 249.6145], "size": [18.766679763793945, 17.502059555053677], "angle": 0.0}]}]}]}