{"seed": 1, "floorplan": [{"rooms": [{"category": "Bedroom", "corners": [[210.0, 197.0], [210.0, 272.0], [209.0, 273.0], [203.0, 273.0], [203.0, 303.0], [297.0, 303.0], [297.0, 197.0], [210.0, 197.0]], "objects": [{"category": "Cabinet", "position": [287.7592572441975, 250.32303662236342], "size": [18.30019636252797, 78.00071013083257], "angle": -3.141583549472676}, {"category": "SingleBed", "position": [246.07938614901968, 229.57609014061916], "size": [46.03679809570309, 50.94479827880858], "angle": 0.0}, {"category": "Nightstand", "position": [217.33979238190415, 199.35726756333955], "size": [16.4893798828125, 10.500029754638689], "angle": 0.0}, {"category": "Nightstand", "position": [270.52611247156324, 204.17749738071063], "size": [16.489379882812443, 10.500029754638689], "angle": 0.0}]}]}]}