{"seed": 1, "floorplan": [{"rooms": [{"category": "Bedroom", "corners": [[190.0, 208.0], [190.0, 292.0], [310.0, 292.0], [310.0, 208.0], [190.0, 208.0]], "objects": [{"category": "DoubleBed", "position": [261.18936176971954, 255.5732510102849], "size": [68.92799835205079, 72.46979827880858], "angle": 3.141592653589793}, {"category": "Nightstand", "position": [297.03012122516975, 285.4883006424176], "size": [18.0, 13.5], "angle": 3.141592653589793}, {"category": "Nightstand", "position": [221.74374450829325, 287.6404154173256], "size": [18.0, 13.5], "angle": 3.141592653589793}, {"category": "PendantLamp", "position": [260.095, 250.5505], "size": [12.700710296630888, 11.79128952026366], "angle": 0.0}]}]}]}