{"seed": 1, "floorplan": [{"rooms": [{"category": "Bedroom", "corners": [[206.0, 184.0], [206.0, 312.0], [210.0, 312.0], [211.0, 313.0], [211.0, 316.0], [232.0, 316.0], [232.0, 313.0], [233.0, 312.0], [239.0, 312.0], [239.0, 289.0], [240.0, 288.0], [294.0, 288.0], [294.0, 184.0], [206.0, 184.0]], "objects": [{"category": "Cabinet", "position": [250.23616719561727, 279.736399710081], "size": [79.34339904785156, 16.21155052185054], "angle": 3.141592653589793}, {"category": "Cabinet", "position": [255.55900052897056, 279.736399710081], "size": [79.34339904785156, 16.21155052185054], "angle": 3.141592653589793}, {"category": "PendantLamp", "position": [247.97140000000002, 223.15735], "size": [4.83836975097654, 4.838369750976568], "angle": 0.0}, {"category": "DoubleBed", "position": [250.74280000000005, 218.97691762288719], "size": [71.41710205078124, 68.56770172119141], "angle": 0.0}]}]}]}