{"seed": 1, "floorplan": [{"rooms": [{"category": "Bedroom", "corners": [[207.0, 191.0], [207.0, 309.0], [293.0, 309.0], [293.0, 191.0], [207.0, 191.0]], "objects": [{"category": "DoubleBed", "position": [240.49710050858127, 241.4071], "size": [46.442524870891454, 67.14061217430621], "angle": -1.5708054309120105}, {"category": "Nightstand", "position": [214.6474, 273.8794], "size": [7.339806622262795, 8.91989131247494], "angle": -9.10411711306545e-06}, {"category": "Nightstand", "position": [214.6474, 208.50369999999998], "size": [7.339806622262795, 8.91989131247494], "angle": -9.10411711306545e-06}]}]}]}