{"seed": 1, "floorplan": [{"rooms": [{"category": "Bedroom", "corners": [[204.0, 206.0], [204.0, 294.0], [296.0, 294.0], [296.0, 206.0], [204.0, 206.0]], "objects": [{"category": "Cabinet", "position": [210.29376407102475, 260.398322002756], "size": [11.775136957352561, 17.14221653603842], "angle": -9.104117115152042e-06}, {"category": "PendantLamp", "position": [247.00150000000002, 240.99699999999999], "size": [30.584099578857376, 20.31996002197269], "angle": 0.0}, {"category": "DoubleBed", "position": [243.70500446838594, 244.55482067240712], "size": [52.21230010986329, 68.18940124511718], "angle": 0.0}]}]}]}