{"seed": 1, "floorplan": [{"rooms": [{"category": "Bedroom", "corners": [[197.0, 191.0], [197.0, 309.0], [303.0, 309.0], [303.0, 191.0], [197.0, 191.0]], "objects": [{"category": "CeilingLamp", "position": [257.55415, 250.0], "size": [15.059999787809696, 15.059999787809696], "angle": -2.1956522843156754}, {"category": "DoubleBed", "position": [270.17215, 251.476], "size": [53.730491001964104, 51.832672515427575], "angle": -1.5707872226777821}, {"category": "Table", "position": [214.67395, 278.524], "size": [18.28543678296397, 42.00038237814067], "angle": -9.104117113405284e-06}, {"category": "Chair", "position": [238.156718450886, 195.6491554713858], "size": [10.775040435791027, 10.920690536499052], "angle": 0.0}]}]}]}