{"seed": 1, "floorplan": [{"rooms": [{"category": "Bedroom", "corners": [[276.0, 181.0], [275.0, 182.0], [206.0, 182.0], [206.0, 296.0], [207.0, 295.0], [257.0, 295.0], [258.0, 296.0], [258.0, 319.0], [259.0, 318.0], [293.0, 318.0], [294.0, 319.0], [294.0, 209.0], [278.0, 209.0], [277.0, 208.0], [277.0, 181.0], [276.0, 181.0]], "objects": [{"category": "DoubleBed", "position": [240.29899701956282, 240.38656691031085], "size": [71.41775224932152, 68.56832597810306], "angle": -1.570805430912011}, {"category": "Nightstand", "position": [212.89548700052674, 200.2269859152819], "size": [18.64471930502766, 17.99797345723412], "angle": -1.5708054309120094}, {"category": "Cabinet", "position": [287.008, 239.81349999999998], "size": [54.1285933812341, 11.998608916803432], "angle": -1.5707872226777826}, {"category": "PendantLamp", "position": [252.64, 241.94350000000003], "size": [27.672299194335892, 32.7002998352051], "angle": 0.0}]}]}]}