{"seed": 1, "floorplan": [{"rooms": [{"category": "Bedroom", "corners": [[195.0, 190.0], [195.0, 310.0], [305.0, 310.0], [305.0, 190.0], [195.0, 190.0]], "objects": [{"category": "Nightstand", "position": [202.668489081324, 198.34807727647086], "size": [14.105558640799975, 18.80060069856184], "angle": -9.104117112037546e-06}, {"category": "DoubleBed", "position": [229.78307510808918, 241.2636163817348], "size": [63.26037512682145, 70.53634316282162], "angle": -9.10411711409408e-06}]}]}]}