{"seed": 1, "floorplan": [{"rooms": [{"category": "Bedroom", "corners": [[192.0, 197.0], [192.0, 303.0], [308.0, 303.0], [308.0, 197.0], [192.0, 197.0]], "objects": [{"category": "TVStand", "position": [251.0335, 204.90751690552696], "size": [62.146202087402344, 15.81963043212889], "angle": 0.0}, {"category": "CeilingLamp", "position": [255.80650000000003, 249.6565], "size": [16.5, 16.49999999999997], "angle": 0.0}, {"category": "DoubleBed", "position": [247.98619919154322, 267.331968227459], "size": [66.13169860839844, 71.21309967041014], "angle": 3.141592653589793}]}]}]}