{"seed": 1, "floorplan": [{"rooms": [{"category": "Bedroom", "corners": [[295.0, 195.0], [294.0, 196.0], [205.0, 196.0], [205.0, 303.0], [204.0, 304.0], [205.0, 305.0], [206.0, 304.0], [295.0, 304.0], [295.0, 197.0], [296.0, 196.0], [295.0, 195.0]], "objects": [{"category": "DoubleBed", "position": [264.1000638067452, 236.33848862396104], "size": [62.8895740214972, 81.86054446571227], "angle": -3.1415835494726787}, {"category": "PendantLamp", "position": [249.976, 250.618], "size": [47.27022863446507, 30.86248114171671], "angle": -1.5708054309120105}]}]}]}