{"seed": 1, "floorplan": [{"rooms": [{"category": "Bedroom", "corners": [[215.0, 205.0], [215.0, 295.0], [285.0, 295.0], [285.0, 205.0], [215.0, 205.0]], "objects": [{"category": "Nightstand", "position": [219.05054193803932, 291.8009613792591], "size": [14.099999999999994, 10.52999954223634], "angle": 3.141592653589793}, {"category": "Cabinet", "position": [251.62075000000004, 214.27615000000003], "size": [45.00000000000003, 18.0], "angle": 0.0}, {"category": "PendantLamp", "position": [251.27755000000002, 250.43845], "size": [29.802420043945318, 9.1073101043701], "angle": 0.0}, {"category": "DoubleBed", "position": [251.71159582180542, 261.454415228291], "size": [66.92309875488283, 65.80199890136717], "angle": 3.141592653589793}]}]}]}