{"seed": 1, "floorplan": [{"rooms": [{"category": "Bedroom", "corners": [[200.0, 202.0], [200.0, 298.0], [300.0, 298.0], [300.0, 202.0], [200.0, 202.0]], "objects": [{"category": "Nightstand", "position": [276.8974070031363, 208.94212631871144], "size": [18.685109710693382, 13.76336975097658], "angle": 0.0}, {"category": "DoubleBed", "position": [243.23709862236842, 235.26379097408554], "size": [68.11409912109374, 65.55720062255858], "angle": 0.0}, {"category": "Nightstand", "position": [209.65937486869976, 208.04761725992546], "size": [18.685109710693354, 13.76336975097658], "angle": 0.0}]}]}]}