{"seed": 1, "floorplan": [{"rooms": [{"category": "Bedroom", "corners": [[202.0, 207.0], [202.0, 292.0], [201.0, 293.0], [299.0, 293.0], [298.0, 292.0], [298.0, 208.0], [247.0, 208.0], [246.0, 207.0], [202.0, 207.0]], "objects": [{"category": "Chair", "position": [213.97631696581755, 222.35073015170062], "size": [11.798760223388655, 23.264309692382795], "angle": 0.0}, {"category": "SingleBed", "position": [265.9669899265491, 271.00193285725493], "size": [64.76640014648436, 40.388699340820324], "angle": 3.141592653589793}, {"category": "Chair", "position": [269.58792366490866, 225.22959144258039], "size": [14.33201980590826, 15.124139785766602], "angle": 3.141592653589793}, {"category": "CeilingLamp", "position": [249.09325, 254.8192], "size": [16.50000000000003, 16.50000000000003], "angle": 0.0}]}]}]}