{"seed": 1, "floorplan": [{"rooms": [{"category": "Bedroom", "corners": [[199.0, 191.0], [199.0, 309.0], [301.0, 309.0], [301.0, 191.0], [199.0, 191.0]], "objects": [{"category": "DoubleBed", "position": [234.49695134628536, 243.6680431068917], "size": [70.06743783182148, 63.88048117519727], "angle": -9.104117114065088e-06}, {"category": "Cabinet", "position": [206.54605774283704, 281.02990295140654], "size": [13.196249748904359, 15.342770069363942], "angle": -9.104117115203577e-06}, {"category": "Cabinet", "position": [206.26873501089193, 204.0660887302929], "size": [13.196249748904359, 15.342770069363915], "angle": -9.104117115203577e-06}]}]}]}