{"seed": 1, "floorplan": [{"rooms": [{"category": "Bedroom", "corners": [[236.0, 175.0], [235.0, 176.0], [235.0, 177.0], [234.0, 178.0], [234.0, 179.0], [233.0, 180.0], [233.0, 181.0], [232.0, 182.0], [232.0, 183.0], [230.0, 185.0], [230.0, 186.0], [229.0, 187.0], [229.0, 188.0], [228.0, 189.0], [228.0, 190.0], [225.0, 193.0], [203.0, 193.0], [203.0, 325.0], [297.0, 325.0], [297.0, 193.0], [283.0, 193.0], [280.0, 190.0], [280.0, 189.0], [277.0, 186.0], [277.0, 185.0], [273.0, 181.0], [273.0, 180.0], [270.0, 177.0], [270.0, 176.0], [269.0, 175.0], [236.0, 175.0]], "objects": [{"category": "DoubleBed", "position": [260.6266182186316, 246.85585340167614], "size": [68.92862588918995, 72.47045806134946], "angle": -1.5707872226777824}, {"category": "CeilingLamp", "position": [250.003, 245.09050000000002], "size": [16.79720993041994, 17.99856033325196], "angle": 0.0}]}]}]}