{"seed": 1, "floorplan": [{"rooms": [{"category": "Bedroom", "corners": [[216.0, 195.0], [216.0, 230.0], [215.0, 231.0], [215.0, 303.0], [214.0, 304.0], [215.0, 305.0], [286.0, 305.0], [286.0, 195.0], [216.0, 195.0]], "objects": [{"category": "DoubleBed", "position": [247.94007832641336, 237.05411408344284], "size": [62.86347209929082, 73.16106493468142], "angle": -1.570787222677782}, {"category": "Nightstand", "position": [277.51151487969605, 203.84131306128788], "size": [13.023865012917174, 17.03811412840644], "angle": -3.1413006839207234}, {"category": "Nightstand", "position": [277.49860402326567, 270.73317919587384], "size": [13.023865012917174, 17.03811412840644], "angle": -3.1413006839207256}, {"category": "PendantLamp", "position": [248.86682509075615, 237.58288004226821], "size": [16.904880523681612, 2.639780902862526], "angle": 0.0}]}]}]}