{"seed": 1, "floorplan": [{"rooms": [{"category": "Bedroom", "corners": [[191.0, 204.0], [191.0, 296.0], [309.0, 296.0], [309.0, 204.0], [191.0, 204.0]], "objects": [{"category": "DoubleBed", "position": [242.91249999999997, 261.3565], "size": [47.42969970703129, 66.50429992675777], "angle": 3.141592653589793}, {"category": "Nightstand", "position": [210.87849999999997, 288.8255166604657], "size": [15.963780212402384, 14.003730010986317], "angle": 3.141592653589793}, {"category": "Nightstand", "position": [276.4164999999999, 288.8255166604657], "size": [15.963780212402355, 14.003730010986317], "angle": 3.141592653589793}, {"category": "PendantLamp", "position": [244.61469999999997, 250.981], "size": [19.176779937744158, 11.636310195922874], "angle": 0.0}]}]}]}