{"seed": 1, "floorplan": [{"rooms": [{"category": "Bedroom", "corners": [[209.0, 176.0], [209.0, 324.0], [291.0, 324.0], [291.0, 176.0], [209.0, 176.0]], "objects": [{"category": "DoubleBed", "position": [257.6222358318729, 253.69848325604207], "size": [65.96972318083559, 60.88656757573169], "angle": -3.1351242076964474}, {"category": "Cabinet", "position": [284.3449925084674, 217.6487504482119], "size": [9.241359165400766, 16.39182666432124], "angle": -3.1351242076964483}, {"category": "Cabinet", "position": [283.58471716037866, 290.1954148123516], "size": [16.39182666432121, 9.241359165400766], "angle": -1.5643278809015508}, {"category": "PendantLamp", "position": [257.053, 251.74869999999999], "size": [31.66560058593751, 31.66560058593751], "angle": 0.0}]}]}]}