{"seed": 1, "floorplan": [{"rooms": [{"category": "Bedroom", "corners": [[204.0, 201.0], [204.0, 299.0], [296.0, 299.0], [296.0, 269.0], [281.0, 269.0], [280.0, 268.0], [280.0, 201.0], [204.0, 201.0]], "objects": [{"category": "DoubleBed", "position": [237.07172434394963, 232.6176375445709], "size": [51.273600769042986, 56.53320007324217], "angle": 0.0}]}]}]}