{"seed": 1, "floorplan": [{"rooms": [{"category": "Bedroom", "corners": [[191.0, 207.0], [191.0, 293.0], [309.0, 293.0], [309.0, 207.0], [191.0, 207.0]], "objects": [{"category": "DoubleBed", "position": [237.94091764471796, 242.61831931641953], "size": [60.65970153808598, 58.29210205078121], "angle": 0.0}, {"category": "Cabinet", "position": [278.9272502347175, 214.66691032761364], "size": [12.515939712524414, 10.319399642944319], "angle": 0.0}, {"category": "PendantLamp", "position": [245.48350000000002, 248.00199999999998], "size": [13.0380940281482, 11.426703623729878], "angle": -0.4609451341156974}]}]}]}