{"seed": 1, "floorplan": [{"rooms": [{"category": "Bedroom", "corners": [[207.0, 188.0], [207.0, 311.0], [206.0, 312.0], [293.0, 312.0], [293.0, 189.0], [294.0, 188.0], [207.0, 188.0]], "objects": [{"category": "DoubleBed", "position": [243.44873137780982, 240.03699999999998], "size": [73.16106493468142, 62.863472099290874], "angle": -9.104117113918706e-06}, {"category": "Nightstand", "position": [212.93024083146898, 273.5672871699825], "size": [13.02404893189324, 17.03835473536157], "angle": -9.104117113074017e-06}, {"category": "Nightstand", "position": [212.93024083146898, 206.02671283001746], "size": [13.02404893189324, 17.038354735361597], "angle": -9.104117113074017e-06}, {"category": "PendantLamp", "position": [258.5905, 241.58499999999998], "size": [27.457711029052717, 4.432499885559082], "angle": 0.0}]}]}]}