{"seed": 1, "floorplan": [{"rooms": [{"category": "Bedroom", "corners": [[243.0, 196.0], [243.0, 207.0], [242.0, 208.0], [205.0, 208.0], [205.0, 304.0], [295.0, 304.0], [295.0, 196.0], [243.0, 196.0]], "objects": [{"category": "DoubleBed", "position": [262.3737607678591, 252.94404171535996], "size": [57.62572452386972, 56.68641696103424], "angle": -3.141583549472679}, {"category": "Nightstand", "position": [287.6558313030963, 290.6636333308899], "size": [16.825194707970105, 12.744092955029723], "angle": -1.580606220763368}, {"category": "CeilingLamp", "position": [237.08350000000002, 251.917], "size": [24.905429077148455, 28.041570281982416], "angle": 0.0}]}]}]}