{"seed": 1, "floorplan": [{"rooms": [{"category": "Bedroom", "corners": [[208.0, 182.0], [208.0, 318.0], [292.0, 318.0], [292.0, 182.0], [208.0, 182.0]], "objects": [{"category": "DoubleBed", "position": [245.70178162627326, 260.373388945387], "size": [74.11117581852825, 74.07637630737207], "angle": -9.10411711373639e-06}, {"category": "CornerSideTable", "position": [213.27684212367993, 300.18662753773225], "size": [14.227059380751083, 14.227029625841476], "angle": -9.104117117491725e-06}, {"category": "CornerSideTable", "position": [213.2751504465123, 220.61076203315187], "size": [14.227059380751083, 14.227029625841533], "angle": -9.10411711349628e-06}, {"category": "PendantLamp", "position": [254.45499999999998, 254.1904], "size": [12.70071029663086, 11.791289520263717], "angle": 0.0}]}]}]}