{"seed": 1, "floorplan": [{"rooms": [{"category": "Bedroom", "corners": [[197.0, 203.0], [197.0, 297.0], [271.0, 297.0], [271.0, 296.0], [272.0, 295.0], [303.0, 295.0], [303.0, 203.0], [197.0, 203.0]], "objects": [{"category": "DoubleBed", "position": [237.59999894850463, 236.7297972846088], "size": [66.92309875488283, 65.8019989013672], "angle": 0.0}, {"category": "Nightstand", "position": [201.61457435415426, 208.5231551467949], "size": [15.0, 14.291699981689447], "angle": 0.0}]}]}]}