{"seed": 1, "floorplan": [{"rooms": [{"category": "Bedroom", "corners": [[200.0, 206.0], [200.0, 293.0], [199.0, 294.0], [300.0, 294.0], [300.0, 207.0], [301.0, 206.0], [200.0, 206.0]], "objects": [{"category": "Table", "position": [269.7102819840112, 281.106971859791], "size": [60.23233174267166, 26.41382703166358], "angle": -0.012820066861530258}, {"category": "SingleBed", "position": [229.2558638418584, 268.5092716156783], "size": [61.48559875488283, 38.464201354980446], "angle": 3.141592653589793}, {"category": "CeilingLamp", "position": [264.322, 251.236], "size": [20.99802017211917, 20.99802017211914], "angle": 0.0}]}]}]}