{"seed": 1, "floorplan": [{"rooms": [{"category": "Bedroom", "corners": [[199.0, 194.0], [199.0, 306.0], [232.0, 306.0], [232.0, 290.0], [233.0, 289.0], [246.0, 289.0], [246.0, 270.0], [247.0, 269.0], [301.0, 269.0], [301.0, 194.0], [199.0, 194.0]], "objects": [{"category": "DoubleBed", "position": [265.76733459418125, 230.01999999999998], "size": [70.27143749180108, 56.548116141374784], "angle": -3.141583549472679}, {"category": "TVStand", "position": [205.88541663110837, 231.829], "size": [14.321080317298991, 54.988702530163536], "angle": -9.104117113512647e-06}, {"category": "PendantLamp", "position": [251.49399999999997, 230.509], "size": [19.71789093017574, 18.33779983520509], "angle": 0.0}]}]}]}