{"seed": 1, "floorplan": [{"rooms": [{"category": "Bedroom", "corners": [[209.0, 181.0], [209.0, 319.0], [291.0, 319.0], [291.0, 181.0], [209.0, 181.0]], "objects": [{"category": "DoubleBed", "position": [256.2649387018912, 255.99808009600696], "size": [67.79401625532473, 75.18698517341413], "angle": -3.141583549472679}, {"category": "Table", "position": [230.19744908634635, 300.2644961857973], "size": [40.10946703062324, 40.109467030623215], "angle": -9.104117114225029e-06}, {"category": "Nightstand", "position": [287.67904557616924, 289.0136341648029], "size": [22.800207576704896, 10.920099876084377], "angle": -1.5707872226777806}, {"category": "Nightstand", "position": [287.1028435068291, 220.65181205824166], "size": [22.800207576704896, 10.920099876084434], "angle": -1.5707872226777806}]}]}]}