{"seed": 1, "floorplan": [{"rooms": [{"category": "Bedroom", "corners": [[190.0, 207.0], [190.0, 294.0], [191.0, 293.0], [310.0, 293.0], [310.0, 207.0], [190.0, 207.0]], "objects": [{"category": "DoubleBed", "position": [247.1314, 259.9430503845215], "size": [66.04439849853514, 67.11389923095703], "angle": 3.141592653589793}]}]}]}