{"seed": 1, "floorplan": [{"rooms": [{"category": "Bedroom", "corners": [[293.0, 208.0], [292.0, 209.0], [207.0, 209.0], [207.0, 292.0], [208.0, 291.0], [293.0, 291.0], [293.0, 208.0]], "objects": [{"category": "DoubleBed", "position": [263.40725808328966, 239.2267212882743], "size": [60.66025379865461, 58.29263275615256], "angle": -1.5707872226777821}, {"category": "Table", "position": [221.65401721594603, 240.39059151652236], "size": [32.54055686547867, 95.5840750696506], "angle": -3.1400184509895968}]}]}]}